customer_id,revenue,orders,revenue_share,cumulative_revenue,cumulative_revenue_pct
18102.0,580987.04,145,3.343847971110854,580987.04,3.343847971110854
14646.0,528602.52,151,3.042350934413416,1109589.56,6.386198905524269
14156.0,313437.62,156,1.8039778472628492,1423027.1800000002,8.190176752787119
14911.0,291420.81,398,1.677260966540633,1714447.9900000002,9.867437719327752
17450.0,244784.25,51,1.4088460866913521,1959232.2400000002,11.276283806019105
13694.0,195640.69,143,1.1260022673194698,2154872.93,12.402286073338574
17511.0,172132.87,60,0.9907039374079468,2327005.8000000003,13.392990010746523
16446.0,168472.5,2,0.9696368223858717,2495478.3000000003,14.362626833132394
16684.0,147142.77,55,0.8468744034774527,2642621.0700000003,15.209501236609846
12415.0,144458.37,28,0.8314244452586774,2787079.4400000004,16.040925681868526
15061.0,126389.02,127,0.7274270147191048,2913468.4600000004,16.76835269658763
16029.0,117763.62,107,0.6777838655534718,3031232.0800000005,17.446136562141103
17949.0,117314.08,118,0.6751965558314974,3148546.1600000006,18.1213331179726
15311.0,114966.42,208,0.6616846913880872,3263512.5800000005,18.783017809360686
13089.0,113416.91,203,0.6527665477583843,3376929.4900000007,19.435784357119072
12931.0,92347.34,57,0.5315014694587408,3469276.8300000005,19.96728582657781
14298.0,91194.49,82,0.5248662867987366,3560471.3200000008,20.492152113376548
15769.0,88612.52,46,0.5100058604009824,3649083.840000001,21.002157973777532
12346.0,77556.46,12,0.4463731435688137,3726640.3000000007,21.448531117346345
13798.0,75428.87,110,0.4341278833219487,3802069.170000001,21.882659000668294
15838.0,73205.5,34,0.42133136506651786,3875274.670000001,22.303990365734812
17841.0,68545.25,211,0.39450948018011944,3943819.920000001,22.69849984591493
16754.0,65500.07,29,0.376983066915088,4009319.9900000007,23.07548291283002
14096.0,65164.78999999999,17,0.3750533761120813,4074484.7800000007,23.4505362889421
14088.0,64036.8,16,0.3685612742005941,4138521.5800000005,23.819097563142694
16422.0,61920.87,109,0.3563831226233875,4200442.45,24.17548068576608
17389.0,57215.33,61,0.32930057293005704,4257657.78,24.504781258696138
13081.0,56838.37,28,0.3271309945325941,4314496.15,24.83191225322873
16013.0,56078.44,84,0.32275724741994544,4370574.590000001,25.15466950064868
14680.0,55688.5,58,0.32051296314493827,4426263.090000001,25.475182463793615
13093.0,54144.25,55,0.3116250932375683,4480407.340000001,25.78680755703119
12748.0,53539.64,336,0.3081452842528217,4533946.98,26.09495284128401
17850.0,51208.87,155,0.29473062953758744,4585155.850000001,26.389683470821595
13408.0,50174.782,106,0.28877897687981025,4635330.632,26.6784624477014
13777.0,49638.26,61,0.2856910456909212,4684968.892,26.964153493392324
17404.0,47781.12,23,0.2750023497415781,4732750.012,27.2391558431339
13881.0,45179.1,43,0.2600265263604062,4777929.112,27.499182369494306
15749.0,44534.3,3,0.25631540541737746,4822463.412,27.75549777491168
16705.0,43515.051,42,0.25044915803825046,4865978.4629999995,28.005946932949932
12471.0,39918.19,79,0.22974756655831358,4905896.653,28.235694499508245
15098.0,39916.5,3,0.22973783983003546,4945813.153,28.46543233933828
15039.0,39141.48,93,0.22527724281814632,4984954.633,28.690709582156433
14031.0,39019.51,44,0.22457524929857245,5023974.143,28.915284831455
17675.0,37642.48,70,0.21664980749928758,5061616.623000001,29.13193463895429
17381.0,36398.65,38,0.20949099304121152,5098015.273000001,29.341425631995506
12921.0,35233.24,74,0.2027835217970813,5133248.513000001,29.54420915379259
17677.0,35058.46,54,0.2017775824074682,5168306.973000001,29.74598673620006
12678.0,34281.18,21,0.1973039780548048,5202588.153000001,29.94329071425486
13902.0,34095.259999999995,5,0.19623392283500338,5236683.413000001,30.13952463708986
13767.0,33903.57,73,0.19513065860800408,5270586.983000001,30.334655295697864
16210.0,33750.97,35,0.19425237533271533,5304337.953000001,30.52890767103058
16779.0,32809.03,53,0.18883107685089695,5337146.983000001,30.71773874788148
15856.0,32275.95,52,0.1857629559571163,5369422.933000001,30.9035017038386
14258.0,32051.34,25,0.1844702219698122,5401474.273000001,31.08797192580841
17428.0,31466.760000000002,45,0.18110569485927291,5432941.033000001,31.26907762066768
17940.0,30306.79,16,0.17442953332036928,5463247.823000001,31.443507153988048
12709.0,30291.760000000002,34,0.1743430287487599,5493539.583000001,31.617850182736806
14606.0,29951.37,192,0.17238392754249818,5523490.953000001,31.790234110279307
12681.0,29834.760000000002,45,0.17171278329130932,5553325.713,31.961946893570612
13078.0,29018.06,57,0.16701229868496384,5582343.773,32.12895919225558
13098.0,28882.44,28,0.16623174312929762,5611226.213,32.29519093538487
17857.0,27347.04,24,0.15739480904752604,5638573.2530000005,32.452585744432405
14527.0,27246.88,122,0.15681834212188434,5665820.133,32.60940408655429
16333.0,26626.8,22,0.15324949616289973,5692446.933,32.762653582717185
15513.0,26437.05,35,0.1521573975293084,5718883.983,32.91481098024649
17865.0,26312.190000000002,46,0.15143877072883297,5745196.173,33.06624975097533
18251.0,26278.86,9,0.15124694122971516,5771475.033000001,33.217496692205046
13802.0,26259.11,19,0.15113327088445333,5797734.143000001,33.368629963089504
12731.0,25775.71,17,0.1483510812692857,5823509.853000001,33.516981044358786
14062.0,25585.65,24,0.1472571984429333,5849095.503000001,33.66423824280172
12744.0,25317.059999999998,11,0.1457113393019778,5874412.563000001,33.8099495821037
12939.0,25264.8,20,0.14541055893522425,5899677.363000001,33.95536014103892
14895.0,25119.54,38,0.14457452074014926,5924796.903000001,34.099934661779066
15498.0,24972.86,44,0.1437303097911365,5949769.763000001,34.24366497157021
12621.0,24311.2,35,0.1399221517837475,5974080.963000001,34.38358712335396
16525.0,24151.3,48,0.13900185364666579,5998232.263000001,34.52258897700062
13001.0,24042.65,33,0.13837652286121283,6022274.913000002,34.66096549986183
14607.0,23763.13,22,0.13676775653677828,6046038.043000001,34.797733256398615
12482.0,23691.4,29,0.13635491735370842,6069729.443000002,34.93408817375233
17920.0,23581.78,54,0.13572400377155144,6093311.223000002,35.06981217752388
15640.0,23494.31,29,0.1352205736399033,6116805.533000002,35.20503275116378
12409.0,23419.29,7,0.134788798991724,6140224.823000002,35.339821550155506
16133.0,22992.26,56,0.1323310446860454,6163217.0830000015,35.472152594841546
12682.0,22950.22,52,0.132089085125802,6186167.303000001,35.604241679967345
14063.0,22710.2,9,0.1307076594918911,6208877.503000001,35.734949339459234
12540.0,22254.49,33,0.12808483857851077,6231131.993000002,35.86303417803775
15159.0,22116.73,34,0.12729196633733267,6253248.723000002,35.99032614437508
13340.0,22100.56,12,0.127198900540731,6275349.283000002,36.117525044915816
14051.0,21770.98,37,0.12530201586268597,6297120.263000002,36.2428270607785
16839.0,21758.25,44,0.12522874885027166,6318878.513000002,36.36805580962877
12753.0,21429.39,6,0.12333600810380077,6340307.903000002,36.49139181773258
15615.0,21373.97,47,0.12301704048180535,6361681.873000002,36.614408858214375
13319.0,21323.22,58,0.12272495086043639,6383005.093000001,36.73713380907481
14866.0,20746.54,19,0.11940589188800178,6403751.633000001,36.85653970096281
14667.0,20395.34,54,0.11738457415352335,6424146.973000001,36.97392427511634
15251.0,20324.54,21,0.11697708754873672,6444471.513000001,37.09090136266507
12477.0,20276.37,9,0.11669984701550827,6464747.883000001,37.20760120968058
17706.0,20272.15,31,0.11667555897211562,6485020.033000002,37.3242767686527
17243.0,20203.58,69,0.11628090704428765,6505223.613000002,37.44055767569699
18008.0,19759.079999999998,23,0.11372260484333187,6524982.693000002,37.55428028054032
17340.0,19617.95,18,0.11291033670020277,6544600.643000002,37.66719061724053
16843.0,19571.43,35,0.11264259267683165,6564172.073000002,37.779833209917356
17139.0,19566.76,25,0.11261571467620518,6583738.8330000015,37.89244892459356
14194.0,18670.59,36,0.10745784362236822,6602409.423000001,37.99990676821592
12357.0,18287.66,3,0.10525390512560334,6620697.0830000015,38.10516067334153
13113.0,18230.07,37,0.10492244815428042,6638927.153000002,38.21008312149581
12557.0,18096.14,8,0.10415161932689232,6657023.293000001,38.314234740822705
16746.0,18046.75,42,0.10386735713182998,6675070.043000001,38.41810209795453
17581.0,17951.170000000002,43,0.10331725021536801,6693021.213000001,38.5214193481699
12901.0,17654.54,28,0.10161000796144336,6710675.753000001,38.62302935613135
17377.0,17644.27,78,0.10155089938190723,6728320.023000001,38.724580255513246
14952.0,17629.350000000002,32,0.101465027910955,6745949.373000001,38.82604528342421
16652.0,17550.39,16,0.10101057674832853,6763499.763,38.92705586017253
15189.0,17524.38,46,0.10086087722021413,6781024.143,39.027916737392744
18172.0,17467.24,52,0.100532010206125,6798491.383,39.128448747598874
16019.0,17329.16,27,0.09973729621758064,6815820.5430000005,39.22818604381645
17416.0,17298.45,22,0.09956054602502416,6833118.993000001,39.327746589841475
15078.0,17286.73,53,0.09949309202773461,6850405.723000001,39.42723968186922
15523.0,17259.19,16,0.09933458664502522,6867664.913000002,39.52657426851424
13027.0,17239.2,19,0.09921953498923872,6884904.113000002,39.62579380350348
14277.0,17197.61,9,0.09898016538622915,6902101.723000002,39.72477396888971
15808.0,17180.25,21,0.09888025059160914,6919281.973000002,39.82365421948132
15125.0,17024.87,24,0.09798596713607594,6936306.843000002,39.921640186617395
12647.0,16955.55,36,0.09758699861285827,6953262.393000002,40.01922718523026
16656.0,16833.170000000002,30,0.09688264535447141,6970095.563000002,40.116109830584726
12433.0,16794.14,10,0.09665800973039197,6986889.703000002,40.21276784031512
17735.0,16790.33,26,0.09663608142581237,7003680.033000002,40.30940392174093
12454.0,16679.78,5,0.09599981526537217,7020359.813000002,40.4054037370063
16553.0,16584.010000000002,33,0.0954486148114115,7036943.823000002,40.50085235181771
13564.0,16498.97,37,0.09495917044882593,7053442.793000001,40.59581152226654
15358.0,16425.86,42,0.09453838873023902,7069868.653000002,40.69034991099677
14961.0,16410.15,22,0.09444797044547634,7086278.803000002,40.78479788144225
13225.0,16260.07,16,0.09358419093069695,7102538.8730000025,40.87838207237296
16180.0,16249.87,13,0.09352548523339717,7118788.743000003,40.97190755760635
12472.0,16249.29,19,0.09352214706629582,7135038.033000003,41.065429704672646
12980.0,16245.78,21,0.09350194539987207,7151283.813000003,41.158931650072525
17107.0,16052.720000000001,10,0.09239079619196089,7167336.533000003,41.25132244626448
15044.0,16024.150000000001,35,0.09222636268491632,7183360.683000003,41.3435488089494
13199.0,15964.210000000001,67,0.09188138038137236,7199324.893000003,41.435430189330766
17716.0,15956.97,24,0.09183971084721056,7215281.863000003,41.527269900177984
12971.0,15704.6,116,0.09038720527588277,7230986.463000002,41.61765710545386
16191.0,15677.82,24,0.09023307404316827,7246664.283000003,41.70789017949703
12949.0,15526.7,22,0.08936330884944851,7262190.983000003,41.79725348834648
14769.0,15514.11,17,0.08929084760150692,7277705.093000003,41.88654433594799
14849.0,15407.61,43,0.08867789105617108,7293112.7030000035,41.97522222700416
15768.0,15308.89,34,0.08810971199367759,7308421.593000003,42.06333193899784
18087.0,14761.52,17,0.08495934556907206,7323183.113000003,42.14829128456691
18092.0,14693.720000000001,18,0.08456912534584415,7337876.833000002,42.232860409912746
16126.0,14644.6,15,0.08428641712512212,7352521.433000002,42.317146827037874
17133.0,14622.33,12,0.08415824301935095,7367143.763000002,42.40130507005722
16873.0,14617.39,12,0.08412981104438419,7381761.153000002,42.485434881101604
14543.0,14587.87,39,0.08395990984984604,7396349.023000002,42.56939479095145
17448.0,14523.67,46,0.08359040928448865,7410872.693000002,42.65298520023594
15482.0,14417.36,19,0.08297854627665151,7425290.053000002,42.73596374651259
14733.0,14335.15,15,0.08250538986733638,7439625.203000003,42.81846913637993
13488.0,14205.960000000001,23,0.08176184192281113,7453831.1630000025,42.90023097830274
15601.0,14191.74,30,0.08167999927422262,7468022.903000003,42.981910977576966
16713.0,14115.56,32,0.08124154829184059,7482138.463000002,43.0631525258688
12714.0,14093.710000000001,12,0.08111579147948765,7496232.173000002,43.14426831734829
12476.0,14083.91,23,0.08105938796639571,7510316.083000002,43.22532770531468
14299.0,14070.25,27,0.08098076837569818,7524386.333000002,43.306308473690386
13178.0,14059.19,21,0.08091711298235156,7538445.523000003,43.38722558667274
18223.0,14000.85,26,0.08058133941563894,7552446.3730000025,43.46780692608838
12435.0,13925.93,6,0.08015014031351159,7566372.303000002,43.547957066401885
15760.0,13916.34,2,0.08009494544712877,7580288.643000002,43.628052011849014
17589.0,13837.939999999999,18,0.07964371734239326,7594126.583000002,43.70769572919141
15005.0,13754.58,56,0.0791639421534806,7607881.1630000025,43.78685967134489
15382.0,13733.55,12,0.07904290481875373,7621614.713000002,43.86590257616365
15093.0,13702.380000000001,23,0.07886350711435826,7635317.093000002,43.944766083278004
12583.0,13591.58,27,0.07822580208878817,7648908.673000002,44.02299188536679
12989.0,13551.75,33,0.07799656209629308,7662460.423000002,44.10098844746309
15291.0,13517.76,40,0.07780093399323237,7675978.183000002,44.17878938145631
13629.0,13370.86,19,0.07695545684290526,7689349.043000002,44.25574483829922
13097.0,13324.1,28,0.07668633150900944,7702673.143000002,44.33243116980823
16558.0,13304.11,38,0.07657127985322293,7715977.253000002,44.40900244966146
16923.0,13157.130000000001,32,0.07572534226605425,7729134.383000002,44.48472779192751
13090.0,13091.74,24,0.07534899270267854,7742226.1230000025,44.56007678463018
15738.0,13043.32,41,0.07507031330432021,7755269.443000003,44.63514709793451
14049.0,13023.4,13,0.07495566453077007,7768292.843000003,44.71010276246528
18225.0,13014.800000000001,26,0.07490616757030163,7781307.643000003,44.78500893003558
15502.0,13003.869999999999,14,0.07484326038682257,7794311.513000003,44.85985219042241
14110.0,12987.95,33,0.07475163345535077,7807299.463000003,44.93460382387776
13969.0,12973.460000000001,35,0.07466823683242198,7820272.923000003,45.009272060710174
13668.0,12948.48,35,0.07452446542864272,7833221.403000004,45.083796526138826
13316.0,12940.82,10,0.0744803786010627,7846162.223000004,45.158276904739886
13952.0,12823.521,14,0.07380526883757584,7858985.744000004,45.23208217357746
13468.0,12793.28,72,0.07363121795600305,7871779.024000004,45.305713391533466
16549.0,12781.8,34,0.07356514526923821,7884560.824000004,45.3792785368027
12437.0,12683.4,39,0.072998807954111,7897244.224000004,45.452277344756816
12451.0,12669.88,8,0.07292099412788619,7909914.104000004,45.52519833888471
12536.0,12601.830000000002,3,0.07252933503952841,7922515.934000004,45.59772767392423
16161.0,12580.06,43,0.07240403866401703,7935095.994000004,45.670131712588244
17017.0,12576.99,29,0.0723863694002219,7947672.984000004,45.74251808198847
14040.0,12523.81,35,0.07208029400979034,7960196.7940000035,45.81459837599826
17858.0,12518.65,30,0.07205059583350928,7972715.444000004,45.88664897183177
14936.0,12410.81,12,0.07142992697107718,7985126.254000003,45.958078898802846
16000.0,12393.7,3,0.07133145104158707,7997519.954000004,46.02941034984443
12474.0,12372.75,31,0.07121087414370175,8009892.704000004,46.10062122398813
14735.0,12240.16,56,0.07044775763340991,8022132.864000004,46.171068981621545
12481.0,12185.51,15,0.07013322171601456,8034318.374000004,46.24120220333756
15144.0,12160.31,29,0.069988184110921,8046478.684000003,46.31119038744848
15465.0,12100.4,32,0.06964337447119263,8058579.0840000035,46.38083376191967
15194.0,12021.53,28,0.06918944130001294,8070600.614000004,46.450023203219686
13050.0,11986.52,35,0.06898794262722224,8082587.134000003,46.5190111458469
14415.0,11980.09,23,0.06895093501608131,8094567.224000003,46.58796208086298
17364.0,11972.92,28,0.06890966836415588,8106540.144000003,46.65687174922714
17044.0,11962.300000000001,12,0.06884854537343787,8118502.444000003,46.72572029460058
13458.0,11959.27,16,0.06883110632806354,8130461.7140000025,46.79455140092863
13854.0,11944.56,39,0.06874644350382043,8142406.274000002,46.86329784443245
16258.0,11942.52,15,0.06873470236436048,8154348.794000002,46.93203254679681
16814.0,11924.85,36,0.0686330033769794,8166273.644000001,47.00066555017379
16523.0,11916.33,28,0.06858396685335252,8178189.974000001,47.069249517027146
17338.0,11889.33,17,0.06842856941932371,8190079.304000001,47.13767808644646
13687.0,11880.84,1,0.06837970555951244,8201960.144000001,47.20605779200598
14505.0,11879.08,19,0.06836957594899797,8213839.224000001,47.27442736795498
18226.0,11878.880000000001,26,0.06836842485689405,8225718.104000001,47.34279579281187
12567.0,11767.48,15,0.06772726655501222,8237485.584000002,47.41052305936689
12705.0,11762.1,14,0.06769630217741686,8249247.684000001,47.4782193615443
14426.0,11727.94,17,0.06749969564606782,8260975.624000002,47.545719057190375
13004.0,11650.85,36,0.06705600719461297,8272626.474000001,47.612775064384984
12683.0,11633.7,21,0.06695730104670208,8284260.1740000015,47.67973236543169
15023.0,11578.65,20,0.06664046294509889,8295838.824000002,47.746372828376785
14739.0,11573.62,25,0.06661151297868538,8307412.444000002,47.812984341355474
13418.0,11559.66,31,0.06653116674983195,8318972.104000002,47.87951550810531
15218.0,11468.83,22,0.066008398270838,8330440.934000002,47.94552390637614
13680.0,11419.67,12,0.06572545983169518,8341860.604000002,48.011249366207835
14016.0,11403.41,11,0.06563187604364672,8353264.014000002,48.07688124225148
12668.0,11383.03,10,0.06551457975825757,8364647.044000003,48.142395822009746
13102.0,11380.1,37,0.06549771625893519,8376027.144000002,48.20789353826868
15874.0,11284.76,21,0.0649489906529979,8387311.904000002,48.27284252892168
15555.0,11243.91,36,0.06471388009077282,8398555.814000001,48.33755640901244
12539.0,11214.75,7,0.06454605086202171,8409770.564000001,48.40210245987446
13576.0,11202.59,28,0.06447606446210355,8420973.154000001,48.46657852433657
12524.0,11126.11,17,0.06403588684156566,8432099.264,48.53061441117813
14134.0,11123.35,15,0.0640200017705316,8443222.614,48.594634412948665
13013.0,11097.43,29,0.06387082023386394,8454320.044,48.65850523318252
15032.0,11010.05,8,0.06336790809366256,8465330.094,48.72187314127619
14045.0,10986.63,16,0.06323311520829386,8476316.724000001,48.78510625648449
12918.0,10953.5,1,0.06304243680128,8487270.224000001,48.848148693285765
16985.0,10923.16,23,0.06286781612911578,8498193.384000001,48.911016509414885
18052.0,10877.18,1,0.06260318005442524,8509070.564000001,48.9736196894693
16033.0,10608.81,27,0.06105858711478407,8519679.374000002,49.034678276584096
13324.0,10513.47,18,0.060509861508846775,8530192.844000002,49.095188138092944
15290.0,10496.28,26,0.060410925142515115,8540689.124000002,49.15559906323546
12431.0,10432.22,27,0.060042230341630455,8551121.344000002,49.215641293577086
14028.0,10396.5,3,0.05983664529187086,8561517.844000002,49.27547793886896
16168.0,10360.67,66,0.05963042714145412,8571878.514000002,49.33510836601042
16984.0,10350.53,9,0.05957206677178553,8582229.044000002,49.394680432782195
15296.0,10323.03,12,0.05941379160749693,8592552.074000001,49.45409422438969
14422.0,10271.52,19,0.05911732783613307,8602823.594,49.51321155222582
17160.0,10209.16,17,0.05875841731813171,8613032.754,49.57196996954396
15719.0,10195.97,31,0.05868250279387838,8623228.724000001,49.630652472337836
14796.0,10169.33,27,0.058529177325636624,8633398.054000001,49.689181649663475
16327.0,10159.64,16,0.05847340691320184,8643557.694000002,49.747655056576676
18229.0,10150.51,28,0.05842085955865803,8653708.204000002,49.806075916135335
15805.0,10148.93,30,0.058411765931037085,8663857.134000001,49.86448768206637
18055.0,10142.64,14,0.05837556408436888,8673999.774000002,49.92286324615074
17809.0,10085.89,20,0.0580489416998824,8684085.664000003,49.98091218785063
15547.0,10057.05,26,0.05788295421849756,8694142.714000003,50.03879514206913
13941.0,10027.18,15,0.05771103861277754,8704169.894000003,50.096506180681914
13985.0,10020.86,22,0.05767466410229377,8714190.754000003,50.15418084478419
15694.0,9978.48,24,0.057430747685473724,8724169.234000003,50.21161159246967
14755.0,9972.55,25,0.057396617804592584,8734141.784000004,50.269008210274265
16182.0,9971.65,9,0.057391437890124956,8744113.434000004,50.3263996481644
14101.0,9961.93,13,0.057335494813874587,8754075.364000004,50.38373514297827
16131.0,9957.42,12,0.057309537686931256,8764032.784000004,50.4410446806652
18260.0,9947.26,23,0.05725106220805227,8773980.044000003,50.49829574287325
17049.0,9942.53,19,0.05722383887979463,8783922.574000003,50.55551958175304
16701.0,9916.73,26,0.057075347998389314,8793839.304000003,50.61259492975143
12758.0,9903.24,7,0.056997706835980114,8803742.544000003,50.66959263658741
14329.0,9887.62,15,0.0569078065426642,8813630.164000003,50.72650044313007
12590.0,9864.26,2,0.05677335898492667,8823494.424000002,50.783273802115005
14828.0,9839.46,13,0.056630623564040944,8833333.884000003,50.83990442567905
12490.0,9823.64,21,0.0565395721786211,8843157.524000004,50.896443997857666
13599.0,9811.04,33,0.056467053376074335,8852968.564000003,50.95291105123374
16353.0,9795.460000000001,38,0.05637738330117919,8862764.024000004,51.00928843453493
14944.0,9784.67,19,0.05631528188217286,8872548.694000004,51.065603716417094
17306.0,9782.35,21,0.05630192921376742,8882331.044000003,51.12190564563086
13018.0,9763.16,35,0.05619148192639657,8892094.204000004,51.17809712755725
13735.0,9762.77,13,0.05618923729679393,8901856.974000003,51.23428636485406
14085.0,9720.67,33,0.05594693240891939,8911577.644000003,51.290233297262965
12380.0,9676.300000000001,11,0.05569156262566538,8921253.944000004,51.34592485988863
12839.0,9669.12,26,0.05565023841913475,8930923.064000003,51.401575098307774
16782.0,9636.12,38,0.05546030822198843,8940559.184000002,51.45703540652975
17315.0,9599.58,43,0.05525000369460278,8950158.764000002,51.51228541022436
18109.0,9555.71,38,0.05499751164160855,8959714.474000003,51.56728292186597
14091.0,9530.08,2,0.05484999918849158,8969244.554000003,51.622132921054465
17811.0,9519.800000000001,47,0.054790833054350244,8978764.354000004,51.67692375410881
13999.0,9502.26,29,0.05468988227683671,8988266.614000004,51.73161363638565
17504.0,9490.17,18,0.05462029875915492,8997756.784000004,51.78623393514481
14146.0,9450.3,12,0.05439082854823904,9007207.084000004,51.84062476369304
14439.0,9443.039999999999,5,0.05434904390486685,9016650.124000004,51.89497380759791
13267.0,9429.81,36,0.05427289916219274,9026079.934000004,51.94924670676011
17230.0,9388.49,18,0.054035083533523466,9035468.424000004,52.003281790293634
15727.0,9371.710000000001,15,0.053938506906004824,9044840.134000005,52.05722029719965
15981.0,9362.77,21,0.053887053088959726,9054202.904000005,52.1111073502886
13069.0,9284.45,38,0.05343628542106579,9063487.354000004,52.16454363570966
13162.0,9275.49,16,0.053384716494810296,9072762.844000004,52.21792835220447
15249.0,9266.0,18,0.05333009717447943,9082028.844000004,52.271258449378955
14367.0,9227.82,16,0.053110353691841666,9091256.664000005,52.3243688030708
14292.0,9226.25,16,0.05310131761882591,9100482.914000005,52.377470120689615
13327.0,9134.48,20,0.05257313900694355,9109617.394000005,52.43004325969657
17757.0,9074.05,56,0.052225336527744984,9118691.444000006,52.482268596224316
15298.0,9061.77,23,0.05215465947256448,9127753.214000005,52.53442325569688
15939.0,9060.390000000001,16,0.05214671693704746,9136813.604000006,52.58656997263393
16709.0,9056.01,14,0.052121508019971674,9145869.614000006,52.6386914806539
17068.0,8987.68,47,0.051728237402668395,9154857.294000005,52.69041971805657
15150.0,8977.94,13,0.05167217921720763,9163835.234000005,52.74209189727377
15903.0,8939.84,12,0.051452896171411425,9172775.074000005,52.79354479344518
15867.0,8923.3,31,0.05135770085441748,9181698.374000005,52.8449024942996
12766.0,8918.99,9,0.05133289481957806,9190617.364000006,52.896235389119184
12747.0,8898.48,26,0.05121485032432136,9199515.844000006,52.947450239443505
14060.0,8898.24,30,0.05121346901379666,9208414.084000006,52.99866370845731
13555.0,8891.84,13,0.05117663406647132,9217305.924000006,53.04984034252378
14709.0,8886.33,25,0.051144921479008405,9226192.254000006,53.10098526400279
12359.0,8873.39,10,0.05107044581988496,9235065.644000007,53.152055709822676
14135.0,8839.67,24,0.05087637169116454,9243905.314000007,53.20293208151383
16700.0,8830.77,25,0.050825148092540226,9252736.084000006,53.25375722960637
16550.0,8813.58,18,0.05072621172620855,9261549.664000006,53.304483441332586
15260.0,8767.73,25,0.05046232386138555,9270317.394000007,53.354945765193975
16532.0,8756.64,5,0.05039849580422335,9279074.034000007,53.4053442609982
13448.0,8745.93,13,0.050336854822058595,9287819.964000007,53.455681115820255
15570.0,8736.49,25,0.05028252327475371,9296556.454000007,53.505963639095015
16186.0,8718.43,26,0.05017857965776999,9305274.884000007,53.556142218752775
17576.0,8711.95,41,0.05014128427360308,9313986.834000006,53.606283503026376
12957.0,8706.97,13,0.05011262208021554,9322693.804000007,53.656396125106596
13758.0,8698.13,15,0.0500617438092224,9331391.934000008,53.70645786891583
13263.0,8676.2,39,0.0499355265600279,9340068.134000007,53.75639339547584
15497.0,8657.39,9,0.04982726634765449,9348725.524000008,53.8062206618235
13756.0,8655.95,23,0.049818978484506296,9357381.474000007,53.856039640308005
16945.0,8548.16,33,0.049198597395100165,9365929.634000007,53.90523823770311
15281.0,8543.57,16,0.04917217983131526,9374473.204000007,53.954410417534426
13269.0,8537.32,28,0.049136208203067855,9383010.524000008,54.0035466257375
15270.0,8524.86,21,0.049064495164993824,9391535.384000007,54.05261112090248
12798.0,8510.93,4,0.04898432159995599,9400046.314000007,54.101595442502436
13209.0,8509.51,13,0.04897614884601818,9408555.824000007,54.15057159134845
15786.0,8501.62,5,0.048930738262518654,9417057.444000006,54.19950232961097
13148.0,8497.82,26,0.048908867512544224,9425555.264000006,54.24841119712352
14286.0,8479.76,7,0.04880492389556052,9434035.024000006,54.297216121019076
18139.0,8438.34,6,0.04856653272083929,9442473.364000006,54.34578265373992
13047.0,8428.53,24,0.04851007165314215,9450901.894000005,54.39429272539306
14160.0,8421.470000000001,7,0.04846943810187388,9459323.364000006,54.442762163494926
17396.0,8409.6,14,0.048401120785506395,9467732.964000005,54.49116328428043
15984.0,8393.02,30,0.04830569525009167,9476125.984000005,54.539468979530525
14676.0,8356.789999999999,12,0.04809717491546708,9484482.774000004,54.58756615444599
14057.0,8346.66,22,0.04803887210040368,9492829.434000004,54.635605026546386
17611.0,8337.53,28,0.04798632474585987,9501166.964000003,54.68359135129225
13206.0,8308.19,13,0.04781745953421523,9509475.154000003,54.73140881082645
12643.0,8304.82,12,0.04779806363226422,9517779.974000003,54.77920687445872
17686.0,8296.81,9,0.047751962393502344,9526076.784000004,54.82695883685223
12637.0,8283.81,12,0.04767714140674773,9534360.594000004,54.87463597825898
15998.0,8274.14,16,0.04762148610352334,9542634.734000005,54.9222574643625
15034.0,8231.2,14,0.04737434662881235,9550865.934000004,54.96963181099132
13381.0,8224.369999999999,12,0.04733503683346356,9559090.304000003,55.016966847824776
13139.0,8202.98,8,0.04721192753294964,9567293.284000004,55.06417877535773
16722.0,8189.5599999999995,22,0.04713468925277679,9575482.844000004,55.111313464610504
17365.0,8184.49,15,0.047105509067942496,9583667.334000004,55.158418973678444
13426.0,8167.38,22,0.04700703313845239,9591834.714000005,55.20542600681691
13715.0,8153.04,17,0.046924499834601535,9599987.754000004,55.2523505066515
14056.0,8152.71,23,0.046922600532630074,9608140.464000005,55.299273107184135
16672.0,8134.9400000000005,20,0.04682032599919704,9616275.404000005,55.34609343318333
17593.0,8092.32,11,0.046575028271852295,9624367.724000005,55.39266846145519
15955.0,8085.9800000000005,22,0.04653853865215813,9632453.704000005,55.43920700010735
17426.0,8077.77,13,0.04649128632129233,9640531.474000005,55.48569828642863
16767.0,8056.76,15,0.04637036409577584,9648588.234000005,55.532068650524415
16670.0,8030.150000000001,20,0.046217211291349675,9656618.384000005,55.57828586181576
14525.0,8026.54,17,0.046196434078873964,9664644.924000004,55.62448229589463
18041.0,8018.77,38,0.046151714150636784,9672663.694000004,55.67063401004526
16556.0,8012.58,17,0.046116087850020554,9680676.274000004,55.716750097895286
13869.0,7996.870000000001,10,0.04602566956525787,9688673.144000003,55.76277576746054
13174.0,7995.360000000001,12,0.046016978819873294,9696668.504000003,55.80879274628041
12428.0,7956.46,9,0.045793091405661415,9704624.964000003,55.85458583768607
16303.0,7928.27,7,0.045630844973614304,9712553.234000003,55.90021668265969
14291.0,7904.1,23,0.04549173549285592,9720457.334000003,55.94570841815254
13871.0,7885.85,17,0.045386698338373485,9728343.184000002,55.99109511649091
14159.0,7860.8,20,0.04524252405235787,9736203.984000003,56.03633764054328
15622.0,7852.61,17,0.045195386830702455,9744056.594000002,56.08153302737398
17085.0,7847.67,28,0.04516695485573571,9751904.264000002,56.12669998222971
12757.0,7834.650000000001,13,0.04509201875977071,9759738.914000003,56.171792000989484
12867.0,7829.26,13,0.045060996827570136,9767568.174000002,56.21685299781704
16592.0,7807.91,28,0.044938117745476985,9775376.084000003,56.26179111556253
15544.0,7807.89,20,0.04493800263626659,9783183.974000003,56.306729118198795
14395.0,7801.93,20,0.04490370009156986,9790985.904000003,56.35163281829036
17409.0,7793.51,10,0.04485523911399496,9798779.414000003,56.39648805740436
12720.0,7787.28,30,0.044819382594957935,9806566.694000002,56.44130743999931
17730.0,7773.8,20,0.04474179898715392,9814340.494000003,56.48604923898647
17739.0,7730.59,18,0.04449310553810264,9822071.084000003,56.53054234452457
13534.0,7720.9,35,0.044437335125667846,9829791.984000003,56.57497967965024
17696.0,7679.59,27,0.044199577051603774,9837471.574000003,56.61917925670185
14175.0,7678.88,8,0.044195490674634866,9845150.454000004,56.66337474737648
13141.0,7656.08,17,0.044064266174788314,9852806.534000004,56.70743901355127
15046.0,7623.79,25,0.043878422354610896,9860430.324000003,56.75131743590588
14145.0,7600.049999999999,7,0.04374178772187593,9868030.374000004,56.79505922362777
13373.0,7587.1900000000005,6,0.043667772499594075,9875617.564000003,56.838726996127356
13137.0,7586.9400000000005,16,0.04366633363446418,9883204.504000003,56.88239332976182
13709.0,7571.35,18,0.04357660600496384,9890775.854000002,56.92596993576677
14030.0,7521.8,20,0.04329142293621837,9898297.654000003,56.969261358702994
17091.0,7495.75,19,0.04314149318968317,9905793.404000003,57.01240285189269
15179.0,7491.92,13,0.04311944977589315,9913285.324000003,57.055522301668574
15581.0,7480.4,38,0.04305314687070753,9920765.724000003,57.09857544853928
13815.0,7475.74,8,0.043026326424686255,9928241.464000003,57.141601774963966
16570.0,7434.31,20,0.04278787769535984,9935675.774000004,57.18438965265933
16242.0,7404.650000000001,14,0.04261717073634893,9943080.424000004,57.22700682339569
17602.0,7354.43,14,0.042328131509055344,9950434.854000004,57.269334954904735
13082.0,7335.75,21,0.042220619506549484,9957770.604000004,57.31155557441129
17238.0,7331.67,32,0.04219713722762958,9965102.274000004,57.35375271163892
16253.0,7272.2,7,0.04185485999052982,9972374.474000003,57.39560757162945
14282.0,7250.76,25,0.04173146291698991,9979625.234000003,57.43733903454643
14092.0,7229.450000000001,24,0.041608814053317546,9986854.684000002,57.478947848599745
14243.0,7217.75,17,0.041541475165238394,9994072.434000002,57.52048932376498
16729.0,7205.33,21,0.04146999234558514,10001277.764000002,57.56195931611057
14800.0,7191.33,17,0.041389415898310945,10008469.094000002,57.60334873200888
14688.0,7190.42,28,0.041384178429238125,10015659.514000002,57.64473291043812
16745.0,7180.7,17,0.04132823535298775,10022840.214000002,57.6860611457911
14841.0,7163.0,14,0.041226363701791086,10030003.214000002,57.727287509492896
15950.0,7120.910000000001,10,0.040984116368521735,10037124.124000002,57.76827162586141
15521.0,7098.24,16,0.04085364007854273,10044222.364000002,57.80912526593996
14113.0,7092.61,16,0.04082123683581746,10051314.974000001,57.84994650277577
13451.0,7090.06,11,0.04080656041149252,10058405.034000002,57.890753063187276
17231.0,7064.8,25,0.04066117747876779,10065469.834000003,57.931414240666044
17769.0,7053.38,17,0.04059545011963412,10072523.214000003,57.972009690785676
13183.0,7036.18,15,0.04049645619869725,10079559.394000003,58.01250614698438
17965.0,7006.650000000001,29,0.04032649744955389,10086566.044000003,58.05283264443393
16938.0,6995.360000000001,9,0.04026151830028777,10093561.404000003,58.09309416273422
17690.0,6963.8,20,0.04007987596628965,10100525.204000004,58.13317403870051
12841.0,6958.2,40,0.04004764538737997,10107483.404000003,58.173221684087885
13552.0,6948.92,22,0.039994234713758216,10114432.324000003,58.213215918801644
15674.0,6948.23,13,0.0399902634459997,10121380.554000003,58.25320618224764
16265.0,6935.17,12,0.03991509713161392,10128315.724000003,58.29312127937926
16187.0,6911.4400000000005,15,0.03977852005348415,10135227.164000003,58.33289979943274
15301.0,6909.67,17,0.03976833288836448,10142136.834000003,58.3726681323211
12749.0,6897.360000000001,9,0.039697483169368386,10149034.194000002,58.41236561549047
16170.0,6869.0,20,0.03953425830903294,10155903.194000002,58.451899873799505
15129.0,6860.18,23,0.0394834951472502,10162763.374000002,58.49138336894675
18231.0,6854.17,28,0.03944890482952749,10169617.544000002,58.53083227377628
16401.0,6849.15,23,0.03942001241771917,10176466.694000002,58.570252286194005
12613.0,6817.370000000001,10,0.03923710388240675,10183284.064000001,58.6094893900764
12830.0,6814.64,6,0.03922139147518827,10190098.704000002,58.64871078155159
16145.0,6805.4400000000005,19,0.03916844123840809,10196904.144000001,58.687879222789995
15413.0,6798.72,5,0.03912976454371647,10203702.864000002,58.72700898733372
12417.0,6797.41,20,0.03912222489043582,10210500.274000002,58.76613121222416
14401.0,6795.9,22,0.03911353414505124,10217296.174000002,58.80524474636921
13993.0,6775.71,19,0.03899733139716081,10224071.884000003,58.844242077766374
13983.0,6753.89,21,0.03887174724862345,10230825.774000004,58.883113825015
12662.0,6726.54,20,0.038714335403412785,10237552.314000003,58.92182816041841
12712.0,6723.030000000001,21,0.038694133736989045,10244275.344000002,58.960522294155396
15321.0,6709.73,12,0.03861758611207856,10250985.074000003,58.99913988026747
14844.0,6702.43,10,0.03857557125028559,10257687.504000003,59.037715451517755
17975.0,6696.33,24,0.03854046294111611,10264383.834000003,59.076255914458876
13734.0,6695.6900000000005,4,0.038536779446383576,10271079.524000002,59.11479269390526
16497.0,6695.280000000001,23,0.03853441970757055,10277774.804000001,59.15332711361282
13384.0,6680.83,11,0.03845125330306253,10284455.634000001,59.191778366915884
17700.0,6679.97,14,0.038446303607015696,10291135.604000002,59.2302246705229
14461.0,6676.91,13,0.03842869189782576,10297812.514000002,59.26865336242073
16717.0,6663.68,14,0.03835254715515164,10304476.194000002,59.307005909575885
17001.0,6640.8,19,0.038220862218463526,10311116.994000003,59.345226771794344
13953.0,6640.68,12,0.03822017156320118,10317757.674000002,59.383446943357555
14562.0,6638.15,26,0.03820561024808662,10324395.824000003,59.42165255360564
13394.0,6621.700000000001,19,0.03811093292253945,10331017.524000002,59.459763486528175
12626.0,6620.48,9,0.038103911260705545,10337638.004000003,59.49786739778888
13520.0,6606.0,11,0.038020572192381946,10344244.004000003,59.53588796998126
13831.0,6585.54,18,0.03790281547015123,10350829.544000002,59.57379078545141
12843.0,6583.36,30,0.03789026856621853,10357412.904000001,59.61168105401763
13015.0,6579.78,11,0.03786966401755842,10363992.684,59.64955071803518
13883.0,6560.02,15,0.03775593611769141,10370552.704,59.68730665415287
12836.0,6559.7300000000005,15,0.03775426703414073,10377112.434,59.72506092118701
15980.0,6543.68,7,0.037661891892801384,10383656.114,59.762722813079804
14855.0,6520.3,7,0.03752732922585347,10390176.414,59.800250142305664
14221.0,6517.49,17,0.037511156381793434,10396693.904000001,59.83776129868746
12823.0,6501.5,18,0.03741912656808526,10403195.404000001,59.87518042525555
13317.0,6486.091,19,0.03733044067693898,10409681.495000001,59.91251086593249
12779.0,6474.11,14,0.037261484504453816,10416155.605,59.94977235043694
14154.0,6460.7,8,0.03718430377888617,10422616.305,59.98695665421582
15750.0,6452.991,18,0.03713993493374069,10429069.296,60.024096589149565
16940.0,6427.66,8,0.03699414336331907,10435496.956,60.06109073251288
16655.0,6423.26,13,0.036968819337032895,10441920.216,60.098059551849914
12656.0,6407.83,8,0.03688001258121569,10448328.046,60.134939564431136
15514.0,6392.0599999999995,18,0.036789248968821825,10454720.106,60.17172881339995
18094.0,6391.5199999999995,13,0.036786141020141244,10461111.626,60.20851495442009
12406.0,6390.360000000001,5,0.03677946468593853,10467501.986,60.24529441910603
14388.0,6388.2,16,0.036767032891216224,10473890.185999999,60.28206145199724
14766.0,6375.73,11,0.03669526229853699,10480265.916,60.31875671429579
12356.0,6371.7300000000005,6,0.03667224045645865,10486637.646,60.35542895475224
14702.0,6368.78,29,0.03665526184792587,10493006.425999999,60.39208421660016
14227.0,6368.71,15,0.036654858965689506,10499375.136,60.428739075565865
12484.0,6354.1,12,0.03657077168749836,10505729.236,60.46530984725336
13590.0,6336.04,18,0.03646682807051464,10512065.275999999,60.50177667532386
18245.0,6324.9800000000005,20,0.03640317267716803,10518390.256,60.538179848001036
13654.0,6308.0,11,0.036305444957545466,10524698.256,60.57448529295858
12913.0,6283.240000000001,13,0.03616293975508053,10530981.496,60.61064823271366
15480.0,6279.0,5,0.03613853660247749,10537260.496,60.646786769316144
13136.0,6274.56,13,0.03611298235777053,10543535.056,60.682899751673915
13615.0,6272.53,8,0.03610129877291576,10549807.586,60.71900105044682
17873.0,6265.33,18,0.036059859457174756,10556072.916,60.755060909904
14004.0,6258.45,11,0.036020261888800004,10562331.365999999,60.7910811717928
15369.0,6251.26,11,0.03597888012766418,10568582.625999998,60.827060051920455
12497.0,6248.5,3,0.03596299505663013,10574831.125999998,60.863023046977084
17799.0,6246.93,20,0.03595395898361438,10581078.055999998,60.898977005960695
18118.0,6221.0199999999995,29,0.03580483500155191,10587299.075999998,60.93478184096225
16735.0,6217.41,14,0.03578405778907621,10593516.485999998,60.970565898751325
12429.0,6204.41,8,0.0357092368023216,10599720.895999998,61.00627513555364
15673.0,6204.32,9,0.03570871881087484,10605925.215999998,61.041983854364524
13334.0,6201.8,5,0.035694215050365484,10612127.015999999,61.0776780694149
16103.0,6191.71,22,0.03563614245372286,10618318.726,61.11331421186862
16156.0,6188.18,20,0.03561582567808873,10624506.906,61.14893003754671
14534.0,6187.66,26,0.03561283283861854,10630694.566,61.18454287038533
15299.0,6156.53,10,0.03543366535264384,10636851.095999999,61.21997653573798
14390.0,6150.03,13,0.035396254859266535,10643001.125999998,61.25537279059723
17669.0,6142.35,10,0.035352052922476125,10649143.475999998,61.290724843519705
13266.0,6135.04,19,0.035309980506077955,10655278.515999997,61.326034824025776
14852.0,6132.43,18,0.03529495875412184,10661410.945999997,61.361329782779904
17419.0,6126.25,18,0.0352593900081108,10667537.195999997,61.396589172788005
13230.0,6120.01,30,0.03522347593446858,10673657.205999997,61.431812648722484
14180.0,6117.5,33,0.03520902972856442,10679774.705999997,61.46702167845104
13935.0,6116.92,3,0.03520569156146307,10685891.625999996,61.502227370012506
14560.0,6114.03,44,0.03518905828056146,10692005.655999996,61.53741642829307
18178.0,6103.740000000001,11,0.03512983459181493,10698109.395999996,61.57254626288488
14530.0,6088.87,16,0.035044250893888684,10704198.265999995,61.60759051377877
18061.0,6083.81,28,0.035015128263659594,10710282.075999996,61.642605642042426
17509.0,6083.639999999999,8,0.03501414983537126,10716365.715999996,61.6776197918778
16954.0,6081.88,20,0.03500402022485678,10722447.595999997,61.71262381210266
12664.0,6070.04,11,0.034935875572304896,10728517.635999996,61.74755968767496
17644.0,6028.6,20,0.034697369288373275,10734546.235999996,61.78225705696333
13658.0,6025.5,9,0.03467952736076255,10740571.735999996,61.8169365843241
17819.0,6021.05,12,0.0346539155614504,10746592.785999997,61.851590499885546
15372.0,6017.0599999999995,8,0.03463095127397725,10752609.845999997,61.88622145115953
15202.0,6001.49,3,0.034541338753687305,10758611.335999997,61.92076278991322
16456.0,6000.94,13,0.03453817325040153,10764612.275999997,61.955300963163616
12835.0,5996.83,41,0.03451451830766604,10770609.105999997,61.98981548147129
15755.0,5993.12,17,0.03449316554913837,10776602.225999996,62.02430864702042
14105.0,5988.83,5,0.034468474623509354,10782591.055999996,62.05877712164393
17457.0,5984.8099999999995,14,0.03444533767222062,10788575.865999997,62.09322245931615
14440.0,5982.030000000001,13,0.03442933749197617,10794557.895999996,62.127651796808124
17625.0,5978.9,8,0.03441132290054987,10800536.795999996,62.16206311970868
14535.0,5973.23,9,0.034378689439403816,10806510.025999997,62.196441809148084
15785.0,5969.93,16,0.034359696419689195,10812479.955999997,62.23080150556777
14918.0,5955.81,9,0.034278429317152644,10818435.765999997,62.26507993488492
12500.0,5955.21,19,0.03427497604084089,10824390.975999998,62.29935491092577
14257.0,5954.45,9,0.034270601890846006,10830345.425999997,62.33362551281662
16710.0,5921.35,22,0.034080096147647725,10836266.775999997,62.367705608964265
15971.0,5902.83,18,0.033973505018825,10842169.605999997,62.401679113983086
12455.0,5879.95,10,0.03384182008213688,10848049.555999996,62.43552093406522
18065.0,5866.63,29,0.03376515734801601,10853916.185999997,62.46928609141323
17146.0,5852.64,13,0.033684638455347006,10859768.825999998,62.50297072986859
14112.0,5834.59,13,0.03358075239296848,10865603.415999997,62.53655148226156
12910.0,5796.52,13,0.03336164201098787,10871399.935999997,62.56991312427254
18075.0,5783.29,20,0.03328549726831375,10877183.225999996,62.60319862154085
17672.0,5778.63,7,0.03325867682229248,10882961.855999997,62.63645729836315
14099.0,5750.91,20,0.03309913545668957,10888712.765999997,62.66955643381984
16316.0,5744.91,13,0.03306460269357206,10894457.675999997,62.702621036513406
12615.0,5740.9800000000005,8,0.03304198373373009,10900198.655999998,62.735663020247145
13771.0,5728.82,9,0.03297199733381192,10905927.475999998,62.768635017580955
13870.0,5712.08,15,0.03287565092471406,10911639.555999998,62.801510668505664
16607.0,5706.87,25,0.032845664975407016,10917346.425999997,62.83435633348107
17651.0,5703.52,16,0.03282638418266641,10923049.945999997,62.86718271766374
16279.0,5698.280000000001,9,0.032796225569543785,10928748.225999996,62.89997894323328
16458.0,5690.89,30,0.032753692716304045,10934439.115999997,62.932732635949584
13157.0,5687.360000000001,9,0.03273337594066991,10940126.475999996,62.96546601189025
12727.0,5679.53,10,0.03268831068480155,10945806.005999995,62.99815432257505
12633.0,5678.16,7,0.03268042570388972,10951484.165999996,63.03083474827894
13901.0,5676.34,15,0.032669950765744075,10957160.505999995,63.06350469904468
17491.0,5653.67,17,0.03253947447576507,10962814.175999995,63.09604417352045
16409.0,5652.74,12,0.03253412189748186,10968466.915999996,63.128578295417924
13722.0,5635.41,10,0.032434379766677436,10974102.325999996,63.1610126751846
16320.0,5628.990000000001,6,0.0323974297101417,10979731.315999996,63.19341010489475
16003.0,5613.83,10,0.03231017692866479,10985345.145999996,63.22572028182341
18145.0,5609.74,11,0.032286637095139674,10990954.885999996,63.258006918918554
16200.0,5608.1,12,0.03227719813988756,10996562.985999996,63.290284117058434
17838.0,5604.64,13,0.0322572842464898,11002167.625999996,63.32254140130493
16011.0,5601.01,29,0.0322363919248037,11007768.635999996,63.35477779322973
15228.0,5580.27,6,0.032117023673627496,11013348.905999996,63.386894816903364
15854.0,5578.28,21,0.03210557030719352,11018927.185999995,63.41900038721056
17203.0,5564.09,10,0.0320239003224206,11024491.275999995,63.451024287532974
14210.0,5556.57,16,0.031980619259313316,11030047.845999995,63.48300490679228
15527.0,5554.89,23,0.031970950085640416,11035602.735999996,63.51497585687793
14907.0,5547.72,16,0.03192968343371499,11041150.455999997,63.54690554031165
14572.0,5526.88,11,0.03180973963648682,11046677.335999997,63.57871527994814
17069.0,5517.2300000000005,14,0.031754199442472826,11052194.565999998,63.610469479390616
14732.0,5517.07,19,0.03175327856878969,11057711.635999998,63.64222275795941
17092.0,5511.41,11,0.031720702662248836,11063223.045999998,63.673943460621665
17204.0,5504.6900000000005,9,0.031682025967557224,11068727.735999998,63.70562548658921
14189.0,5503.150000000001,16,0.03167316255835706,11074230.885999998,63.73729864914757
13115.0,5494.7,10,0.03162452891696656,11079725.585999997,63.768923178064526
16609.0,5493.46,7,0.031617392145922275,11085219.045999998,63.800540570210465
13593.0,5493.29,14,0.03161641371763395,11090712.335999997,63.83215698392809
13769.0,5478.12,20,0.031529103381551835,11096190.455999997,63.86368608730963
16992.0,5476.5,13,0.031519779535510106,11101666.955999997,63.89520586684515
17512.0,5467.82,18,0.031469822138200106,11107134.775999997,63.926675688983345
12480.0,5464.85,7,0.03145272842045694,11112599.625999996,63.958128417403806
17685.0,5454.95,12,0.031395749361313036,11118054.575999996,63.98952416676511
18198.0,5425.56,17,0.031226596376642417,11123480.135999996,64.02075076314175
12378.0,5416.32,2,0.031173415921441447,11128896.455999997,64.0519241790632
14626.0,5410.92,11,0.031142336434635688,11134307.375999996,64.08306651549783
14249.0,5400.461,12,0.031082140073061343,11139707.836999996,64.11414865557089
17719.0,5396.04,15,0.03105669518210425,11145103.876999995,64.14520535075299
17612.0,5394.86,18,0.031049903738691143,11150498.736999994,64.17625525449168
13362.0,5394.07,7,0.03104535692488067,11155892.806999994,64.20730061141656
13014.0,5381.08,11,0.030970593492731256,11161273.886999995,64.2382712049093
14459.0,5375.741,2,0.030939865089017186,11166649.627999995,64.2692110699983
14442.0,5367.02,7,0.030889671717825886,11172016.647999994,64.30010074171614
17863.0,5360.48,12,0.03085203100602779,11177377.127999995,64.33095277272217
12362.0,5356.2300000000005,11,0.030827570298819558,11182733.357999995,64.361780343021
15641.0,5345.55,12,0.030766101980470383,11188078.907999996,64.39254644500146
16008.0,5339.13,15,0.03072915192393464,11193418.037999997,64.42327559692541
15628.0,5333.08,17,0.03069433138779115,11198751.117999997,64.4539699283132
13842.0,5319.34,18,0.030615251360252047,11204070.457999997,64.48458517967345
17584.0,5309.42,6,0.030558157191897754,11209379.877999997,64.51514333686535
16546.0,5307.07,5,0.030544631859676725,11214686.947999997,64.54568796872502
16393.0,5297.77,23,0.030491106076844587,11219984.717999997,64.57617907480187
15394.0,5286.8,11,0.03042796867494473,11225271.517999997,64.60660704347681
15152.0,5263.83,14,0.030295765746809852,11230535.347999997,64.63690280922361
13931.0,5257.38,11,0.030258643026458528,11235792.727999998,64.66716145225008
13975.0,5256.4,12,0.03025300267514933,11241049.127999999,64.69741445492524
13107.0,5253.07,9,0.030233836991619106,11246302.197999999,64.72764829191686
14930.0,5236.7300000000005,6,0.03013979276672909,11251538.928,64.75778808468358
12755.0,5236.26,11,0.03013708770028488,11256775.188,64.78792517238388
15722.0,5234.0,11,0.03012408035951062,11262009.188,64.81804925274338
17061.0,5232.23,11,0.030113893194390947,11267241.418,64.84816314593778
12422.0,5231.8,17,0.03011141834636753,11272473.218,64.87827456428415
15606.0,5230.99,17,0.03010675642334666,11277704.208,64.90838132070749
13763.0,5217.4400000000005,3,0.03002876993330628,11282921.648,64.9384100906408
15812.0,5201.47,12,0.029936855228808498,11288123.118,64.96834694586961
14546.0,5184.84,11,0.02984114192036779,11293307.958,64.99818808778997
12510.0,5178.02,9,0.02980188967962422,11298485.978,65.0279899774696
17663.0,5175.83,17,0.029789285221086325,11303661.808,65.05777926269069
15796.0,5171.63,17,0.02976511228690407,11308833.438000001,65.0875443749776
12625.0,5164.88,4,0.029726262928396863,11313998.318000002,65.117270637906
17157.0,5151.9,19,0.029651557050852644,11319150.218000002,65.14692219495686
16153.0,5133.49,11,0.029545599022687073,11324283.708000002,65.17646779397954
16308.0,5120.0,7,0.029467957860277866,11329403.708000002,65.20593575183982
12708.0,5117.66,18,0.029454490082662037,11334521.368000003,65.23539024192249
14713.0,5115.76,21,0.02944355470767483,11339637.128000002,65.26483379663016
15443.0,5114.23,14,0.029434748853079853,11344751.358000003,65.29426854548323
12483.0,5097.18,19,0.029336618251220928,11349848.538000003,65.32360516373446
12594.0,5090.110000000001,15,0.02929592714534746,11354938.648000002,65.3529010908798
17861.0,5088.29,18,0.02928545220720181,11360026.938000001,65.382186543087
14493.0,5087.860000000001,10,0.029282977359178394,11365114.798,65.41146952044618
15367.0,5081.33,11,0.029245394201985495,11370196.128,65.44071491464815
12432.0,5059.32,5,0.029118716515949414,11375255.448,65.46983363116411
17469.0,5051.25,17,0.029072269949556362,11380306.698,65.49890590111367
13634.0,5033.7699999999995,16,0.028971664499674,11385340.468,65.52787756561334
16931.0,5032.22,23,0.028962743535868654,11390372.688000001,65.55684030914921
12759.0,5020.74,8,0.028896670849103807,11395393.428000001,65.58573697999832
12444.0,5005.46,5,0.02880872741236454,11400398.888000002,65.61454570741068
17084.0,5001.21,3,0.028784266705156304,11405400.098000003,65.64332997411584
17346.0,4998.61,26,0.028769302507805378,11410398.708000002,65.67209927662365
15898.0,4996.45,25,0.028756870713083076,11415395.158000002,65.70085614733672
14209.0,4993.27,15,0.028738568348630793,11420388.428000001,65.72959471568535
14639.0,4978.96,9,0.028656207708595526,11425367.388000002,65.75825092339396
13198.0,4974.23,8,0.028628984380337886,11430341.618000003,65.78687990777429
12600.0,4967.42,21,0.028589789694199508,11435309.038000003,65.8154696974685
12562.0,4966.92,9,0.028586911963939712,11440275.958000002,65.84405660943243
17758.0,4964.03,12,0.02857027868303811,11445239.988000002,65.87262688811548
17802.0,4946.22,10,0.028467773931184298,11450186.208000002,65.90109466204666
12700.0,4939.99,4,0.028431917412147276,11455126.198000003,65.92952657945881
12347.0,4921.53,8,0.028325671610955724,11460047.728000002,65.95785225106977
14970.0,4919.35,12,0.028313124707023032,11464967.078000002,65.98616537577678
16919.0,4909.66,24,0.028257354294588248,11469876.738000002,66.01442273007136
17314.0,4904.43,17,0.028227253236070816,11474781.168000001,66.04264998330743
18144.0,4892.95,19,0.028161180549305977,11479674.118,66.07081116385673
15332.0,4892.68,6,0.028159626574965686,11484566.798,66.0989707904317
16986.0,4888.75,11,0.028137007615123714,11489455.548,66.12710779804682
13021.0,4887.24,17,0.028128316869739142,11494342.788,66.15523611491658
13659.0,4884.68,12,0.028113582890809,11499227.468,66.18334969780737
16686.0,4881.07,16,0.028092805678333298,11504108.538,66.21144250348571
15379.0,4877.84,8,0.02807421554085504,11508986.378,66.23951671902655
14107.0,4877.3,11,0.028071107592174464,11513863.678000001,66.26758782661875
12688.0,4873.81,1,0.02805102103496111,11518737.488000002,66.2956388476537
17213.0,4869.400000000001,13,0.028025639454069735,11523606.888000002,66.32366448710778
17449.0,4868.15,13,0.02801844512842025,11528475.038000003,66.3516829322362
17652.0,4867.72,12,0.028015970280396832,11533342.758000003,66.37969890251661
14081.0,4867.57,10,0.028015106961318894,11538210.328000003,66.40771400947793
17059.0,4864.57,9,0.027997840579760135,11543074.898000004,66.43571185005769
13495.0,4863.31,10,0.02799058869950546,11547938.208000004,66.4637024387572
13044.0,4848.05,11,0.027902760371976587,11552786.258000005,66.49160519912918
13562.0,4838.18,8,0.027845953976648276,11557624.438000005,66.51945115310582
17567.0,4838.08,9,0.02784537843059632,11562462.518000005,66.54729653153642
12449.0,4835.89,6,0.027832773972058425,11567298.408000005,66.57512930550847
14191.0,4817.66,15,0.027727851926786378,11572116.068000006,66.60285715743527
13875.0,4814.37,14,0.027708916461676943,11576930.438000005,66.63056607389693
15485.0,4810.92,7,0.027689060122884374,11581741.358000005,66.65825513401981
13329.0,4808.77,8,0.02767668588276727,11586550.128000004,66.68593181990259
15529.0,4783.66,12,0.027532166269120473,11591333.788000004,66.7134639861717
15187.0,4777.18,16,0.02749487088495356,11596110.968000004,66.74095885705667
17519.0,4774.17,15,0.027477546948789604,11600885.138000004,66.76843640400546
13988.0,4757.799999999999,8,0.027383330060083987,11605642.938000005,66.79581973406555
12955.0,4757.16,11,0.027379646565351454,11610400.098000005,66.8231993806309
17829.0,4756.74,5,0.027377229271933232,11615156.838000005,66.85057660990282
14825.0,4735.08,24,0.027252565997079006,11619891.918000005,66.8778291758999
17082.0,4732.030000000001,6,0.027235011842494272,11624623.948000005,66.9050641877424
16326.0,4721.25,24,0.027172967978093137,11629345.198000005,66.93223715572049
12395.0,4721.17,15,0.027172507541251577,11634066.368000004,66.95940966326174
14235.0,4717.990000000001,9,0.027154205176799295,11638784.358000005,66.98656386843854
13958.0,4709.23,8,0.02710378734264772,11643493.588000005,67.01366765578118
16905.0,4706.7699999999995,17,0.02708962890976954,11648200.358000005,67.04075728469095
12589.0,4695.66,8,0.027025685743396945,11652896.018000005,67.06778297043435
15410.0,4685.72,10,0.026968476465832267,11657581.738000005,67.09475144690019
16904.0,4675.36,21,0.02690884989484936,11662257.098000005,67.12166029679504
13971.0,4667.57,14,0.02686401485740179,11666924.668000005,67.14852431165244
15123.0,4656.17,5,0.026798402607478514,11671580.838000005,67.17532271425992
15484.0,4652.1,6,0.026774977883163804,11676232.938000005,67.20209769214308
17050.0,4648.59,11,0.026754776216740057,11680881.528000005,67.22885246835982
12578.0,4642.45,4,0.0267194376891498,11685523.978000004,67.25557190604896
13124.0,4641.66,4,0.026714890875339327,11690165.638000004,67.28228679692431
17402.0,4635.5599999999995,23,0.026679782566169857,11694801.198000005,67.30896657949049
18097.0,4627.92,11,0.026635810847800225,11699429.118000004,67.33560239033828
17400.0,4623.28,8,0.026609105510989346,11704052.398000004,67.36221149584927
17442.0,4620.3,15,0.02659195423864098,11708672.698000005,67.3888034500879
12782.0,4618.24,11,0.026580097989970637,11713290.938000005,67.41538354807788
14441.0,4611.69,11,0.026542399723567346,11717902.628000004,67.44192594780144
15245.0,4610.84,8,0.026537507582125704,11722513.468000004,67.46846345538357
12553.0,4608.75,12,0.02652547866963977,11727122.218000004,67.49498893405321
13851.0,4606.46,8,0.026512298665049915,11731728.678000005,67.52150123271826
18257.0,4600.15,12,0.02647598170917133,11736328.828000005,67.54797721442743
17188.0,4592.93,13,0.026434427284219925,11740921.758000005,67.57441164171165
17508.0,4579.2300000000005,8,0.026355577475101605,11745500.988000005,67.60076721918676
15416.0,4572.82,7,0.02631868497317106,11750073.808000006,67.62708590415994
13510.0,4558.29,11,0.026235058131821483,11754632.098000005,67.65332096229176
15365.0,4557.13,13,0.026228381797618765,11759189.228000006,67.67954934408937
16143.0,4555.08,12,0.026216583103553615,11763744.308000006,67.70576592719293
14032.0,4546.41,16,0.02616668326084881,11768290.718000006,67.73193261045377
17613.0,4544.55,14,0.02615597810428238,11772835.268000007,67.75808858855807
13527.0,4541.29,12,0.026137215302988532,11777376.558000006,67.78422580386105
13571.0,4537.26,26,0.0261140207970946,11781913.818000006,67.81033982465814
14685.0,4536.64,8,0.026110452411572456,11786450.458000006,67.83645027706972
13523.0,4534.57,6,0.026098538608296914,11790985.028000006,67.86254881567801
12598.0,4534.09,11,0.026095775987247515,11795519.118000006,67.88864459166525
16255.0,4530.0,15,0.026072236153722412,11800049.118000006,67.91471682781898
15271.0,4528.54,24,0.026063833181363814,11804577.658000005,67.94078066100035
14290.0,4516.56,8,0.025994882764339183,11809094.218000006,67.96677554376468
17308.0,4511.76,2,0.02596725655384517,11813605.978000006,67.99274280031852
15764.0,4503.08,8,0.025917299156535165,11818109.058000006,68.01866009947506
14625.0,4497.88,11,0.025887370761833325,11822606.938000007,68.0445474702369
17596.0,4491.46,13,0.025850420705297583,11827098.398000007,68.0703978909422
15122.0,4487.27,11,0.025826305325720524,11831585.668000007,68.09622419626791
14701.0,4487.110000000001,15,0.02582538445203739,11836072.778000006,68.12204958071996
18064.0,4481.83,11,0.025794995620493977,11840554.608000007,68.14784457634046
12916.0,4479.73,7,0.02578290915340284,11845034.338000007,68.17362748549385
12627.0,4478.53,7,0.025776002600779342,11849512.868000006,68.19940348809463
13491.0,4467.66,27,0.025713440744931447,11853980.528000006,68.22511692883957
14648.0,4466.65,15,0.025707627729806663,11858447.178000007,68.25082455656937
18069.0,4464.92,11,0.025697670783107782,11862912.098000007,68.27652222735247
16912.0,4460.51,15,0.02567228920221641,11867372.608000007,68.30219451655469
15240.0,4459.9800000000005,12,0.02566923880814103,11871832.588000007,68.32786375536284
17220.0,4457.31,21,0.02565387172855374,11876289.898000007,68.35351762709139
18093.0,4452.71,8,0.025627396610163646,11880742.608000008,68.37914502370155
14341.0,4452.02,18,0.02562342534240513,11885194.628000008,68.40476844904396
17754.0,4451.22,13,0.025618820973989462,11889645.848000009,68.43038727001796
13435.0,4447.33,9,0.025596432232568276,11894093.178000009,68.45598370225053
12349.0,4428.6900000000005,4,0.025489150448483204,11898521.868000008,68.48147285269901
15845.0,4426.28,11,0.025475279788630997,11902948.148000007,68.50694813248764
17138.0,4417.27,7,0.025423423089349535,11907365.418000007,68.53237155557699
16626.0,4413.1,17,0.025399422818982866,11911778.518000007,68.55777097839596
16563.0,4412.56,6,0.025396314870302288,11916191.078000007,68.58316729326627
14211.0,4402.29,18,0.02533720629076614,11920593.368000006,68.60850449955703
15203.0,4400.18,15,0.025325062269069817,11924993.548000006,68.6338295618261
13505.0,4393.63,4,0.025287364002666533,11929387.178000007,68.65911692582877
16732.0,4387.64,4,0.025252888794154216,11933774.818000007,68.68436981462293
18272.0,4385.98,9,0.025243334729691702,11938160.798000008,68.70961314935262
14514.0,4380.04,9,0.025209147294205366,11942540.838000007,68.73482229664683
16118.0,4376.25,1,0.025187334098836136,11946917.088000007,68.76000963074566
15861.0,4369.2,12,0.025146758102173056,11951286.288000006,68.78515638884782
13297.0,4368.62,7,0.025143419935071694,11955654.908000005,68.81029980878289
12752.0,4366.78,1,0.025132829887715657,11960021.688000005,68.8354326386706
12917.0,4359.2,6,0.0250892034969772,11964380.888000004,68.86052184216757
12523.0,4352.35,23,0.02504977859241804,11968733.238000004,68.88557162075999
16283.0,4350.32,8,0.025038095007563283,11973083.558000004,68.91060971576756
17372.0,4347.31,28,0.02502077107139933,11977430.868000004,68.93563048683896
12408.0,4340.77,8,0.024983130359601244,11981771.638000004,68.96061361719856
15633.0,4335.96,13,0.024955446594502034,11986107.598000005,68.98556906379306
14334.0,4318.4800000000005,12,0.024854841144619683,11990426.078000005,69.0104239049377
12370.0,4316.5599999999995,7,0.024843790660422076,11994742.638000006,69.03526769559811
17191.0,4310.34,15,0.024807991695990253,11999052.978000006,69.0600756872941
14482.0,4306.72,12,0.024787156928909357,12003359.698000006,69.08486284422301
12928.0,4304.89,12,0.024776624436158513,12007664.588000007,69.10963946865918
14854.0,4303.0599999999995,11,0.02476609194340767,12011967.648000007,69.13440556060259
17937.0,4301.22,7,0.02475550189605164,12016268.868000008,69.15916106249864
13880.0,4293.86,17,0.024713141706627483,12020562.728000008,69.18387420420527
16858.0,4292.59,10,0.024705832271767612,12024855.318000007,69.20858003647704
16125.0,4292.35,14,0.02470445096124291,12029147.668000007,69.23328448743827
18230.0,4291.06,9,0.024697026417172648,12033438.728000008,69.25798151385546
14307.0,4287.92,10,0.024678954271141147,12037726.648000007,69.2826604681266
16293.0,4279.200000000001,15,0.024628766655410368,12042005.848000007,69.307289234782
16081.0,4278.96,8,0.02462738534488566,12046284.808000008,69.33191662012689
17930.0,4275.22,13,0.02460585992254241,12050560.028000008,69.35652248004943
14466.0,4267.15,13,0.024559413356149355,12054827.178000009,69.38108189340558
14239.0,4263.17,21,0.024536506623281405,12059090.348000009,69.40561840002887
12360.0,4252.889999999999,8,0.024477340489140062,12063343.23800001,69.43009574051801
16571.0,4248.74,10,0.02445345532798378,12067591.97800001,69.454549195846
12935.0,4243.86,15,0.024425368680648207,12071835.838000009,69.47897456452664
17728.0,4238.76,5,0.02439601583199832,12076074.598000009,69.50337058035863
13911.0,4234.99,20,0.024374317745839483,12080309.588000009,69.52774489810449
16875.0,4234.53,11,0.024371670234000473,12084544.118000008,69.55211656833848
16712.0,4232.87,13,0.024362116169537963,12088776.988000007,69.57647868450802
14001.0,4228.85,9,0.02433897921824923,12093005.838000007,69.60081766372626
17412.0,4220.22,16,0.02428930959396521,12097226.058000008,69.62510697332023
16743.0,4212.150000000001,14,0.024242863027572156,12101438.208000008,69.6493498363478
15804.0,4206.39,13,0.02420971157497934,12105644.598000009,69.67355954792278
18079.0,4203.93,5,0.02419555314210116,12109848.528000008,69.69775510106489
15518.0,4189.99,15,0.024115322022458134,12114038.518000009,69.72187042308734
17406.0,4186.95,13,0.024097825422478597,12118225.468000008,69.74596824850981
14868.0,4184.01,12,0.024080904368551016,12122409.478000008,69.77004915287837
17738.0,4183.56,13,0.024078314411317202,12126593.038000008,69.79412746728968
18287.0,4182.99,7,0.024075033798821036,12130776.028000008,69.8182025010885
16072.0,4180.09,4,0.02405834296331424,12134956.118000008,69.84226084405182
17673.0,4173.88,13,0.024022601553487614,12139129.998000009,69.86628344560532
18194.0,4162.04,6,0.02395445690093572,12143292.038000008,69.89023790250624
14740.0,4161.06,11,0.02394881654962653,12147453.098000009,69.91418671905588
12653.0,4160.83,3,0.02394749279370702,12151613.928000009,69.93813421184957
13461.0,4160.0,6,0.023942715761475764,12155773.928000009,69.96207692761107
16749.0,4157.88,2,0.023930514185174247,12159931.80800001,69.98600744179623
16209.0,4146.78,9,0.023866628573406844,12164078.588000009,70.00987407036963
15002.0,4138.08,9,0.02381655606688645,12168216.668000009,70.03369062643652
12569.0,4124.6900000000005,32,0.023739490450529206,12172341.358000008,70.05743011688705
15493.0,4121.68,9,0.02372216651436525,12176463.038000008,70.08115228340142
13450.0,4120.04,13,0.023712727559113127,12180583.078000007,70.10486501096052
14408.0,4102.27,11,0.023610453025680097,12184685.348000007,70.1284754639862
16477.0,4094.37,11,0.023564984887575368,12188779.718000006,70.15204044887378
14566.0,4092.0,4,0.02355134444614395,12192871.718000006,70.17559179331991
15050.0,4087.19,5,0.023523660681044747,12196958.908000005,70.19911545400096
12876.0,4081.79,4,0.02349258119423898,12201040.698000005,70.2226080351952
18077.0,4078.79,18,0.023475314812680226,12205119.488000004,70.24608335000786
14878.0,4076.5,25,0.023462134808090375,12209195.988000004,70.26954548481595
14913.0,4073.13,8,0.023442738906139373,12213269.118000004,70.29298822372209
12371.0,4067.38,5,0.023409645008151757,12217336.498000005,70.31639786873026
17682.0,4065.2799999999997,11,0.023397558541060626,12221401.778000005,70.33979542727131
13421.0,4058.75,8,0.02335997538386773,12225460.528000005,70.36315540265518
14025.0,4057.9,8,0.023355083242426085,12229518.428000005,70.38651048589762
17083.0,4049.79,9,0.023308406457612247,12233568.218000004,70.40981889235522
13048.0,4049.13,9,0.02330460785366932,12237617.348000005,70.4331235002089
12840.0,4041.9700000000003,7,0.02326339875634909,12241659.318000006,70.45638689896523
15680.0,4028.6900000000005,10,0.023186966240648997,12245688.008000005,70.4795738652059
14824.0,4022.9100000000003,10,0.02315369967884579,12249710.918000005,70.50272756488474
12726.0,4014.6,11,0.02310587180192803,12253725.518000005,70.52583343668665
15782.0,4014.1,4,0.02310299407166824,12257739.618000004,70.54893643075832
12721.0,4013.08,8,0.023097123501938262,12261752.698000005,70.57203355426027
16098.0,4010.7,14,0.023083425505901645,12265763.398000004,70.59511697976617
13895.0,4008.52,6,0.02307087860196895,12269771.918000003,70.61818785836813
16841.0,4006.06,12,0.02305672016909077,12273777.978000004,70.64124457853723
16150.0,4002.17,10,0.023034331427669585,12277780.148000004,70.66427890996489
17618.0,4001.64,11,0.0230312810335942,12281781.788000004,70.68731019099849
17307.0,3999.8900000000003,11,0.02302120897768493,12285781.678000005,70.71033139997618
16455.0,3995.5699999999997,11,0.022996345388240316,12289777.248000005,70.73332774536442
16241.0,3992.86,16,0.022980748090232244,12293770.108000005,70.75630849345465
15665.0,3987.0699999999997,5,0.02294742397382384,12297757.178000005,70.77925591742847
14547.0,3974.75,8,0.02287651670022255,12301731.928000005,70.8021324341287
16218.0,3968.67,13,0.02284152350026347,12305700.598000005,70.82497395762897
14047.0,3968.11,14,0.022838300442372502,12309668.708000004,70.84781225807133
15572.0,3965.2,10,0.022821552052260507,12313633.908000004,70.87063381012358
14817.0,3959.86,7,0.022790817893085923,12317593.768000003,70.89342462801666
13542.0,3959.4900000000002,17,0.022788688372693676,12321553.258000003,70.91621331638936
16791.0,3957.63,15,0.022777983216127246,12325510.888000004,70.93899129960549
13982.0,3954.29,9,0.02275875997799183,12329465.178000003,70.96175005958348
17667.0,3950.7,9,0.022738097874726516,12333415.878000002,70.9844881574582
16771.0,3949.6,10,0.022731766868154972,12337365.478000002,71.00721992432636
18259.0,3941.9,7,0.022687449822154163,12341307.378000002,71.02990737414852
17526.0,3939.24,12,0.022672140297172065,12345246.618000003,71.0525795144457
15819.0,3934.79,10,0.022646528497859912,12349181.408000002,71.07522604294354
12473.0,3928.05,5,0.022607736693957905,12353109.458000002,71.09783377963751
15051.0,3926.91,9,0.022601175468965576,12357036.368000003,71.12043495510648
14465.0,3925.85,11,0.022595074680814817,12360962.218000002,71.14303002978728
15752.0,3924.91,9,0.022589664547926408,12364887.128000002,71.16561969433522
13037.0,3914.9500000000003,12,0.022532340161151337,12368802.078000002,71.18815203449635
12853.0,3907.5,11,0.02248946198028042,12372709.578000002,71.21064149647664
13995.0,3902.01,14,0.0224578645020279,12376611.588000001,71.23309936097867
12388.0,3901.11,8,0.022452684587560272,12380512.698,71.25555204556622
14498.0,3900.83,10,0.02245107305861479,12384413.528,71.27800311862484
17646.0,3898.79,12,0.022439331919154832,12388312.318,71.30044245054398
16928.0,3897.53,29,0.022432080038900157,12392209.848,71.32287453058288
15571.0,3892.35,14,0.022402266753408704,12396102.197999999,71.34527679733628
17218.0,3891.39,18,0.0223967415113099,12399993.588,71.36767353884761
15708.0,3887.15,9,0.022372338358706858,12403880.738,71.3900458772063
12358.0,3887.07,5,0.02237187792186529,12407767.808,71.41241775512817
15823.0,3882.1700000000005,3,0.022343676165319324,12411649.978,71.43476143129351
13446.0,3881.8900000000003,11,0.022342064636373837,12415531.868,71.45710349592987
15696.0,3881.2200000000003,13,0.022338208477825715,12419413.088000001,71.4794417044077
14655.0,3878.51,7,0.02232261117981764,12423291.598000001,71.50176431558752
15067.0,3862.8799999999997,5,0.022232653331896515,12427154.478000002,71.52399696891942
15195.0,3861.0,1,0.022221833066119696,12431015.478000002,71.54621880198555
18073.0,3859.82,12,0.022215041622706586,12434875.298000002,71.56843384360825
14565.0,3859.2200000000003,5,0.022211588346394834,12438734.518000003,71.59064543195464
16440.0,3856.9700000000003,6,0.022198638560225768,12442591.488000004,71.61284407051488
16057.0,3854.8500000000004,10,0.022186436983924245,12446446.338000003,71.6350305074988
13213.0,3851.5200000000004,11,0.022167271300394028,12450297.858000003,71.6571977787992
16341.0,3850.79,7,0.022163069814214727,12454148.648000002,71.6793608486134
14532.0,3845.78,11,0.022134234957011605,12457994.428000001,71.7014950835704
13481.0,3830.84,11,0.022048248376849,12461825.268000001,71.72354333194725
17287.0,3826.86,21,0.022025341643981046,12465652.128,71.74556867359124
12597.0,3811.22,4,0.021935326241454726,12469463.348000001,71.7675039998327
13357.0,3805.51,5,0.0219024625618879,12473268.858000001,71.78940646239458
15421.0,3805.34,10,0.021901484133599568,12477074.198,71.81130794652817
17954.0,3804.38,19,0.021895958891500766,12480878.578000002,71.83320390541968
16636.0,3802.04,4,0.021882491113884933,12484680.618,71.85508639653357
16128.0,3801.05,11,0.021876793207970542,12488481.668000001,71.87696318974155
17071.0,3793.71,13,0.021834548127756787,12492275.378000002,71.8987977378693
12619.0,3781.38,10,0.021763583299550297,12496056.758000003,71.92056132116885
14309.0,3780.81,11,0.02176030268705413,12499837.568000004,71.9423216238559
13126.0,3774.81,13,0.02172576992393662,12503612.378000004,71.96404739377985
17211.0,3773.35,13,0.021717366951578027,12507385.728000004,71.98576476073143
16466.0,3767.09,15,0.02168133776872542,12511152.818000004,72.00744609850015
17173.0,3766.6000000000004,8,0.021678517593070826,12514919.418000003,72.02912461609323
15834.0,3764.39,7,0.02166579802532254,12518683.808000004,72.05079041411855
12670.0,3760.29,7,0.021642200637192237,12522444.098000003,72.07243261475573
12530.0,3759.26,9,0.021636272512857067,12526203.358000003,72.09406888726859
17553.0,3757.6,4,0.021626718448394554,12529960.958000002,72.11569560571698
17293.0,3750.63,17,0.02158660288857304,12533711.588000003,72.13728220860555
12623.0,3747.84,7,0.0215705451537234,12537459.428000003,72.15885275375928
15370.0,3739.01,8,0.02151972443733546,12541198.438000003,72.18037247819662
15532.0,3738.8500000000004,10,0.021518803563652326,12544937.288000003,72.20189128176027
15704.0,3734.6600000000003,6,0.021494688184075263,12548671.948000003,72.22338596994435
14515.0,3724.06,12,0.021433680302567655,12552396.008000003,72.24481965024691
12502.0,3723.87,5,0.021432586765068932,12556119.878000002,72.26625223701197
16240.0,3718.8,2,0.021403406580234638,12559838.678000003,72.28765564359222
14364.0,3717.35,8,0.021395061162481233,12563556.028000003,72.3090507047547
15288.0,3715.38,10,0.021383722905257654,12567271.408000004,72.33043442765997
12737.0,3710.5,2,0.021355636257922073,12570981.908000004,72.35179006391789
14540.0,3709.6400000000003,11,0.02135068656187523,12574691.548000004,72.37314075047976
14776.0,3708.2999999999997,15,0.021342974244778986,12578399.848000005,72.39448372472455
15255.0,3706.02,9,0.02132985179479433,12582105.868000004,72.41581357651934
15494.0,3702.6,5,0.021310168119817348,12585808.468000004,72.43712374463915
16772.0,3698.05,3,0.021283980774453235,12589506.518000005,72.45840772541361
17096.0,3697.93,11,0.021283290119190883,12593204.448000005,72.4796910155328
16094.0,3695.56,11,0.021269649677759465,12596900.008000005,72.50096066521056
12857.0,3688.0,6,0.0212261383962314,12600588.008000005,72.52218680360679
12468.0,3670.74,5,0.021126799147663352,12604258.748000005,72.54331360275445
14593.0,3665.5299999999997,12,0.021096813198356313,12607924.278000005,72.5644104159528
14744.0,3660.08,14,0.021065445938524573,12611584.358000005,72.58547586189134
14857.0,3651.851,7,0.021018084253908904,12615236.209000004,72.60649394614525
14649.0,3651.19,9,0.02101427989450546,12618887.399000004,72.62750822603974
14640.0,3649.36,10,0.021003747401754615,12622536.759000003,72.6485119734415
13632.0,3645.81,8,0.02098331551691009,12626182.569000004,72.6694952889584
17063.0,3638.53,13,0.020941415764327505,12629821.099000003,72.69043670472273
14770.0,3637.6400000000003,8,0.020936293404465074,12633458.739000004,72.7113729981272
16748.0,3637.33,14,0.020934509211704002,12637096.069000004,72.7323075073389
16053.0,3634.84,6,0.020920178115010235,12640730.909000004,72.75322768545391
17528.0,3628.5,8,0.02088368849531606,12644359.409000004,72.77411137394924
16444.0,3625.88,17,0.020868609188754748,12647985.289000005,72.79497998313799
15079.0,3625.4,11,0.02086584656770535,12651610.689000005,72.8158458297057
13305.0,3616.41,16,0.020814104977634272,12655227.099000005,72.83665993468334
16503.0,3614.34,11,0.020802191174358733,12658841.439000005,72.85746212585768
15505.0,3610.96,5,0.020782737717802532,12662452.399000006,72.8782448635755
15791.0,3608.34,5,0.02076765841124122,12666060.739000006,72.89901252198673
18242.0,3605.21,8,0.020749643819814916,12669665.949000007,72.91976216580656
15827.0,3603.14,28,0.020737730016539373,12673269.089000007,72.9404998958231
17019.0,3602.29,11,0.020732837875097724,12676871.379000006,72.96123273369818
13750.0,3602.18,11,0.02073220477444057,12680473.559000006,72.98196493847263
16325.0,3597.5,12,0.020705269219208913,12684071.059000006,73.00267020769185
17422.0,3594.76,11,0.02068949925738525,12687665.819000006,73.02335970694922
14653.0,3593.06,12,0.020679714974501953,12691258.879000006,73.04403942192373
17659.0,3586.99,14,0.020644779329148065,12694845.869000006,73.06468420125289
14132.0,3586.03,11,0.020639254087049266,12698431.899000006,73.08532345533992
15569.0,3583.4500000000003,10,0.020624404998908736,12702015.349000005,73.10594786033883
17679.0,3577.61,7,0.020590793109474356,12705592.959000004,73.1265386534483
17311.0,3566.56,6,0.020527195270732934,12709159.519000005,73.14706584871904
15024.0,3559.39,16,0.020485928618807506,12712718.909000006,73.16755177733785
17848.0,3559.11,30,0.020484317089862022,12716278.019000005,73.18803609442772
14737.0,3554.17,4,0.02045588511489527,12719832.189000005,73.2084919795426
15858.0,3552.41,13,0.0204457555043808,12723384.599000005,73.22893773504698
15222.0,3550.91,11,0.02043712231360142,12726935.509000005,73.24937485736058
14882.0,3546.65,14,0.020412604051787988,12730482.159000006,73.26978746141238
14503.0,3543.26,6,0.020393093040626593,12734025.419000005,73.290180554453
16950.0,3541.77,10,0.02038451740445241,12737567.189000005,73.31056507185745
12645.0,3539.3,8,0.020370301416969036,12741106.489000006,73.33093537327441
17722.0,3520.2200000000003,5,0.020260487230255343,12744626.709000006,73.35119586050467
16395.0,3518.41,14,0.02025006984671489,12748145.119000006,73.3714459303514
16336.0,3517.6899999999996,4,0.020245925915140787,12751662.809000006,73.39169185626653
16719.0,3513.62,14,0.020222501190826078,12755176.429000005,73.41191435745735
15113.0,3509.4300000000003,3,0.02019838581124902,12758685.859000005,73.4321127432686
18044.0,3505.61,18,0.0201763999520642,12762191.469000004,73.45228914322067
14934.0,3503.5,5,0.020164255930367872,12765694.969000004,73.47245339915104
13929.0,3494.1,11,0.020110154601483767,12769189.069000004,73.4925635537525
15059.0,3491.2,19,0.020093463765976968,12772680.269000003,73.51265701751849
16983.0,3490.53,11,0.02008960760742885,12776170.799000002,73.53274662512591
13577.0,3489.28,11,0.020082413281779368,12779660.079000002,73.55282903840768
15811.0,3486.15,7,0.020064398690353064,12783146.229000002,73.57289343709805
15306.0,3484.73,9,0.02005622593641525,12786630.959000003,73.59294966303446
17597.0,3484.09,5,0.020052542441682718,12790115.049000002,73.61300220547614
12631.0,3481.57,6,0.020038038681173362,12793596.619000003,73.63304024415733
15712.0,3472.4100000000003,12,0.01998531866281396,12797069.029000003,73.65302556282013
13849.0,3469.3,5,0.01996741918059805,12800538.329000004,73.67299298200074
14533.0,3466.37,11,0.019950555681275663,12804004.699000003,73.69294353768201
14837.0,3460.32,9,0.01991573514513217,12807465.019000003,73.71285927282713
16360.0,3450.41,6,0.019858698531383077,12810915.429000003,73.73271797135853
13313.0,3445.32,12,0.019829403237338387,12814360.749000004,73.75254737459586
13536.0,3444.3900000000003,7,0.019824050659055174,12817805.139000004,73.77237142525492
16347.0,3442.96,11,0.019815820350512166,12821248.099000005,73.79218724560545
15974.0,3442.15,7,0.0198111584274913,12824690.249000005,73.81199840403293
16208.0,3440.45,10,0.019801374144608006,12828130.699000005,73.83179977817754
15953.0,3440.34,18,0.01980074104395085,12831571.039000005,73.85160051922148
17725.0,3439.08,11,0.019793489163696172,12835010.119000005,73.87139400838518
12609.0,3435.86,9,0.019774956580823108,12838445.979000004,73.891168964966
15676.0,3435.76,3,0.01977438103477115,12841881.739000004,73.91094334600076
18168.0,3435.5,16,0.019772884615036058,12845317.239000004,73.93071623061581
16045.0,3434.9300000000003,8,0.019769604002539895,12848752.169000003,73.95048583461835
15351.0,3430.2200000000003,10,0.019742495783492648,12852182.389000004,73.97022833040184
17913.0,3429.29,14,0.01973714320520943,12855611.679000003,73.98996547360704
14409.0,3427.29,9,0.01972563228417026,12859038.969000002,74.00969110589122
12377.0,3426.32,4,0.01972004948746626,12862465.289000003,74.02941115537868
17876.0,3424.02,3,0.019706811928271215,12865889.309000002,74.04911796730696
16281.0,3424.02,3,0.019706811928271215,12869313.329000002,74.06882477923521
13437.0,3408.06,7,0.01961495477837863,12872721.389000002,74.0884397340136
13823.0,3403.45,7,0.01958842210538334,12876124.839000002,74.10802815611898
17931.0,3402.2400000000002,14,0.019581457998154642,12879527.079000002,74.12760961411713
15114.0,3400.12,12,0.019569256421853122,12882927.199000001,74.147178870539
16271.0,3397.82,10,0.019556018862658075,12886325.019000001,74.16673488940164
13425.0,3390.4300000000003,5,0.019513486009418338,12889715.449000001,74.18624837541105
15058.0,3387.58,16,0.019497082946937517,12893103.029000001,74.205745458358
13979.0,3379.93,7,0.01945305367396269,12896482.959,74.22519851203195
17723.0,3378.4000000000005,7,0.019444247819367728,12899861.359000001,74.24464275985133
13135.0,3371.45,2,0.019404247368756605,12903232.809,74.26404700722009
14898.0,3365.95,14,0.019372592335898883,12906598.759,74.28341959955598
13707.0,3365.8599999999997,5,0.01937207434445212,12909964.618999999,74.30279167390043
13285.0,3364.59,6,0.01936476490959225,12913329.208999999,74.32215643881001
15538.0,3358.4,6,0.01932913860897601,12916687.609,74.341485577419
14608.0,3352.94,11,0.019297713794539074,12920040.548999999,74.36078329121352
18219.0,3352.7,17,0.019296332484014373,12923393.248999998,74.38007962369754
13246.0,3351.75,11,0.019290864796520767,12926744.998999998,74.39937048849407
16818.0,3349.57,11,0.019278317892588073,12930094.568999998,74.41864880638666
17183.0,3347.31,6,0.01926531055181381,12933441.878999999,74.43791411693846
15265.0,3345.64,4,0.0192556989327461,12936787.519,74.45716981587121
12424.0,3340.0299999999997,4,0.019223410799231226,12940127.548999999,74.47639322667044
16351.0,3330.03,13,0.019165856194035373,12943457.578999998,74.49555908286447
15065.0,3326.86,5,0.019147611384188287,12946784.438999997,74.51470669424866
12865.0,3323.4700000000003,4,0.019128100373026893,12950107.908999998,74.53383479462168
13431.0,3316.2400000000002,8,0.01908648839347029,12953424.148999998,74.55292128301517
13824.0,3314.76,12,0.019077970311901303,12956738.908999998,74.57199925332706
13131.0,3313.77,7,0.019072272405986912,12960052.678999998,74.59107152573304
14217.0,3298.59,23,0.018984904515299605,12963351.268999998,74.61005643024835
13611.0,3297.9300000000003,10,0.01898110591135668,12966649.198999997,74.6290375361597
13031.0,3292.84,5,0.018951810617311986,12969942.038999997,74.64798934677701
17768.0,3292.73,7,0.01895117751665483,12973234.768999998,74.66694052429366
16539.0,3289.66,10,0.018933508252859704,12976524.428999998,74.68587403254652
13650.0,3288.0,10,0.018923954188397193,12979812.428999998,74.70479798673493
15632.0,3285.31,8,0.018908471999599507,12983097.738999998,74.72370645873453
14285.0,3284.42,8,0.018903349639737076,12986382.158999998,74.74260980837427
12872.0,3283.96,12,0.01890070212789807,12989666.118999999,74.76151051050218
18188.0,3280.59,6,0.018881306225947064,12992946.708999999,74.78039181672813
15978.0,3279.42,3,0.01887457233713915,12996226.128999999,74.79926638906525
17774.0,3273.83,9,0.018842399312834667,12999499.958999999,74.81810878837808
13291.0,3270.79,11,0.018824902712855127,13002770.748999998,74.83693369109093
16067.0,3269.11,3,0.018815233539182224,13006039.858999997,74.85574892463012
13214.0,3264.23,7,0.018787146891846643,13009304.088999998,74.87453607152197
14064.0,3260.2400000000002,15,0.0187641826043735,13012564.328999998,74.89330025412634
14451.0,3258.68,12,0.018755204085962943,13015823.008999998,74.91205545821231
17924.0,3257.7000000000003,8,0.018749563734653755,13019080.708999997,74.93080502194695
15057.0,3255.96,5,0.018739549233349674,13022336.668999998,74.9495445711803
14215.0,3250.33,9,0.018707145990624407,13025586.998999998,74.96825171717093
15380.0,3248.96,11,0.018699261009712573,13028835.958999999,74.98695097818066
12770.0,3246.45,2,0.018684814803808413,13032082.408999998,75.00563579298446
16612.0,3245.4300000000003,9,0.01867894423407844,13035327.838999998,75.02431473721853
15140.0,3243.69,8,0.01866892973277436,13038571.528999997,75.0429836669513
17353.0,3242.0,4,0.018659203004496257,13041813.528999997,75.0616428699558
15356.0,3239.57,13,0.018645217235433668,13045053.098999998,75.08028808719124
15625.0,3236.4,9,0.018626972425586582,13048289.498999998,75.09891505961683
12963.0,3235.79,12,0.01862346159466963,13051525.288999997,75.11753852121149
16101.0,3229.16,4,0.01858530289142478,13054754.448999997,75.13612382410292
14669.0,3216.7799999999997,7,0.018514050290192312,13057971.228999997,75.1546378743931
14507.0,3216.74,11,0.018513820071771526,13061187.968999997,75.17315169446488
12951.0,3213.7200000000003,15,0.018496438581002382,13064401.688999997,75.19164813304589
16918.0,3206.54,16,0.018455114374471754,13067608.228999997,75.21010324742035
16107.0,3204.1600000000003,7,0.018441416378435143,13070812.388999997,75.22854466379879
17147.0,3199.95,9,0.018417185889647688,13074012.338999996,75.24696184968843
14315.0,3197.8199999999997,8,0.018404926758740968,13077210.158999996,75.26536677644717
15027.0,3195.6000000000004,10,0.01839214963638749,13080405.758999996,75.28375892608355
13868.0,3192.54,2,0.018374537927197558,13083598.298999995,75.30213346401075
13397.0,3191.87,10,0.018370681768649436,13086790.168999994,75.32050414577938
12456.0,3181.04,3,0.018308350131222326,13089971.208999993,75.33881249591062
16515.0,3179.06,10,0.018296954319393544,13093150.268999994,75.35710945023001
17621.0,3175.12,6,0.01827427780494638,13096325.388999993,75.37538372803495
13268.0,3174.75,11,0.018272148284554132,13099500.138999993,75.3936558763195
16837.0,3170.98,11,0.018250450198395295,13102671.118999993,75.4119063265179
17640.0,3168.9399999999996,6,0.018238709058935338,13105840.058999993,75.43014503557683
16365.0,3167.34,15,0.018229500322104006,13109007.398999993,75.44837453589894
16041.0,3166.4,3,0.018224090189215593,13112173.798999993,75.46659862608816
13804.0,3161.12,9,0.018193701357672183,13115334.918999992,75.48479232744582
12976.0,3156.38,8,0.018166420474809347,13118491.298999993,75.50295874792063
16584.0,3156.17,5,0.018165211828100235,13121647.468999993,75.52112395974873
14306.0,3151.4,6,0.018137758281421813,13124798.868999993,75.53926171803016
15614.0,3147.36,4,0.018114506220922685,13127946.228999993,75.55737622425109
15916.0,3145.24,13,0.01810230464462116,13131091.468999993,75.5754785288957
17702.0,3144.04,6,0.018095398091997658,13134235.508999992,75.59357392698769
15095.0,3141.64,10,0.018081584986750655,13137377.148999993,75.61165551197445
14897.0,3140.54,8,0.01807525398017911,13140517.688999992,75.62973076595462
15602.0,3137.96,16,0.01806040489203858,13143655.648999993,75.64779117084667
17354.0,3133.96,4,0.018037383049960238,13146789.608999994,75.66582855389663
13786.0,3127.9900000000002,6,0.018003022950658313,13149917.598999994,75.6838315768473
14963.0,3123.5699999999997,12,0.017977583815161746,13153041.168999994,75.70180916066245
15199.0,3122.4,10,0.01797084992635383,13156163.568999995,75.7197800105888
17145.0,3120.91,4,0.017962274290179648,13159284.478999995,75.73774228487899
13685.0,3119.44,7,0.017953813763215858,13162403.918999994,75.7556960986422
13052.0,3119.33,7,0.0179531806625587,13165523.248999994,75.77364927930475
13692.0,3114.4,5,0.017924806242197146,13168637.648999995,75.79157408554697
14978.0,3112.19,10,0.017912086674448862,13171749.838999994,75.80948617222141
15983.0,3110.37,8,0.017901611736303214,13174860.208999993,75.8273877839577
16678.0,3109.9900000000002,12,0.017899424661305775,13177970.198999994,75.84528720861901
13742.0,3107.87,12,0.01788722308500425,13181078.068999993,75.86317443170401
12909.0,3103.19,8,0.017860287529772593,13184181.258999992,75.88103471923378
13538.0,3103.13,12,0.01785994220214142,13187284.388999993,75.89889466143592
15031.0,3102.94,14,0.017858848664642695,13190387.328999992,75.91675351010056
15491.0,3100.09,6,0.017842445602161878,13193487.418999992,75.93459595570273
13772.0,3100.02,8,0.017842042719925507,13196587.438999992,75.95243799842265
16933.0,3099.3,9,0.017837898788351406,13199686.738999993,75.97027589721101
13464.0,3097.64,6,0.01782834472388889,13202784.378999993,75.98810424193489
12937.0,3097.61,9,0.017828172060073304,13205881.988999993,76.00593241399497
15105.0,3094.91,9,0.01781263231667042,13208976.898999993,76.02374504631165
14312.0,3090.29,11,0.017786042089069937,13212067.188999992,76.0415310884007
15373.0,3084.54,17,0.017752948191082325,13215151.728999991,76.05928403659178
12511.0,3084.02,1,0.017749955351612137,13218235.74899999,76.07703399194338
17929.0,3082.1,12,0.017738904867414532,13221317.84899999,76.09477289681081
17090.0,3080.1800000000003,13,0.01772785438321693,13224398.02899999,76.11250075119402
14044.0,3077.7000000000003,10,0.017713580841128358,13227475.72899999,76.13021433203514
14700.0,3076.06,5,0.017704141885876237,13230551.78899999,76.14791847392101
12469.0,3070.54,2,0.017672371743808125,13233622.328999989,76.16559084566482
13631.0,3070.42,11,0.017671681088545776,13236692.748999989,76.18326252675337
14038.0,3069.88,5,0.0176685731398652,13239762.62899999,76.20093109989324
13196.0,3068.84,7,0.01766258746092483,13242831.46899999,76.21859368735416
16400.0,3059.85,9,0.017610845870853757,13245891.318999989,76.23620453322502
16059.0,3053.57,12,0.01757470157879076,13248944.88899999,76.25377923480382
16007.0,3053.06,7,0.01757176629392577,13251997.94899999,76.27135100109774
15241.0,3050.16,11,0.017555075458418973,13255048.10899999,76.28890607655616
16560.0,3048.38,8,0.01754483073869411,13258096.48899999,76.30645090729486
14916.0,3042.95,8,0.01751357858807276,13261139.43899999,76.32396448588293
12849.0,3042.4700000000003,6,0.01751081596702336,13264181.90899999,76.34147530184995
13647.0,3041.68,8,0.017506269153212888,13267223.58899999,76.35898157100316
15754.0,3037.6099999999997,9,0.01748284442889817,13270261.19899999,76.37646441543205
14673.0,3037.3199999999997,7,0.017481175345347495,13273298.51899999,76.3939455907774
13557.0,3032.26,13,0.017452052715118394,13276330.77899999,76.41139764349253
13485.0,3019.2200000000003,11,0.017377001509942997,13279349.99899999,76.42877464500248
14456.0,3017.2799999999997,9,0.017365835916534997,13282367.27899999,76.446140480919
13848.0,3015.0,8,0.017352713466550346,13285382.27899999,76.46349319438556
12754.0,3010.74,3,0.01732819520473691,13288393.01899999,76.48082138959029
16718.0,3006.08,5,0.017301374758715644,13291399.09899999,76.498122764349
14621.0,3000.57,9,0.017269662171252725,13294399.66899999,76.51539242652025
13635.0,2999.16,4,0.01726154697192011,13297398.82899999,76.53265397349219
15810.0,2999.04,8,0.01726085631665776,13300397.86899999,76.54991482980883
15182.0,2998.952,11,0.017260349836132036,13303396.82099999,76.56717517964496
15611.0,2997.28,26,0.01725072670614329,13306394.100999989,76.5844259063511
14161.0,2996.9300000000003,7,0.017248712294961437,13309391.030999988,76.60167461864606
12457.0,2995.91,8,0.017242841725231457,13312386.940999988,76.61891746037129
14590.0,2993.37,20,0.01722822285551171,13315380.310999988,76.6361456832268
15687.0,2993.1,9,0.017226668881171425,13318373.410999987,76.65337235210798
14344.0,2993.05,20,0.017226381108145443,13321366.460999988,76.67059873321612
15681.0,2989.7,14,0.01720710031540483,13324356.160999987,76.68780583353151
12374.0,2989.2200000000003,4,0.01720433769435543,13327345.380999988,76.70501017122588
18241.0,2986.9900000000002,21,0.017191503017396758,13330332.370999988,76.72220167424328
14226.0,2985.13,6,0.017180797860830325,13333317.500999989,76.73938247210411
17032.0,2984.32,8,0.01717613593780946,13336301.82099999,76.75655860804193
16012.0,2978.59,5,0.017143157149032237,13339280.41099999,76.77370176519096
17655.0,2976.38,9,0.017130437581283953,13342256.79099999,76.79083220277224
12838.0,2975.9100000000003,10,0.01712773251483975,13345232.70099999,76.80795993528709
17692.0,2975.8,12,0.017127099414182594,13348208.50099999,76.82508703470128
12854.0,2970.97,7,0.017099300539872995,13351179.470999992,76.84218633524115
16120.0,2967.51,6,0.01707938664647523,13354146.980999991,76.85926572188762
15967.0,2966.0,12,0.017070695901090654,13357112.980999991,76.87633641778872
14506.0,2960.25,7,0.017037602003103038,13360073.230999991,76.89337401979182
15329.0,2958.83,11,0.017029429249165225,13363032.060999991,76.91040344904098
16416.0,2957.88,9,0.017023961561671623,13365989.940999992,76.92742741060266
13012.0,2957.83,11,0.01702367378864564,13368947.770999992,76.9444510843913
13110.0,2957.4700000000003,12,0.017021601822858595,13371905.240999993,76.96147268621417
16736.0,2956.56,5,0.017016364353785767,13374861.800999993,76.97848905056796
14867.0,2952.06,16,0.016990464781447633,13377813.860999994,76.9954795153494
13253.0,2951.11,4,0.016984997093954027,13380764.970999993,77.01246451244336
12877.0,2942.1400000000003,20,0.016933370613093347,13383707.110999994,77.02939788305645
15757.0,2940.36,6,0.01692312589336848,13386647.470999993,77.04632100894983
17444.0,2940.04,3,0.016921284146002216,13389587.510999992,77.06324229309581
17588.0,2939.55,7,0.01691846397034762,13392527.060999993,77.08016075706617
14544.0,2938.5299999999997,3,0.01691259340061764,13395465.590999993,77.09707335046679
12967.0,2938.5200000000004,3,0.016912535846012447,13398404.110999992,77.1139858863128
12635.0,2930.41,4,0.016865859061198606,13401334.520999992,77.130851745374
15312.0,2930.19,12,0.016864592859884297,13404264.710999992,77.14771633823388
13890.0,2927.38,14,0.01684842001582426,13407192.090999993,77.1645647582497
12906.0,2919.81,5,0.016804851179690997,13410111.900999993,77.1813696094294
16358.0,2919.6500000000005,5,0.01680393030600787,13413031.550999993,77.19817353973541
13764.0,2919.62,6,0.016803757642192278,13415951.170999993,77.2149772973776
15392.0,2911.62,7,0.016757713958035592,13418862.790999992,77.23173501133562
13784.0,2910.23,14,0.01674971386791337,13421773.020999992,77.24848472520354
14524.0,2909.86,13,0.016747584347521126,13424682.880999992,77.26523230955105
12438.0,2906.85,2,0.01673026041135717,13427589.730999991,77.28196256996242
14233.0,2904.27,7,0.01671541132321664,13430494.00099999,77.29867798128562
14293.0,2903.01,9,0.016708159442961966,13433397.01099999,77.31538614072859
16383.0,2896.69,7,0.016671784932478183,13436293.70099999,77.33205792566108
17242.0,2889.2799999999997,5,0.016629136970028054,13439182.98099999,77.34868706263109
13501.0,2885.1099999999997,3,0.01660513669966138,13442068.090999989,77.36529219933075
16633.0,2883.1000000000004,6,0.016593568224017016,13444951.190999988,77.38188576755476
14251.0,2879.7,5,0.016573999658250425,13447830.890999988,77.398459767213
12806.0,2878.96,4,0.016569740617465932,13450709.850999989,77.41502950783048
18170.0,2878.0,9,0.016564215375367126,13453587.850999989,77.43159372320585
14005.0,2874.72,5,0.016545337464862888,13456462.57099999,77.44813906067071
15043.0,2870.3199999999997,6,0.01652001343857671,13459332.89099999,77.46465907410929
16467.0,2869.16,7,0.01651333710437399,13462202.05099999,77.48117241121366
16711.0,2868.48,9,0.016509423391220676,13465070.53099999,77.49768183460489
16229.0,2867.8599999999997,6,0.016505855005698532,13467938.39099999,77.51418768961058
17961.0,2866.7400000000002,100,0.0164994088899166,13470805.13099999,77.53068709850051
14758.0,2864.97,7,0.01648922172479693,13473670.10099999,77.5471763202253
16755.0,2864.6800000000003,7,0.01648755264124625,13476534.78099999,77.56366387286656
16062.0,2863.45,8,0.016480473424807157,13479398.23099999,77.58014434629135
12685.0,2863.08,6,0.016478343904414914,13482261.31099999,77.59662269019576
14875.0,2862.3999999999996,3,0.01647443019126159,13485123.71099999,77.61309712038702
13963.0,2860.57,17,0.016463897698510754,13487984.28099999,77.62956101808554
16979.0,2859.74,9,0.016459120666279498,13490844.02099999,77.64602013875182
15563.0,2859.46,7,0.016457509137334014,13493703.480999991,77.66247764788916
16225.0,2859.31,15,0.016456645818256076,13496562.790999992,77.67893429370743
13728.0,2855.17,16,0.016432818211704992,13499417.960999992,77.69536711191913
12352.0,2849.84,10,0.0164021416071356,13502267.800999992,77.71176925352627
14935.0,2849.83,2,0.016402084052530404,13505117.630999992,77.72817133757879
12676.0,2843.09,11,0.016363292248628397,13507960.720999992,77.74453462982743
16554.0,2841.7200000000003,8,0.016355407267716567,13510802.440999992,77.76089003709514
14711.0,2839.62,11,0.016343320800625435,13513642.060999991,77.77723335789575
14842.0,2824.69,4,0.016257391775068027,13516466.75099999,77.79349074967082
15797.0,2821.08,6,0.01623661456259232,13519287.83099999,77.80972736423341
16775.0,2820.84,16,0.016235233252067622,13522108.67099999,77.82596259748549
17228.0,2820.03,13,0.016230571329046758,13524928.70099999,77.84219316881452
13477.0,2819.17,11,0.016225621632999912,13527747.87099999,77.85841879044753
13032.0,2815.96,9,0.016207146604732044,13530563.83099999,77.87462593705227
17386.0,2812.7700000000004,7,0.01618878668567457,13533376.60099999,77.89081472373793
16871.0,2812.34,6,0.016186311837651145,13536188.94099999,77.90700103557559
13799.0,2803.57,9,0.016135836448894377,13538992.51099999,77.92313687202449
13205.0,2803.2,1,0.01613370692850213,13541795.71099999,77.93927057895299
12826.0,2800.75,12,0.016119606050229145,13544596.46099999,77.95539018500321
16742.0,2799.87,14,0.01611454124497191,13547396.330999989,77.97150472624817
13330.0,2796.1,6,0.016092843158813076,13550192.430999989,77.98759756940699
14903.0,2795.33,5,0.016088411454212994,13552987.760999989,78.0036859808612
14035.0,2794.75,9,0.016085073287111635,13555782.510999989,78.01977105414831
15353.0,2794.47,7,0.016083461758166148,13558576.98099999,78.03585451590648
12863.0,2792.55,6,0.016072411273968547,13561369.53099999,78.05192692718046
17530.0,2791.69,12,0.0160674615779217,13564161.22099999,78.06799438875838
16764.0,2790.9500000000003,13,0.016063202537137212,13566952.170999989,78.0840575912955
17284.0,2788.06,8,0.016046569256235606,13569740.23099999,78.10010416055174
15073.0,2788.02,8,0.016046339037814824,13572528.250999989,78.11615049958955
17552.0,2786.77,12,0.016039144712165342,13575315.020999989,78.13218964430172
13719.0,2783.08,11,0.01601790706284807,13578098.100999989,78.14820755136456
14121.0,2780.15,4,0.016001043563525684,13580878.250999989,78.1642085949281
17790.0,2779.41,20,0.01599678452274119,13583657.66099999,78.18020537945084
14869.0,2778.14,6,0.015989475087881316,13586435.80099999,78.19619485453873
15993.0,2777.67,7,0.015986770021437113,13589213.47099999,78.21218162456016
16104.0,2774.46,9,0.015968294993169242,13591987.93099999,78.22814991955333
17031.0,2773.85,6,0.015964784162252298,13594761.78099999,78.24411470371558
15235.0,2772.76,16,0.01595851071028595,13597534.54099999,78.26007321442587
15965.0,2771.94,13,0.01595379123265989,13600306.48099999,78.27602700565852
13695.0,2770.73,16,0.01594682712543119,13603077.21099999,78.29197383278395
18210.0,2768.83,7,0.015935891750443975,13605846.04099999,78.30790972453441
15817.0,2766.4,3,0.015921905981381386,13608612.44099999,78.32383163051578
13813.0,2765.4700000000003,8,0.015916553403098173,13611377.910999991,78.33974818391889
16407.0,2761.65,14,0.015894567543913354,13614139.560999991,78.35564275146281
17115.0,2761.49,7,0.01589364667023022,13616901.050999992,78.37153639813303
17368.0,2758.29,14,0.015875229196567548,13619659.34099999,78.3874116273296
16335.0,2753.52,7,0.015847775649889123,13622412.86099999,78.40325940297949
17870.0,2753.29,13,0.015846451893969618,13625166.15099999,78.41910585487345
13736.0,2752.4700000000003,7,0.01584173241634356,13627918.62099999,78.4349475872898
17490.0,2750.5,9,0.015830394159119975,13630669.12099999,78.45077798144892
14665.0,2749.65,7,0.01582550201767833,13633418.77099999,78.4666034834666
12982.0,2744.81,8,0.015797645588763534,13636163.58099999,78.48240112905536
12669.0,2744.0299999999997,3,0.015793156329558255,13638907.61099999,78.49819428538491
15841.0,2742.4100000000003,9,0.01578383248351653,13641650.02099999,78.51397811786843
13077.0,2740.65,11,0.01577370287300206,13644390.67099999,78.52975182074144
17241.0,2736.6400000000003,12,0.01575062347631852,13647127.310999991,78.54550244421776
15389.0,2733.8,5,0.0157342779684429,13649861.110999992,78.56123672218621
12986.0,2729.84,10,0.01571148634478534,13652590.950999992,78.576948208531
15596.0,2727.72,9,0.015699284768483816,13655318.670999993,78.59264749329948
12739.0,2726.73,4,0.015693586862569428,13658045.400999993,78.60834108016206
12391.0,2724.84,6,0.015682709042187413,13660770.240999993,78.62402378920424
14404.0,2724.13,13,0.015678622665218505,13663494.370999994,78.63970241186946
16190.0,2723.55,8,0.015675284498117146,13666217.920999995,78.65537769636758
14125.0,2720.63,3,0.015658478553399954,13668938.550999995,78.671036174921
14808.0,2718.6000000000004,8,0.0156467949685452,13671657.150999995,78.68668296988953
15985.0,2715.28,7,0.015627686839620174,13674372.430999994,78.70231065672914
16232.0,2712.97,7,0.01561439172581993,13677085.400999995,78.71792504845497
17884.0,2698.47,20,0.015530937548285939,13679783.870999996,78.73345598600326
16359.0,2697.75,16,0.015526793616711838,13682481.620999996,78.74898277961996
18173.0,2696.36,5,0.015518793526589615,13685177.980999995,78.76450157314656
12820.0,2689.52,11,0.015479426176635652,13687867.500999995,78.7799809993232
16086.0,2687.73,10,0.015469123902305593,13690555.230999995,78.79545012322549
14748.0,2681.9,10,0.01543556956747641,13693237.130999995,78.81088569279298
17388.0,2675.3700000000003,11,0.015397986410283518,13695912.500999995,78.82628367920326
16434.0,2673.69,12,0.015388317236610612,13698586.190999994,78.84167199643987
17720.0,2666.91,10,0.01534929521428782,13701253.100999994,78.85702129165415
18283.0,2664.9,22,0.015337726738643457,13703918.000999995,78.8723590183928
15910.0,2661.17,15,0.015316258870905401,13706579.170999995,78.8876752772637
13473.0,2657.7599999999998,8,0.015296632750533612,13709236.930999994,78.90297191001424
15671.0,2657.13,7,0.015293006810406276,13711894.060999995,78.91826491682465
16369.0,2656.56,7,0.01528972619791011,13714550.620999996,78.93355464302256
15157.0,2654.11,5,0.015275625319637127,13717204.730999995,78.94883026834219
14756.0,2653.76,3,0.015273610908455273,13719858.490999995,78.96410387925064
17744.0,2649.14,7,0.015247020680854786,13722507.630999995,78.97935089993152
12516.0,2648.62,4,0.015244027841384601,13725156.250999995,78.9945949277729
13203.0,2648.25,10,0.015241898320992356,13727804.500999995,79.00983682609389
16618.0,2647.59,5,0.015238099717049428,13730452.090999994,79.02507492581093
13819.0,2642.35,6,0.0152079411039268,13733094.440999994,79.04028286691485
15814.0,2634.44,6,0.01516241541121688,13735728.880999994,79.05544528232606
12520.0,2634.26,5,0.015161379428323355,13738363.140999993,79.0706066617544
14410.0,2631.9,11,0.015147796541497133,13740995.040999994,79.08575445829588
16276.0,2629.3900000000003,3,0.015133350335592974,13743624.430999994,79.10088780863148
17470.0,2626.4700000000003,11,0.015116544390875786,13746250.900999995,79.11600435302236
13422.0,2626.3,1,0.015115565962587455,13748877.200999996,79.13111991898496
13644.0,2624.26,4,0.015103824823127502,13751501.460999995,79.1462237438081
12671.0,2622.481,1,0.015093585858863157,13754123.941999996,79.16131732966694
12423.0,2622.39,10,0.015093062111955872,13756746.331999997,79.1764103917789
15142.0,2619.92,6,0.015078846124472498,13759366.251999997,79.19148923790338
13211.0,2618.77,10,0.015072227344874975,13761985.021999996,79.20656146524824
14262.0,2618.23,8,0.015069119396194397,13764603.251999997,79.22163058464446
14195.0,2615.6,6,0.015053982535027889,13767218.851999996,79.23668456717947
14431.0,2614.2,4,0.015045924890300467,13769833.051999995,79.25173049206977
14397.0,2612.96,19,0.015038788119256182,13772446.011999996,79.26676928018904
14564.0,2605.62,2,0.014996543039042423,13775051.631999996,79.28176582322807
15660.0,2603.69,15,0.014985435000239626,13777655.321999995,79.2967512582283
17317.0,2600.34,3,0.014966154207499013,13780255.661999995,79.3117174124358
15826.0,2598.28,4,0.01495429795882867,13782853.941999994,79.32667171039462
13700.0,2596.9700000000003,13,0.014946758305548011,13785450.911999995,79.34161846870018
12412.0,2596.93,6,0.014946528087127224,13788047.841999995,79.3565649967873
14163.0,2594.62,5,0.014933232973326983,13790642.461999994,79.37149822976063
14229.0,2594.04,7,0.014929894806225624,13793236.501999993,79.38642812456685
17043.0,2593.65,8,0.014927650176622986,13795830.151999993,79.40135577474348
14129.0,2591.34,9,0.014914355062822744,13798421.491999993,79.41627012980629
14147.0,2590.2000000000003,9,0.014907793837830419,13801011.691999992,79.43117792364413
16206.0,2589.87,13,0.014905894535858952,13803601.561999992,79.44608381817999
15062.0,2585.62,8,0.014881433828650713,13806187.18199999,79.46096525200862
12592.0,2582.66,5,0.014864397665512742,13808769.84199999,79.47582964967414
16499.0,2578.34,8,0.01483953407606813,13811348.18199999,79.49066918375021
17095.0,2572.25,7,0.014804483321503855,13813920.43199999,79.50547366707171
17002.0,2571.55,7,0.014800454499140149,13816491.981999991,79.52027412157085
15434.0,2567.06,11,0.014774612481407205,13819059.041999992,79.53504873405225
16817.0,2560.7000000000003,13,0.014738007752502644,13821619.741999991,79.54978674180477
13192.0,2558.58,6,0.01472580617620112,13824178.321999991,79.56451254798095
15033.0,2557.18,10,0.014717748531473701,13826735.501999991,79.57923029651243
16036.0,2556.84,4,0.014715791674897043,13829292.34199999,79.59394608818732
13862.0,2556.09,9,0.014711475079507355,13831848.43199999,79.60865756326683
16115.0,2553.8,12,0.014698295074917503,13834402.231999991,79.62335585834175
14745.0,2551.41,12,0.014684539524275692,13836953.641999992,79.63804039786604
18179.0,2547.55,8,0.014662323446670093,13839501.191999992,79.6527027213127
17465.0,2542.79,7,0.014634927454596866,13842043.981999991,79.6673376487673
14548.0,2541.29,9,0.014626294263817488,13844585.27199999,79.68196394303112
17463.0,2535.26,7,0.014591588836884389,13847120.53199999,79.696555531868
13623.0,2533.06,10,0.014578926823741298,13849653.59199999,79.71113445869175
15906.0,2530.19,10,0.01456240865205009,13852183.78199999,79.72569686734379
14659.0,2529.93,9,0.014560912232314994,13854713.71199999,79.74025777957611
16889.0,2526.65,6,0.014542034321810756,13857240.36199999,79.75479981389792
14790.0,2526.62,10,0.014541861657995167,13859766.98199999,79.7693416755559
16987.0,2521.4,11,0.014511818154082931,13862288.38199999,79.78385349370998
15862.0,2512.29,13,0.014459385908749508,13864800.67199999,79.79831287961873
13344.0,2511.69,3,0.014455932632437756,13867312.361999989,79.81276881225116
17101.0,2507.05,7,0.01442922729562688,13869819.41199999,79.8271980395468
17550.0,2506.64,9,0.014426867556813848,13872326.05199999,79.84162490710361
12978.0,2502.82,5,0.014404881697629032,13874828.87199999,79.85602978880125
16202.0,2501.99,9,0.014400104665397777,13877330.86199999,79.87042989346665
13471.0,2501.84,4,0.01439924134631984,13879832.70199999,79.88482913481296
15021.0,2500.59,12,0.01439204702067036,13882333.29199999,79.89922118183364
15747.0,2499.81,9,0.01438755776146508,13884833.10199999,79.9136087395951
17594.0,2497.88,4,0.01437644972266228,13887330.981999991,79.92798518931778
15932.0,2495.87,8,0.014364881247017913,13889826.85199999,79.94235007056479
13414.0,2494.14,6,0.01435492430031903,13892320.991999991,79.9567049948651
14541.0,2491.38,14,0.014339039229284976,13894812.371999992,79.97104403409439
17262.0,2488.76,11,0.014323959922723662,13897301.131999992,79.98536799401712
15227.0,2488.4900000000002,9,0.014322405948383375,13899789.621999992,79.9996903999655
15117.0,2485.97,8,0.014307902187874018,13902275.591999993,80.01399830215338
15716.0,2485.26,11,0.014303815810905111,13904760.851999993,80.02830211796429
12517.0,2481.6,5,0.014282750825403428,13907242.451999992,80.04258486878969
13507.0,2479.1600000000003,4,0.014268707501735641,13909721.611999992,80.05685357629142
13588.0,2478.95,9,0.014267498855026527,13912200.561999992,80.07112107514645
13134.0,2475.23,6,0.01424608854189367,13914675.791999992,80.08536716368833
14696.0,2473.28,8,0.014234865393880478,13917149.071999991,80.09960202908222
13762.0,2472.48,5,0.014230261025464808,13919621.551999992,80.1138322901077
12924.0,2469.4,12,0.014212534207064486,13922090.951999992,80.12804482431474
14421.0,2469.37,6,0.014212361543248899,13924560.321999991,80.142257185858
17288.0,2468.4300000000003,11,0.01420695141036049,13927028.751999991,80.15646413726836
17164.0,2467.35,7,0.014200735512999335,13929496.10199999,80.17066487278134
13151.0,2465.21,3,0.014188418827487424,13931961.311999992,80.18485329160885
17131.0,2463.17,5,0.014176677688027467,13934424.481999991,80.19902996929687
14256.0,2460.79,5,0.014162979691990853,13936885.27199999,80.21319294898885
17629.0,2455.52,10,0.01413264841505264,13939340.79199999,80.2273255974039
17676.0,2448.64,10,0.01409305084667789,13941789.43199999,80.24141864825059
12701.0,2446.41,6,0.014080216169719214,13944235.84199999,80.2554988644203
13338.0,2445.62,4,0.01407566935590874,13946681.46199999,80.26957453377621
17320.0,2444.85,6,0.01407123765130866,13949126.31199999,80.28364577142753
15111.0,2442.37,5,0.014056964109220086,13951568.681999989,80.29770273553673
17348.0,2442.29,9,0.014056503672378522,13954010.971999988,80.31175923920911
18171.0,2437.31,9,0.014027841478990985,13956448.281999988,80.3257870806881
15623.0,2437.05,8,0.014026345059255893,13958885.33199999,80.33981342574737
17505.0,2435.48,5,0.014017308986240143,13961320.81199999,80.3538307347336
13085.0,2433.28,8,0.014004646973097057,13963754.091999989,80.3678353817067
14502.0,2429.83,11,0.013984790634304484,13966183.92199999,80.381820172341
15077.0,2428.08,2,0.013974718578395212,13968612.00199999,80.3957948909194
13949.0,2427.32,6,0.013970344428400328,13971039.32199999,80.40976523534779
12733.0,2424.87,4,0.013956243550127341,13973464.191999989,80.42372147889793
15215.0,2422.43,7,0.01394220022645955,13975886.621999988,80.43766367912438
15089.0,2420.84,6,0.013933049044233413,13978307.461999988,80.45159672816862
15489.0,2419.61,8,0.013925969827794323,13980727.071999988,80.4655226979964
16040.0,2416.9,7,0.013910372529786245,13983143.971999988,80.4794330705262
13878.0,2416.8999999999996,4,0.013910372529786242,13985560.871999988,80.49334344305599
16470.0,2416.85,11,0.013910084756760265,13987977.721999988,80.50725352781274
12802.0,2416.42,7,0.013907609908736846,13990394.141999988,80.52116113772148
13118.0,2415.41,9,0.013901796893612062,13992809.551999988,80.53506293461508
14205.0,2414.2,9,0.013894832786383364,13995223.751999987,80.54895776740146
12397.0,2409.8999999999996,2,0.013870084306149146,13997633.651999988,80.56282785170762
16833.0,2409.04,6,0.013865134610102303,14000042.691999987,80.57669298631772
16163.0,2407.98,6,0.013859033821951543,14002450.671999987,80.59055202013967
15341.0,2402.72,2,0.01382876009961852,14004853.391999988,80.6043807802393
13173.0,2399.82,11,0.013812069264111725,14007253.211999988,80.61819284950342
15793.0,2399.57,8,0.01381063039898183,14009652.781999988,80.6320034799024
12393.0,2399.45,6,0.013809939743719477,14012052.231999988,80.6458134196461
14414.0,2399.33,8,0.013809249088457128,14014451.561999988,80.65962266873457
16147.0,2398.91,5,0.013806831795038901,14016850.471999988,80.67342950052961
17921.0,2394.36,10,0.01378064444967479,14019244.831999987,80.68721014497928
16812.0,2392.0,4,0.013767061562848567,14021636.831999987,80.70097720654212
15366.0,2389.08,7,0.013750255618131375,14024025.911999987,80.71472746216025
16105.0,2386.19,5,0.013733622337229775,14026412.101999987,80.72846108449748
16638.0,2380.13,15,0.013698744246481086,14028792.231999988,80.74215982874397
17827.0,2376.17,6,0.013675952622823527,14031168.401999988,80.7558357813668
17434.0,2373.82,7,0.013662427290602502,14033542.221999988,80.7694982086574
13908.0,2369.55,4,0.013637851474183872,14035911.771999989,80.78313606013158
17623.0,2365.77,7,0.013616095833419837,14038277.541999988,80.796752155965
16005.0,2365.49,10,0.013614484304474352,14040643.031999988,80.81036664026946
14496.0,2363.89,7,0.013605275567643016,14043006.92199999,80.82397191583712
14295.0,2362.91,5,0.013599635216333823,14045369.83199999,80.83757155105346
16676.0,2361.9,6,0.013593822201209043,14047731.73199999,80.85116537325466
15860.0,2361.3,17,0.013590368924897291,14050093.03199999,80.86475574217957
17634.0,2358.59,9,0.013574771626889215,14052451.62199999,80.87833051380646
15015.0,2354.97,13,0.013553936859808314,14054806.59199999,80.89188445066627
17969.0,2354.29,20,0.013550023146654997,14057160.88199999,80.90543447381292
14810.0,2354.03,13,0.013548526726919904,14059514.91199999,80.91898300053984
16083.0,2351.42,4,0.013533504974963785,14061866.33199999,80.9325165055148
16085.0,2341.03,12,0.013473705740165294,14064207.361999989,80.94599021125497
12704.0,2340.84,8,0.013472612202666571,14066548.201999988,80.95946282345763
17591.0,2339.32,8,0.013463863902676803,14068887.521999989,80.9729266873603
12584.0,2338.15,9,0.013457130013868886,14071225.67199999,80.98638381737418
15549.0,2334.16,8,0.013434165726395738,14073559.83199999,80.99981798310057
13614.0,2332.74,6,0.013425992972457926,14075892.57199999,81.01324397607303
16496.0,2330.77,6,0.013414654715234346,14078223.341999989,81.02665863078826
17313.0,2328.84,1,0.013403546676431545,14080552.181999989,81.0400621774647
17004.0,2324.36,4,0.013377762213303803,14082876.541999988,81.053439939678
14938.0,2322.43,2,0.013366654174500999,14085198.971999988,81.06680659385249
13091.0,2321.82,3,0.013363143343584055,14087520.791999988,81.08016973719609
13055.0,2321.11,4,0.013359056966615148,14089841.901999988,81.0935287941627
16628.0,2318.1000000000004,7,0.013341733030451197,14092160.001999987,81.10687052719314
12724.0,2317.52,7,0.013338394863349836,14094477.521999987,81.12020892205649
12948.0,2317.4300000000003,9,0.013337876871903076,14096794.951999987,81.13354679892839
14346.0,2315.75,5,0.01332820769823017,14099110.701999987,81.14687500662662
17193.0,2310.04,9,0.013295344018663337,14101420.741999986,81.16017035064527
17282.0,2308.54,5,0.01328671082788396,14103729.281999985,81.17345706147316
13704.0,2308.06,9,0.013283948206834557,14106037.341999985,81.18674100967999
17113.0,2305.59,6,0.01326973221935118,14108342.931999985,81.20001074189935
17894.0,2304.58,18,0.0132639192042264,14110647.511999985,81.21327466110357
15946.0,2304.18,3,0.013261617020018567,14112951.691999985,81.22653627812359
14555.0,2304.03,6,0.013260753700940629,14115255.721999984,81.23979703182452
18095.0,2303.09,5,0.013255343568052217,14117558.811999984,81.25305237539257
16077.0,2300.4,1,0.013239861379254531,14119859.211999984,81.26629223677183
16531.0,2298.33,11,0.013227947575978989,14122157.541999985,81.2795201843478
13371.0,2297.66,2,0.013224091417430868,14124455.201999985,81.29274427576524
12599.0,2296.7200000000003,13,0.013218681284542459,14126751.921999985,81.30596295704979
12649.0,2294.65,8,0.013206767481266916,14129046.571999986,81.31916972453106
13280.0,2293.33,7,0.013199170273381062,14131339.901999986,81.33236889480445
13059.0,2291.77,10,0.01319019175497051,14133631.671999985,81.3455590865594
17047.0,2289.23,6,0.013175572885250762,14135920.901999986,81.35873465944466
17018.0,2287.7,6,0.013166767030655795,14138208.601999985,81.37190142647532
16485.0,2287.19,5,0.013163831745790808,14140495.791999985,81.3850652582211
14481.0,2284.69,5,0.013149443094491843,14142780.481999984,81.39821470131558
12684.0,2283.63,7,0.013143342306341083,14145064.111999985,81.41135804362195
18051.0,2282.2799999999997,7,0.013135572434639642,14147346.391999984,81.42449361605657
13655.0,2280.51,6,0.013125385269519977,14149626.901999984,81.43761900132608
14554.0,2279.49,4,0.013119514699789999,14151906.391999984,81.45073851602588
13994.0,2274.14,6,0.013088722986010217,14154180.531999985,81.4638272390119
17994.0,2270.03,11,0.01306506804327472,14156450.561999984,81.47689230705517
12725.0,2266.76,4,0.013046247687375676,14158717.321999984,81.48993855474254
15638.0,2265.2,6,0.01303726916896512,14160982.521999983,81.5029758239115
15734.0,2263.3,4,0.013026333793977912,14163245.821999984,81.51600215770549
13652.0,2262.05,5,0.013019139468328427,14165507.871999985,81.52902129717383
13814.0,2257.3199999999997,3,0.012991916140070786,14167765.191999985,81.5420132133139
13117.0,2255.66,18,0.012982362075608276,14170020.851999985,81.5549955753895
16350.0,2253.89,9,0.01297217491048861,14172274.741999986,81.56796775029999
17414.0,2249.52,6,0.012947023548018022,14174524.261999985,81.58091477384801
14432.0,2248.5,6,0.012941152978288045,14176772.761999985,81.5938559268263
14644.0,2247.7200000000003,7,0.012936663719082767,14179020.481999986,81.60679259054538
16177.0,2247.31,8,0.012934303980269738,14181267.791999986,81.61972689452566
16174.0,2246.75,7,0.012931080922378768,14183514.541999986,81.63265797544803
16883.0,2246.06,19,0.012927109654620255,14185760.601999987,81.64558508510265
13627.0,2245.9,7,0.012926188780937122,14188006.501999987,81.65851127388359
16042.0,2245.32,8,0.012922850613835763,14190251.821999988,81.67143412449744
13407.0,2244.7,3,0.012919282228313617,14192496.521999987,81.68435340672573
16823.0,2243.09,7,0.012910015936877087,14194739.611999987,81.69726342266262
14462.0,2242.81,12,0.012908404407931603,14196982.421999987,81.71017182707055
15865.0,2241.42,5,0.012900404317809379,14199223.841999987,81.72307223138836
15629.0,2240.9,4,0.012897411478339196,14201464.741999988,81.7359696428667
16551.0,2237.12,7,0.012875655837575158,14203701.861999987,81.74884529870428
17180.0,2236.77,11,0.012873641426393306,14205938.631999986,81.76171894013066
17075.0,2236.63,10,0.012872835661920564,14208175.261999987,81.77459177579259
16108.0,2235.92,4,0.01286874928495166,14210411.181999987,81.78746052507753
16076.0,2234.73,10,0.01286190028693335,14212645.911999987,81.80032242536448
13662.0,2233.61,11,0.012855454171151415,14214879.521999987,81.81317787953563
18215.0,2232.49,5,0.012849008055369478,14217112.011999987,81.826026887591
14449.0,2230.96,8,0.012840202200774514,14219342.971999988,81.83886708979178
12783.0,2225.91,6,0.012811137125150605,14221568.881999988,81.85167822691693
13365.0,2225.37,2,0.01280802917647003,14223794.251999987,81.8644862560934
14321.0,2218.06,7,0.012765956760071858,14226012.311999988,81.87725221285346
17648.0,2216.37,5,0.01275623003179376,14228228.681999987,81.89000844288526
18177.0,2216.32,9,0.01275594225876778,14230445.001999987,81.90276438514402
13478.0,2215.78,5,0.012752834310087205,14232660.781999987,81.9155172194541
13455.0,2212.9900000000002,6,0.012736776575237562,14234873.771999987,81.92825399602934
13320.0,2211.6,6,0.012728776485115337,14237085.371999986,81.94098277251446
15550.0,2211.05,12,0.012725610981829567,14239296.421999987,81.95370838349629
15476.0,2209.98,4,0.01271945263907361,14241506.401999988,81.96642783613537
14177.0,2209.69,13,0.01271778355552293,14243716.091999987,81.97914561969088
13094.0,2209.44,13,0.012716344690393032,14245925.531999987,81.99186196438129
14834.0,2206.16,7,0.01269746677988879,14248131.691999987,82.00455943116117
14467.0,2203.24,12,0.012680660835171602,14250334.931999987,82.01724009199634
13410.0,2201.96,9,0.012673293845706535,14252536.891999988,82.02991338584205
14006.0,2196.67,7,0.012642847459557927,14254733.561999988,82.04255623330161
15100.0,2193.8999999999996,7,0.012626904833918672,14256927.461999988,82.05518313813553
16317.0,2192.51,5,0.012618904743796452,14259119.971999988,82.06780204287932
15934.0,2190.66,2,0.012608257141835217,14261310.631999988,82.08041030002117
14212.0,2190.1400000000003,2,0.012605264302365034,14263500.771999989,82.09301556432354
14597.0,2184.63,6,0.012573551714902117,14265685.40199999,82.10558911603843
15864.0,2180.76,7,0.01255127808269132,14267866.16199999,82.11814039412113
17905.0,2178.87,13,0.012540400262309303,14270045.031999988,82.13068079438344
17324.0,2171.07,12,0.012495507670256539,14272216.101999989,82.14317630205369
12856.0,2170.78,6,0.012493838586705858,14274386.881999988,82.1556701406404
12501.0,2169.39,1,0.012485838496583633,14276556.271999989,82.16815597913698
17732.0,2166.42,8,0.012468744778840465,14278722.691999989,82.18062472391581
14595.0,2164.4500000000003,8,0.012457406521616882,14280887.141999988,82.19308213043743
15944.0,2164.24,4,0.012456197874907766,14283051.381999988,82.20553832831234
14573.0,2163.12,13,0.012449751759125832,14285214.501999987,82.21798808007146
17822.0,2162.93,5,0.012448658221627109,14287377.431999987,82.2304367382931
17460.0,2157.9700000000003,16,0.012420111137449969,14289535.401999988,82.24285684943055
14407.0,2157.73,6,0.012418729826925266,14291693.131999988,82.25527557925747
16379.0,2157.4,4,0.012416830524953805,14293850.531999988,82.26769240978243
13643.0,2156.77,10,0.012413204584826464,14296007.301999988,82.28010561436724
15426.0,2156.35,9,0.012410787291408236,14298163.651999988,82.29251640165866
13224.0,2155.95,2,0.012408485107200402,14300319.601999987,82.30492488676585
16966.0,2154.97,7,0.012402844755891209,14302474.571999988,82.31732773152174
16600.0,2153.41,13,0.012393866237480657,14304627.981999988,82.32972159775923
16275.0,2151.11,3,0.01238062867828561,14306779.091999987,82.3421022264375
14216.0,2150.04,5,0.012374470335529651,14308929.131999986,82.35447669677303
16716.0,2149.6800000000003,3,0.012372398369742604,14311078.811999986,82.36684909514278
17272.0,2148.63,4,0.012366355136197039,14313227.441999987,82.37921545027898
16520.0,2148.38,6,0.012364916271067141,14315375.821999988,82.39158036655006
16004.0,2146.39,5,0.012353462904633166,14317522.211999988,82.40393382945469
13152.0,2146.38,7,0.012353405350027971,14319668.591999989,82.41628723480471
16134.0,2145.34,5,0.0123474196710876,14321813.931999989,82.42863465447581
18009.0,2144.23,8,0.012341031109910862,14323958.16199999,82.44097568558571
12576.0,2142.7200000000003,8,0.012332340364526288,14326100.88199999,82.45330802595025
13092.0,2140.28,12,0.012318297040858501,14328241.16199999,82.4656263229911
12687.0,2138.91,2,0.012310412059946665,14330380.07199999,82.47793673505105
17029.0,2137.3,7,0.012301145768510135,14332517.37199999,82.49023788081956
17305.0,2135.46,1,0.012290555721154096,14334652.831999991,82.50252843654073
18116.0,2134.49,13,0.012284972924450098,14336787.321999991,82.51481340946518
12560.0,2134.01,3,0.0122822103034007,14338921.331999991,82.52709561976857
16493.0,2132.09,7,0.012271159819203094,14341053.421999991,82.53936677958778
13517.0,2128.42,3,0.012250037279096217,14343181.84199999,82.55161681686688
14634.0,2124.46,4,0.012227245655438656,14345306.301999992,82.56384406252232
16807.0,2123.88,6,0.012223907488337297,14347430.181999993,82.57606797001066
16996.0,2123.61,9,0.01222235351399701,14349553.791999992,82.58829032352465
14472.0,2118.7200000000003,9,0.012194209312056236,14351672.511999993,82.60048453283672
14360.0,2118.03,4,0.012190238044297723,14353790.541999992,82.61267477088101
15658.0,2117.27,8,0.012185863894302835,14355907.811999992,82.62486063477532
14691.0,2114.33,5,0.012168942840375254,14358022.141999992,82.63702957761568
16201.0,2112.12,5,0.012156223272626969,14360134.26199999,82.6491858008883
16054.0,2111.88,4,0.01215484196210227,14362246.141999992,82.6613406428504
12997.0,2110.91,8,0.01214925916539827,14364357.051999992,82.67348990201582
14399.0,2108.21,8,0.012133719421995391,14366465.261999993,82.68562362143781
13755.0,2108.06,9,0.012132856102917451,14368573.321999993,82.69775647754074
13610.0,2103.71,14,0.012107819849657257,14370677.031999994,82.7098642973904
15252.0,2103.41,5,0.012106093211501379,14372780.441999994,82.7219703906019
14276.0,2102.68,7,0.012101891725322082,14374883.121999994,82.73407228232722
14499.0,2101.79,7,0.01209676936545965,14376984.911999993,82.74616905169268
15815.0,2100.6,5,0.012089920367441345,14379085.511999993,82.75825897206012
12975.0,2100.09,6,0.012086985082576357,14381185.601999993,82.7703459571427
17897.0,2099.89,9,0.012085833990472439,14383285.491999993,82.78243179113316
17159.0,2099.59,5,0.012084107352316565,14385385.081999993,82.79451589848547
12610.0,2099.54,5,0.012083819579290583,14387484.621999992,82.80659971806476
17742.0,2098.48,11,0.012077718791139823,14389583.101999993,82.8186774368559
13753.0,2094.57,4,0.012055214940508246,14391677.671999993,82.83073265179641
13591.0,2093.94,7,0.012051589000380907,14393771.611999992,82.8427842407968
14469.0,2093.46,4,0.012048826379331504,14395865.071999993,82.85483306717613
13265.0,2092.6600000000003,5,0.012044222010915838,14397957.731999993,82.86687728918704
15456.0,2091.52,10,0.012037660785923509,14400049.251999993,82.87891494997297
15151.0,2085.61,2,0.012003646014252758,14402134.861999992,82.89091859598722
17705.0,2083.9,11,0.011993804176764268,14404218.761999993,82.90291240016398
16016.0,2083.4,11,0.011990926446504475,14406302.161999993,82.91490332661049
16934.0,2083.14,6,0.01198943002676938,14408385.301999994,82.92689275663726
14443.0,2082.97,5,0.01198845159848105,14410468.271999994,82.93888120823574
18026.0,2074.07,2,0.011937227999856742,14412542.341999995,82.95081843623561
17048.0,2071.6800000000003,7,0.011923472449214934,14414614.021999994,82.96274190868482
17585.0,2064.71,7,0.011883356889393421,14416678.731999995,82.97462526557422
13748.0,2064.35,9,0.011881284923606369,14418743.081999995,82.98650655049782
16726.0,2063.88,7,0.011878579857162166,14420806.961999996,82.99838513035499
12586.0,2062.67,4,0.011871615749933466,14422869.631999996,83.01025674610493
16795.0,2062.4100000000003,3,0.011870119330198376,14424932.041999996,83.02212686543513
15221.0,2062.2,4,0.01186891068348926,14426994.241999995,83.0339957761186
13476.0,2061.4700000000003,5,0.011864709197309965,14429055.711999996,83.04586048531593
18258.0,2059.67,6,0.01185434936837471,14431115.381999996,83.05771483468429
17633.0,2057.39,7,0.011841226918390055,14433172.771999996,83.0695560616027
12518.0,2056.89,5,0.011838349188130261,14435229.661999997,83.08139441079082
15253.0,2055.09,8,0.01182798935919501,14437284.751999997,83.09322240015001
14188.0,2054.36,6,0.01182378787301571,14439339.111999996,83.10504618802304
16235.0,2053.71,9,0.01182004682367798,14441392.821999997,83.11686623484671
16794.0,2052.7,15,0.011814233808553197,14443445.521999996,83.12868046865526
16176.0,2052.69,4,0.011814176253948002,14445498.211999996,83.1404946449092
17086.0,2050.08,6,0.011799154501991885,14447548.291999996,83.1522937994112
13874.0,2049.15,7,0.01179380192370867,14449597.441999996,83.16408760133491
16027.0,2048.36,15,0.011789255109898198,14451645.801999995,83.1758768564448
14232.0,2048.07,5,0.011787586026347517,14453693.871999996,83.18766444247116
17666.0,2047.8,5,0.011786032052007228,14455741.671999997,83.19945047452316
13663.0,2047.51,5,0.011784362968456549,14457789.181999996,83.21123483749162
14000.0,2046.3400000000001,5,0.011777629079648636,14459835.521999996,83.22301246657126
15473.0,2046.0,8,0.011775672223071975,14461881.521999996,83.23478813879433
12868.0,2043.7600000000002,8,0.011762779991508106,14463925.281999996,83.24655091878584
17289.0,2041.8,9,0.011751499288889716,14465967.081999997,83.25830241807473
12585.0,2040.1,2,0.01174171500600642,14468007.181999996,83.27004413308075
14988.0,2038.65,7,0.011733369588253023,14470045.831999997,83.281777502669
16214.0,2038.25,4,0.011731067404045187,14472084.081999997,83.29350857007304
16331.0,2037.7,6,0.011727901900759416,14474121.781999996,83.3052364719738
17846.0,2033.1,1,0.011701426782369323,14476154.881999996,83.31693789875617
13630.0,2031.78,7,0.011693829574483469,14478186.661999995,83.32863172833065
14225.0,2031.07,4,0.011689743197514564,14480217.731999995,83.34032147152817
15272.0,2030.95,6,0.011689052542252214,14482248.681999994,83.35201052407041
15506.0,2030.33,6,0.01168548415673007,14484279.011999995,83.36369600822714
15164.0,2028.1100000000001,9,0.011672707034376591,14486307.121999994,83.37536871526152
15384.0,2027.79,4,0.011670865287010323,14488334.911999993,83.38703958054852
12873.0,2027.3,3,0.011668045111355727,14490362.211999994,83.39870762565988
13989.0,2026.06,5,0.01166090834031144,14492388.271999994,83.41036853400018
14631.0,2025.69,6,0.011658778819919193,14494413.961999994,83.42202731282012
14651.0,2025.52,9,0.011657800391630864,14496439.481999993,83.43368511321174
12418.0,2021.2,4,0.011632936802186255,14498460.681999993,83.44531805001392
13696.0,2020.4,3,0.011628332433770587,14500481.081999993,83.4569463824477
16221.0,2019.92,9,0.011625569812721186,14502501.001999993,83.46857195226042
12348.0,2019.3999999999999,5,0.011622576973251,14504520.401999993,83.48019452923367
14623.0,2016.98,10,0.011608648758793604,14506537.381999994,83.49180317799247
16197.0,2016.71,9,0.011607094784453317,14508554.091999995,83.50341027277692
17152.0,2016.5,4,0.011605886137744202,14510570.591999995,83.51501615891466
17126.0,2016.43,9,0.011605483255507832,14512587.021999994,83.52662164217017
13693.0,2011.8200000000002,9,0.011578950582512544,14514598.841999995,83.53820059275269
17671.0,2009.16,5,0.011563641057530445,14516608.001999995,83.54976423381022
13888.0,2001.5900000000001,7,0.011520072221397183,14518609.591999995,83.56128430603161
16332.0,2000.01,11,0.011510978593776238,14520609.601999994,83.57279528462539
16698.0,1998.0,2,0.01149941011813187,14522607.601999994,83.58429469474352
14628.0,1998.0,5,0.01149941011813187,14524605.601999994,83.59579410486165
15990.0,1997.75,7,0.011497971253001974,14526603.351999994,83.60729207611466
14152.0,1997.3400000000001,7,0.011495611514188944,14528600.691999994,83.61878768762885
15481.0,1993.34,1,0.011472589672110602,14530594.031999994,83.63026027730095
14301.0,1992.18,4,0.011465913337907883,14532586.211999994,83.64172619063885
16065.0,1992.13,8,0.011465625564881905,14534578.341999995,83.65319181620374
13889.0,1991.23,6,0.011460445650414278,14536569.571999995,83.66465226185417
17088.0,1991.01,4,0.011459179449099969,14538560.581999995,83.67611144130326
16960.0,1990.88,8,0.011458431239232422,14540551.461999996,83.6875698725425
17351.0,1988.23,12,0.01144317926885552,14542539.691999996,83.69901305181135
16529.0,1986.8,4,0.011434948960312514,14544526.491999997,83.71044800077168
15478.0,1983.48,3,0.011415840831387488,14546509.971999997,83.72186384160307
14967.0,1982.6100000000001,6,0.01141083358073545,14548492.581999997,83.7332746751838
17337.0,1981.06,4,0.01140191261693009,14550473.641999997,83.74467658780073
13725.0,1980.56,8,0.011399034886670299,14552454.201999998,83.7560756226874
12582.0,1980.4,4,0.011398114012987166,14554434.601999998,83.7674737367004
17158.0,1980.0,5,0.01139581182877933,14556414.601999998,83.77886954852917
15030.0,1979.91,8,0.011395293837332569,14558394.511999998,83.7902648423665
15795.0,1979.87,8,0.011395063618911785,14560374.381999997,83.80165990598542
13208.0,1976.3,9,0.011374516624856864,14562350.681999998,83.81303442261027
18204.0,1975.35,3,0.011369048937363258,14564326.031999998,83.82440347154764
15531.0,1972.3899999999999,2,0.011352012774225284,14566298.421999998,83.83575548432187
17797.0,1971.8700000000001,8,0.011349019934755102,14568270.291999998,83.8471045042566
14905.0,1971.39,8,0.0113462573137057,14570241.681999998,83.85845076157032
12674.0,1970.6,4,0.011341710499895227,14572212.281999998,83.86979247207022
14477.0,1969.6,7,0.01133595503937564,14574181.881999997,83.88112842710959
14396.0,1969.38,7,0.011334688838061333,14576151.261999998,83.89246311594766
16032.0,1965.72,6,0.01131362385255965,14578116.981999999,83.90377673980022
17966.0,1963.92,10,0.011303264023624396,14580080.901999999,83.91508000382385
17997.0,1962.46,8,0.0112948610512658,14582043.362,83.92637486487511
12399.0,1962.3,7,0.011293940177582668,14584005.662,83.9376688050527
15789.0,1962.01,6,0.011292271094031988,14585967.672,83.94896107614673
16290.0,1957.7,4,0.011267465059192575,14587925.372,83.96022854120592
17039.0,1954.99,1,0.011251867761184496,14589880.362,83.9714804089671
18016.0,1954.56,7,0.011249392913161075,14591834.922,83.98272980188027
14794.0,1953.9,10,0.011245594309218149,14593788.822,83.99397539618948
17554.0,1952.45,5,0.01123724889146475,14595741.272,84.00521264508095
13761.0,1952.17,6,0.011235637362519266,14597693.442,84.01644828244346
15885.0,1951.8200000000002,15,0.011233622951337412,14599645.262,84.0276819053948
16993.0,1950.95,2,0.011228615700685372,14601596.212,84.03891052109549
14014.0,1948.2099999999998,3,0.011212845738861705,14603544.422,84.05012336683436
15620.0,1942.36,4,0.011179176294822131,14605486.782,84.06130254312917
15425.0,1941.12,4,0.011172039523777846,14607427.901999999,84.07247458265294
12385.0,1938.4,1,0.011156384671164574,14609366.302,84.08363096732413
16619.0,1938.3300000000002,4,0.011155981788928205,14611304.632,84.09478694911304
14418.0,1937.25,3,0.01114976589156705,14613241.882,84.10593671500462
15561.0,1934.3899999999999,8,0.011133305274481035,14615176.272,84.1170700202791
12528.0,1933.48,6,0.011128067805408213,14617109.752,84.1281980880845
12531.0,1933.2,2,0.01112645627646273,14619042.952,84.13932454436096
16859.0,1932.4099999999999,7,0.011121909462652256,14620975.362,84.15044645382362
15803.0,1929.66,4,0.011106081946223397,14622905.022,84.16155253576984
17236.0,1929.26,12,0.011103779762015563,14624834.282,84.17265631553185
16788.0,1928.93,5,0.011101880460044098,14626763.212,84.1837581959919
13029.0,1927.3,5,0.011092499059397173,14628690.512,84.1948506950513
14492.0,1921.91,7,0.01106147712719661,14630612.422,84.2059121721785
16681.0,1921.8400000000001,7,0.011061074244960238,14632534.262,84.21697324642345
18220.0,1921.76,6,0.011060613808118671,14634456.022,84.22803386023158
14901.0,1919.0,12,0.011044728737084616,14636375.022,84.23907858896867
12644.0,1918.4899999999998,4,0.011041793452219626,14638293.512,84.25012038242087
12842.0,1917.99,4,0.011038915721959834,14640211.502,84.26115929814284
14332.0,1917.41,5,0.011035577554858475,14642128.912,84.2721948756977
16650.0,1916.11,7,0.011028095456183011,14644045.022,84.28322297115388
16555.0,1915.68,6,0.01102562060815959,14645960.702,84.29424859176203
16692.0,1914.6999999999998,4,0.011019980256850396,14647875.401999999,84.30526857201889
17046.0,1906.0700000000002,5,0.010970310632566375,14649781.472,84.31623888265145
16942.0,1904.99,9,0.01096409473520522,14651686.462,84.32720297738666
14250.0,1904.05,3,0.01095868460231681,14653590.512,84.33816166198898
14127.0,1900.08,6,0.010935835424054057,14655490.592,84.34909749741303
14710.0,1899.79,13,0.010934166340503378,14657390.382,84.36003166375353
12762.0,1898.52,2,0.010926856905643503,14659288.901999999,84.37095852065917
14389.0,1898.01,5,0.010923921620778515,14661186.911999999,84.38188244227996
14730.0,1897.57,8,0.010921389218149898,14663084.481999999,84.3928038314981
17560.0,1895.8,8,0.010911202053030231,14664980.282,84.40371503355112
14327.0,1894.93,6,0.010906194802378193,14666875.212,84.41462122835351
15248.0,1893.93,3,0.010900439341858605,14668769.141999999,84.42552166769536
13984.0,1893.8,12,0.01089969113199106,14670662.942,84.43642135882736
17350.0,1893.701,7,0.01089912134139962,14672556.643,84.44732048016877
16631.0,1892.52,7,0.01089232414252599,14674449.162999999,84.45821280431129
13276.0,1891.91,5,0.010888813311609043,14676341.072999999,84.4691016176229
15381.0,1890.57,5,0.010881100994512798,14678231.643,84.4799827186174
14912.0,1889.25,6,0.010873503786626946,14680120.893,84.49085622240403
17609.0,1887.9,11,0.010865733914925506,14682008.793,84.50172195631896
16172.0,1884.55,8,0.010846453122184893,14683893.343,84.51256840944114
14403.0,1880.5100000000002,6,0.010823201061685769,14685773.853,84.52339161050284
16660.0,1879.55,7,0.010817675819586965,14687653.403,84.53420928632242
18151.0,1879.44,6,0.01081704271892981,14689532.843,84.54502632904135
17227.0,1878.9299999999998,12,0.010814107434064822,14691411.773,84.55584043647542
15197.0,1877.5100000000002,6,0.010805934680127012,14693289.283,84.56664637115554
13946.0,1876.23,6,0.010798567690661943,14695165.513,84.5774449388462
16426.0,1863.76,10,0.01072679709798271,14697029.273,84.58817173594419
14887.0,1862.0,1,0.010716667487468239,14698891.273,84.59888840343166
13503.0,1859.24,6,0.010700782416434183,14700750.513,84.6095891858481
14305.0,1858.96,3,0.0106991708874887,14702609.473000001,84.62028835673559
14130.0,1858.77,4,0.010698077349989978,14704468.243,84.63098643408557
16043.0,1856.5900000000001,8,0.010685530446057283,14706324.833,84.64167196453162
15081.0,1854.57,12,0.01067390441580772,14708179.403,84.65234586894745
16049.0,1852.15,6,0.010659976201350323,14710031.553000001,84.6630058451488
16917.0,1851.88,2,0.010658422227010035,14711883.433000002,84.6736642673758
12383.0,1850.56,5,0.01065082501912418,14713733.993000003,84.68431509239494
12381.0,1845.31,5,0.010620608851396356,14715579.303000003,84.69493570124634
12507.0,1844.06,4,0.010613414525746876,14717423.363000004,84.70554911577209
18180.0,1843.75,6,0.010611630332985804,14719267.113000004,84.71616074610507
12694.0,1843.35,3,0.010609328148777969,14721110.463000003,84.72677007425385
12950.0,1843.0,3,0.010607313737596115,14722953.463000003,84.73737738799144
15201.0,1842.95,7,0.010607025964570136,14724796.413000003,84.74798441395602
16102.0,1842.14,3,0.010602364041549272,14726638.553000003,84.75858677799756
14224.0,1841.71,9,0.01059988919352585,14728480.263000004,84.7691866671911
13168.0,1840.73,5,0.010594248842216656,14730320.993000004,84.7797809160333
17919.0,1840.32,2,0.010591889103403626,14732161.313000005,84.79037280513671
15822.0,1840.06,6,0.010590392683668532,14734001.373000005,84.8009631978204
14870.0,1838.95,6,0.010584004122491794,14735840.323000005,84.81154720194287
13924.0,1838.85,6,0.010583428576439834,14737679.173000004,84.82213063051931
17015.0,1838.61,3,0.010582047265915133,14739517.783000004,84.83271267778522
16175.0,1836.44,7,0.010569557916587634,14741354.223000003,84.8432822357018
15402.0,1830.5400000000002,6,0.01053560069952208,14743184.763000002,84.85381783640132
16152.0,1829.04,1,0.0105269675087427,14745013.803000001,84.86434480391006
16825.0,1826.8899999999999,5,0.010514593268625591,14746840.693000002,84.8748593971787
17244.0,1826.04,5,0.010509701127183945,14748666.733000001,84.88536909830587
14896.0,1826.0,8,0.01050947090876316,14750492.733000001,84.89587856921463
15678.0,1825.94,3,0.010509125581131987,14752318.673,84.90638769479575
14715.0,1825.45,8,0.010506305405477388,14754144.123,84.91689400020124
13884.0,1825.03,10,0.010503888112059163,14755969.152999999,84.9273978883133
17642.0,1824.49,5,0.010500780163378588,14757793.643,84.93789866847668
16169.0,1822.97,4,0.010492031863388818,14759616.613,84.94839070034006
14738.0,1821.9,9,0.010485873520632861,14761438.513,84.95887657386069
15339.0,1821.02,7,0.010480808715375625,14763259.533,84.96935738257608
16205.0,1820.1100000000001,7,0.010475571246302804,14765079.643,84.97983295382238
17828.0,1820.0900000000001,4,0.010475456137092411,14766899.733,84.99030840995945
14553.0,1818.6,9,0.010466880500918227,14768718.332999999,85.00077529046038
16233.0,1818.31,9,0.010465211417367547,14770536.643,85.01124050187775
17787.0,1817.54,4,0.010460779712767466,14772354.182999998,85.02170128159051
15807.0,1817.52,5,0.010460664603557076,14774171.702999998,85.03216194619407
12494.0,1815.27,9,0.010447714817388008,14775986.972999997,85.04260966101145
16880.0,1813.21,8,0.010435858568717662,14777800.182999998,85.05304551958017
14915.0,1811.25,11,0.010424577866099275,14779611.432999998,85.06347009744627
16474.0,1810.65,7,0.010421124589787523,14781422.082999999,85.07389122203607
14893.0,1809.6100000000001,3,0.010415138910847154,14783231.692999998,85.0843063609469
15530.0,1808.68,5,0.01040978633256394,14785040.372999998,85.09471614727947
17888.0,1807.44,25,0.010402649561519654,14786847.812999997,85.10511879684098
15133.0,1806.9,5,0.010399541612839078,14788654.712999998,85.11551833845384
13561.0,1803.4,11,0.01037939750102053,14790458.112999998,85.12589773595485
18161.0,1803.1,6,0.010377670862864652,14792261.212999998,85.1362754068177
14723.0,1803.06,11,0.01037744064444387,14794064.272999998,85.14665284746215
16797.0,1802.02,5,0.0103714549655035,14795866.292999998,85.15702430242766
16249.0,1800.0700000000002,5,0.010360231817490309,14797666.362999998,85.16738453424514
18235.0,1796.48,3,0.010339569714224997,14799462.842999998,85.17772410395938
18236.0,1795.35,12,0.010333066043837864,14801258.192999998,85.18805717000322
17165.0,1794.3200000000002,6,0.010327137919502693,14803052.512999998,85.19838430792272
14708.0,1793.22,5,0.010320806912931147,14804845.733,85.20870511483565
18122.0,1793.06,6,0.010319886039248013,14806638.793,85.21902500087491
13711.0,1792.2600000000002,9,0.010315281670832347,14808431.053,85.22934028254573
13375.0,1792.23,2,0.010315109007016758,14810223.283,85.23965539155276
12369.0,1791.1499999999999,3,0.010308893109655604,14812014.433,85.24996428466241
17603.0,1788.38,4,0.010292950484016355,14813802.813000001,85.26025723514643
13782.0,1786.08,13,0.010279712924821306,14815588.893000001,85.27053694807127
15608.0,1785.98,5,0.01027913737876935,14817374.873000002,85.28081608545003
16611.0,1785.13,6,0.0102742452373277,14819160.003000002,85.29109033068735
15452.0,1785.1100000000001,6,0.01027413012811731,14820945.113000002,85.30136446081548
15128.0,1783.6799999999998,5,0.010265899819574301,14822728.793000001,85.31163036063505
16110.0,1781.59,4,0.010253870907088368,14824510.383000001,85.32188423154213
18214.0,1780.34,4,0.010246676581438885,14826290.723000001,85.33213090812357
15220.0,1778.96,6,0.010238734045921858,14828069.683000002,85.3423696421695
16770.0,1778.93,9,0.01023856138210627,14829848.613000002,85.35260820355161
16510.0,1777.5,6,0.010230331073563264,14831626.113000002,85.36283853462517
12458.0,1777.49,4,0.010230273518958067,14833403.603000002,85.37306880814413
12908.0,1776.0,5,0.010221697882783884,14835179.603000002,85.38329050602691
12778.0,1775.6799999999998,9,0.010219856135417617,14836955.283000002,85.39351036216233
13920.0,1774.68,4,0.010214100674898032,14838729.963000001,85.40372446283723
16124.0,1772.49,4,0.01020149621636014,14840502.453000002,85.41392595905359
15594.0,1771.7800000000002,5,0.010197409839391236,14842274.233000001,85.42412336889296
14850.0,1770.96,7,0.010192690361765174,14844045.193000002,85.43431605925474
14933.0,1770.0,4,0.010187165119666372,14845815.193000002,85.44450322437442
15972.0,1769.33,5,0.01018330896111825,14847584.523000002,85.45468653333553
15736.0,1767.12,2,0.010170589393369966,14849351.643000001,85.46485712272889
13456.0,1766.72,6,0.01016828720916213,14851118.363000002,85.47502540993806
16751.0,1764.72,1,0.01015677628812296,14852883.083000002,85.48518218622618
13648.0,1764.02,8,0.01015274746575925,14854647.103000002,85.49533493369195
13717.0,1763.3,8,0.010148603534185148,14856410.403000003,85.50548353722614
12784.0,1763.1499999999999,3,0.01014774021510721,14858173.553000003,85.51563127744124
15777.0,1762.6100000000001,7,0.010144632266426635,14859936.163000003,85.52577590970768
16511.0,1760.49,6,0.010132430690125115,14861696.653000003,85.5359083403978
16620.0,1758.93,6,0.01012345217171456,14863455.583000002,85.5460317925695
16266.0,1757.95,14,0.010117811820405366,14865213.533000002,85.5561496043899
16595.0,1757.75,5,0.01011666072830145,14866971.283000002,85.5662662651182
12809.0,1755.94,3,0.010106243344761,14868727.223000001,85.57637250846297
14704.0,1752.92,11,0.010088861853991852,14870480.143000001,85.58646137031695
14522.0,1748.42,8,0.010062962281653718,14872228.563000001,85.5965243325986
16639.0,1747.98,4,0.010060429879025098,14873976.543000001,85.60658476247764
13808.0,1747.66,5,0.010058588131658832,14875724.203000002,85.6166433506093
17695.0,1746.04,5,0.010049264285617102,14877470.243,85.6266926148949
16348.0,1744.4199999999998,8,0.010039940439575373,14879214.663,85.63673255533448
16380.0,1743.1499999999999,1,0.010032631004715499,14880957.813000001,85.6467651863392
15605.0,1741.95,9,0.010025724452091997,14882699.763,85.65679091079129
12425.0,1741.41,2,0.010022616503411422,14884441.173,85.6668135272947
16087.0,1739.92,5,0.010014040867237239,14886181.093,85.67682756816194
17974.0,1739.09,6,0.010009263835005982,14887920.183,85.68683683199694
14584.0,1738.16,8,0.01000391125672277,14889658.343,85.69684074325366
14075.0,1734.87,6,0.009984975791613332,14891393.213,85.70682571904527
17268.0,1733.8899999999999,11,0.009979335440304138,14893127.103,85.71680505448558
13026.0,1733.08,9,0.009974673517283275,14894860.183,85.72677972800287
14400.0,1732.47,3,0.009971162686366327,14896592.653,85.73675089068924
17432.0,1728.99,9,0.00995113368375817,14898321.643000001,85.74670202437301
16891.0,1727.94,11,0.009945090450212605,14900049.583,85.75664711482321
14387.0,1727.6,3,0.009943133593635946,14901777.183,85.76659024841685
16809.0,1727.43,9,0.009942155165347617,14903504.613,85.77653240358218
15730.0,1726.58,5,0.009937263023905967,14905231.193,85.7864696666061
17190.0,1726.57,7,0.009937205469300773,14906957.763,85.7964068720754
14304.0,1725.01,3,0.009928226950890219,14908682.773,85.80633509902628
13363.0,1723.8600000000001,3,0.009921608171292697,14910406.633,85.81625670719757
16374.0,1723.4,5,0.009918960659453687,14912130.033,85.82617566785703
17135.0,1722.18,10,0.009911938997619793,14913852.213,85.83608760685465
17451.0,1721.4,7,0.009907449738414516,14915573.613,85.84599505659305
16119.0,1720.81,8,0.009904054016707959,14917294.423,85.85589911060978
15267.0,1717.36,5,0.00988419767791539,14919011.783,85.86578330828769
13705.0,1717.19,7,0.00988321924962706,14920728.973,85.8756665275373
14021.0,1716.5800000000002,7,0.009879708418710114,14922445.553,85.88554623595603
17162.0,1715.46,10,0.009873262302928178,14924161.013,85.89541949825895
14692.0,1715.14,12,0.009871420555561911,14925876.153,85.90529091881452
14741.0,1713.09,7,0.009859621861496758,14927589.243,85.91515054067601
18239.0,1712.26,6,0.009854844829265503,14929301.503,85.92500538550529
14447.0,1711.73,6,0.009851794435190124,14931013.233000001,85.93485717994047
13665.0,1711.6599999999999,3,0.009851391552953752,14932724.893000001,85.94470857149342
17750.0,1710.45,9,0.009844427445725053,14934435.343,85.95455299893915
12405.0,1710.39,1,0.00984408211809388,14936145.733000001,85.96439708105724
13104.0,1709.1,9,0.009836657574023612,14937854.833,85.97423373863127
17731.0,1708.99,6,0.00983602447336646,14939563.823,85.98406976310463
15607.0,1708.97,9,0.009835909364156068,14941272.793000001,85.9939056724688
15947.0,1708.24,1,0.00983170787797677,14942981.033000002,86.00373738034676
12407.0,1708.12,5,0.009831017222714419,14944689.153,86.01356839756949
16902.0,1706.88,1,0.009823880451670135,14946396.033000002,86.02339227802116
13309.0,1706.37,6,0.009820945166805145,14948102.403,86.03321322318796
16398.0,1705.8000000000002,2,0.009817664554308983,14949808.203000002,86.04303088774226
14859.0,1705.64,5,0.009816743680625848,14951513.843000002,86.0528476314229
12693.0,1703.02,7,0.009801664374064533,14953216.863000002,86.06264929579697
15326.0,1700.52,5,0.00978727572276557,14954917.383000001,86.07243657151973
15911.0,1700.24,8,0.009785664193820086,14956617.623000002,86.08222223571354
16768.0,1698.57,9,0.009776052574752378,14958316.193000002,86.0919982882883
12932.0,1698.56,8,0.009775995020147182,14960014.753000002,86.10177428330846
17813.0,1698.07,5,0.009773174844492584,14961712.823000003,86.11154745815296
17694.0,1695.97,3,0.009761088377401457,14963408.793000003,86.12130854653034
16899.0,1695.77,8,0.009759937285297539,14965104.563000003,86.13106848381564
16010.0,1694.8600000000001,11,0.009754699816224717,14966799.423000002,86.14082318363187
15976.0,1694.41,6,0.009752109858990903,14968493.833000002,86.15057529349086
12764.0,1693.88,1,0.009749059464915522,14970187.713000003,86.16032435295577
14245.0,1693.45,2,0.0097465846168921,14971881.163000003,86.17007093757266
16671.0,1692.27,3,0.00973979317347899,14973573.433000002,86.17981073074614
13838.0,1690.07,10,0.0097271311603359,14975263.503000002,86.18953786190649
13294.0,1689.53,3,0.009724023211655324,14976953.033000002,86.19926188511813
13566.0,1688.6,5,0.00971867063337211,14978641.633000001,86.20898055575151
16725.0,1688.26,14,0.009716713776795451,14980329.893000001,86.2186972695283
12813.0,1687.8000000000002,3,0.009714066264956443,14982017.693000002,86.22841133579325
12775.0,1686.1200000000001,7,0.009704397091283538,14983703.813000001,86.23811573288454
13516.0,1685.26,4,0.009699447395236696,14985389.073,86.24781518027977
14643.0,1679.89,5,0.00966854057224652,14987068.963000001,86.25748372085202
15551.0,1679.81,7,0.009668080135404954,14988748.773000002,86.26715180098743
13800.0,1679.56,3,0.009666641270275056,14990428.333000002,86.2768184422577
12870.0,1676.95,3,0.009651619518318938,14992105.283000002,86.28647006177601
14831.0,1676.5700000000002,3,0.009649432443321499,14993781.853000002,86.29611949421935
13149.0,1676.06,4,0.009646497158456509,14995457.913000003,86.3057659913778
17656.0,1674.69,5,0.009638612177544676,14997132.603000002,86.31540460355535
13587.0,1673.5,4,0.00963176317952637,14998806.103000002,86.32503636673488
13308.0,1670.3700000000001,4,0.009613748588100067,15000476.473000001,86.33465011532296
13417.0,1669.49,6,0.009608683782842832,15002145.963000001,86.34425879910582
13184.0,1668.95,10,0.009605575834162257,15003814.913,86.35386437493997
17534.0,1668.83,5,0.009604885178899904,15005483.743,86.36346926011888
13434.0,1666.8600000000001,5,0.009593546921676322,15007150.603,86.37306280704054
13064.0,1666.8400000000001,6,0.009593431812465929,15008817.443,86.382656238853
15192.0,1666.3899999999999,5,0.009590841855232115,15010483.833,86.39224708070824
17321.0,1665.21,6,0.009584050411819006,15012149.043000001,86.40183113112006
16329.0,1664.92,4,0.009582381328268327,15013813.963000001,86.41141351244833
12912.0,1662.3000000000002,5,0.009567302021707013,15015476.263000002,86.42098081447006
15214.0,1661.44,8,0.009562352325660169,15017137.703000002,86.4305431667957
15649.0,1660.35,4,0.00955607887369382,15018798.053000001,86.4400992456694
14583.0,1660.29,8,0.009555733546062645,15020458.343,86.44965497921545
18096.0,1657.87,6,0.009541805331605247,15022116.213,86.45919678454706
18276.0,1656.52,6,0.009534035459903807,15023772.733,86.46873082000695
17041.0,1655.2,6,0.009526438252017953,15025427.932999998,86.47825725825898
16625.0,1654.03,5,0.009519704363210039,15027081.962999998,86.48777696262218
16813.0,1652.18,10,0.009509056761248805,15028734.142999997,86.49728601938342
12911.0,1651.72,1,0.009506409249409797,15030385.862999998,86.50679242863283
16634.0,1649.81,6,0.009495416319817387,15032035.672999999,86.51628784495266
12657.0,1643.18,4,0.009457257616572536,15033678.852999998,86.52574510256923
14420.0,1639.17,4,0.009434178219888997,15035318.022999998,86.53517928078911
12933.0,1636.63,8,0.00941955935016925,15036954.652999999,86.54459884013929
12398.0,1635.6599999999999,1,0.009413976553465252,15038590.313,86.55401281669276
17006.0,1635.27,8,0.009411731923862614,15040225.582999999,86.56342454861662
15310.0,1634.64,1,0.009408105983735275,15041860.223,86.57283265460035
18062.0,1632.67,6,0.009396767726511693,15043492.893,86.58222942232686
14164.0,1631.77,2,0.009391587812044066,15045124.662999999,86.59162101013891
18136.0,1631.3600000000001,5,0.009389228073231037,15046756.022999998,86.60101023821214
17571.0,1630.9099999999999,5,0.009386638115997221,15048386.932999998,86.61039687632814
14904.0,1630.49,4,0.009384220822578997,15050017.422999999,86.61978109715072
16256.0,1629.3700000000001,3,0.00937777470679706,15051646.792999998,86.6291588718575
13554.0,1629.35,7,0.009377659597586668,15053276.142999997,86.63853653145509
15167.0,1627.62,5,0.009367702650887785,15054903.762999997,86.64790423410598
14759.0,1625.97,3,0.00935820614103047,15056529.732999997,86.65726244024701
13154.0,1624.8400000000001,3,0.009351702470643338,15058154.572999997,86.66661414271765
15172.0,1624.05,5,0.009347155656832863,15059778.622999998,86.67596129837449
14937.0,1621.8799999999999,3,0.009334666307505363,15061400.502999999,86.685295964682
12379.0,1620.22,4,0.009325112243042853,15063020.723,86.69462107692503
15422.0,1619.97,7,0.009323673377912957,15064640.693,86.70394475030297
12577.0,1617.1,8,0.009307155206221746,15066257.793,86.71325190550918
16224.0,1616.54,5,0.009303932148330777,15067874.332999999,86.7225558376575
14336.0,1614.91,4,0.009294550747683854,15069489.242999999,86.73185038840518
15013.0,1610.82,10,0.009271010914158748,15071100.063,86.74112139931935
16860.0,1610.6200000000001,3,0.009269859822054832,15072710.682999998,86.7503912591414
13900.0,1610.5900000000001,6,0.009269687158239245,15074321.272999998,86.75966094629965
17814.0,1609.37,2,0.009262665496405349,15075930.642999997,86.76892361179604
12847.0,1609.0,2,0.009260535976013102,15077539.642999997,86.77818414777205
13249.0,1608.93,9,0.009260133093776731,15079148.572999997,86.78744428086583
14920.0,1607.17,3,0.009250003483262263,15080755.742999997,86.79669428434909
12947.0,1603.99,6,0.00923170111880998,15082359.732999997,86.80592598546791
17515.0,1602.51,9,0.009223183037240993,15083962.242999997,86.81514916850514
15325.0,1601.46,8,0.009217139803695429,15085563.702999998,86.82436630830884
14178.0,1600.26,7,0.009210233251071925,15087163.962999998,86.8335765415599
14885.0,1598.12,3,0.00919791656556001,15088762.082999997,86.84277445812548
12514.0,1597.7600000000002,2,0.009195844599772964,15090359.842999997,86.85197030272523
15134.0,1596.29,10,0.009187384072809172,15091956.132999996,86.86115768679804
17853.0,1596.29,3,0.009187384072809172,15093552.422999995,86.87034507087084
13850.0,1595.48,1,0.009182722149788306,15095147.902999995,86.87952779302064
13239.0,1594.69,5,0.009178175335977834,15096742.592999995,86.88870596835662
16801.0,1594.23,4,0.009175527824138826,15098336.822999995,86.89788149618074
17028.0,1593.83,3,0.00917322563993099,15099930.652999995,86.90705472182069
15289.0,1593.0900000000001,5,0.009168966599146497,15101523.742999995,86.91622368841983
17540.0,1590.6000000000001,6,0.00915463550245273,15103114.342999995,86.92537832392229
16092.0,1587.94,6,0.009139325977470632,15104702.282999994,86.93451764989975
17345.0,1586.63,10,0.009131786324189975,15106288.912999995,86.94364943622395
13156.0,1586.54,3,0.009131268332743213,15107875.452999994,86.95278070455669
16096.0,1584.97,4,0.009122232259727463,15109460.422999995,86.96190293681641
13740.0,1582.77,5,0.009109570246584375,15111043.192999994,86.971012507063
17867.0,1582.05,15,0.009105426315010273,15112625.242999995,86.98011793337801
14719.0,1581.8400000000001,5,0.00910421766830116,15114207.082999995,86.9892221510463
15279.0,1580.54,5,0.009096735569625699,15115787.622999994,86.99831888661593
13202.0,1580.3000000000002,7,0.009095354259101,15117367.922999995,87.00741424087504
14587.0,1580.29,9,0.009095296704495801,15118948.212999994,87.01650953757952
13752.0,1579.8300000000002,7,0.009092649192656795,15120528.042999994,87.02560218677219
17222.0,1579.51,6,0.009090807445290526,15122107.552999994,87.03469299421748
12607.0,1579.51,1,0.009090807445290526,15123687.062999994,87.04378380166277
17649.0,1578.8899999999999,3,0.009087239059768382,15125265.952999994,87.05287104072254
13186.0,1575.89,3,0.009069972678209626,15126841.842999995,87.06194101340074
12549.0,1575.68,6,0.009068764031500514,15128417.522999994,87.07100977743225
13337.0,1575.26,1,0.009066346738082287,15129992.782999994,87.08007612417032
14489.0,1574.93,4,0.009064447436110824,15131567.712999994,87.08914057160644
16099.0,1573.2,7,0.009054490489411942,15133140.912999993,87.09819506209584
17886.0,1572.55,6,0.00905074944007421,15134713.462999994,87.10724581153593
14136.0,1570.8100000000002,5,0.009040734938770133,15136284.272999994,87.1162865464747
14198.0,1569.73,9,0.00903451904140898,15137854.002999995,87.1253210655161
13539.0,1569.3600000000001,7,0.009032389521016733,15139423.362999994,87.13435345503711
17624.0,1568.63,4,0.009028188034837436,15140991.992999995,87.14338164307196
16774.0,1567.48,8,0.009021569255239913,15142559.472999996,87.1524032123272
17235.0,1562.98,8,0.008995669682901778,15144122.452999996,87.1613988820101
13939.0,1560.96,7,0.008984043652652214,15145683.412999997,87.17038292566276
15466.0,1560.46,4,0.008981165922392422,15147243.872999998,87.17936409158517
12629.0,1558.22,2,0.008968273690828551,15148802.092999998,87.188332365276
16394.0,1555.3400000000001,5,0.008951697964532145,15150357.432999998,87.19728406324053
14236.0,1555.3400000000001,5,0.008951697964532145,15151912.772999998,87.20623576120506
15149.0,1554.6100000000001,5,0.008947496478352848,15153467.382999998,87.2151832576834
18149.0,1553.96,7,0.008943755429015116,15155021.342999998,87.22412701311242
13360.0,1553.65,4,0.008941971236254044,15156574.992999999,87.23306898434868
14078.0,1553.47,9,0.008940935253360519,15158128.463,87.24200991960205
15074.0,1553.1299999999999,3,0.00893897839678386,15159681.593,87.25094889799884
13377.0,1552.88,2,0.008937539531653963,15161234.473000001,87.2598864375305
17851.0,1552.35,6,0.008934489137578583,15162786.823,87.26882092666808
17323.0,1551.04,12,0.008926949484297926,15164337.863,87.27774787615236
14987.0,1550.6499999999999,8,0.008924704854695287,15165888.513,87.28667258100707
14186.0,1550.63,5,0.008924589745484896,15167439.143000001,87.29559717075254
16366.0,1548.13,4,0.008910201094185933,15168987.273000002,87.30450737184674
17454.0,1547.94,10,0.008909107556687211,15170535.213000001,87.31341647940343
14754.0,1547.93,6,0.008909050002082017,15172083.143000001,87.3223255294055
16461.0,1545.83,3,0.008896963534990886,15173628.973000001,87.3312224929405
16790.0,1545.6200000000001,6,0.008895754888281773,15175174.593,87.34011824782878
16017.0,1545.58,5,0.008895524669860988,15176720.173,87.34901377249864
18036.0,1545.49,11,0.008895006678414226,15178265.663,87.35790877917705
15732.0,1543.97,10,0.008886258378424456,15179809.633000001,87.36679503755548
16915.0,1543.18,11,0.008881711564613985,15181352.813000001,87.37567674912009
13783.0,1542.09,4,0.008875438112647635,15182894.903,87.38455218723274
12818.0,1542.08,1,0.008875380558042439,15184436.983000001,87.39342756779078
17837.0,1541.23,8,0.008870488416600793,15185978.213000001,87.40229805620739
13310.0,1541.2,5,0.008870315752785204,15187519.413,87.41116837196017
15987.0,1535.99,8,0.008840329803478163,15189055.403,87.42000870176365
15798.0,1535.37,3,0.00883676141795602,15190590.773,87.4288454631816
14695.0,1534.2199999999998,3,0.008830142638358497,15192124.993,87.43767560581996
18252.0,1533.69,7,0.008827092244283118,15193658.683,87.44650269806425
16491.0,1533.1599999999999,2,0.008824041850207737,15195191.843,87.45532673991445
14567.0,1530.3600000000001,2,0.008807926560752898,15196722.203,87.4641346664752
15701.0,1529.0,4,0.008800099134446262,15198251.203,87.47293476560965
17990.0,1527.6100000000001,6,0.008792099044324039,15199778.813,87.48172686465396
12926.0,1523.97,4,0.008771149168032746,15201302.783,87.490498013822
16244.0,1522.75,2,0.008764127506198852,15202825.533,87.4992621413282
15587.0,1522.08,7,0.00876027134765073,15204347.613,87.50802241267586
16066.0,1521.04,5,0.00875428566871036,15205868.652999999,87.51677669834456
14055.0,1520.96,3,0.008753825231868795,15207389.613,87.52553052357644
14264.0,1517.3600000000001,6,0.008733105573998286,15208906.973,87.53426362915042
14068.0,1516.72,4,0.00872942207926575,15210423.693,87.5429930512297
14267.0,1516.24,3,0.008726659458216351,15211939.933,87.55171971068792
13791.0,1516.0,2,0.00872527814769165,15213455.933,87.56044498883561
14220.0,1515.0,4,0.008719522687172064,15214970.933,87.56916451152279
14682.0,1514.81,6,0.008718429149673341,15216485.743,87.57788294067245
17764.0,1513.57,5,0.008711292378629056,15217999.313000001,87.58659423305109
17610.0,1511.94,5,0.008701910977982133,15219511.253,87.59529614402906
17977.0,1511.4499999999998,2,0.008699090802327536,15221022.703,87.60399523483139
16037.0,1509.3400000000001,5,0.00868694678063121,15222532.043,87.61268218161203
15948.0,1509.0900000000001,3,0.008685507915501314,15224041.133,87.62136768952752
16910.0,1508.96,8,0.008684759705633769,15225550.093,87.63005244923315
13158.0,1508.18,5,0.00868027044642849,15227058.273,87.63873271967958
15261.0,1508.0,4,0.008679234463534965,15228566.273,87.64741195414312
17179.0,1507.26,6,0.008674975422750471,15230073.533,87.65608692956587
18022.0,1507.25,5,0.008674917868145277,15231580.783,87.66476184743401
15110.0,1505.85,6,0.008666860223417856,15233086.633,87.67342870765744
16450.0,1505.73,3,0.008666169568155507,15234592.363,87.6820948772256
14802.0,1502.98,2,0.008650342051726646,15236095.343,87.69074521927732
13810.0,1499.01,3,0.008627492873463892,15237594.353,87.69937271215078
16714.0,1497.33,4,0.008617823699790987,15239091.683,87.70799053585057
15590.0,1496.6,5,0.00861362221361169,15240588.283,87.71660415806419
16340.0,1496.2399999999998,3,0.008611550247824638,15242084.523,87.725215708312
15173.0,1494.6,7,0.008602111292572519,15243579.123,87.73381781960458
14894.0,1492.81,3,0.008591809018242462,15245071.933,87.74240962862282
16239.0,1492.2,6,0.008588298187325516,15246564.133,87.75099792681014
16314.0,1491.4,3,0.008583693818909846,15248055.533,87.75958162062906
18268.0,1490.23,6,0.00857695993010193,15249545.763,87.76815858055916
13042.0,1488.59,3,0.008567520974849809,15251034.353,87.77672610153401
17290.0,1487.96,8,0.008563895034722472,15252522.313000001,87.78528999656874
14609.0,1486.2,10,0.008553765424208002,15254008.513,87.79384376199295
16654.0,1484.0700000000002,8,0.008541506293301285,15255492.583,87.80238526828624
15630.0,1481.4,3,0.008526139213713991,15256973.983000001,87.81091140749996
15101.0,1477.94,6,0.008506225320316224,15258451.923,87.81941763282028
13240.0,1475.79,8,0.008493851080199115,15259927.713,87.82791148390046
14246.0,1474.06,3,0.008483894133500232,15261401.773,87.83639537803397
16907.0,1470.8899999999999,9,0.008465649323653146,15262872.663,87.84486102735762
17590.0,1468.02,3,0.008449131151961936,15264340.683,87.85331015850959
13500.0,1466.3,4,0.008439231759868248,15265806.983000001,87.86174939026947
16419.0,1463.7,8,0.008424267562517327,15267270.683,87.87017365783197
12882.0,1463.04,2,0.008420468958574399,15268733.723,87.87859412679055
16586.0,1462.78,3,0.008418972538839307,15270196.502999999,87.88701309932937
18196.0,1457.19,4,0.008386799514534825,15271653.692999998,87.8953998988439
16835.0,1456.66,6,0.008383749120459444,15273110.352999998,87.90378364796436
14829.0,1455.8700000000001,7,0.008379202306648972,15274566.222999997,87.91216285027102
15071.0,1455.5600000000002,4,0.008377418113887902,15276021.782999998,87.92054026838491
16569.0,1455.23,5,0.008375518811916437,15277477.012999998,87.92891578719683
13649.0,1453.68,6,0.00836659784811108,15278930.692999998,87.93728238504494
12970.0,1453.6,10,0.008366137411269512,15280384.292999998,87.9456485224562
17259.0,1452.39,6,0.008359173304040814,15281836.682999998,87.95400769576024
13165.0,1451.1599999999999,3,0.008352094087601724,15283287.842999998,87.96235978984784
13361.0,1450.5,2,0.008348295483658797,15284738.342999998,87.97070808533151
14657.0,1450.19,6,0.008346511290897727,15286188.532999998,87.97905459662239
16121.0,1450.04,5,0.008345647971819789,15287638.572999997,87.98740024459421
15876.0,1449.1399999999999,2,0.008340468057352161,15289087.712999998,87.99574071265157
13023.0,1449.03,3,0.008339834956695007,15290536.742999997,88.00408054760825
15076.0,1447.7400000000002,3,0.008332410412624744,15291984.482999997,88.01241295802087
17582.0,1446.95,5,0.00832786359881427,15293431.432999996,88.0207408216197
17073.0,1446.09,4,0.008322913902767426,15294877.522999996,88.02906373552246
13583.0,1445.031,2,0.008316818870077184,15296322.553999996,88.03738055439254
15636.0,1444.58,4,0.00831422315738285,15297767.133999996,88.04569477754993
17175.0,1443.69,4,0.008309100797520421,15299210.823999995,88.05400387834744
17734.0,1442.3200000000002,6,0.00830121581660859,15300653.143999996,88.06230509416405
18106.0,1441.06,6,0.00829396393635391,15302094.203999996,88.07059905810041
18066.0,1440.4,3,0.008290165332410985,15303534.603999997,88.07888922343282
13543.0,1439.6100000000001,2,0.008285618518600513,15304974.213999996,88.08717484195141
14071.0,1437.57,8,0.008273877379140556,15306411.783999996,88.09544871933056
16088.0,1437.4299999999998,2,0.008273071614667815,15307849.213999996,88.10372179094522
13278.0,1435.85,4,0.00826397798704687,15309285.063999996,88.11198576893227
12805.0,1434.95,4,0.008258798072579244,15310720.013999995,88.12024456700485
16140.0,1433.46,3,0.008250222436405061,15312153.473999996,88.12849478944125
12389.0,1433.33,3,0.008249474226537514,15313586.803999996,88.1367442636678
17941.0,1433.28,4,0.008249186453511536,15315020.083999995,88.1449934501213
13531.0,1433.07,6,0.008247977806802422,15316453.153999995,88.1532414279281
13475.0,1431.78,4,0.008240553262732157,15317884.933999995,88.16148198119083
15427.0,1430.54,3,0.008233416491687871,15319315.473999994,88.16971539768251
15468.0,1430.48,3,0.008233071164056695,15320745.953999994,88.17794846884657
14684.0,1430.03,6,0.008230481206822883,15322175.983999994,88.18617895005339
13159.0,1429.35,4,0.008226567493669562,15323605.333999993,88.19440551754705
15889.0,1427.6,8,0.008216495437760289,15325032.933999993,88.20262201298482
14412.0,1426.19,3,0.008208380238427675,15326459.123999992,88.21083039322323
17411.0,1425.38,5,0.00820371831540681,15327884.503999993,88.21903411153865
18221.0,1424.94,6,0.008201185912778191,15329309.443999993,88.22723529745143
16980.0,1422.83,3,0.008189041891081866,15330732.273999993,88.23542433934252
17438.0,1422.77,5,0.008188696563450691,15332155.043999992,88.24361303590595
15106.0,1422.52,5,0.008187257698320795,15333577.563999992,88.25180029360428
16463.0,1422.4,4,0.008186567043058444,15334999.963999992,88.25998686064734
14019.0,1421.6100000000001,3,0.008182020229247973,15336421.573999992,88.26816888087659
15799.0,1421.3400000000001,4,0.008180466254907684,15337842.913999991,88.27634934713149
16173.0,1418.32,6,0.008163084764138536,15339261.233999992,88.28451243189564
17856.0,1418.03,4,0.008161415680587857,15340679.263999991,88.29267384757621
15223.0,1417.95,5,0.00816095524374629,15342097.21399999,88.30083480281996
16245.0,1413.66,3,0.008136264318117268,15343510.87399999,88.30897106713807
17496.0,1412.89,4,0.008131832613517187,15344923.763999991,88.3171028997516
15237.0,1412.3200000000002,4,0.008128552001021023,15346336.083999991,88.32523145175261
16848.0,1411.62,4,0.008124523178657313,15347747.70399999,88.33335597493127
15444.0,1411.21,2,0.008122163439844284,15349158.913999991,88.34147813837112
16906.0,1410.92,7,0.008120494356293605,15350569.833999991,88.3495986327274
17714.0,1410.18,5,0.00811623531550911,15351980.013999991,88.35771486804292
17545.0,1409.8600000000001,6,0.008114393568142843,15353389.87399999,88.36582926161107
16854.0,1408.96,2,0.008109213653675217,15354798.833999991,88.37393847526474
13049.0,1408.24,4,0.008105069722101114,15356207.073999992,88.38204354498684
12695.0,1407.12,7,0.008098623606319178,15357614.19399999,88.39014216859316
15652.0,1405.94,5,0.008091832162906067,15359020.13399999,88.39823400075606
14909.0,1404.6799999999998,3,0.00808458028265139,15360424.81399999,88.40631858103872
12765.0,1404.58,6,0.00808400473659943,15361829.39399999,88.4144025857753
18189.0,1403.73,3,0.008079112595157784,15363233.12399999,88.42248169837048
15186.0,1403.2,5,0.008076062201082403,15364636.32399999,88.43055776057155
13259.0,1402.54,9,0.008072263597139476,15366038.863999989,88.43863002416869
14687.0,1402.06,3,0.008069500976090075,15367440.92399999,88.44669952514478
18202.0,1396.99,3,0.008040320791255776,15368837.91399999,88.45473984593603
16129.0,1396.05,3,0.008034910658367367,15370233.96399999,88.46277475659441
15322.0,1390.86,2,0.008005039818270717,15371624.82399999,88.47077979641267
15141.0,1388.47,7,0.007991284267628908,15373013.29399999,88.4787710806803
12952.0,1387.79,4,0.00798737055447559,15374401.08399999,88.48675845123478
13382.0,1387.58,5,0.007986161907766477,15375788.66399999,88.49474461314254
15996.0,1386.4,7,0.007979370464353366,15377175.06399999,88.5027239836069
16167.0,1386.1200000000001,5,0.007977758935407883,15378561.18399999,88.5107017425423
18167.0,1384.8600000000001,3,0.007970507055153205,15379946.043999989,88.51867224959746
13572.0,1384.25,1,0.007966996224236257,15381330.293999989,88.52663924582168
14116.0,1382.74,5,0.007958305478851683,15382713.033999989,88.53459755130054
16389.0,1382.07,4,0.00795444932030356,15384095.10399999,88.54255200062084
14861.0,1380.73,10,0.007946737003207317,15385475.83399999,88.55049873762405
15751.0,1380.44,11,0.007945067919656637,15386856.273999989,88.5584438055437
13821.0,1379.08,6,0.00793724049335,15388235.35399999,88.56638104603705
17878.0,1378.93,3,0.007936377174272062,15389614.283999989,88.57431742321133
13074.0,1378.74,4,0.00793528363677334,15390993.023999989,88.58225270684811
12886.0,1378.4,2,0.007933326780196683,15392371.42399999,88.5901860336283
16727.0,1377.77,4,0.007929700840069342,15393749.193999989,88.59811573446837
14853.0,1376.8700000000001,5,0.007924520925601718,15395126.063999988,88.60604025539396
14662.0,1376.43,7,0.007921988522973098,15396502.493999988,88.61396224391693
15580.0,1375.39,8,0.007916002844032731,15397877.883999988,88.62187824676097
13579.0,1374.3400000000001,5,0.007909959610487165,15399252.223999988,88.62978820637146
14265.0,1373.35,4,0.007904261704572774,15400625.573999988,88.63769246807604
14434.0,1372.7999999999997,6,0.007901096201287003,15401998.373999989,88.64559356427732
15453.0,1371.77,7,0.00789516807695183,15403370.143999988,88.65348873235426
14538.0,1370.8400000000001,5,0.007889815498668616,15404740.983999988,88.66137854785295
13155.0,1370.48,6,0.007887743532881564,15406111.463999989,88.66926629138582
14316.0,1370.34,5,0.007886937768408823,15407481.803999988,88.67715322915423
12533.0,1367.89,2,0.00787283689013584,15408849.693999989,88.68502606604437
16300.0,1367.3200000000002,3,0.007869556277639675,15410217.01399999,88.69289562232201
13035.0,1364.2,3,0.007851599240818567,15411581.213999989,88.70074722156282
14577.0,1364.15,7,0.007851311467792589,15412945.363999989,88.70859853303062
14114.0,1364.09,7,0.007850966140161413,15414309.453999989,88.71644949917078
13760.0,1363.6399999999999,5,0.007848376182927599,15415673.09399999,88.72429787535371
16588.0,1361.28,4,0.007834793296101377,15417034.373999989,88.73213266864981
13396.0,1360.99,2,0.007833124212550698,15418395.363999989,88.73996579286236
13919.0,1360.68,4,0.007831340019789627,15419756.043999989,88.74779713288214
16384.0,1358.95,4,0.007821383073090743,15421114.993999988,88.75561851595523
17150.0,1357.95,6,0.007815627612571159,15422472.943999987,88.76343414356779
17429.0,1357.46,5,0.007812807436916562,15423830.403999988,88.77124695100473
12875.0,1356.99,5,0.007810102370472356,15425187.393999988,88.7790570533752
17054.0,1356.33,5,0.007806303766529429,15426543.723999988,88.78686335714173
15116.0,1352.75,4,0.007785699217869314,15427896.473999988,88.7946490563596
16079.0,1352.0,3,0.007781382622479624,15429248.473999988,88.80243043898207
16367.0,1350.48,3,0.007772634322489854,15430598.953999989,88.81020307330458
17025.0,1349.67,5,0.00776797239946899,15431948.623999989,88.81797104570404
14847.0,1348.95,3,0.007763828467894889,15433297.573999988,88.82573487417193
15411.0,1348.93,4,0.007763713358684497,15434646.503999988,88.83349858753061
16669.0,1348.8799999999999,3,0.0077634255856585165,15435995.383999988,88.84126201311628
12646.0,1346.97,2,0.0077524326560661095,15437342.35399999,88.84901444577234
14320.0,1346.75,5,0.007751166454751801,15438689.10399999,88.8567656122271
13639.0,1346.27,2,0.007748403833702399,15440035.373999989,88.8645140160608
15398.0,1345.53,2,0.0077441447929179055,15441380.903999988,88.87225816085372
12426.0,1345.21,2,0.007742303045551639,15442726.113999989,88.88000046389926
14550.0,1345.06,4,0.007741439726473701,15444071.17399999,88.88774190362574
12463.0,1344.78,4,0.007739828197528216,15445415.953999989,88.89548173182327
15154.0,1343.72,3,0.0077337274093774565,15446759.67399999,88.90321545923265
14618.0,1342.3200000000002,7,0.007725669764650038,15448101.99399999,88.9109411289973
18085.0,1341.85,4,0.0077229646982058305,15449443.84399999,88.91866409369551
13743.0,1341.6,7,0.0077215258330759345,15450785.443999989,88.92638561952857
17499.0,1341.3899999999999,2,0.00772031718636682,15452126.83399999,88.93410593671494
17951.0,1340.5800000000002,4,0.007715655263345959,15453467.41399999,88.9418215919783
12620.0,1339.4099999999999,3,0.007708921374538041,15454806.82399999,88.94953051335284
12711.0,1339.0500000000002,2,0.007706849408750992,15456145.87399999,88.95723736276159
12591.0,1338.95,3,0.007706273862699033,15457484.82399999,88.96494363662428
13803.0,1338.91,3,0.007706043644278251,15458823.73399999,88.97264968026857
13506.0,1338.08,5,0.007701266612046993,15460161.81399999,88.98035094688062
13220.0,1336.09,5,0.007689813245613018,15461497.90399999,88.98804076012622
12919.0,1335.19,6,0.007684633331145392,15462833.09399999,88.99572539345738
17033.0,1332.79,4,0.007670820225898387,15464165.883999988,89.00339621368326
17932.0,1331.57,3,0.007663798564064492,15465497.453999989,89.01106001224733
14899.0,1331.38,1,0.007662705026565771,15466828.83399999,89.01872271727389
16295.0,1328.55,4,0.007646417073295343,15468157.38399999,89.02636913434719
13232.0,1328.35,7,0.007645265981191426,15469485.73399999,89.03401440032839
14712.0,1328.0700000000002,4,0.007643654452245944,15470813.80399999,89.04165805478064
15146.0,1327.16,2,0.0076384169831731205,15472140.96399999,89.04929647176381
14956.0,1325.0,1,0.007625985188450816,15473465.96399999,89.05692245695226
12960.0,1322.0700000000002,4,0.00760912168912843,15474788.03399999,89.06453157864138
14591.0,1320.21,4,0.007598416532562001,15476108.243999992,89.07212999517395
12526.0,1316.6599999999999,3,0.007577984647717471,15477424.903999992,89.07970797982168
14921.0,1316.07,2,0.007574588926010916,15478740.973999992,89.08728256874768
14511.0,1314.81,5,0.007567337045756238,15480055.783999993,89.09484990579344
14973.0,1314.45,3,0.007565265079969187,15481370.233999992,89.1024151708734
16296.0,1313.67,4,0.007560775820763911,15482683.903999992,89.10997594669418
13282.0,1313.19,4,0.007558013199714509,15483997.093999991,89.11753395989388
12364.0,1313.1,4,0.007557495208267748,15485310.19399999,89.12509145510215
16756.0,1312.3700000000001,7,0.00755329372208845,15486622.56399999,89.13264474882423
12639.0,1312.3700000000001,3,0.00755329372208845,15487934.93399999,89.14019804254632
12987.0,1312.21,5,0.007552372848405316,15489247.14399999,89.14775041539473
17027.0,1310.63,9,0.0075432792207843725,15490557.77399999,89.15529369461551
13855.0,1310.34,4,0.007541610137233691,15491868.11399999,89.16283530475275
12717.0,1308.91,3,0.0075333798286906836,15493177.02399999,89.17036868458143
16377.0,1308.48,2,0.007530904980667262,15494485.503999991,89.17789958956212
13328.0,1308.48,1,0.007530904980667262,15495793.983999992,89.18543049454279
13846.0,1307.79,4,0.007526933712908748,15497101.77399999,89.19295742825568
16282.0,1307.58,3,0.007525725066199636,15498409.353999991,89.20048315332188
16894.0,1306.96,3,0.007522156680677493,15499716.313999992,89.20800531000256
15677.0,1305.63,3,0.007514501918186444,15501021.943999993,89.21551981192076
14297.0,1305.33,4,0.007512775280030567,15502327.273999993,89.22303258720079
15813.0,1303.9099999999999,2,0.007504602526092756,15503631.183999993,89.23053718972687
15400.0,1302.3,8,0.007495336234656223,15504933.483999994,89.23803252596154
16370.0,1301.91,4,0.007493091605053586,15506235.393999994,89.2455256175666
16574.0,1301.78,3,0.0074923433951860395,15507537.173999993,89.25301796096178
15108.0,1300.25,4,0.007483537540591073,15508837.423999993,89.26050149850238
14284.0,1299.65,3,0.007480084264279323,15510137.073999994,89.26798158276665
14480.0,1299.52,4,0.007479336054411775,15511436.593999993,89.27546091882105
16943.0,1299.49,5,0.007479163390596189,15512736.083999993,89.28294008221165
12488.0,1298.66,3,0.007474386358364934,15514034.743999993,89.29041446857002
16464.0,1298.6599999999999,3,0.007474386358364932,15515333.403999994,89.29788885492839
12372.0,1298.04,3,0.007470817972842789,15516631.443999993,89.30535967290123
18286.0,1296.43,2,0.007461551681406258,15517927.873999992,89.31282122458263
16929.0,1295.39,7,0.007455566002465889,15519223.263999993,89.32027679058511
13440.0,1295.25,7,0.007454760237993146,15520518.513999993,89.3277315508231
16212.0,1293.71,4,0.007445896828792984,15521812.223999994,89.33517744765189
15621.0,1293.03,4,0.0074419831156396655,15523105.253999993,89.34261943076753
16777.0,1292.18,5,0.007437090974198019,15524397.433999993,89.35005652174172
15471.0,1292.01,3,0.007436112545909689,15525689.443999993,89.35749263428764
16744.0,1291.9099999999999,7,0.00743553699985773,15526981.353999993,89.36492817128749
17109.0,1291.71,8,0.007434385907753813,15528273.063999994,89.37236255719525
14619.0,1291.24,2,0.007431680841309608,15529564.303999994,89.37979423803655
14856.0,1290.53,3,0.007427594464340702,15530854.833999993,89.3872218325009
16372.0,1290.31,5,0.0074263282630263935,15532145.143999994,89.39464816076392
15171.0,1289.5,1,0.007421666340005529,15533434.643999994,89.40206982710393
14679.0,1289.44,3,0.007421321012374355,15534724.083999993,89.4094911481163
15774.0,1288.3400000000001,6,0.00741499000580281,15536012.423999993,89.41690613812212
15136.0,1286.7,4,0.007405551050550689,15537299.123999992,89.42431168917265
16608.0,1286.62,2,0.007405090613709122,15538585.743999992,89.43171677978637
16949.0,1286.27,6,0.007403076202527268,15539872.013999991,89.43911985598888
13300.0,1285.51,3,0.007398702052532383,15541157.52399999,89.4465185580414
13617.0,1278.75,8,0.007359795139419985,15542436.27399999,89.45387835318084
17521.0,1278.06,5,0.0073558238716614705,15543714.333999991,89.46123417705249
16951.0,1277.75,3,0.007354039678900399,15544992.083999991,89.4685882167314
14478.0,1276.6599999999999,4,0.00734776622693405,15546268.743999992,89.47593598295833
17034.0,1276.42,5,0.00734638491640935,15547545.163999991,89.48328236787474
13916.0,1275.81,4,0.007342874085492403,15548820.973999992,89.49062524196025
17142.0,1275.25,4,0.007339651027601436,15550096.223999992,89.49796489298784
14820.0,1274.76,9,0.0073368308519468385,15551370.983999992,89.50530172383978
15809.0,1274.44,7,0.007334989104580571,15552645.423999991,89.51263671294436
14167.0,1274.29,8,0.007334125785502633,15553919.71399999,89.51997083872986
13138.0,1274.01,7,0.00733251425655715,15555193.72399999,89.52730335298642
14490.0,1273.47,2,0.0073294063078765724,15556467.19399999,89.5346327592943
13443.0,1273.1599999999999,6,0.007327622115115501,15557740.353999991,89.54196038140941
17478.0,1272.8000000000002,2,0.0073255501493284525,15559013.153999992,89.54928593155874
12394.0,1272.48,2,0.007323708401962183,15560285.633999992,89.5566096399607
17341.0,1272.21,5,0.007322154427621895,15561557.843999993,89.56393179438834
16222.0,1272.05,2,0.007321233553938762,15562829.893999994,89.57125302794228
12630.0,1270.88,2,0.007314499665130847,15564100.773999995,89.5785675276074
13492.0,1269.8400000000001,3,0.007308513986190478,15565370.613999994,89.58587604159361
15439.0,1269.0500000000002,4,0.007303967172380007,15566639.663999995,89.593180008766
15584.0,1268.2,6,0.007299075030938358,15567907.863999994,89.60047908379693
13892.0,1267.65,6,0.007295909527652586,15569175.513999995,89.60777499332457
17037.0,1267.32,1,0.0072940102256811214,15570442.833999995,89.61506900355026
17531.0,1266.82,3,0.007291132495421329,15571709.653999995,89.62236013604569
14487.0,1266.27,7,0.007287966992135558,15572975.923999995,89.62964810303782
13515.0,1265.8200000000002,6,0.007285377034901745,15574241.743999995,89.63693348007273
17635.0,1265.58,3,0.007283995724377042,15575507.323999995,89.64421747579709
14379.0,1265.1599999999999,4,0.007281578430958817,15576772.483999996,89.65149905422805
16842.0,1264.19,3,0.00727599563425482,15578036.673999995,89.6587750498623
14427.0,1263.52,4,0.007272139475706697,15579300.193999995,89.66604718933802
17759.0,1261.8799999999999,5,0.007262700520454576,15580562.073999995,89.67330988985847
16688.0,1260.86,4,0.007256829950724599,15581822.933999995,89.68056671980919
14984.0,1260.51,6,0.007254815539542745,15583083.443999995,89.68782153534873
18035.0,1260.23,5,0.007253204010597261,15584343.673999995,89.69507473935934
17343.0,1259.94,6,0.0072515349270465814,15585603.613999994,89.70232627428638
12993.0,1259.63,8,0.00724975073428551,15586863.243999995,89.70957602502067
13689.0,1259.5,2,0.007249002524417964,15588122.743999995,89.71682502754508
15009.0,1259.43,3,0.007248599642181593,15589382.173999995,89.72407362718727
15651.0,1259.06,5,0.007246470121789346,15590641.233999996,89.73132009730907
14474.0,1258.8899999999999,2,0.007245491693501016,15591900.123999996,89.73856558900256
14931.0,1257.68,5,0.007238527586272319,15593157.803999996,89.74580411658883
12402.0,1256.9,6,0.007234038327067041,15594414.703999996,89.7530381549159
17481.0,1255.59,4,0.007226498673786383,15595670.293999996,89.7602646535897
17862.0,1254.89,4,0.007222469851422674,15596925.183999997,89.76748712344111
14419.0,1254.64,7,0.007221030986292778,15598179.823999997,89.7747081544274
15064.0,1254.41,4,0.007219707230373273,15599434.233999997,89.78192786165778
15441.0,1254.21,3,0.007218556138269356,15600688.443999998,89.78914641779606
15664.0,1254.03,4,0.007217520155375831,15601942.473999998,89.79636393795143
16292.0,1253.76,5,0.007215966181035543,15603196.233999997,89.80357990413246
14725.0,1252.74,4,0.007210095611305565,15604448.973999998,89.81078999974378
15579.0,1250.63,5,0.00719795158960924,15605699.603999998,89.8179879513334
15599.0,1250.06,3,0.0071946709771130764,15606949.663999999,89.8251826223105
18135.0,1249.6200000000001,10,0.007192138574484459,15608199.283999998,89.83237476088497
14020.0,1249.01,4,0.007188627743567511,15609448.293999998,89.83956338862855
12666.0,1248.42,1,0.007185232021860956,15610696.713999998,89.8467486206504
14383.0,1247.69,3,0.007181030535681659,15611944.403999997,89.85392965118609
12689.0,1247.6100000000001,2,0.007180570098840092,15613192.013999997,89.86111022128492
14240.0,1247.49,3,0.007179879443577741,15614439.503999997,89.86829010072852
13860.0,1245.9,5,0.007170728261351601,15615685.403999997,89.87546082898986
17076.0,1242.75,6,0.0071525985607149055,15616928.153999997,89.88261342755057
17529.0,1240.25,2,0.007138209909415942,15618168.403999997,89.88975163746
13863.0,1239.55,4,0.007134181087052232,15619407.953999998,89.89688581854705
12985.0,1239.38,2,0.007133202658763904,15620647.333999999,89.90401902120581
17796.0,1236.39,7,0.007115993831810342,15621883.724,89.91113501503763
14231.0,1235.62,4,0.007111562127210261,15623119.343999999,89.91824657716482
13201.0,1233.06,4,0.007096828148280122,15624352.404,89.92534340531311
12605.0,1232.95,4,0.007096195047622968,15625585.353999998,89.93243960036074
16527.0,1232.94,2,0.007096137493017772,15626818.293999998,89.93953573785375
16159.0,1232.79,4,0.007095274173939834,15628051.083999997,89.9466310120277
18080.0,1231.5,2,0.007087849629869568,15629282.583999997,89.95371886165755
16723.0,1231.3600000000001,4,0.007087043865396828,15630513.943999996,89.96080590552295
14821.0,1230.15,7,0.007080079758168129,15631744.093999997,89.96788598528111
12673.0,1230.02,3,0.007079331548300582,15632974.113999996,89.97496531682941
13019.0,1229.95,6,0.0070789286660642116,15634204.063999996,89.98204424549547
14871.0,1228.17,9,0.00706868394633935,15635432.233999996,89.98911292944182
17342.0,1227.54,4,0.007065058006212011,15636659.773999995,89.99617798744802
12866.0,1227.35,3,0.0070639644687132885,15637887.123999994,90.00324195191673
15800.0,1227.07,7,0.007062352939767804,15639114.193999995,90.0103043048565
13402.0,1226.85,4,0.007061086738453496,15640341.043999994,90.01736539159495
15269.0,1225.3600000000001,3,0.0070525111022793135,15641566.403999994,90.02441790269722
15303.0,1224.18,3,0.0070457196588662035,15642790.583999993,90.03146362235609
14428.0,1224.06,5,0.007045029003603853,15644014.643999994,90.0385086513597
13787.0,1222.5,6,0.007036050485193299,15645237.143999994,90.04554470184489
16946.0,1222.04,5,0.007033402973354289,15646459.183999993,90.05257810481825
15376.0,1221.56,3,0.007030640352304888,15647680.743999993,90.05960874517055
17132.0,1220.9099999999999,2,0.007026899302967158,15648901.653999994,90.06663564447351
14430.0,1220.9,3,0.0070268417483619625,15650122.553999994,90.07366248622188
15004.0,1220.77,1,0.007026093538494416,15651343.323999994,90.08068857976038
13243.0,1220.38,5,0.007023848908891779,15652563.703999994,90.08771242866928
13299.0,1218.7,3,0.007014179735218874,15653782.403999994,90.09472660840449
13304.0,1217.99,4,0.007010093358249969,15655000.393999994,90.10173670176273
14698.0,1217.27,5,0.0070059494266758665,15656217.663999993,90.10874265118942
15390.0,1216.66,2,0.00700243859575892,15657434.323999994,90.11574508978516
14512.0,1215.97,7,0.006998467328000406,15658650.293999994,90.12274355711317
15661.0,1215.9499999999998,8,0.006998352218790013,15659866.243999993,90.12974190933195
17410.0,1214.72,5,0.006991273002350924,15661080.963999994,90.13673318233431
13405.0,1213.8110000000001,6,0.006986041288738622,15662294.774999995,90.14371922362305
18263.0,1213.16,3,0.00698229448394037,15663507.934999995,90.150701518107
16872.0,1213.1299999999999,6,0.006982121820124782,15664721.064999996,90.15768363992713
13918.0,1212.8400000000001,2,0.006980452736574104,15665933.904999996,90.1646640926637
16653.0,1212.6599999999999,2,0.006979416753680578,15667146.564999996,90.1716435094174
12464.0,1212.05,8,0.0069759059227636295,15668358.614999996,90.17861941534015
15377.0,1211.75,4,0.006974179284607755,15669570.364999996,90.18559359462476
14193.0,1210.19,3,0.0069652007661972016,15670780.554999996,90.19255879539095
17653.0,1207.56,4,0.006950063905030691,15671988.114999996,90.19950885929599
16830.0,1207.5,4,0.006949718577399516,15673195.614999996,90.20645857787338
18193.0,1207.35,3,0.006948855258321578,15674402.964999996,90.2134074331317
16762.0,1207.2400000000002,3,0.006948222157664425,15675610.204999996,90.22035565528938
12742.0,1201.52,1,0.006915300923492395,15676811.724999996,90.22727095621286
17360.0,1200.51,6,0.0069094879083676135,15678012.234999996,90.23418044412122
14446.0,1200.28,5,0.006908164152448109,15679212.514999995,90.24108860827367
15181.0,1200.2,5,0.006907703715606542,15680412.714999994,90.24799631198928
15600.0,1199.31,4,0.006902581355744111,15681612.024999995,90.25489889334503
17397.0,1198.28,3,0.006896653231408938,15682810.304999994,90.26179554657642
17713.0,1198.0900000000001,4,0.006895559693910217,15684008.394999994,90.26869110627034
16307.0,1194.92,3,0.006877314884063131,15685203.314999994,90.27556842115439
15145.0,1194.73,4,0.006876221346564409,15686398.044999994,90.28244464250096
13723.0,1194.08,6,0.0068724802972266776,15687592.124999994,90.2893171227982
14382.0,1193.63,2,0.006869890339992866,15688785.754999995,90.29618701313818
14201.0,1193.54,10,0.006869372348546102,15689979.294999994,90.30305638548674
12611.0,1193.32,1,0.006868106147231793,15691172.614999995,90.30992449163396
13293.0,1192.94,6,0.006865919072234351,15692365.554999994,90.31679041070619
13976.0,1192.3600000000001,4,0.006862580905132992,15693557.914999994,90.32365299161133
14213.0,1192.2,1,0.006861660031449859,15694750.114999993,90.33051465164277
16501.0,1191.23,1,0.00685607723474586,15695941.344999993,90.33737072887752
13882.0,1191.13,5,0.006855501688693901,15697132.474999994,90.34422623056622
16471.0,1189.98,4,0.006848882909096379,15698322.454999994,90.35107511347532
12462.0,1189.5900000000001,2,0.006846638279493741,15699512.044999994,90.35792175175482
17239.0,1189.45,4,0.006845832515020998,15700701.494999994,90.36476758426983
14275.0,1189.3799999999999,6,0.006845429632784626,15701890.874999994,90.37161301390262
18057.0,1188.46,3,0.006840134609106608,15703079.334999995,90.37845314851172
15573.0,1188.4199999999998,5,0.006839904390685823,15704267.754999995,90.38529305290241
18181.0,1188.3400000000001,5,0.0068394439538442585,15705456.094999995,90.39213249685626
15737.0,1188.1200000000001,8,0.00683817775252995,15706644.214999994,90.39897067460878
17800.0,1187.21,9,0.006832940283457126,15707831.424999995,90.40580361489225
13388.0,1185.6499999999999,3,0.006823961765046572,15709017.074999996,90.41262757665729
18060.0,1185.46,2,0.006822868227547851,15710202.534999996,90.41945044488484
14206.0,1185.01,3,0.006820278270314038,15711387.544999996,90.42627072315516
15259.0,1182.3799999999999,4,0.006805141409147528,15712569.924999997,90.4330758645643
17021.0,1182.22,6,0.006804220535464395,15713752.144999998,90.43988008509977
13526.0,1182.0,2,0.006802954334150086,15714934.144999998,90.44668303943394
13395.0,1180.23,3,0.00679276716903042,15716114.374999998,90.45347580660295
18277.0,1180.05,5,0.006791731186136893,15717294.424999999,90.46026753778911
17058.0,1179.89,3,0.006790810312453761,15718474.315,90.46705834810156
16614.0,1179.79,3,0.006790234766401802,15719654.104999999,90.47384858286796
16693.0,1179.48,5,0.00678845057364073,15720833.584999999,90.4806370334416
13797.0,1179.45,3,0.006788277909825144,15722013.034999998,90.48742531135142
16345.0,1178.79,2,0.006784479305882216,15723191.824999997,90.4942097906573
18025.0,1177.72,6,0.006778320963126259,15724369.544999998,90.50098811162043
17539.0,1176.84,4,0.006773256157869024,15725546.384999998,90.5077613677783
13233.0,1176.46,4,0.006771069082871582,15726722.844999999,90.51453243686117
15210.0,1176.19,3,0.0067695151085312944,15727899.034999998,90.5213019519697
14370.0,1175.78,6,0.006767155369718263,15729074.814999998,90.52806910733942
15994.0,1175.68,3,0.006766579823666306,15730250.494999997,90.53483568716308
12885.0,1175.22,3,0.006763932311827296,15731425.714999998,90.54159961947491
15068.0,1174.9,4,0.006762090564461028,15732600.614999998,90.54836171003937
12640.0,1174.5800000000002,3,0.006760248817094762,15733775.194999998,90.55512195885646
14126.0,1172.46,4,0.0067480472407932405,15734947.655,90.56187000609727
12691.0,1170.4,7,0.006736190992122894,15736118.055,90.5686061970894
18071.0,1169.68,6,0.006732047060548793,15737287.735,90.57533824414993
16926.0,1169.61,5,0.0067316441783124206,15738457.344999999,90.58206988832825
17373.0,1167.5,7,0.006719500156616096,15739624.844999999,90.58878938848487
13497.0,1166.83,6,0.006715643998067973,15740791.674999999,90.59550503248293
17950.0,1166.29,7,0.006712536049387398,15741957.964999998,90.60221756853231
17664.0,1166.23,4,0.006712190721756222,15743124.194999998,90.60892975925408
14693.0,1165.3600000000001,7,0.006707183471104183,15744289.554999998,90.61563694272517
14261.0,1163.45,2,0.006696190541511774,15745453.004999997,90.6223331332667
16800.0,1162.65,1,0.006691586173096106,15746615.654999997,90.62902471943978
15347.0,1162.0,4,0.006687845123758375,15747777.654999997,90.63571256456355
17525.0,1161.9,3,0.0066872695777064175,15748939.554999998,90.64239983414126
12546.0,1161.5,2,0.006684967393498583,15750101.054999998,90.64908480153476
12972.0,1161.2,4,0.006683240755342707,15751262.254999997,90.65576804229009
13897.0,1160.72,3,0.006680478134293306,15752422.974999998,90.66244852042439
13459.0,1160.4099999999999,2,0.006678693941532233,15753583.384999998,90.66912721436591
15088.0,1160.0700000000002,2,0.006676737084955576,15754743.454999998,90.67580395145087
13601.0,1159.99,4,0.006676276648114008,15755903.444999998,90.68248022809898
17978.0,1159.9899999999998,4,0.006676276648114007,15757063.434999999,90.6891565047471
16838.0,1159.6100000000001,4,0.006674089573116566,15758223.044999998,90.69583059432021
13499.0,1159.1100000000001,5,0.006671211842856774,15759382.154999997,90.70250180616307
17513.0,1158.8000000000002,3,0.0066694276500957024,15760540.954999998,90.70917123381317
16184.0,1158.79,6,0.006669370095490506,15761699.744999997,90.71584060390866
17169.0,1156.73,3,0.0066575138468201595,15762856.474999998,90.72249811775548
14788.0,1156.32,3,0.006655154108007128,15764012.794999998,90.72915327186348
17127.0,1155.0300000000002,5,0.006647729563936865,15765167.824999997,90.73580100142742
16637.0,1154.47,4,0.006644506506045897,15766322.294999998,90.74244550793347
13462.0,1153.85,5,0.006640938120523752,15767476.144999998,90.749086446054
14818.0,1153.56,6,0.006639269036973073,15768629.704999998,90.75572571509096
17984.0,1152.19,5,0.006631384056061242,15769781.894999998,90.76235709914702
14475.0,1151.15,4,0.006625398377120873,15770933.044999998,90.76898249752415
12475.0,1149.6399999999999,2,0.006616707631736297,15772082.684999999,90.77559920515588
12710.0,1149.02,3,0.0066131392462141555,15773231.704999998,90.7822123444021
14308.0,1147.02,2,0.006601628325174984,15774378.724999998,90.78881397272727
15038.0,1146.53,9,0.006598808149520388,15775525.254999997,90.79541278087679
16766.0,1145.6,2,0.006593455571237172,15776670.854999997,90.80200623644802
17477.0,1144.3,2,0.00658597347256171,15777815.154999997,90.80859220992059
12769.0,1143.6,1,0.0065819446501980015,15778958.754999997,90.81517415457078
17097.0,1143.36,9,0.006580563339673301,15780102.114999996,90.82175471791045
17770.0,1143.27,5,0.006580045348226538,15781245.384999996,90.82833476325868
14585.0,1143.27,5,0.006580045348226538,15782388.654999996,90.8349148086069
17201.0,1143.1,4,0.006579066919938209,15783531.754999995,90.84149387552684
12439.0,1142.88,2,0.006577800718623901,15784674.634999996,90.84807167624547
17908.0,1142.47,5,0.0065754409798108706,15785817.104999997,90.85464711722528
13856.0,1142.03,11,0.006572908577182252,15786959.134999996,90.86122002580245
16270.0,1141.24,1,0.00656836176337178,15788100.374999996,90.86778838756584
16521.0,1140.11,3,0.006561858092984647,15789240.484999996,90.87435024565882
15586.0,1139.1000000000001,3,0.006556045077859867,15790379.584999995,90.88090629073668
17500.0,1138.0,3,0.006549714071288322,15791517.584999995,90.88745600480796
15879.0,1137.8000000000002,4,0.006548562979184407,15792655.384999996,90.89400456778715
17302.0,1135.63,5,0.006536073629856905,15793791.014999997,90.90054064141701
17866.0,1134.95,3,0.006532159916703587,15794925.964999996,90.90707280133371
13109.0,1134.03,3,0.006526864893025568,15796059.994999995,90.91359966622673
15022.0,1133.44,5,0.006523469171319013,15797193.434999995,90.92012313539804
16989.0,1133.25,6,0.006522375633820292,15798326.684999995,90.92664551103186
18125.0,1131.75,4,0.006513742443040913,15799458.434999995,90.93315925347491
15500.0,1131.56,4,0.006512648905542192,15800589.994999995,90.93967190238045
13393.0,1131.45,4,0.006512015804885037,15801721.444999995,90.94618391818534
12616.0,1131.1,3,0.0065100013937031825,15802852.544999994,90.95269391957905
15695.0,1131.04,4,0.006509656066072007,15803983.584999993,90.9592035756451
17622.0,1130.21,2,0.006504879033840751,15805113.794999994,90.96570845467895
13447.0,1129.14,3,0.006498720691084796,15806242.934999995,90.97220717537003
13145.0,1128.52,7,0.006495152305562651,15807371.454999994,90.97870232767559
14450.0,1128.44,7,0.006494691868721086,15808499.894999994,90.98519701954432
12373.0,1127.65,3,0.006490145054910613,15809627.544999994,90.99168716459923
14671.0,1127.45,2,0.006488993962806696,15810754.994999994,90.99817615856203
15969.0,1127.05,5,0.00648669177859886,15811882.044999994,91.00466285034064
12503.0,1126.0,1,0.006480648545053296,15813008.044999994,91.01114349888569
13167.0,1125.15,5,0.006475756403611649,15814133.194999995,91.0176192552893
16306.0,1124.72,7,0.006473281555588227,15815257.914999995,91.02409253684489
14479.0,1124.71,4,0.006473224000983032,15816382.624999996,91.03056576084589
15882.0,1124.66,8,0.006472936227957053,15817507.284999996,91.03703869707384
13778.0,1124.49,4,0.006471957799668723,15818631.774999997,91.0435106548735
14917.0,1123.75,2,0.006467698758884229,15819755.524999997,91.0499783536324
17492.0,1122.42,3,0.006460043996393181,15820877.944999997,91.0564383976288
13486.0,1122.41,3,0.0064599864417879856,15822000.354999997,91.06289838407058
17562.0,1122.38,7,0.0064598137779723975,15823122.734999998,91.06935819784854
18218.0,1121.8400000000001,4,0.006456705829291822,15824244.574999997,91.07581490367784
13368.0,1121.5,4,0.006454748972715162,15825366.074999997,91.08226965265057
13589.0,1120.74,6,0.006450374822720277,15826486.814999998,91.08872002747329
16955.0,1120.31,6,0.0064478999746968545,15827607.124999998,91.09516792744799
17007.0,1120.1,7,0.006446691327987741,15828727.224999998,91.10161461877595
16354.0,1119.46,5,0.006443007833255208,15829846.684999999,91.10805762660922
17423.0,1118.95,3,0.006440072548390219,15830965.634999998,91.11449769915761
16430.0,1117.94,7,0.006434259533265438,15832083.574999997,91.12093195869087
17788.0,1117.9,2,0.006434029314844654,15833201.474999998,91.12736598800572
16278.0,1117.84,3,0.0064336839872134784,15834319.314999998,91.13379967199293
16769.0,1117.05,4,0.006429137173403006,15835436.364999998,91.14022880916635
14080.0,1115.68,5,0.006421252192491174,15836552.044999998,91.14665006135884
13509.0,1114.72,8,0.0064157269503923725,15837666.764999999,91.15306578830923
14672.0,1113.1399999999999,4,0.006406633322771425,15838779.905,91.159472421632
12679.0,1113.02,4,0.006405942667509075,15839892.924999999,91.16587836429952
12648.0,1112.0,4,0.006400072097779099,15841004.924999999,91.17227843639729
16139.0,1111.15,5,0.006395179956337452,15842116.075,91.17867361635362
16702.0,1110.83,4,0.006393338208971184,15843226.905,91.1850669545626
15069.0,1109.53,1,0.006385856110295723,15844336.434999999,91.19145281067289
15559.0,1109.4,1,0.0063851079004281774,15845445.834999999,91.19783791857333
15828.0,1108.82,1,0.0063817697333268175,15846554.655,91.20421968830665
15933.0,1107.46,3,0.0063739423070201815,15847662.115,91.21059363061367
14375.0,1106.82,3,0.006370258812287645,15848768.935,91.21696388942595
14891.0,1106.73,4,0.006369740820840883,15849875.665000001,91.2233336302468
14102.0,1105.88,5,0.006364848679399236,15850981.545000002,91.22969847892621
12434.0,1103.43,3,0.006350747801126252,15852084.975000001,91.23604922672733
16895.0,1102.9,5,0.0063476974070508715,15853187.875000002,91.2423969241344
13295.0,1101.97,4,0.006342344828767657,15854289.845000003,91.24873926896316
14948.0,1101.97,6,0.006342344828767657,15855391.815000003,91.25508161379193
15574.0,1101.44,6,0.006339294434692277,15856493.255000003,91.26142090822663
12785.0,1100.4,3,0.006333308755751908,15857593.655000003,91.26775421698238
16014.0,1100.28,5,0.006332618100489557,15858693.935000002,91.27408683508285
14009.0,1099.9099999999999,3,0.006330488580097309,15859793.845000003,91.28041732366296
17137.0,1099.81,6,0.006329913034045351,15860893.655000003,91.28674723669701
12421.0,1098.6,6,0.006322948926816652,15861992.255000003,91.29307018562383
14971.0,1097.98,3,0.00631938054129451,15863090.235000003,91.29938956616512
13835.0,1095.27,7,0.006303783243286434,15864185.505000003,91.3056933494084
17703.0,1094.8400000000001,4,0.006301308395263013,15865280.345000003,91.31199465780367
15745.0,1094.5900000000001,4,0.006299869530133116,15866374.935000002,91.3182945273338
14460.0,1093.5,9,0.006293596078166767,15867468.435000002,91.32458812341197
12803.0,1092.81,1,0.006289624810408253,15868561.245000003,91.33087774822238
17726.0,1092.0600000000002,7,0.006285308215018565,15869653.305000003,91.3371630564374
14199.0,1091.6999999999998,4,0.006283236249231512,15870745.005000003,91.34344629268662
16805.0,1091.34,5,0.006281164283444462,15871836.345000003,91.34972745697006
16211.0,1090.59,3,0.006276847688054772,15872926.935000002,91.35600430465813
13853.0,1090.1399999999999,1,0.006274257730820959,15874017.075000003,91.36227856238894
12534.0,1089.18,1,0.006268732488722158,15875106.255000003,91.36854729487767
15254.0,1088.35,3,0.006263955456490901,15876194.605000002,91.37481125033415
16188.0,1087.66,5,0.006259984188732388,15877282.265000002,91.38107123452289
16223.0,1087.0500000000002,2,0.006256473357815442,15878369.315000003,91.3873277078807
15763.0,1086.92,2,0.0062557251479478946,15879456.235000003,91.39358343302865
14139.0,1086.8,4,0.006255034492685543,15880543.035000004,91.39983846752135
13546.0,1086.24,5,0.006251811434794576,15881629.275000004,91.40609027895614
16298.0,1085.7,7,0.006248703486114,15882714.975000003,91.41233898244225
14013.0,1084.57,5,0.0062421998157268675,15883799.545000004,91.41858118225798
16533.0,1082.81,3,0.006232070205212397,15884882.355000004,91.4248132524632
14805.0,1082.55,7,0.006230573785477305,15885964.905000005,91.43104382624868
14083.0,1082.19,11,0.006228501819690255,15887047.095000004,91.43727232806836
14561.0,1080.76,3,0.006220271511147248,15888127.855000004,91.44349259957951
13744.0,1080.52,2,0.006218890200622547,15889208.375000004,91.44971148978013
13726.0,1079.66,2,0.0062139405045757035,15890288.035000004,91.45592543028471
14343.0,1079.66,4,0.0062139405045757035,15891367.695000004,91.46213937078929
12354.0,1079.4,1,0.006212444084840611,15892447.095000004,91.46835181487413
13567.0,1079.29,4,0.006211810984183457,15893526.385000004,91.47456362585831
15546.0,1079.1000000000001,2,0.006210717446684736,15894605.485000003,91.48077434330499
14352.0,1078.96,4,0.006209911682211994,15895684.445000004,91.4869842549872
13656.0,1078.85,4,0.0062092785815548385,15896763.295000004,91.49319353356876
16183.0,1077.81,4,0.00620329290261447,15897841.105000004,91.49939682647138
16642.0,1077.45,3,0.00620122093682742,15898918.555000003,91.5055980474082
17366.0,1077.24,2,0.0062000122901183065,15899995.795000004,91.51179805969831
16071.0,1076.8000000000002,4,0.00619747988748969,15901072.595000004,91.51799553958581
13607.0,1075.81,2,0.006191781981575299,15902148.405000005,91.52418732156738
15912.0,1074.7,9,0.006185393420398559,15903223.105000004,91.53037271498778
16231.0,1074.47,4,0.0061840696644790555,15904297.575000005,91.53655678465226
13727.0,1074.15,8,0.006182227917112787,15905371.725000005,91.54273901256938
15238.0,1071.99,3,0.006169796122390482,15906443.715000005,91.54890880869178
13467.0,1071.9099999999999,2,0.006169335685548915,15907515.625000006,91.55507814437732
12801.0,1071.82,1,0.0061688176941021525,15908587.445000006,91.56124696207144
13521.0,1071.73,3,0.00616829970265539,15909659.175000006,91.56741526177409
16593.0,1071.14,8,0.006164903980948835,15910730.315000007,91.57358016575505
14484.0,1070.98,4,0.0061639831072657,15911801.295000007,91.5797441488623
16884.0,1070.97,4,0.006163925552660506,15912872.265000008,91.58590807441497
17522.0,1070.71,5,0.0061624291329254125,15913942.975000009,91.5920705035479
12728.0,1070.17,5,0.006159321184244837,15915013.145000009,91.59822982473214
17871.0,1068.95,5,0.006152299522410942,15916082.095000008,91.60438212425454
17854.0,1068.5,6,0.006149709565177129,15917150.595000008,91.61053183381973
16386.0,1068.16,3,0.00614775270860047,15918218.755000008,91.61667958652832
15436.0,1067.75,3,0.00614539296978744,15919286.505000008,91.62282497949812
15626.0,1067.52,3,0.006144069213867935,15920354.025000008,91.62896904871198
17277.0,1065.35,2,0.006131579864540435,15921419.375000007,91.63510062857651
15639.0,1065.08,3,0.006130025890200147,15922484.455000008,91.64123065446672
13959.0,1064.77,6,0.006128241697439076,15923549.225000007,91.64735889616415
14488.0,1064.28,1,0.006125421521784477,15924613.505000006,91.65348431768594
14966.0,1064.26,6,0.0061253064125740865,15925677.765000006,91.65960962409852
15801.0,1063.95,3,0.006123522219813015,15926741.715000005,91.66573314631832
12936.0,1063.9,4,0.006123234446787036,15927805.615000006,91.6718563807651
17849.0,1063.76,8,0.006122428682314294,15928869.375000006,91.67797880944742
12815.0,1063.46,2,0.006120702044158419,15929932.835000006,91.6840995114916
14411.0,1063.0,1,0.006118054532319409,15930995.835000006,91.6902175660239
15706.0,1060.56,4,0.00610401120865162,15932056.395000007,91.69632157723257
17727.0,1060.25,1,0.006102227015890548,15933116.645000007,91.70242380424844
17421.0,1059.41,3,0.006097392429054097,15934176.055000007,91.70852119667751
18130.0,1059.39,3,0.006097277319843706,15935235.445000008,91.71461847399736
17214.0,1059.1200000000001,6,0.0060957233455034175,15936294.565000007,91.72071419734286
14734.0,1056.42,4,0.006080183602100536,15937350.985000007,91.72679438094495
15645.0,1055.17,3,0.006072989276451055,15938406.155000007,91.7328673702214
13065.0,1055.0500000000002,5,0.006072298621188705,15939461.205000008,91.73893966884259
13140.0,1054.92,5,0.006071550411321158,15940516.125000007,91.74501121925391
15977.0,1054.73,2,0.006070456873822436,15941570.855000008,91.75108167612774
12716.0,1053.49,2,0.00606332010277815,15942624.345000008,91.75714499623052
12580.0,1052.9,2,0.006059924381071596,15943677.245000008,91.7632049206116
15886.0,1052.8700000000001,4,0.0060597517172560076,15944730.115000008,91.76926467232884
15855.0,1052.72,6,0.00605888839817807,15945782.835000008,91.77532356072703
16391.0,1052.26,4,0.00605624088633906,15946835.095000008,91.78137980161335
14947.0,1049.79,6,0.0060420248988556835,15947884.885000007,91.78742182651222
13775.0,1049.66,1,0.006041276688988138,15948934.545000007,91.7934631032012
17934.0,1049.15,3,0.00603834140412315,15949983.695000008,91.79950144460533
15026.0,1048.8899999999999,5,0.006036844984388056,15951032.585000008,91.80553828958972
15839.0,1048.49,3,0.006034542800180223,15952081.075000009,91.8115728323899
16728.0,1048.28,4,0.0060333341534711095,15953129.355000008,91.81760616654337
17578.0,1047.33,7,0.006027866465977503,15954176.685000008,91.82363403300936
17474.0,1047.0,1,0.00602596716400604,15955223.685000008,91.82966000017335
15407.0,1046.74,4,0.006024470744270948,15956270.425000008,91.83568447091763
15091.0,1046.6100000000001,3,0.006023722534403403,15957317.035000008,91.84170819345202
17555.0,1045.74,5,0.006018715283751363,15958362.775000008,91.84772690873578
14108.0,1044.96,4,0.006014226024546087,15959407.735000009,91.85374113476033
15464.0,1044.65,1,0.006012441831785015,15960452.38500001,91.85975357659211
15535.0,1044.37,6,0.0060108303028395295,15961496.755000008,91.86576440689495
13359.0,1043.31,2,0.006004729514688769,15962540.065000009,91.87176913640964
16903.0,1041.75,3,0.005995750996278216,15963581.815000009,91.87776488740592
16991.0,1041.21,1,0.00599264304759764,15964623.02500001,91.88375753045352
16261.0,1041.16,6,0.005992355274571661,15965664.18500001,91.8897498857281
13613.0,1039.85,5,0.005984815621291003,15966704.03500001,91.89573470134938
13873.0,1038.92,8,0.00597946304300779,15967742.95500001,91.90171416439239
12486.0,1037.28,1,0.005970024087755669,15968780.235000009,91.90768418848015
17042.0,1036.58,5,0.005965995265391959,15969816.815000009,91.91365018374553
14902.0,1035.6200000000001,3,0.005960470023293157,15970852.435000008,91.91961065376883
17926.0,1035.49,5,0.005959721813425611,15971887.925000008,91.92557037558225
16260.0,1035.45,1,0.0059594915950048274,15972923.375000007,91.93152986717725
12811.0,1033.9,5,0.005950570631199471,15973957.275000008,91.93748043780845
17724.0,1033.0,3,0.005945390716731843,15974990.275000008,91.94342582852518
14248.0,1032.95,3,0.005945102943705864,15976023.225000007,91.94937093146889
13000.0,1032.5,4,0.00594251298647205,15977055.725000007,91.95531344445536
17405.0,1031.41,3,0.005936239534505702,15978087.135000007,91.96124968398986
13235.0,1031.07,1,0.005934282677929043,15979118.205000008,91.9671839666678
16198.0,1030.0410000000002,2,0.00592836030905439,15980148.246000007,91.97311232697685
16418.0,1028.74,5,0.005920872454918408,15981176.986000007,91.97903319943177
15333.0,1028.56,1,0.005919836472024883,15982205.546000008,91.9849530359038
16682.0,1028.0,5,0.005916613414133915,15983233.546000008,91.99086964931793
16227.0,1027.22,3,0.005912124154928639,15984260.766000008,91.99678177347286
15887.0,1027.15,3,0.005911721272692268,15985287.916000009,92.00269349474556
15003.0,1027.03,6,0.005911030617429917,15986314.946000008,92.00860452536298
17749.0,1026.18,3,0.0059061384759882705,15987341.126000008,92.01451066383896
16160.0,1025.44,2,0.005901879435203777,15988366.566000007,92.02041254327416
13602.0,1025.17,4,0.0059003254608634885,15989391.736000007,92.02631286873503
17310.0,1025.1,2,0.005899922578627117,15990416.836000007,92.03221279131367
14204.0,1024.83,4,0.005898368604286829,15991441.666000007,92.03811115991795
17362.0,1024.04,7,0.005893821790476357,15992465.706000006,92.04400498170841
16568.0,1020.9,2,0.005875749644444858,15993486.606000006,92.04988073135286
12572.0,1020.4200000000001,2,0.005872987023395458,15994507.026000006,92.05575371837625
13376.0,1019.76,3,0.005869188419452531,15995526.786000006,92.06162290679572
18142.0,1019.52,2,0.00586780710892783,15996546.306000005,92.06749071390463
18074.0,1019.44,2,0.005867346672086263,15997565.746000005,92.07335806057671
12403.0,1019.3600000000001,2,0.005866886235244697,15998585.106000004,92.07922494681196
13956.0,1019.27,5,0.0058663682437979335,15999604.376000004,92.08509131505576
16441.0,1019.1300000000001,5,0.005865562479325193,16000623.506000005,92.09095687753508
12828.0,1018.71,6,0.005863145185906966,16001642.216000006,92.09682002272099
16284.0,1018.48,3,0.005861821429987461,16002660.696000006,92.102681844151
12905.0,1018.42,2,0.005861476102356286,16003679.116000006,92.10854332025335
16787.0,1017.53,4,0.005856353742493855,16004696.646000005,92.11439967399583
15970.0,1017.3199999999999,2,0.005855145095784741,16005713.966000006,92.12025481909161
12652.0,1017.03,2,0.005853476012234062,16006730.996000005,92.12610829510385
13641.0,1016.47,5,0.005850252954343094,16007747.466000006,92.13195854805821
13333.0,1015.74,3,0.005846051468163797,16008763.206000006,92.13780459952636
14675.0,1015.5799999999999,2,0.005845130594480662,16009778.786000006,92.14364973012084
16623.0,1015.24,4,0.005843173737904004,16010794.026000006,92.14949290385874
12410.0,1013.71,3,0.005834367883309039,16011807.736000007,92.15532727174207
13466.0,1013.35,5,0.005832295917521988,16012821.086000007,92.16115956765958
12642.0,1013.26,3,0.005831777926075225,16013834.346000006,92.16699134558566
15951.0,1013.1700000000001,3,0.005831259934628462,16014847.516000006,92.17282260552028
16451.0,1013.1500000000001,3,0.005831144825418071,16015860.666000007,92.1786537503457
17197.0,1013.01,1,0.005830339060945328,16016873.676000006,92.18448408940665
17980.0,1012.72,4,0.005828669977394649,16017886.396000007,92.19031275938404
14775.0,1011.9,3,0.005823950499768588,16018898.296000008,92.19613670988382
13039.0,1010.73,4,0.005817216610960674,16019909.026000008,92.20195392649478
16572.0,1009.5999999999999,3,0.005810712940573541,16020918.626000008,92.20776463943535
13258.0,1009.43,5,0.005809734512285212,16021928.056000007,92.21357437394764
16287.0,1006.98,5,0.005795633634012228,16022935.036000008,92.21937000758165
13429.0,1006.8000000000001,4,0.005794597651118703,16023941.836000009,92.22516460523276
15850.0,1006.75,6,0.005794309878092723,16024948.586000009,92.23095891511086
13238.0,1006.63,6,0.005793619222830373,16025955.21600001,92.2367525343337
15771.0,1006.54,3,0.00579310123138361,16026961.756000008,92.24254563556508
13427.0,1006.53,6,0.005793043676778414,16027968.286000008,92.24833867924185
12703.0,1006.53,4,0.005793043676778414,16028974.816000007,92.25413172291863
13549.0,1005.8000000000001,8,0.005788842190599117,16029980.616000008,92.25992056510923
13867.0,1005.09,3,0.005784755813630211,16030985.706000008,92.26570532092286
14214.0,1004.38,5,0.005780669436661305,16031990.086000009,92.27148599035952
18160.0,1003.88,3,0.005777791706401513,16032993.96600001,92.27726378206593
16435.0,1003.07,3,0.005773129783380649,16033997.03600001,92.28303691184931
12446.0,1002.3100000000001,1,0.0057687556333857635,16034999.34600001,92.2888056674827
13857.0,1001.01,6,0.005761273534710302,16036000.35600001,92.29456694101741
14255.0,1000.63,1,0.00575908645971286,16037000.98600001,92.30032602747713
12545.0,1000.39,2,0.0057577051491881585,16038001.376000011,92.30608373262632
15508.0,1000.27,6,0.0057570144939258095,16039001.64600001,92.31184074712024
18143.0,1000.1600000000001,2,0.005756381393268654,16040001.806000011,92.31759712851351
13005.0,999.6800000000001,4,0.005753618772219254,16041001.48600001,92.32335074728574
12413.0,999.45,4,0.005752295016299749,16042000.93600001,92.32910304230202
17205.0,999.3499999999999,3,0.005751719470247789,16043000.28600001,92.33485476177228
17329.0,998.53,5,0.0057469999926217305,16043998.816000009,92.3406017617649
17631.0,998.49,7,0.005746769774200946,16044997.30600001,92.34634853153909
12722.0,997.63,4,0.005741820078154103,16045994.93600001,92.35209035161725
13965.0,996.6099999999999,3,0.0057359495084241255,16046991.54600001,92.35782630112568
16699.0,994.6,7,0.0057243810327797595,16047986.146000009,92.36355068215845
13292.0,994.51,5,0.005723863041332996,16048980.656000009,92.36927454519979
17237.0,994.13,4,0.005721675966335554,16049974.78600001,92.37499622116613
15104.0,993.54,2,0.005718280244628998,16050968.326000009,92.38071450141075
17299.0,993.23,6,0.005716496051867926,16051961.55600001,92.38643099746263
14223.0,991.13,3,0.005704409584776797,16052952.68600001,92.3921354070474
13559.0,990.0,2,0.005697905914389665,16053942.68600001,92.39783331296178
13245.0,989.22,2,0.005693416655184389,16054931.90600001,92.40352672961698
17883.0,988.4200000000001,7,0.005688812286768721,16055920.32600001,92.40921554190375
15176.0,988.0400000000001,1,0.005686625211771278,16056908.36600001,92.41490216711551
16130.0,987.48,4,0.00568340215388031,16057895.84600001,92.42058556926939
18237.0,987.1,5,0.005681215078882868,16058882.94600001,92.42626678434827
13439.0,986.61,3,0.005678394903228271,16059869.55600001,92.4319451792515
12862.0,984.62,2,0.005666941536794296,16060854.176000008,92.43761212078829
17144.0,984.5699999999999,2,0.005666653763768316,16061838.746000009,92.44327877455206
15109.0,983.0999999999999,3,0.005658193236804525,16062821.846000008,92.44893696778887
12541.0,981.18,3,0.005647142752606921,16063803.026000008,92.45458411054148
12543.0,980.25,1,0.005641790174323706,16064783.276000008,92.46022590071578
14510.0,979.85,3,0.005639487990115872,16065763.126000008,92.46586538870591
14230.0,979.8000000000001,3,0.005639200217089893,16066742.926000008,92.471504588923
15025.0,979.79,2,0.005639142662484697,16067722.716000007,92.47714373158547
17369.0,979.2,1,0.005635746940778142,16068701.916000007,92.48277947852625
13350.0,979.1200000000001,2,0.005635286503936576,16069681.036000006,92.48841476503019
14157.0,978.69,5,0.005632811655913153,16070659.726000005,92.49404757668609
15132.0,977.9300000000001,5,0.005628437505918268,16071637.656000005,92.499676014192
14454.0,977.3,5,0.005624811565790929,16072614.956000006,92.50530082575781
17123.0,977.1700000000001,3,0.005624063355923384,16073592.126000006,92.51092488911374
17221.0,976.62,5,0.005620897852637611,16074568.746000005,92.51654578696636
15247.0,976.06,3,0.005617674794746643,16075544.806000005,92.52216346176111
15406.0,975.87,4,0.0056165812572479224,16076520.676000005,92.52778004301835
17456.0,975.5600000000001,2,0.005614797064486851,16077496.236000005,92.53339484008285
12915.0,975.1,4,0.005612149552647841,16078471.336000005,92.53900698963548
16376.0,974.96,2,0.005611343788175099,16079446.296000006,92.54461833342367
15449.0,974.52,3,0.005608811385546482,16080420.816000005,92.55022714480921
12994.0,974.4200000000001,3,0.005608235839494524,16081395.236000005,92.55583538064872
17958.0,973.88,2,0.0056051278908139475,16082369.116000006,92.56144050853953
12525.0,973.73,3,0.0056042645717360095,16083342.846000006,92.56704477311126
16009.0,972.11,4,0.00559494072569428,16084314.956000006,92.57263971383696
16535.0,972.04,3,0.0055945378434579095,16085286.996000005,92.57823425168041
14350.0,972.03,3,0.005594480288852714,16086259.026000004,92.58382873196925
17100.0,971.74,2,0.0055928112053020345,16087230.766000004,92.58942154317457
14953.0,971.3199999999999,4,0.005590393911883808,16088202.086000005,92.59501193708644
15208.0,970.52,6,0.005585789543468139,16089172.606000004,92.60059772662991
18006.0,969.51,4,0.005579976528343358,16090142.116000004,92.60617770315825
13223.0,969.12,6,0.00557773189874072,16091111.236000003,92.61175543505699
16254.0,967.44,3,0.005568062725067817,16092078.676000003,92.61732349778205
13204.0,966.6600000000001,1,0.00556357346586254,16093045.336000003,92.62288707124792
14138.0,965.8800000000001,2,0.005559084206657263,16094011.216000004,92.62844615545458
17987.0,965.44,5,0.005556551804028646,16094976.656000003,92.63400270725862
15084.0,965.1999999999999,2,0.005555170493503944,16095941.856000002,92.63955787775211
12550.0,964.83,1,0.005553040973111698,16096906.686000003,92.64511091872521
16763.0,964.6999999999999,2,0.005552292763244151,16097871.386000002,92.65066321148846
15028.0,962.94,6,0.0055421631527296815,16098834.326000001,92.65620537464119
15268.0,961.9000000000001,3,0.005536177473789313,16099796.226000002,92.66174155211498
15156.0,961.49,3,0.005533817734976282,16100757.716000002,92.66727536984996
16518.0,959.37,4,0.005521616158674761,16101717.086000001,92.67279698600862
12588.0,958.78,4,0.0055182204369682054,16102675.866,92.67831520644559
18192.0,957.97,1,0.005513558513947341,16103633.836000001,92.68382876495954
12697.0,957.59,3,0.005511371438949899,16104591.426,92.68934013639849
17080.0,957.53,7,0.005511026111318724,16105548.956,92.6948511625098
12675.0,957.25,2,0.00550941458237324,16106506.206,92.70036057709218
17172.0,956.5699999999999,3,0.005505500869219921,16107462.776,92.7058660779614
16141.0,955.94,2,0.005501874929092583,16108418.716,92.71136795289048
12990.0,955.5,7,0.005499342526463965,16109374.216,92.71686729541695
14629.0,955.26,2,0.005497961215939265,16110329.476,92.72236525663288
16947.0,955.21,5,0.005497673442913286,16111284.686,92.72786293007582
12505.0,955.2,1,0.005497615888308089,16112239.886,92.73336054596412
15430.0,954.75,2,0.0054950259310742764,16113194.636,92.73885557189519
17298.0,954.26,5,0.005492205755419679,16114148.896,92.7443477776506
15835.0,954.09,4,0.005491227327131349,16115102.986,92.74983900497773
17189.0,953.63,5,0.00548857981529234,16116056.616,92.75532758479304
17420.0,953.5799999999999,6,0.00548829204226636,16117010.196,92.7608158768353
12414.0,952.4100000000001,6,0.005481558153458446,16117962.606,92.76629743498876
14615.0,951.76,5,0.005477817104120716,16118914.366,92.77177525209288
17955.0,949.9,6,0.005467111947554286,16119864.266,92.77724236404043
12767.0,949.82,1,0.00546665151071272,16120814.086000001,92.78270901555115
17081.0,949.39,6,0.005464176662689298,16121763.476000002,92.78817319221385
13046.0,949.25,3,0.005463370898216555,16122712.726000002,92.79363656311206
13636.0,949.12,5,0.005462622688349009,16123661.846,92.7990991858004
15177.0,948.9300000000001,1,0.0054615291508502885,16124610.776,92.80456071495125
12822.0,948.88,2,0.0054612413778243095,16125559.656000001,92.81002195632908
12874.0,948.42,2,0.005458593865985299,16126508.076000001,92.81548055019506
12355.0,947.6100000000001,2,0.005453931942964436,16127455.686,92.82093448213803
17516.0,947.5,6,0.005453298842307281,16128403.186,92.82638778098034
16136.0,946.8000000000001,4,0.005449270019943572,16129349.986000001,92.83183705100028
14994.0,946.72,5,0.005448809583102005,16130296.706000002,92.83728586058338
16861.0,946.59,5,0.005448061373234458,16131243.296000002,92.84273392195662
17356.0,946.47,5,0.005447370717972108,16132189.766000003,92.8481812926746
16146.0,946.3800000000001,4,0.005446852726525346,16133136.146000003,92.85362814540112
18217.0,945.04,4,0.0054391404094291,16134081.186000003,92.85906728581055
17544.0,944.8199999999999,3,0.0054378742081147916,16135026.006000003,92.86450516001867
13261.0,944.1,2,0.00543373027654069,16135970.106000002,92.8699388902952
16203.0,943.8399999999999,6,0.005432233856805598,16136913.946000002,92.87537112415201
16199.0,942.75,7,0.00542596040483925,16137856.696000002,92.88079708455686
17604.0,942.38,6,0.005423830884447003,16138799.076000003,92.8862209154413
15385.0,942.0799999999999,3,0.005422104246291127,16139741.156000003,92.89164301968759
14958.0,941.99,6,0.005421586254844365,16140683.146000003,92.89706460594243
14326.0,940.98,3,0.005415773239719583,16141624.126000004,92.90248037918217
13416.0,940.8,3,0.005414737256826058,16142564.926000005,92.907895116439
13936.0,939.66,3,0.00540817603183373,16143504.586000005,92.91330329247083
16109.0,939.48,3,0.005407140048940205,16144444.066000005,92.91871043251977
17527.0,939.37,4,0.00540650694828305,16145383.436000004,92.92411693946805
17020.0,935.62,2,0.0053849239713346046,16146319.056000004,92.92950186343938
14140.0,935.05,2,0.005381643358838441,16147254.106000004,92.93488350679822
15792.0,933.84,2,0.005374679251609743,16148187.946000004,92.94025818604983
15787.0,933.26,3,0.005371341084508383,16149121.206000004,92.94562952713433
16661.0,932.76,4,0.00536846335424859,16150053.966000004,92.95099799048859
18154.0,932.6,5,0.0053675424805654575,16150986.566000003,92.95636553296914
18133.0,931.5,1,0.005361211473993913,16151918.066000003,92.96172674444314
12396.0,931.4300000000001,1,0.005360808591757542,16152849.496000003,92.9670875530349
13465.0,931.12,2,0.00535902439899647,16153780.616000002,92.97244657743389
14924.0,931.01,3,0.005358391298339316,16154711.626000002,92.97780496873223
15723.0,930.7,4,0.005356607105578244,16155642.326000001,92.9831615758378
14338.0,928.1,3,0.005341642908227322,16156570.426,92.98850321874602
13288.0,927.61,5,0.005338822732572725,16157498.036,92.99384204147859
15243.0,927.28,2,0.005336923430601262,16158425.316,92.99917896490919
17805.0,927.03,2,0.005335484565471365,16159352.345999999,93.00451444947467
16975.0,926.12,3,0.0053302470963985426,16160278.465999998,93.00984469657105
12745.0,925.4100000000001,3,0.005326160719429637,16161203.875999998,93.01517085729049
13805.0,924.6,2,0.005321498796408772,16162128.475999998,93.02049235608689
14128.0,924.21,3,0.005319254166806135,16163052.685999999,93.02581161025371
18001.0,924.14,6,0.005318851284569763,16163976.826,93.03113046153827
16643.0,923.11,2,0.00531292316023459,16164899.935999999,93.03644338469852
17322.0,922.59,5,0.0053099303207644055,16165822.525999999,93.04175331501926
15654.0,922.53,2,0.00530958499313323,16166745.055999998,93.0470629000124
13122.0,922.3900000000001,2,0.0053087792286604886,16167667.445999999,93.05237167924106
17472.0,922.35,4,0.005308549010239705,16168589.795999998,93.0576802282513
16362.0,922.1600000000001,6,0.005307455472740984,16169511.955999998,93.06298768372405
13934.0,922.1,1,0.005307110145109808,16170434.055999998,93.06829479386914
14605.0,921.5600000000001,4,0.005304002196429233,16171355.615999999,93.07359879606558
12638.0,921.49,2,0.005303599314192862,16172277.105999999,93.07890239537977
15576.0,921.37,1,0.005302908658930511,16173198.475999998,93.0842053040387
15957.0,921.25,3,0.005302218003668161,16174119.725999998,93.08950752204237
14272.0,920.8100000000001,4,0.005299685601039544,16175040.535999998,93.09480720764341
17363.0,920.46,3,0.005297671189857689,16175960.996,93.10010487883328
12998.0,920.08,3,0.005295484114860246,16176881.076,93.10540036294813
14568.0,919.7,1,0.005293297039862804,16177800.775999999,93.110693659988
13075.0,919.61,1,0.005292779048416041,16178720.385999998,93.1159864390364
13872.0,919.5699999999999,3,0.005292548829995257,16179639.955999998,93.1212789878664
16204.0,918.71,3,0.005287599133948414,16180558.666,93.12656658700035
14342.0,918.44,6,0.005286045159608126,16181477.105999999,93.13185263215996
12368.0,917.7,1,0.005281786118823633,16182394.805999998,93.13713441827878
14061.0,917.4300000000001,3,0.005280232144483345,16183312.235999998,93.14241465042326
14015.0,917.34,1,0.005279714153036582,16184229.575999998,93.1476943645763
15707.0,916.98,4,0.005277642187249531,16185146.555999998,93.15297200676355
14423.0,916.61,3,0.005275512666857284,16186063.165999997,93.1582475194304
14839.0,915.28,3,0.0052678579043662355,16186978.445999997,93.16351537733478
14141.0,915.1300000000001,4,0.005266994585288298,16187893.575999998,93.16878237192006
16216.0,914.9300000000001,1,0.0052658434931843814,16188808.505999997,93.17404821541324
14549.0,913.6,4,0.005258188730693332,16189722.105999997,93.17930640414393
15364.0,913.19,2,0.0052558289918803024,16190635.295999996,93.18456223313582
14359.0,912.1800000000001,3,0.0052500159767555205,16191547.475999996,93.18981224911256
15244.0,912.0799999999999,3,0.0052494404307035615,16192459.555999996,93.19506168954327
17812.0,911.99,7,0.0052489224392568,16193371.545999996,93.20031061198253
16034.0,911.3199999999999,6,0.005245066280708676,16194282.865999997,93.20555567826324
14289.0,911.26,6,0.005244720953077502,16195194.125999996,93.21080039921631
14133.0,911.14,4,0.005244030297815151,16196105.265999997,93.21604442951413
16138.0,910.3500000000001,3,0.00523948348400468,16197015.615999997,93.22128391299813
13038.0,908.46,3,0.005228605663622663,16197924.075999998,93.22651251866176
15097.0,908.3499999999999,3,0.0052279725629655075,16198832.425999997,93.23174049122473
17464.0,907.1400000000001,3,0.0052210084557368095,16199739.565999998,93.23696149968048
14714.0,906.24,4,0.005215828541269183,16200645.805999998,93.24217732822173
14969.0,906.23,1,0.005215770986663986,16201552.035999998,93.24739309920841
13573.0,904.52,6,0.0052059291491754955,16202456.555999998,93.25259902835758
17746.0,904.1800000000001,4,0.005203972292598837,16203360.735999998,93.25780300065017
17176.0,902.3199999999999,3,0.005193267136032406,16204263.055999998,93.2629962677862
17382.0,902.28,8,0.005193036917611624,16205165.335999997,93.26818930470382
16916.0,902.02,4,0.005191540497876531,16206067.355999997,93.27338084520169
13548.0,901.4399999999999,3,0.005188202330775171,16206968.795999996,93.27856904753247
15511.0,900.53,5,0.005182964861702349,16207869.325999996,93.28375201239416
12945.0,900.11,2,0.005180547568284123,16208769.435999995,93.28893255996245
12940.0,899.6899999999999,2,0.005178130274865897,16209669.125999995,93.2941106902373
16834.0,898.96,2,0.0051739287886866,16210568.085999995,93.299284619026
15710.0,898.87,1,0.005173410797239837,16211466.955999995,93.30445802982324
15992.0,896.6,3,0.005160345901860378,16212363.555999994,93.3096183757251
13996.0,895.76,2,0.005155511315023926,16213259.315999994,93.31477388704012
16122.0,895.62,6,0.005154705550551184,16214154.935999993,93.31992859259066
17226.0,895.47,3,0.0051538422314732464,16215050.405999994,93.32508243482214
15211.0,894.4100000000001,2,0.005147741443322486,16215944.815999994,93.33023017626546
15066.0,893.59,1,0.005143021965696426,16216838.405999994,93.33537319823115
12772.0,892.47,1,0.00513657584991449,16217730.875999995,93.34050977408107
17155.0,892.46,7,0.005136518295309294,16218623.335999995,93.34564629237639
16784.0,892.33,5,0.005135770085441748,16219515.665999996,93.35078206246182
16442.0,891.98,5,0.005133755674259893,16220407.645999996,93.3559158181361
15393.0,891.34,5,0.0051300721795273585,16221298.985999996,93.36104589031562
16361.0,891.21,4,0.0051293239696598115,16222190.195999997,93.36617521428529
14065.0,891.02,3,0.005128230432161091,16223081.215999996,93.37130344471744
15824.0,890.94,2,0.005127769995319524,16223972.155999996,93.37643121471277
15525.0,890.22,4,0.005123626063745423,16224862.375999996,93.3815548407765
17062.0,889.75,6,0.0051209209973012175,16225752.125999996,93.3866757617738
14813.0,888.91,4,0.005116086410464765,16226641.035999997,93.39179184818427
17537.0,887.6700000000001,2,0.00510894963942048,16227528.705999997,93.39690079782369
16900.0,887.1099999999999,3,0.005105726581529511,16228415.815999996,93.40200652440522
15900.0,886.57,4,0.005102618632848935,16229302.385999996,93.40710914303807
16228.0,885.71,3,0.005097668936802092,16230188.095999997,93.41220681197487
12793.0,885.53,3,0.005096632953908566,16231073.625999996,93.41730344492878
16898.0,885.21,5,0.0050947912065422984,16231958.835999997,93.42239823613532
17704.0,885.19,2,0.0050946760973319075,16232844.025999997,93.42749291223265
17708.0,884.1800000000001,4,0.005088863082207126,16233728.205999997,93.43258177531486
15907.0,882.72,3,0.005080460109848531,16234610.925999997,93.43766223542471
18141.0,882.47,2,0.005079021244718635,16235493.395999998,93.44274125666944
16387.0,882.4599999999999,5,0.005078963690113438,16236375.855999999,93.44782022035956
17480.0,882.23,2,0.005077639934193934,16237258.086,93.45289786029376
16385.0,881.35,5,0.005072575128936699,16238139.435999999,93.4579704354227
17143.0,880.97,2,0.005070388053939256,16239020.406,93.46304082347663
12680.0,880.81,4,0.005069467180256123,16239901.216,93.4681102906569
16677.0,880.62,2,0.005068373642757401,16240781.836,93.47317866429964
13937.0,880.13,2,0.005065553467102804,16241661.966,93.47824421776674
14551.0,878.09,7,0.005053812327642851,16242540.056,93.4832980300944
14612.0,877.7,1,0.005051567698040211,16243417.756,93.48834959779244
15653.0,877.44,2,0.00505007127830512,16244295.195999999,93.49339966907073
14645.0,876.8900000000001,3,0.005046905775019347,16245172.086,93.49844657484574
17864.0,876.5699999999999,5,0.00504506402765308,16246048.656,93.5034916388734
13768.0,875.97,2,0.005041610751341329,16246924.626,93.50853324962476
13166.0,875.9300000000001,2,0.005041380532920545,16247800.556,93.51357463015766
14681.0,875.1500000000001,6,0.005036891273715269,16248675.706,93.5186115214314
16513.0,874.59,4,0.005033668215824301,16249550.296,93.52364518964721
16657.0,874.4300000000001,4,0.005032747342141168,16250424.726,93.52867793698935
15469.0,874.25,3,0.0050317113592476415,16251298.976,93.5337096483486
14437.0,873.34,5,0.005026473890174819,16252172.316,93.53873612223877
17361.0,871.79,5,0.005017552926369461,16253044.105999999,93.54375367516514
15224.0,871.36,5,0.005015078078346039,16253915.465999998,93.54876875324348
13200.0,870.09,4,0.0050077686434861655,16254785.555999998,93.55377652188696
17566.0,869.77,2,0.005005926896119899,16255655.325999998,93.55878244878309
14753.0,869.51,2,0.0050044304763848056,16256524.835999997,93.56378687925947
16948.0,868.77,7,0.005000171435600313,16257393.605999997,93.56878705069506
16357.0,868.37,4,0.004997869251392478,16258261.975999996,93.57378491994646
17167.0,867.11,3,0.004990617371137801,16259129.085999995,93.5787755373176
16567.0,865.5999999999999,2,0.004981926625753226,16259994.685999995,93.58375746394334
13922.0,865.2,3,0.004979624441545393,16260859.885999994,93.58873708838487
14600.0,865.1700000000001,2,0.004979451777729805,16261725.055999994,93.5937165401626
12791.0,863.51,6,0.0049698977132672925,16262588.565999994,93.59868643787588
16668.0,862.42,13,0.004963624261300944,16263450.985999994,93.60365006213718
12787.0,862.18,4,0.004962242950776244,16264313.165999994,93.60861230508795
17358.0,861.01,5,0.004955509061968329,16265174.175999993,93.61356781414992
12794.0,860.41,2,0.0049520557856565775,16266034.585999994,93.61851986993558
13339.0,860.12,1,0.004950386702105898,16266894.705999993,93.62347025663767
14372.0,860.08,2,0.004950156483685115,16267754.785999993,93.62842041312136
13891.0,859.21,3,0.004945149233033076,16268613.995999994,93.6333655623544
12440.0,859.2,2,0.00494509167842788,16269473.195999993,93.63831065403282
15870.0,857.46,4,0.004935077177123801,16270330.655999994,93.64324573120996
15287.0,856.0300000000001,5,0.0049268468685807944,16271186.685999993,93.64817257807853
17161.0,856.01,1,0.004926731759370402,16272042.695999993,93.6530993098379
15542.0,855.71,3,0.004925005121214526,16272898.405999994,93.65802431495912
17064.0,855.45,3,0.0049235087014794345,16273753.855999993,93.66294782366059
12878.0,854.99,2,0.004920861189640424,16274608.845999993,93.66786868485023
13945.0,854.15,2,0.004916026602803972,16275462.995999994,93.67278471145303
14873.0,854.1299999999999,2,0.00491591149359358,16276317.125999995,93.67770062294663
13991.0,852.88,6,0.004908717167944099,16277170.005999995,93.68260934011458
14686.0,852.5300000000001,5,0.004906702756762245,16278022.535999995,93.68751604287134
15266.0,852.21,5,0.004904861009395977,16278874.745999996,93.69242090388074
16070.0,852.1500000000001,2,0.0049045156817648025,16279726.895999996,93.69732541956252
12696.0,851.91,2,0.004903134371240101,16280578.805999996,93.70222855393375
13479.0,851.37,4,0.004900026422559525,16281430.175999995,93.70712858035631
16020.0,851.01,3,0.004897954456772474,16282281.185999995,93.71202653481309
18108.0,848.81,3,0.004885292443629386,16283129.995999996,93.71691182725671
12713.0,848.55,1,0.004883796023894293,16283978.545999996,93.72179562328061
15264.0,848.4000000000001,2,0.004882932704816357,16284826.945999997,93.72667855598543
15784.0,848.3299999999999,2,0.004882529822579984,16285675.275999997,93.73156108580801
14202.0,847.76,3,0.004879249210083821,16286523.035999997,93.73644033501809
13221.0,847.4100000000001,2,0.0048772347989019665,16287370.445999997,93.741317569817
13487.0,846.87,5,0.00487412685022139,16288217.315999996,93.74619169666721
16877.0,846.62,6,0.004872687985091494,16289063.935999995,93.75106438465231
13970.0,846.55,2,0.0048722851028551225,16289910.485999996,93.75593666975516
14803.0,845.55,3,0.004866529642335537,16290756.035999997,93.7608031993975
16500.0,843.9100000000001,9,0.004857090687083418,16291599.945999997,93.76566029008458
14922.0,843.74,2,0.004856112258795088,16292443.685999997,93.77051640234339
16344.0,842.42,4,0.004848515050909234,16293286.105999997,93.77536491739428
16846.0,842.4100000000001,3,0.004848457496304039,16294128.515999997,93.7802133748906
17638.0,842.4000000000001,2,0.004848399941698844,16294970.915999997,93.78506177483229
16810.0,842.04,2,0.004846327975911792,16295812.955999997,93.78990810280821
14862.0,841.2,2,0.004841493389075341,16296654.155999996,93.79474959619726
16798.0,841.16,3,0.004841263170654557,16297495.315999996,93.79959085936792
12891.0,840.5,11,0.00483746456671163,16298335.815999996,93.80442832393464
13169.0,840.0799999999999,3,0.004835047273293404,16299175.895999996,93.80926337120793
14355.0,840.05,3,0.004834874609477817,16300015.945999997,93.8140982458174
18247.0,839.73,3,0.00483303286211155,16300855.675999997,93.81893127867953
15713.0,839.6400000000001,4,0.004832514870664787,16301695.315999998,93.8237637935502
13940.0,839.14,4,0.0048296371404049935,16302534.455999998,93.8285934306906
17332.0,838.27,5,0.004824629889752954,16303372.725999998,93.83341806058036
14037.0,836.95,6,0.004817032681867102,16304209.675999997,93.83823509326223
15832.0,836.79,1,0.004816111808183967,16305046.465999996,93.8430512050704
14929.0,836.69,2,0.00481553626213201,16305883.155999996,93.84786674133252
13795.0,836.3,4,0.004813291632529371,16306719.455999997,93.85268003296507
16747.0,836.06,2,0.00481191032200467,16307555.515999997,93.85749194328706
13386.0,835.46,2,0.004808457045692919,16308390.975999998,93.86230040033277
16737.0,835.2,2,0.004806960625957827,16309226.175999997,93.86710736095873
15190.0,834.4399999999999,1,0.004802586475962942,16310060.615999997,93.87190994743469
16863.0,834.27,3,0.004801608047674612,16310894.885999996,93.87671155548234
16644.0,833.78,2,0.004798787872020015,16311728.665999996,93.88151034335436
12903.0,833.5300000000001,1,0.00479734900689012,16312562.195999995,93.88630769236126
13175.0,831.45,2,0.004785377649009381,16313393.645999994,93.89109307001026
15766.0,831.0600000000001,3,0.004783133019406743,16314224.705999995,93.89587620302967
15759.0,830.9300000000001,7,0.004782384809539197,16315055.635999994,93.9006585878392
16924.0,829.89,3,0.0047763991305988275,16315885.525999995,93.90543498696981
14087.0,829.47,3,0.004773981837180603,16316714.995999996,93.910208968807
14851.0,829.4100000000001,3,0.004773636509549427,16317544.405999996,93.91498260531654
12730.0,829.25,1,0.004772715635866293,16318373.655999996,93.91975532095242
12953.0,828.81,2,0.004770183233237675,16319202.465999996,93.92452550418565
15617.0,828.55,3,0.004768686813502583,16320031.015999997,93.92929419099916
17003.0,828.21,4,0.004766729956925925,16320859.225999998,93.93406092095609
13681.0,827.83,4,0.004764542881928482,16321687.055999998,93.93882546383801
17045.0,827.6800000000001,5,0.004763679562850545,16322514.735999998,93.94358914340086
12792.0,827.01,2,0.004759823404302421,16323341.745999997,93.94834896680517
12461.0,826.88,2,0.004759075194434876,16324168.625999998,93.95310804199961
12781.0,826.74,2,0.0047582694299621335,16324995.365999999,93.95786631142957
16494.0,826.53,1,0.00475706078325302,16325821.895999998,93.96262337221282
12427.0,825.8,3,0.004752859297073722,16326647.695999999,93.9673762315099
17880.0,824.9200000000001,3,0.004747794491816488,16327472.615999999,93.97212402600171
13513.0,824.59,3,0.004745895189845024,16328297.205999998,93.97686992119156
15107.0,824.35,9,0.004744513879320324,16329121.555999998,93.98161443507088
14260.0,824.28,3,0.004744110997083953,16329945.835999997,93.98635854606796
16264.0,823.53,2,0.004739794401694264,16330769.365999997,93.99109834046965
15137.0,823.4,2,0.004739046191826718,16331592.765999997,93.99583738666148
14508.0,822.9200000000001,5,0.004736283570777317,16332415.685999997,94.00057367023226
15847.0,822.57,5,0.004734269159595462,16333238.255999997,94.00530793939184
16164.0,822.48,3,0.004733751168148699,16334060.735999998,94.01004169056
16680.0,821.45,3,0.0047278230438135265,16334882.185999997,94.01476951360381
16246.0,821.35,2,0.004727247497761568,16335703.535999997,94.01949676110158
13893.0,821.1,1,0.004725808632631672,16336524.635999996,94.02422256973419
15314.0,820.45,3,0.004722067583293941,16337345.085999995,94.0289446373175
16135.0,819.4499999999999,2,0.004716312122774354,16338164.535999995,94.03366094944026
17683.0,819.01,3,0.004713779720145738,16338983.545999995,94.0383747291604
16048.0,818.7900000000001,4,0.004712513518831429,16339802.335999994,94.04308724267923
13612.0,818.29,1,0.004709635788571635,16340620.625999993,94.04779687846779
15483.0,817.8199999999999,10,0.0047069307221274306,16341438.445999993,94.05250380918993
14890.0,817.25,3,0.004703650109631267,16342255.695999993,94.05720745929955
16869.0,817.12,4,0.004702901899763721,16343072.815999992,94.06191036119932
15180.0,816.9300000000001,3,0.004701808362265,16343889.745999992,94.06661216956158
14872.0,816.6,3,0.004699909060293537,16344706.345999992,94.07131207862187
13514.0,815.9000000000001,4,0.004695880237929827,16345522.245999992,94.0760079588598
15399.0,815.77,3,0.00469513202806228,16346338.015999991,94.08070309088787
14556.0,815.69,3,0.004694671591220713,16347153.70599999,94.08539776247909
13811.0,814.5,3,0.004687822593202407,16347968.20599999,94.09008558507227
14624.0,814.07,6,0.004685347745178985,16348782.275999991,94.09477093281747
17869.0,813.64,7,0.004682872897155563,16349595.915999992,94.09945380571462
16621.0,813.48,4,0.004681952023472429,16350409.395999992,94.10413575773809
17194.0,812.5,3,0.0046763116721632355,16351221.895999992,94.10881206941026
16460.0,811.23,3,0.004669002237303362,16352033.125999993,94.11348107164757
16624.0,810.5699999999999,2,0.004665203633360435,16352843.695999993,94.11814627528092
13045.0,808.9200000000001,3,0.00465570712350312,16353652.615999993,94.12280198240444
15533.0,807.5699999999999,3,0.004647937251801679,16354460.185999993,94.12744991965624
17495.0,806.72,3,0.004643045110360032,16355266.905999994,94.1320929647666
12632.0,804.88,2,0.004632455063003994,16356071.785999995,94.1367254198296
13637.0,804.3,3,0.004629116895902634,16356876.085999995,94.14135453672552
18248.0,804.02,2,0.004627505366957151,16357680.105999995,94.14598204209247
16469.0,803.9000000000001,5,0.004626814711694801,16358484.005999995,94.15060885680417
15644.0,803.54,4,0.004624742745907749,16359287.545999995,94.15523359955007
18265.0,801.51,2,0.0046130591610529905,16360089.055999994,94.15984665871112
16127.0,801.31,2,0.004611908068949073,16360890.365999995,94.16445856678007
17114.0,801.12,8,0.004610814531450353,16361691.485999994,94.16906938131152
17023.0,800.1800000000001,3,0.004605404398561943,16362491.665999994,94.17367478571008
13720.0,799.9,4,0.004603792869616458,16363291.565999994,94.1782785785797
13041.0,799.13,4,0.004599361165016377,16364090.695999995,94.18287793974471
17251.0,798.98,3,0.00459849784593844,16364889.675999995,94.18747643759066
16438.0,798.35,5,0.004594871905811101,16365688.025999995,94.19207130949647
15309.0,797.96,4,0.004592627276208462,16366485.985999996,94.19666393677268
13389.0,797.96,3,0.004592627276208462,16367283.945999997,94.20125656404889
17281.0,797.85,6,0.004591994175551307,16368081.795999996,94.20584855822445
15637.0,797.59,5,0.004590497755816216,16368879.385999996,94.21043905598026
16155.0,796.9,5,0.0045865264880577015,16369676.285999997,94.21502558246831
15304.0,796.4,9,0.004583648757797909,16370472.685999997,94.21960923122612
15396.0,796.3800000000001,2,0.004583533648587518,16371269.065999998,94.22419276487472
16952.0,795.83,5,0.004580368145301745,16372064.895999998,94.22877313302001
18084.0,795.23,3,0.004576914868989994,16372860.125999998,94.233350047889
13336.0,795.12,1,0.00457628176833284,16373655.245999997,94.23792632965733
15831.0,794.64,3,0.004573519147283438,16374449.885999998,94.24249984880461
16961.0,794.56,3,0.004573058710441871,16375244.445999999,94.24707290751506
17212.0,794.41,3,0.004572195391363934,16376038.855999999,94.25164510290644
13296.0,792.51,6,0.004561260016376721,16376831.365999999,94.2562063629228
14022.0,792.1500000000001,2,0.004559188050589671,16377623.515999999,94.2607655509734
14976.0,790.86,7,0.004551763506519405,16378414.375999998,94.26531731447992
13484.0,790.72,3,0.004550957742046663,16379205.095999999,94.26986827222197
13544.0,790.2,6,0.004547964902576479,16379995.295999998,94.27441623712454
14656.0,790.0,5,0.004546813810472561,16380785.295999998,94.278963050935
13016.0,789.89,3,0.0045461807098154065,16381575.185999999,94.28350923164483
16759.0,789.79,3,0.004545605163763448,16382364.975999998,94.28805483680858
16472.0,789.5999999999999,2,0.004544511626264727,16383154.575999998,94.29259934843485
15448.0,788.81,2,0.0045399648124542545,16383943.385999998,94.2971393132473
17952.0,788.46,4,0.0045379504012724,16384731.845999999,94.30167726364859
14557.0,788.38,1,0.0045374899644308325,16385520.226,94.30621475361302
17817.0,788.15,6,0.0045361662085113275,16386308.376,94.31075091982153
14513.0,788.01,6,0.004535360444038587,16387096.386,94.31528628026557
13323.0,787.85,5,0.004534439570355453,16387884.236,94.31982071983592
16468.0,787.52,3,0.004532540268383989,16388671.756,94.32435326010432
13212.0,786.83,3,0.004528569000625475,16389458.586,94.32888182910493
14463.0,786.5699999999999,4,0.004527072580890383,16390245.156,94.33340890168583
12628.0,786.46,3,0.004526439480233229,16391031.616,94.33793534116606
16739.0,786.4300000000001,2,0.004526266816417641,16391818.046,94.34246160798247
13770.0,785.37,4,0.004520166028266881,16392603.416,94.34698177401074
13541.0,785.25,2,0.00451947537300453,16393388.666,94.35150124938374
15646.0,784.8100000000001,5,0.004516942970375913,16394173.476,94.35601819235411
15806.0,784.58,3,0.004515619214456408,16394958.056,94.36053381156859
13595.0,784.48,3,0.00451504366840445,16395742.536,94.36504885523699
13415.0,784.1700000000001,4,0.004513259475643378,16396526.706,94.36956211471262
15714.0,783.96,5,0.004512050828934265,16397310.666000001,94.37407416554157
12761.0,782.95,2,0.004506237813809483,16398093.616,94.37858040335537
16836.0,782.37,4,0.004502899646708124,16398875.986,94.38308330300208
15952.0,781.9100000000001,4,0.004500252134869115,16399657.896,94.38758355513694
17255.0,781.6999999999999,4,0.0044990434881600014,16400439.595999999,94.39208259862511
13453.0,781.6899999999999,3,0.004498985933554805,16401221.285999998,94.39658158455866
13287.0,781.59,3,0.004498410387502847,16402002.875999998,94.40107999494616
15679.0,781.28,4,0.004496626194741775,16402784.155999998,94.4055766211409
15239.0,780.59,2,0.004492654926983261,16403564.745999997,94.41006927606787
13502.0,780.5,5,0.004492136935536499,16404345.245999997,94.41456141300341
15246.0,780.4,3,0.004491561389484541,16405125.645999998,94.4190529743929
18228.0,779.9,2,0.004488683659224747,16405905.545999998,94.42354165805213
12735.0,779.5699999999999,2,0.004486784357253284,16406685.115999999,94.42802844240938
12504.0,779.05,4,0.004483791517783099,16407464.166,94.43251223392717
13781.0,778.83,3,0.0044825253164687915,16408242.996,94.43699475924365
14815.0,778.5,2,0.004480626014497328,16409021.496,94.44147538525813
16958.0,778.49,1,0.004480568459892132,16409799.986,94.44595595371803
14690.0,777.6800000000001,4,0.004475906536871269,16410577.666,94.4504318602549
16505.0,777.6,1,0.004475446100029701,16411355.265999999,94.45490730635493
13563.0,777.53,2,0.00447504321779333,16412132.795999998,94.45938234957272
13745.0,777.36,2,0.004474064789505,16412910.155999998,94.46385641436221
15837.0,777.01,2,0.004472050378323145,16413687.165999997,94.46832846474054
15794.0,777.0,2,0.00447199282371795,16414464.165999997,94.47280045756426
15618.0,776.851,4,0.004471135260100531,16415241.016999997,94.47727159282435
12808.0,776.7,5,0.004470266185562075,16416017.716999996,94.48174185900992
14997.0,776.6,4,0.004469690639510115,16416794.316999996,94.48621154964943
15092.0,776.46,3,0.0044688848750373735,16417570.776999997,94.49068043452446
15743.0,775.96,4,0.0044660071447775816,16418346.736999998,94.49514644166925
13314.0,775.94,3,0.00446589203556719,16419122.676999997,94.4996123337048
13341.0,775.85,1,0.004465374044120426,16419898.526999997,94.50407770774893
17482.0,775.6400000000001,2,0.004464165397411314,16420674.166999998,94.50854187314634
15921.0,775.26,4,0.004461978322413871,16421449.426999997,94.51300385146875
15414.0,774.9000000000001,3,0.0044599063566268205,16422224.326999998,94.51746375782538
15773.0,774.5200000000001,2,0.0044577192816293775,16422998.846999997,94.52192147710701
18058.0,774.06,3,0.004455071769790367,16423772.906999998,94.52637654887681
18112.0,773.36,4,0.0044510429474266585,16424546.266999997,94.53082759182423
16565.0,773.05,4,0.004449258754665586,16425319.316999998,94.5352768505789
15075.0,773.03,1,0.0044491436454551945,16426092.346999997,94.53972599422436
17349.0,772.41,5,0.004445575259933052,16426864.756999997,94.54417156948428
12923.0,770.42,3,0.004434121893499076,16427635.176999997,94.54860569137779
17801.0,770.03,3,0.004431877263896438,16428405.206999997,94.55303756864167
14838.0,769.9200000000001,2,0.004431244163239285,16429175.126999997,94.55746881280491
12965.0,769.8100000000001,1,0.00443061106258213,16429944.936999997,94.5618994238675
16480.0,769.29,1,0.004427618223111945,16430714.226999996,94.5663270420906
16978.0,768.88,3,0.004425258484298915,16431483.106999997,94.57075230057491
13980.0,768.8199999999999,5,0.0044249131566677395,16432251.926999997,94.57517721373158
13356.0,768.24,1,0.00442157498956638,16433020.166999998,94.57959878872116
15331.0,767.9100000000001,3,0.004419675687594918,16433788.076999998,94.58401846440874
13712.0,766.4200000000001,2,0.004411100051420735,16434554.496999998,94.58842956446017
12991.0,764.8199999999999,3,0.004401891314589398,16435319.316999998,94.59283145577476
14413.0,764.52,4,0.004400164676433523,16436083.836999997,94.59723162045118
13699.0,764.1500000000001,2,0.004398035156041276,16436847.986999998,94.60162965560724
16602.0,763.33,2,0.0043933156784152156,16437611.316999998,94.60602297128564
17466.0,763.28,2,0.004393027905389236,16438374.596999997,94.61041599919103
15428.0,762.75,4,0.004389977511313856,16439137.346999997,94.61480597670234
16806.0,762.16,4,0.004386581789607301,16439899.506999997,94.61919255849195
13598.0,761.96,5,0.004385430697503383,16440661.466999998,94.62357798918946
14883.0,761.59,6,0.0043833011771111366,16441423.056999998,94.62796129036657
17425.0,759.1700000000001,2,0.00436937296265374,16442182.226999998,94.63233066332923
18246.0,758.8199999999999,3,0.004367358551471885,16442941.046999998,94.63669802188069
16720.0,758.74,3,0.004366898114630318,16443699.786999999,94.64106491999533
15908.0,758.62,2,0.004366207459367968,16444458.406999998,94.6454311274547
15568.0,758.29,3,0.004364308157396505,16445216.696999997,94.64979543561208
15006.0,757.78,2,0.004361372872531515,16445974.476999996,94.65415680848461
13034.0,756.82,3,0.004355847630432714,16446731.296999997,94.65851265611505
16392.0,756.6999999999999,3,0.0043551569751703635,16447487.996999996,94.66286781309022
14176.0,756.46,5,0.004353775664645663,16448244.456999997,94.66722158875487
16411.0,756.39,4,0.004353372782409291,16449000.846999997,94.67157496153727
16262.0,755.15,1,0.004346236011365006,16449755.996999998,94.67592119754865
13370.0,754.87,1,0.004344624482419522,16450510.866999997,94.68026582203106
16892.0,754.75,7,0.004343933827157172,16451265.616999997,94.68460975585822
18104.0,754.64,1,0.004343300726500018,16452020.256999997,94.68895305658472
18034.0,754.1999999999999,3,0.004340768323871399,16452774.456999997,94.69329382490858
14234.0,754.12,4,0.004340307887029833,16453528.576999996,94.69763413279561
14247.0,753.56,5,0.004337084829138865,16454282.136999996,94.70197121762475
17579.0,753.28,4,0.004335473300193381,16455035.416999996,94.70630669092495
14998.0,753.18,4,0.004334897754141422,16455788.596999995,94.71064158867908
13730.0,752.6,2,0.004331559587040063,16456541.196999995,94.71497314826613
13030.0,752.44,2,0.0043306387133569295,16457293.636999995,94.71930378697947
13070.0,751.7,4,0.004326379672572436,16458045.336999994,94.72363016665204
14923.0,749.1,1,0.004311415475221514,16458794.436999993,94.72794158212726
16972.0,749.0,2,0.004310839929169555,16459543.436999993,94.73225242205643
14048.0,748.69,3,0.004309055736408484,16460292.126999993,94.73656147779283
15656.0,748.5,4,0.004307962198909762,16461040.626999993,94.74086943999176
13108.0,748.46,2,0.0043077319804889795,16461789.086999994,94.74517717197224
17387.0,746.81,2,0.004298235470631662,16462535.896999994,94.74947540744287
14942.0,746.56,4,0.004296796605501766,16463282.456999995,94.75377220404837
17889.0,746.42,7,0.004295990841029024,16464028.876999995,94.7580681948894
17760.0,746.39,6,0.004295818177213437,16464775.266999995,94.76236401306663
14050.0,746.36,2,0.004295645513397849,16465521.626999995,94.76665965858002
16465.0,746.24,2,0.0042949548581354986,16466267.866999995,94.77095461343815
18190.0,745.62,5,0.004291386472613356,16467013.486999994,94.77524599991077
14228.0,745.5,3,0.004290695817351006,16467758.986999994,94.77953669572811
13950.0,745.06,4,0.004288163414722388,16468504.046999995,94.78382485914284
13236.0,744.85,2,0.004286954768013275,16469248.896999994,94.78811181391086
12871.0,744.02,3,0.004282177735782019,16469992.916999994,94.79239399164663
13354.0,743.53,1,0.004279357560127422,16470736.446999993,94.79667334920676
14104.0,743.53,5,0.004279357560127422,16471479.976999993,94.80095270676688
17038.0,743.17,2,0.004277285594340371,16472223.146999992,94.80522999236122
16730.0,743.11,3,0.004276940266709196,16472966.256999992,94.80950693262793
15420.0,743.0,6,0.004276307166052042,16473709.256999992,94.81378323979398
14302.0,742.9000000000001,3,0.004275731620000084,16474452.156999992,94.81805897141398
12465.0,742.19,2,0.004271645243031178,16475194.346999992,94.822330616657
18275.0,741.85,2,0.004269688386454518,16475936.196999991,94.82660030504346
13721.0,741.54,2,0.004267904193693447,16476677.73699999,94.83086820923715
13713.0,740.76,3,0.00426341493448817,16477418.49699999,94.83513162417164
15720.0,739.22,2,0.004254551525288009,16478157.71699999,94.83938617569693
12603.0,739.1999999999999,1,0.004254436416077616,16478896.91699999,94.843640612113
15988.0,738.89,3,0.004252652223316546,16479635.80699999,94.84789326433632
15070.0,737.0500000000001,3,0.004242062175960508,16480372.856999991,94.85213532651228
15462.0,737.05,4,0.004242062175960508,16481109.906999992,94.85637738868824
16075.0,736.9300000000001,2,0.004241371520698159,16481846.836999992,94.86061876020895
17461.0,735.82,3,0.004234982959521418,16482582.656999992,94.86485374316847
15045.0,735.66,2,0.004234062085838285,16483318.316999992,94.86908780525431
12527.0,735.51,5,0.004233198766760347,16484053.826999992,94.87332100402107
13286.0,734.91,1,0.004229745490448595,16484788.736999992,94.87755074951151
15938.0,734.81,9,0.004229169944396636,16485523.546999993,94.88177991945592
17616.0,734.4,4,0.004226810205583606,16486257.946999993,94.8860067296615
12537.0,732.94,1,0.004218407233225013,16486990.886999993,94.89022513689473
17979.0,732.4100000000001,4,0.004215356839149632,16487723.296999993,94.89444049373388
13780.0,732.07,3,0.004213399982572973,16488455.366999993,94.89865389371644
13575.0,732.0699999999999,5,0.004213399982572972,16489187.436999993,94.90286729369902
17548.0,731.26,4,0.004208738059552108,16489918.696999993,94.90707603175858
17681.0,731.2,5,0.004208392731920934,16490649.896999992,94.91128442449049
14778.0,730.86,2,0.004206435875344274,16491380.756999992,94.91549086036584
13921.0,730.7,4,0.00420551500166114,16492111.456999991,94.9196963753675
13452.0,729.8,3,0.004200335087193513,16492841.256999992,94.9238967104547
12925.0,729.3299999999999,3,0.004197630020749308,16493570.586999992,94.92809434047544
15872.0,729.25,4,0.004197169583907741,16494299.836999992,94.93229151005934
18163.0,728.84,1,0.004194809845094711,16495028.676999992,94.93648631990443
17756.0,728.75,3,0.0041942918536479485,16495757.426999992,94.94068061175808
12786.0,728.5000000000001,1,0.0041928529885180525,16496485.926999992,94.9448734647466
17547.0,727.85,2,0.004189111939180322,16497213.776999991,94.94906257668578
17141.0,727.58,4,0.004187557964840033,16497941.356999991,94.95325013465063
17374.0,727.11,3,0.004184852898395828,16498668.46699999,94.95743498754902
16447.0,727.1,3,0.004184795343790632,16499395.56699999,94.9616197828928
13569.0,726.54,4,0.004181572285899664,16500122.10699999,94.9658013551787
18078.0,725.53,4,0.004175759270774883,16500847.636999989,94.96997711444946
12723.0,725.0699999999999,5,0.0041731117589358735,16501572.70699999,94.97415022620841
18187.0,724.89,1,0.004172075776042348,16502297.59699999,94.97832230198445
13729.0,724.73,3,0.004171154902359215,16503022.32699999,94.98249345688681
14798.0,724.3100000000001,8,0.004168737608940989,16503746.63699999,94.98666219449576
15368.0,722.74,2,0.004159701535925239,16504469.376999991,94.99082189603169
13264.0,722.5600000000001,1,0.004158665553031714,16505191.936999992,94.99498056158473
17615.0,721.8,6,0.004154291403036829,16505913.736999992,94.99913485298777
13441.0,720.9,2,0.004149111488569202,16506634.636999993,95.00328396447634
16023.0,719.8100000000001,3,0.004142838036602854,16507354.446999993,95.00742680251294
13537.0,717.85,2,0.004131557333984466,16508072.296999993,95.01155835984693
13604.0,717.62,1,0.004130233578064962,16508789.916999992,95.01568859342498
16269.0,717.57,1,0.004129945805038983,16509507.486999992,95.01981853923002
12573.0,717.4100000000001,5,0.0041290249313558494,16510224.896999992,95.02394756416138
17860.0,717.39,4,0.004128909822145457,16510942.286999993,95.02807647398353
16526.0,717.21,2,0.004127873839251932,16511659.496999994,95.03220434782278
15274.0,716.57,2,0.004124190344519397,16512376.066999994,95.0363285381673
12519.0,716.5400000000001,2,0.00412401768070381,16513092.606999993,95.04045255584799
12535.0,716.3499999999999,2,0.004122924143205088,16513808.956999993,95.04457547999121
12492.0,715.21,3,0.004116362918212761,16514524.166999994,95.04869184290942
15330.0,714.96,2,0.004114924053082864,16515239.126999995,95.05280676696252
13512.0,713.39,4,0.004105887980067114,16515952.516999995,95.05691265494258
14026.0,713.11,2,0.004104276451121631,16516665.626999995,95.06101693139371
13147.0,712.8,4,0.004102492258360559,16517378.426999995,95.06511942365206
17761.0,712.78,1,0.004102377149150168,16518091.206999995,95.06922180080122
14470.0,712.04,3,0.0040981181083656745,16518803.246999994,95.07331991890958
15127.0,711.5,2,0.004095010159685098,16519514.746999994,95.07741492906926
13103.0,709.6400000000001,3,0.004084305003118669,16520224.386999995,95.08149923407238
13057.0,709.59,3,0.00408401723009269,16520933.976999994,95.08558325130248
13927.0,708.26,2,0.004076362467601641,16521642.236999994,95.08965961377007
12485.0,708.1,1,0.004075441593918507,16522350.336999994,95.093735055364
14398.0,707.79,2,0.004073657401157435,16523058.126999993,95.09780871276514
16449.0,707.69,2,0.004073081855105478,16523765.816999992,95.10188179462024
12453.0,707.09,1,0.004069628578793726,16524472.906999992,95.10595142319903
13626.0,707.04,2,0.004069340805767746,16525179.946999991,95.1100207640048
16309.0,706.5699999999999,2,0.004066635739323541,16525886.516999992,95.11408739974414
17051.0,706.49,4,0.004066175302481975,16526593.006999992,95.1181535750466
12890.0,706.02,2,0.00406347023603777,16527299.026999991,95.12221704528264
16364.0,705.79,2,0.004062146480118265,16528004.81699999,95.12627919176275
16882.0,705.12,3,0.004058290321570142,16528709.93699999,95.13033748208433
16015.0,704.55,3,0.004055009709073978,16529414.48699999,95.13439249179339
12612.0,704.04,1,0.00405207442420899,16530118.52699999,95.1384445662176
12883.0,703.47,4,0.0040487938117128265,16530821.99699999,95.14249336002932
15103.0,703.36,2,0.004048160711055672,16531525.35699999,95.14654152074037
17561.0,703.02,4,0.004046203854479013,16532228.37699999,95.15058772459484
14699.0,702.6,4,0.004043786561060787,16532930.976999989,95.15463151115591
16997.0,702.0,3,0.004040333284749036,16533632.976999989,95.15867184444066
17825.0,701.96,4,0.0040401030663282525,16534334.93699999,95.16271194750699
14324.0,701.61,2,0.004038088655146397,16535036.54699999,95.16675003616213
14179.0,701.57,2,0.004037858436725614,16535738.11699999,95.17078789459886
14356.0,701.23,2,0.004035901580148955,16536439.34699999,95.17482379617901
13833.0,700.4100000000001,2,0.004031182102522895,16537139.75699999,95.17885497828154
17163.0,699.78,4,0.004027556162395555,16537839.53699999,95.18288253444392
13242.0,699.4,7,0.004025369087398113,16538538.93699999,95.18690790353132
16018.0,698.13,4,0.00401805965253824,16539237.06699999,95.19092596318387
14497.0,697.06,2,0.004011901309782283,16539934.126999991,95.19493786449365
16415.0,696.76,3,0.004010174671626407,16540630.88699999,95.19894803916527
15700.0,696.68,2,0.00400971423478484,16541327.56699999,95.20295775340006
14959.0,695.4200000000001,4,0.004002462354530163,16542022.98699999,95.2069602157546
13101.0,695.4,4,0.004002347245319771,16542718.38699999,95.21096256299991
15995.0,694.54,1,0.003997397549272927,16543412.92699999,95.21495996054918
15053.0,693.95,3,0.003994001827566373,16544106.87699999,95.21895396237674
14111.0,692.85,4,0.003987670820994828,16544799.726999989,95.22294163319773
17198.0,692.22,3,0.003984044880867489,16545491.94699999,95.22692567807862
17733.0,692.19,2,0.003983872217051902,16546184.136999989,95.23090955029566
12817.0,690.98,3,0.003976908109823203,16546875.11699999,95.23488645840548
16658.0,690.83,6,0.003976044790745266,16547565.94699999,95.23886250319623
14880.0,690.59,3,0.0039746634802205645,16548256.53699999,95.24283716667645
16545.0,689.8199999999999,2,0.003970231775620483,16548946.35699999,95.24680739845208
17834.0,689.6700000000001,2,0.003969368456542547,16549636.02699999,95.25077676690861
17502.0,689.1,4,0.003966087844046382,16550325.12699999,95.25474285475266
15361.0,689.07,4,0.003965915180230795,16551014.19699999,95.25870876993288
12450.0,688.2,5,0.003960907929578756,16551702.396999989,95.26266967786246
18017.0,688.0,4,0.003959756837474839,16552390.396999989,95.26662943469995
15901.0,687.72,7,0.0039581453085293546,16553078.11699999,95.27058758000847
14809.0,686.76,2,0.003952620066430552,16553764.87699999,95.2745402000749
13898.0,686.4000000000001,2,0.003950548100643502,16554451.27699999,95.27849074817554
16824.0,686.24,3,0.003949627226960368,16555137.51699999,95.28244037540252
17935.0,686.14,7,0.003949051680908409,16555823.65699999,95.28638942708342
12658.0,686.05,1,0.003948533689461646,16556509.706999991,95.29033796077289
15257.0,685.9,2,0.003947670370383708,16557195.606999991,95.29428563114327
15219.0,685.45,2,0.0039450804131498955,16557881.05699999,95.29823071155641
15184.0,685.39,4,0.00394473508551872,16558566.446999991,95.30217544664194
16885.0,684.6,4,0.003940188271708248,16559251.046999991,95.30611563491365
13585.0,684.54,3,0.003939842944077072,16559935.58699999,95.31005547785773
15669.0,684.34,4,0.0039386918519731555,16560619.92699999,95.31399416970969
15207.0,683.92,3,0.00393627455855493,16561303.84699999,95.31793044426826
17874.0,683.46,6,0.0039336270467159205,16561987.30699999,95.32186407131496
14222.0,683.17,1,0.00393195796316524,16562670.47699999,95.32579602927814
15582.0,682.9100000000001,3,0.003930461543430149,16563353.38699999,95.32972649082157
13987.0,682.54,2,0.003928332023037901,16564035.92699999,95.3336548228446
12601.0,681.26,6,0.003920965033572832,16564717.18699999,95.33757578787817
12478.0,680.99,1,0.003919411059232544,16565398.17699999,95.3414951989374
18271.0,680.85,2,0.003918605294759802,16566079.02699999,95.34541380423217
18082.0,680.84,1,0.0039185477401546065,16566759.86699999,95.34933235197232
15973.0,680.6200000000001,3,0.003917281538840298,16567440.486999989,95.35324963351115
13524.0,680.1800000000001,5,0.0039147491362116794,16568120.666999988,95.35716438264735
13809.0,679.7,3,0.003911986515162279,16568800.366999988,95.36107636916252
14151.0,679.45,2,0.003910547650032382,16569479.816999987,95.36498691681254
13430.0,679.45,2,0.003910547650032382,16570159.266999986,95.36889746446258
17782.0,679.02,2,0.00390807280200896,16570838.286999986,95.37280553726458
16646.0,678.8,1,0.003906806600694651,16571517.086999986,95.37671234386528
14182.0,678.77,4,0.0039066339368790635,16572195.856999986,95.38061897780216
13255.0,678.76,3,0.003906576382273868,16572874.616999986,95.38452555418444
13925.0,678.25,4,0.00390364109740888,16573552.866999986,95.38842919528183
15363.0,678.11,2,0.0039028353329361373,16574230.976999985,95.39233203061477
13974.0,677.72,2,0.0039005907033334993,16574908.696999986,95.3962326213181
16601.0,677.0,3,0.0038964467717593977,16575585.696999986,95.40012906808987
13040.0,676.99,2,0.003896389217154202,16576262.686999986,95.40402545730701
17462.0,675.6899999999999,2,0.00388890711847874,16576938.376999985,95.4079143644255
18156.0,675.64,2,0.0038886193454527613,16577614.016999986,95.41180298377095
12942.0,675.6,3,0.003888389127031978,16578289.616999986,95.41569137289798
13325.0,675.3,1,0.003886662488876102,16578964.916999986,95.41957803538686
13355.0,674.7,1,0.003883209212564351,16579639.616999986,95.42346124459942
13951.0,674.45,3,0.003881770347434455,16580314.066999985,95.42734301494686
14504.0,673.26,4,0.0038749213494161474,16580987.326999985,95.43121793629626
16648.0,672.8000000000001,3,0.0038722738375771386,16581660.126999985,95.43509021013385
16226.0,672.1700000000001,5,0.0038686478974498,16582332.296999985,95.4389588580313
17011.0,671.6999999999999,3,0.0038659428310055936,16583003.996999985,95.4428248008623
15562.0,671.4300000000001,3,0.0038643888566653067,16583675.426999984,95.44668918971895
14142.0,671.34,2,0.003863870865218544,16584346.766999984,95.45055306058417
17709.0,671.01,5,0.00386197156324708,16585017.776999984,95.45441503214742
13398.0,670.34,2,0.0038581154046989584,16585688.116999984,95.45827314755212
17418.0,670.06,3,0.003856503875753474,16586358.176999984,95.46212965142789
13741.0,668.4300000000001,3,0.00384712247510655,16587026.606999984,95.46597677390298
16268.0,667.65,2,0.0038426332159012724,16587694.256999984,95.46981940711889
17962.0,666.96,4,0.003838661948142759,16588361.216999985,95.47365806906704
18123.0,666.6399999999999,3,0.003836820200776491,16589027.856999986,95.47749488926782
13217.0,666.48,4,0.0038358993270933583,16589694.336999986,95.4813307885949
14932.0,666.13,2,0.003833884915911503,16590360.466999987,95.48516467351082
17105.0,665.78,2,0.003831870504729648,16591026.246999986,95.48899654401556
16132.0,664.2,2,0.003822776877108703,16591690.446999986,95.49281932089266
16704.0,664.16,2,0.0038225466586879193,16592354.606999986,95.49664186755135
13596.0,664.11,2,0.0038222588856619403,16593018.716999985,95.50046412643701
15643.0,664.0,3,0.003821625785004786,16593682.716999985,95.504285752222
14720.0,663.81,3,0.0038205322475060644,16594346.526999986,95.50810628446952
16573.0,663.61,2,0.003819381155402147,16595010.136999985,95.51192566562491
16679.0,663.31,3,0.0038176545172462716,16595673.446999986,95.51574332014216
12837.0,662.6600000000001,2,0.0038139134679085417,16596336.106999986,95.51955723361007
13864.0,662.4000000000001,1,0.0038124170481734494,16596998.506999986,95.52336965065825
16862.0,662.33,4,0.0038120141659370786,16597660.836999986,95.52718166482418
14425.0,661.39,3,0.0038066040330486674,16598322.226999987,95.53098826885724
13028.0,661.3199999999999,2,0.003806201150812296,16598983.546999987,95.53479447000805
17375.0,660.55,4,0.003801769446212215,16599644.096999988,95.53859623945428
14603.0,660.0,1,0.0037986039429264437,16600304.096999988,95.5423948433972
15405.0,659.84,2,0.0037976830692433104,16600963.936999988,95.54619252646644
15492.0,659.46,2,0.0037954959942458674,16601623.396999989,95.5499880224607
13759.0,659.4100000000001,2,0.0037952082212198888,16602282.806999989,95.55378323068192
14452.0,658.95,4,0.003792560709380879,16602941.756999988,95.55757579139129
13622.0,658.95,1,0.003792560709380879,16603600.706999987,95.56136835210067
14150.0,658.64,2,0.003790776516619807,16604259.346999988,95.5651591286173
13433.0,658.3199999999999,4,0.0037889347692535397,16604917.666999988,95.56894806338654
16887.0,658.17,3,0.003788071450175602,16605575.836999988,95.57273613483672
15715.0,658.02,5,0.003787208131097664,16606233.856999988,95.57652334296782
16696.0,657.9,4,0.003786517475835314,16606891.756999988,95.58030986044366
17852.0,657.8100000000001,5,0.003785999484388552,16607549.566999989,95.58409585992804
17459.0,657.3,2,0.0037830641995235626,16608206.86699999,95.58787892412758
16157.0,656.69,3,0.003779553368606616,16608863.556999989,95.59165847749618
16708.0,656.63,1,0.00377920804097544,16609520.18699999,95.59543768553715
14558.0,655.5,3,0.003772704370588309,16610175.68699999,95.59921038990774
17371.0,655.37,6,0.0037719561607207626,16610831.056999989,95.60298234606847
16117.0,654.4,3,0.0037663733640167646,16611485.45699999,95.60674871943247
17398.0,653.38,3,0.003760502794286788,16612138.83699999,95.61050922222677
13496.0,653.3299999999999,2,0.0037602150212608077,16612792.16699999,95.61426943724804
18121.0,653.3000000000001,2,0.0037600423574452213,16613445.46699999,95.61802947960548
15205.0,653.24,2,0.0037596970298140455,16614098.706999991,95.6217891766353
13820.0,652.75,3,0.003756876854159449,16614751.456999991,95.62554605348946
17523.0,652.74,4,0.003756819299554253,16615404.196999991,95.62930287278901
17572.0,652.21,10,0.0037537689054788726,16616056.406999992,95.6330566416945
13840.0,651.4,1,0.003749106982458008,16616707.806999993,95.63680574867696
16056.0,650.75,1,0.0037453659331202777,16617358.556999993,95.64055111461008
16969.0,650.41,3,0.0037434090765436183,16618008.966999993,95.64429452368663
17779.0,650.3199999999999,3,0.0037428910850968557,16618659.286999993,95.64803741477172
14034.0,648.89,3,0.0037346607765538485,16619308.176999994,95.65177207554828
12844.0,648.6,4,0.0037329916930031685,16619956.776999993,95.65550506724128
16495.0,648.26,3,0.0037310348364265095,16620605.036999993,95.6592361020777
17777.0,647.56,3,0.0037270060140627993,16621252.596999994,95.66296310809177
16734.0,646.76,3,0.0037224016456471314,16621899.356999993,95.66668550973742
13474.0,646.59,3,0.003721423217358802,16622545.946999993,95.67040693295478
15945.0,646.27,4,0.0037195814699925345,16623192.216999993,95.67412651442476
15012.0,646.26,3,0.0037195239153873386,16623838.476999993,95.67784603834015
14024.0,645.74,3,0.0037165310759171544,16624484.216999993,95.68156256941607
17380.0,645.0,3,0.003712272035132661,16625129.216999993,95.68527484145119
12719.0,644.95,2,0.003711984262106682,16625774.166999992,95.6889868257133
16185.0,644.72,3,0.0037106605061871774,16626418.886999993,95.69269748621949
17312.0,644.3,3,0.003708243212768951,16627063.186999993,95.69640572943227
17963.0,643.16,4,0.0037016819877766236,16627706.346999994,95.70010741142005
13237.0,643.0,1,0.0037007611140934898,16628349.346999994,95.70380817253414
15297.0,641.94,3,0.0036946603259427296,16628991.286999993,95.70750283286009
14537.0,641.4,2,0.003691552377262153,16629632.686999993,95.71119438523735
12365.0,641.38,2,0.003691437268051761,16630274.066999994,95.71488582250541
12624.0,641.13,2,0.003689998402921865,16630915.196999995,95.71857582090833
13318.0,640.76,3,0.0036878688825296184,16631555.956999995,95.72226368979085
14563.0,640.54,2,0.003686602681215309,16632196.496999994,95.72595029247206
12538.0,640.45,2,0.0036860846897685475,16632836.946999993,95.72963637716182
12880.0,640.13,2,0.0036842429424022794,16633477.076999994,95.73332062010424
15183.0,639.9300000000001,3,0.003683091850298363,16634117.006999994,95.73700371195453
12734.0,639.6500000000001,3,0.0036814803213528788,16634756.656999994,95.74068519227589
15648.0,639.5,2,0.0036806170022749404,16635396.156999994,95.74436580927816
17998.0,639.24,3,0.003679120582539848,16636035.396999994,95.7480449298607
16428.0,638.49,3,0.003674803987150159,16636673.886999995,95.75171973384785
12699.0,638.11,1,0.0036726169121527167,16637311.996999994,95.75539235076
17691.0,637.55,4,0.0036693938542617485,16637949.546999995,95.75906174461427
14664.0,636.24,2,0.0036618542009810916,16638585.786999995,95.76272359881524
15829.0,636.14,2,0.003661278654929133,16639221.926999995,95.76638487747019
16534.0,635.9,1,0.003659897344404432,16639857.826999996,95.7700447748146
17334.0,635.1500000000001,3,0.0036555807490147437,16640492.976999996,95.7737003555636
14365.0,634.6800000000001,2,0.0036528756825705386,16641127.656999996,95.77735323124618
14219.0,633.8299999999999,3,0.00364798354112889,16641761.486999996,95.78100121478731
15666.0,632.94,2,0.00364286118126646,16642394.426999995,95.78464407596857
13540.0,632.39,3,0.0036396956779806873,16643026.816999996,95.78828377164655
18183.0,632.07,2,0.0036378539306144205,16643658.886999996,95.79192162557717
13822.0,632.0,2,0.0036374510483780493,16644290.886999996,95.79555907662555
17985.0,631.35,1,0.0036337099990403185,16644922.236999996,95.79919278662459
13706.0,631.1700000000001,2,0.0036326740161467933,16645553.406999996,95.80282546064073
16193.0,630.4300000000001,2,0.0036284149753623004,16646183.836999996,95.8064538756161
16399.0,630.22,3,0.003627206328653187,16646814.056999996,95.81008108194476
13525.0,628.78,2,0.003618918465504984,16647442.836999996,95.81370000041025
14283.0,628.44,4,0.0036169616089283254,16648071.276999995,95.81731696201918
16158.0,628.32,9,0.003616270953665975,16648699.596999995,95.82093323297285
13480.0,627.8199999999999,2,0.003613393223406181,16649327.416999996,95.82454662619625
13518.0,627.16,1,0.0036095946194632553,16649954.576999996,95.82815622081571
14036.0,626.65,1,0.003606659334598267,16650581.226999996,95.83176288015032
13914.0,626.45,2,0.0036055082424943496,16651207.676999995,95.83536838839281
14381.0,625.94,2,0.0036025729576293613,16651833.616999995,95.83897096135044
14793.0,625.9000000000001,2,0.003602342739208578,16652459.516999995,95.84257330408964
16715.0,625.52,2,0.0036001556642111347,16653085.036999995,95.84617345975384
16330.0,625.38,7,0.003599349899738393,16653710.416999996,95.8497728096536
17134.0,625.3,3,0.003598889462896826,16654335.716999996,95.8533716991165
13776.0,623.98,2,0.0035912922550109735,16654959.696999997,95.8569629913715
16750.0,623.93,5,0.003591004481984994,16655583.626999997,95.8605539958535
15147.0,623.5,1,0.003588529633961572,16656207.126999997,95.86414252548745
16792.0,623.4599999999999,5,0.0035882994155407885,16656830.586999997,95.86773082490299
16431.0,623.28,3,0.0035872634326472633,16657453.866999997,95.87131808833564
15258.0,623.1600000000001,2,0.0035865727773849135,16658077.026999997,95.87490466111302
16781.0,623.0,2,0.0035856519037017797,16658700.026999997,95.87849031301673
12575.0,622.8199999999999,2,0.0035846159208082536,16659322.846999997,95.88207492893754
14115.0,622.67,2,0.0035837526017303157,16659945.516999997,95.88565868153928
17430.0,622.5699999999999,4,0.003583177055678357,16660568.086999997,95.88924185859496
17005.0,622.36,2,0.003581968408969245,16661190.446999997,95.89282382700391
18101.0,622.01,5,0.00357995399778739,16661812.456999997,95.89640378100171
14169.0,621.51,2,0.003577076267527597,16662433.966999996,95.89998085726923
16368.0,621.44,3,0.0035766733852912267,16663055.406999996,95.90355753065451
15016.0,620.89,5,0.0035735078820054536,16663676.296999997,95.90713103853653
13836.0,620.37,2,0.0035705150425352694,16664296.666999996,95.91070155357906
14339.0,620.27,2,0.003569939496483311,16664916.936999995,95.91427149307555
12667.0,620.13,1,0.003569133732010569,16665537.066999996,95.91784062680755
15276.0,619.8,4,0.0035672344300391053,16666156.866999997,95.9214078612376
13444.0,619.08,2,0.0035630904984650046,16666775.946999997,95.92497095173607
13020.0,618.96,2,0.0035623998432026543,16667394.906999998,95.92853335157928
14079.0,618.73,2,0.0035610760872831497,16668013.636999998,95.93209442766656
13493.0,618.63,2,0.0035605005412311904,16668632.266999999,95.9356549282078
16613.0,618.59,1,0.0035602703228104072,16669250.856999999,95.9392151985306
12596.0,618.27,2,0.00355842857544414,16669869.126999998,95.94277362710605
13301.0,618.09,4,0.003557392592550615,16670487.216999998,95.94633101969859
14455.0,617.72,4,0.0035552630721583677,16671104.936999999,95.94988628277076
15956.0,617.5999999999999,2,0.003554572416896017,16671722.536999999,95.95344085518764
14377.0,617.05,2,0.0035514069136102456,16672339.587,95.95699226210127
16311.0,616.26,2,0.0035468600997997732,16672955.847,95.96053912220106
17639.0,615.17,6,0.003540586647833424,16673571.016999999,95.9640797088489
15275.0,615.14,1,0.0035404139840178373,16674186.157,95.96762012283293
14077.0,615.0799999999999,6,0.0035400686563866616,16674801.237,95.9711601914893
16847.0,614.89,2,0.0035389751188879405,16675416.127,95.97469916660819
16566.0,614.66,5,0.003537651362968436,16676030.787,95.97823681797117
16844.0,614.34,2,0.003535809615602169,16676645.127,95.98177262758676
16343.0,614.12,3,0.0035345434142878603,16677259.247,95.98530717100104
14570.0,613.75,3,0.0035324138938956132,16677872.997,95.98883958489495
17035.0,613.59,4,0.0035314930202124803,16678486.587,95.99237107791515
15362.0,613.0799999999999,2,0.003528557735347491,16679099.667,95.9958996356505
12855.0,612.84,4,0.003527176424822791,16679712.507,95.99942681207533
16116.0,612.78,1,0.0035268310971916152,16680325.286999999,96.00295364317252
16178.0,612.6,2,0.00352579511429809,16680937.886999998,96.0064794382868
16589.0,612.36,4,0.0035244138037733895,16681550.246999998,96.01000385209058
12513.0,612.29,1,0.0035240109215370183,16682162.536999997,96.01352786301211
13008.0,612.13,3,0.003523090047853885,16682774.666999998,96.01705095305996
15232.0,612.06,2,0.0035226871656175132,16683386.726999998,96.02057364022559
16922.0,611.08,1,0.0035170468143083202,16683997.806999998,96.0240906870399
13731.0,610.59,2,0.0035142266386537237,16684608.396999998,96.02760491367856
13832.0,609.8900000000001,2,0.003510197816290014,16685218.286999999,96.03111511149484
14636.0,609.85,2,0.0035099675978692304,16685828.136999998,96.03462507909272
15748.0,609.81,3,0.003509737379448446,16686437.946999999,96.03813481647217
17325.0,609.5699999999999,3,0.0035083560689237454,16687047.516999999,96.04164317254109
17707.0,609.3000000000001,8,0.003506802094583458,16687656.817,96.04514997463568
16675.0,608.86,2,0.0035042696919548406,16688265.677,96.04865424432762
13933.0,608.79,2,0.003503866809718469,16688874.466999998,96.05215811113735
17473.0,607.0,2,0.0034935645353884113,16689481.466999998,96.05565167567272
15717.0,607.0,5,0.0034935645353884113,16690088.466999998,96.05914524020812
17119.0,606.91,2,0.003493046543941648,16690695.376999998,96.06263828675206
15158.0,606.02,2,0.0034879241840792175,16691301.396999998,96.06612621093615
16590.0,605.9,2,0.0034872335288168668,16691907.296999998,96.06961344446495
17507.0,605.5799999999999,2,0.0034853917814505996,16692512.876999998,96.0730988362464
14323.0,605.06,2,0.0034823989419804154,16693117.936999999,96.0765812351884
16321.0,604.5500000000001,7,0.0034794636571154267,16693722.487,96.08006069884551
12944.0,604.51,2,0.003479233438694643,16694326.997,96.0835399322842
14611.0,604.3299999999999,2,0.003478197455801117,16694931.327,96.08701812974002
13106.0,603.46,2,0.0034731902051490784,16695534.787,96.09049131994516
12707.0,603.42,1,0.003472959986728295,16696138.207,96.09396427993188
18264.0,603.25,1,0.0034719815584399656,16696741.457,96.09743626149033
16022.0,602.63,1,0.0034684131729178225,16697344.087000001,96.10090467466324
16080.0,602.56,4,0.0034680102906814512,16697946.647000002,96.10437268495393
12654.0,601.98,5,0.003464672123580092,16698548.627000002,96.10783735707751
17270.0,601.45,2,0.0034616217295047116,16699150.077000001,96.11129897880701
14254.0,601.03,1,0.003459204436086485,16699751.107,96.1147581832431
12420.0,600.39,1,0.0034555209413539506,16700351.497000001,96.11821370418447
17745.0,600.34,2,0.0034552331683279716,16700951.837000001,96.1216689373528
18211.0,600.07,5,0.003453679193987684,16701551.907000002,96.12512261654678
17678.0,599.76,2,0.0034518950012266117,16702151.667000001,96.12857451154801
12521.0,599.68,1,0.003451434564385045,16702751.347000001,96.13202594611239
12556.0,599.56,2,0.0034507439091226947,16703350.907000002,96.1354766900215
13311.0,598.57,2,0.0034450460032083054,16703949.477000002,96.13892173602471
15424.0,597.78,3,0.0034404991893978326,16704547.257000001,96.14236223521412
14569.0,597.33,4,0.003437909232164019,16705144.587000001,96.14580014444628
15631.0,596.67,1,0.0034341106282210925,16705741.257000001,96.1492342550745
16780.0,596.4,3,0.0034325566538808043,16706337.657000002,96.15266681172838
15346.0,596.12,3,0.0034309451249353203,16706933.777,96.15609775685331
14965.0,596.0899999999999,2,0.0034307724611197326,16707529.867,96.15952852931443
17845.0,596.0899999999999,4,0.0034307724611197326,16708125.957,96.16295930177556
17209.0,595.7,3,0.0034285278315170954,16708721.657,96.16638782960706
17658.0,595.4200000000001,2,0.003426916302571611,16709317.077,96.16981474590963
13684.0,594.88,4,0.003423808353891035,16709911.957,96.17323855426353
14771.0,594.62,2,0.003422311934155942,16710506.577,96.17666086619768
13558.0,594.52,4,0.0034217363881039837,16711101.097,96.18008260258578
15442.0,594.0,1,0.003418743548633799,16711695.097,96.18350134613442
15929.0,594.0,1,0.003418743548633799,16712289.097,96.18692008968304
14746.0,593.5,4,0.0034158658183740067,16712882.597,96.19033595550142
16412.0,593.19,5,0.0034140816256129354,16713475.786999999,96.19375003712703
18232.0,592.97,4,0.0034128154242986266,16714068.757,96.19716285255133
16776.0,592.51,2,0.003410167912459617,16714661.266999999,96.20057302046379
13472.0,592.24,2,0.003408613938119329,16715253.507,96.20398163440191
17815.0,591.96,1,0.0034070024091738447,16715845.467,96.2073886368111
17156.0,591.87,1,0.003406484417727082,16716437.337,96.21079512122883
12790.0,591.85,2,0.0034063693085166903,16717029.186999999,96.21420149053733
17483.0,591.73,4,0.00340567865325434,16717620.917,96.21760716919059
15524.0,591.4,2,0.003403779351282877,16718212.317,96.22101094854187
17098.0,591.07,3,0.0034018800493114142,16718803.387,96.22441282859118
17968.0,590.44,4,0.0033982541091840753,16719393.827,96.22781108270037
13270.0,590.0,1,0.003395721706555457,16719983.827,96.23120680440692
15160.0,589.27,4,0.00339152022037616,16720573.097,96.2345983246273
15624.0,588.13,4,0.0033849589953838326,16721161.227,96.23798328362268
15191.0,588.05,3,0.003384498558542265,16721749.277,96.24136778218123
17890.0,586.89,2,0.003377822224339546,16722336.167000001,96.24474560440558
14729.0,586.24,3,0.0033740811750018153,16722922.407000002,96.24811968558058
14173.0,586.0,6,0.0033726998644771156,16723508.407000002,96.25149238544506
17392.0,585.92,3,0.003372239427635548,16724094.327000001,96.2548646248727
12384.0,585.27,2,0.0033684983782978177,16724679.597000001,96.25823312325097
12800.0,584.25,3,0.0033626278085678407,16725263.847000001,96.26159575105955
14023.0,584.0699999999999,2,0.0033615918256743147,16725847.917000001,96.26495734288522
15762.0,583.75,2,0.003359750078308048,16726431.667000001,96.26831709296354
17014.0,583.4300000000001,3,0.0033579083309417807,16727015.097000001,96.27167500129448
16001.0,583.39,1,0.003357678112520997,16727598.487000002,96.275032679407
14670.0,583.3299999999999,3,0.0033573327848898217,16728181.817000002,96.27839001219189
16445.0,583.16,4,0.0033563543566014925,16728764.977000002,96.28174636654849
15918.0,582.88,3,0.003354742827656009,16729347.857000003,96.28510110937616
16100.0,582.64,1,0.003353361517131308,16729930.497000003,96.2884544708933
16802.0,582.61,2,0.00335318885331572,16730513.107000003,96.2918076597466
17099.0,582.17,1,0.0033506564506871023,16731095.277000003,96.29515831619729
14742.0,579.85,1,0.003337303782281664,16731675.127000002,96.29849561997956
15588.0,579.6,1,0.0033358649171517677,16732254.727000002,96.30183148489671
14529.0,578.61,3,0.0033301670112373784,16732833.337000001,96.30516165190795
18262.0,577.54,3,0.0033240086684814215,16733410.877,96.30848566057642
15830.0,576.0,1,0.00331514525928126,16733986.877,96.31180080583572
17557.0,575.46,4,0.003312037310600684,16734562.337000001,96.31511284314631
17773.0,575.37,2,0.0033115193191539214,16735137.707,96.31842436246546
12859.0,575.1,1,0.0033099653448136327,16735712.807,96.32173432781028
13262.0,573.45,3,0.003300468834956317,16736286.257,96.32503479664523
17274.0,573.22,2,0.0032991450790368125,16736859.477,96.32833394172427
12879.0,573.22,3,0.0032991450790368125,16737432.697,96.33163308680331
13424.0,572.77,1,0.0032965551218029987,16738005.467,96.3349296419251
13379.0,572.56,3,0.003295346475093885,16738578.027,96.3382249884002
13179.0,572.3100000000001,1,0.00329390760996399,16739150.337000001,96.34151889601017
14053.0,572.3,4,0.003293850055358793,16739722.637000002,96.34481274606553
12816.0,572.2,2,0.0032932745093068355,16740294.837000001,96.34810602057485
13816.0,571.6700000000001,2,0.003290224115231455,16740866.507000001,96.35139624469006
15198.0,571.35,5,0.0032883823678651874,16741437.857,96.35468462705794
15691.0,571.3,4,0.0032880945948392075,16742009.157000002,96.35797272165277
18053.0,571.0699999999999,3,0.003286770838919703,16742580.227000002,96.3612594924917
15821.0,570.96,2,0.003286137738262549,16743151.187000003,96.36454563022997
13190.0,570.66,3,0.003284411100106673,16743721.847000003,96.36783004133007
15315.0,570.5,2,0.0032834902264235397,16744292.347000003,96.37111353155649
17122.0,570.5,4,0.0032834902264235397,16744862.847000003,96.37439702178293
15857.0,570.48,2,0.003283375117213148,16745433.327000003,96.37768039690013
14170.0,570.18,3,0.003281648479057272,16746003.507000003,96.38096204537919
17433.0,569.96,2,0.0032803822777429633,16746573.467000004,96.38424242765694
15169.0,569.22,2,0.0032761232369584703,16747142.687000005,96.3875185508939
15920.0,569.14,9,0.0032756628001169037,16747711.827000005,96.39079421369402
13406.0,568.92,2,0.003274396598802594,16748280.747000005,96.39406861029283
18244.0,568.6400000000001,2,0.003272785069857111,16748849.387000006,96.39734139536267
13321.0,567.36,2,0.003265418080392041,16749416.747000005,96.40060681344306
16667.0,567.18,2,0.003264382097498516,16749983.927000005,96.40387119554057
14208.0,567.05,2,0.0032636338876309693,16750550.977000006,96.40713482942822
15627.0,566.9000000000001,2,0.003262770568553032,16751117.877000006,96.41039759999676
13998.0,566.7,3,0.003261619476449115,16751684.577000005,96.4136592194732
18150.0,566.5799999999999,3,0.003260928821186764,16752251.157000005,96.4169201482944
16250.0,565.24,3,0.00325321650409052,16752816.397000005,96.42017336479849
13894.0,564.62,3,0.003249648118568377,16753381.017000005,96.42342301291704
15344.0,563.9399999999999,3,0.0032457344054150584,16753944.957000004,96.42666874732247
15143.0,563.63,2,0.003243950212653987,16754508.587000005,96.42991269753512
15597.0,563.37,2,0.003242453792918895,16755071.957000004,96.43315515132804
17665.0,563.1,1,0.0032408998185786066,16755635.057000004,96.43639605114662
14986.0,563.1,2,0.0032408998185786066,16756198.157000003,96.4396369509652
17195.0,562.98,1,0.0032402091633162563,16756761.137000004,96.4428771601285
17970.0,562.79,1,0.0032391156258175353,16757323.927000003,96.4461162757543
12559.0,561.71,2,0.003232899728456383,16757885.637000004,96.44934917548278
17233.0,560.86,3,0.003228007587014735,16758446.497000003,96.45257718306979
15655.0,560.6700000000001,1,0.003226914049516014,16759007.167000003,96.4558040971193
17413.0,560.14,2,0.003223863655440633,16759567.307000004,96.45902796077475
14273.0,559.97,4,0.003222885227152304,16760127.277000004,96.46225084600191
15415.0,559.61,1,0.0032208132613652535,16760686.887000004,96.46547165926327
17503.0,558.96,2,0.003217072212027523,16761245.847000005,96.46868873147531
17223.0,558.04,3,0.003211777188349504,16761803.887000004,96.47190050866364
14592.0,557.9399999999999,3,0.0032112016422975453,16762361.827000003,96.47511171030594
13260.0,557.62,1,0.003209359894931278,16762919.447000002,96.47832107020086
18127.0,556.13,4,0.0032007842587570955,16763475.577000003,96.48152185445963
13024.0,555.87,2,0.0031992878390220032,16764031.447000002,96.48472114229864
15102.0,554.67,2,0.0031923812863985006,16764586.117000002,96.48791352358505
15634.0,554.6500000000001,2,0.00319226617718811,16765140.767000003,96.49110578976223
18056.0,554.5999999999999,2,0.003191978404162129,16765695.367000002,96.49429776816639
16641.0,554.5,2,0.0031914028581101713,16766249.867000002,96.4974891710245
15650.0,553.88,2,0.0031878344725880282,16766803.747000003,96.5006770054971
17407.0,552.9,1,0.0031821941212788344,16767356.647000004,96.50385919961838
17016.0,552.4,1,0.003179316391019042,16767909.047000004,96.5070385160094
12797.0,552.08,2,0.0031774746436527743,16768461.127000004,96.51021599065305
12363.0,552.0,2,0.003177014206811207,16769013.127000004,96.51339300485986
13677.0,551.24,2,0.003172640056816323,16769564.367000004,96.51656564491668
16414.0,551.21,5,0.0031724673930007352,16770115.577000005,96.51973811230968
17674.0,551.04,2,0.003171488964712405,16770666.617000004,96.52290960127439
17291.0,550.8000000000001,1,0.003170107654187705,16771217.417000005,96.52607970892858
17265.0,550.01,2,0.003165560840377232,16771767.427000005,96.52924526976896
12390.0,549.84,1,0.003164582412088903,16772317.267000005,96.53240985218105
16111.0,549.33,1,0.0031616471272239146,16772866.597000005,96.53557149930828
15055.0,549.12,3,0.003160438480514801,16773415.717000004,96.53873193778878
15200.0,549.0500000000001,1,0.003160035598278431,16773964.767000005,96.54189197338707
15842.0,548.8,2,0.0031585967331485337,16774513.567000005,96.54505057012021
13948.0,548.76,4,0.0031583665147277506,16775062.327000005,96.54820893663495
16936.0,548.29,2,0.003155661448283545,16775610.617000004,96.55136459808323
18039.0,548.22,4,0.0031552585660471746,16776158.837000005,96.55451985664928
16536.0,548.12,1,0.0031546830199952157,16776706.957000004,96.55767453966926
15598.0,548.02,2,0.0031541074739432568,16777254.977000006,96.56082864714321
16031.0,547.9,2,0.0031534168186809065,16777802.877000004,96.56398206396189
15350.0,547.6,2,0.0031516901805250315,16778350.477000006,96.56713375414242
16811.0,547.0699999999999,2,0.0031486397864496506,16778897.547000006,96.57028239392888
17637.0,547.06,2,0.0031485822318444547,16779444.607000005,96.57343097616071
17295.0,547.0,3,0.0031482369042132798,16779991.607000005,96.57657921306493
17520.0,546.81,1,0.003147143366714558,16780538.417000003,96.57972635643162
15080.0,546.25,2,0.0031439203088235905,16781084.667000003,96.58287027674045
17806.0,546.04,1,0.0031427116621144777,16781630.707000002,96.58601298840256
15728.0,544.6,2,0.003134423798966275,16782175.307000004,96.58914741220154
18207.0,544.47,1,0.003133675589098729,16782719.777000003,96.59228108779064
16475.0,544.3,4,0.0031326971608103987,16783264.077000003,96.59541378495145
13390.0,544.08,1,0.003131430959496091,16783808.157,96.59854521591093
13955.0,544.0699999999999,3,0.003131373404890894,16784352.227,96.60167658931582
14716.0,543.28,3,0.003126826591080422,16784895.507000003,96.60480341590691
16927.0,543.05,3,0.003125502835160917,16785438.557000004,96.60792891874208
15959.0,542.8900000000001,3,0.0031245819614777836,16785981.447000004,96.61105350070356
13785.0,542.49,4,0.0031222797772699493,16786523.937000003,96.61417578048082
15675.0,542.04,4,0.0031196898200361355,16787065.977,96.61729547030085
16230.0,542.03,2,0.0031196322654309396,16787608.007000003,96.62041510256628
16060.0,541.95,3,0.0031191718285893738,16788149.957000002,96.62353427439487
16647.0,541.9,4,0.0031188840555633934,16788691.857,96.62665315845042
17447.0,541.53,2,0.003116754535171147,16789233.387000002,96.62976991298561
17580.0,541.02,5,0.0031138192503061585,16789774.407,96.63288373223591
16576.0,540.87,2,0.0031129559312282206,16790315.277000003,96.63599668816715
12819.0,540.52,1,0.0031109415200463652,16790855.797000002,96.63910762968719
12743.0,540.13,2,0.003108696890443727,16791395.927,96.64221632657762
17524.0,539.14,3,0.0031029989845293374,16791935.067,96.64531932556216
13812.0,539.0,3,0.003102193220056596,16792474.067,96.64842151878221
15539.0,538.46,1,0.00309908527137602,16793012.527000003,96.6515206040536
13961.0,538.4,1,0.003098739943744844,16793550.927,96.65461934399733
14539.0,537.48,2,0.003093444920066826,16794088.407,96.65771278891741
16804.0,536.99,3,0.0030906247444122286,16794625.397,96.6608034136618
18140.0,536.41,1,0.0030872865773108695,16795161.807,96.66389070023912
13207.0,535.86,4,0.0030841210740250972,16795697.667,96.66697482131313
15890.0,535.65,5,0.0030829124273159844,16796233.316999998,96.67005773374045
16142.0,535.34,1,0.003081128234554913,16796768.656999998,96.67313886197499
12810.0,534.99,2,0.0030791138233730577,16797303.646999996,96.67621797579837
13385.0,534.57,1,0.003076696529954832,16797838.216999996,96.67929467232833
17443.0,534.24,1,0.0030747972279833685,16798372.456999995,96.68236946955629
17436.0,534.0600000000001,5,0.0030737612450898433,16798906.516999993,96.68544323080137
16785.0,533.78,1,0.0030721497161443592,16799440.296999995,96.68851538051753
16707.0,533.41,4,0.003070020195752112,16799973.706999995,96.69158540071328
13594.0,533.32,2,0.0030695022043053504,16800507.026999995,96.69465490291759
15433.0,533.3,2,0.0030693870950949578,16801040.326999996,96.69772429001269
15825.0,532.94,1,0.0030673151293079083,16801573.266999997,96.700791605142
15659.0,532.49,3,0.0030647251720740936,16802105.756999996,96.70385633031407
15115.0,531.85,2,0.003061041677341559,16802637.606999997,96.70691737199142
14940.0,531.49,2,0.003058969711554509,16803169.096999995,96.70997634170297
16706.0,531.3499999999999,3,0.003058163947081766,16803700.446999997,96.71303450565006
16935.0,530.86,3,0.00305534377142717,16804231.306999996,96.71608984942146
15917.0,530.17,5,0.003051372503668655,16804761.476999998,96.71914122192516
18159.0,530.15,1,0.0030512573944582637,16805291.626999997,96.7221924793196
14002.0,529.73,2,0.003048840101040038,16805821.356999997,96.72524131942065
17458.0,529.58,2,0.0030479767819621005,16806350.936999995,96.72828929620259
18191.0,529.4000000000001,2,0.0030469407990685753,16806880.336999994,96.73133623700166
18043.0,529.2900000000001,3,0.003046307698411421,16807409.626999993,96.73438254470005
17999.0,528.46,3,0.0030415306661801646,16807938.086999994,96.73742407536625
16406.0,528.36,3,0.0030409551201282057,16808466.446999993,96.74046503048638
15756.0,528.01,4,0.003038940708946351,16808994.456999995,96.74350397119534
18098.0,527.94,1,0.00303853782670998,16809522.396999996,96.74654250902205
14616.0,527.78,5,0.003037616953026846,16810050.176999997,96.74958012597507
12479.0,527.2,1,0.0030342787859254866,16810577.376999997,96.752614404761
16421.0,526.27,3,0.003028926207642272,16811103.646999996,96.75564333096864
15919.0,525.69,2,0.0030255880405409127,16811629.336999997,96.7586689190092
15467.0,524.88,3,0.003020926117520048,16812154.216999996,96.76168984512671
14417.0,524.65,1,0.003019602361600543,16812678.866999995,96.7647094474883
15683.0,524.54,2,0.0030189692609433887,16813203.406999994,96.76772841674924
17765.0,524.0,4,0.003015861312262813,16813727.406999994,96.7707442780615
13277.0,523.3,7,0.003011832489899103,16814250.706999995,96.7737561105514
17712.0,522.91,1,0.0030095878602964645,16814773.616999995,96.7767656984117
13605.0,522.6700000000001,2,0.003008206549771765,16815296.286999997,96.77977390496147
16413.0,522.03,2,0.003004523055039229,16815818.316999998,96.78277842801653
17514.0,522.0,2,0.003004350391223642,16816340.316999998,96.78578277840775
12956.0,521.89,4,0.0030037172905664875,16816862.207,96.78878649569832
15689.0,521.03,3,0.002998767594519644,16817383.237,96.79178526329285
13977.0,519.8100000000001,1,0.00299174593268575,16817903.047,96.79477700922551
12571.0,519.61,2,0.0029905948405818325,16818422.656999998,96.7977676040661
12777.0,519.45,1,0.002989673966898699,16818942.106999997,96.800757278033
12825.0,518.63,2,0.0029849544892726386,16819460.736999996,96.80374223252227
13600.0,518.42,2,0.0029837458425635253,16819979.156999998,96.80672597836484
12979.0,517.7,1,0.002979601910989424,16820496.856999997,96.80970558027582
18205.0,517.36,2,0.002977645054412765,16821014.216999996,96.81268322533023
14311.0,516.45,2,0.002972407585339942,16821530.666999996,96.81565563291556
13043.0,516.42,1,0.0029722349215243545,16822047.086999997,96.81862786783711
14429.0,516.28,1,0.0029714291570516124,16822563.367,96.82159929699417
13859.0,515.86,2,0.0029690118636333867,16823079.226999998,96.82456830885779
18243.0,515.78,1,0.00296855142679182,16823595.007,96.8275368602846
14949.0,515.0,4,0.0029640621675865435,16824110.007,96.83050092245217
17510.0,514.5600000000001,2,0.002961529764957926,16824624.566999998,96.83346245221712
18212.0,514.37,2,0.002960436227459204,16825138.937,96.8364228884446
12897.0,514.25,4,0.0029597455721968543,16825653.187,96.83938263401679
12977.0,513.88,4,0.002957616051804607,16826167.066999998,96.84234025006859
16829.0,513.32,2,0.00295439299391364,16826680.387,96.8452946430625
13177.0,512.2,2,0.002947946878131704,16827192.586999997,96.84824258994063
15891.0,511.68,1,0.0029449540386615194,16827704.266999997,96.8511875439793
12361.0,511.25,4,0.0029424791906380978,16828215.516999997,96.85413002316993
16561.0,511.12,2,0.0029417309807705516,16828726.637,96.85707175415071
13367.0,510.2,1,0.0029364359570925327,16829236.836999997,96.86000819010779
13710.0,509.52,3,0.0029325222439392142,16829746.356999997,96.86294071235173
14008.0,509.04,1,0.0029297596228898136,16830255.396999996,96.86587047197462
12436.0,509.01,1,0.002929586959074226,16830764.406999998,96.8688000589337
12907.0,508.90999999999997,2,0.0029290114130222675,16831273.316999998,96.87172907034672
17391.0,508.8,2,0.002928378312365113,16831782.117,96.87465744865908
15417.0,508.8,1,0.002928378312365113,16832290.917,96.87758582697145
14317.0,508.58,1,0.002927112111050804,16832799.496999998,96.8805129390825
13067.0,508.51,3,0.002926709228814433,16833308.007,96.88343964831132
14552.0,507.93,3,0.0029233710617130736,16833815.937,96.88636301937304
17415.0,507.84,1,0.002922853070266311,16834323.777,96.8892858724433
14158.0,507.65999999999997,1,0.0029218170873727854,16834831.437,96.89220768953068
17384.0,507.54999999999995,3,0.002921183986715631,16835338.987,96.8951288735174
13885.0,506.80000000000007,2,0.0029168673913259426,16835845.787,96.89804574090873
13123.0,506.75,2,0.0029165796182999623,16836352.537,96.90096232052703
14647.0,506.04,2,0.002912493241331057,16836858.577,96.90387481376835
12988.0,505.82,1,0.0029112270400167483,16837364.397,96.90678604080837
14807.0,504.14,2,0.0029015578663438442,16837868.537,96.90968759867472
17630.0,503.6,2,0.0028984499176632683,16838372.137000002,96.91258604859239
12376.0,503.15,2,0.0028958599604294545,16838875.287,96.9154819085528
12419.0,503.01,2,0.002895054195956713,16839378.297000002,96.91837696274878
15138.0,502.52,1,0.002892234020302116,16839880.817,96.92126919676907
17276.0,502.49,1,0.0028920613564865283,16840383.307,96.92416125812555
17266.0,501.72,5,0.0028876296518864477,16840885.027,96.92704888777743
13865.0,501.56,4,0.002886708778203314,16841386.586999997,96.92993559655562
15881.0,501.39000000000004,5,0.0028857303499149846,16841887.976999998,96.93282132690555
14968.0,501.24,2,0.0028848670308370466,16842389.216999996,96.93570619393638
13116.0,501.14,1,0.0028842914847850877,16842890.356999997,96.93859048542116
13247.0,501.12,4,0.002884176375574696,16843391.476999998,96.94147466179675
18049.0,500.92,2,0.002883025283470779,16843892.397,96.94435768708021
17248.0,500.53999999999996,2,0.0028808382084733364,16844392.937,96.9472385252887
16616.0,500.42,2,0.0028801475532109866,16844893.357,96.95011867284191
12366.0,500.24,1,0.002879111570317461,16845393.597,96.95299778441222
17110.0,499.9,3,0.002877154713740802,16845893.496999998,96.95587493912595
13553.0,499.6,1,0.0028754280755849265,16846393.097,96.95875036720155
15193.0,499.32,1,0.0028738165466394424,16846892.417,96.96162418374819
17256.0,498.93,5,0.002871571917036804,16847391.347,96.96449575566523
16488.0,498.8,3,0.002870823707169258,16847890.147,96.9673665793724
14171.0,498.79,2,0.002870766152564062,16848388.937,96.97023734552495
17053.0,498.48,1,0.0028689819598029906,16848887.417,96.97310632748476
16820.0,497.61,1,0.002863974709150951,16849385.027,96.9759703021939
17680.0,497.45000000000005,3,0.0028630538354678177,16849882.476999998,96.97883335602937
17335.0,497.04,2,0.0028606940966547875,16850379.516999997,96.98169405012602
17923.0,497.0,3,0.002860463878234004,16850876.516999997,96.98455451400424
12943.0,496.49999999999994,2,0.0028575861479742106,16851373.016999997,96.98741210015223
15300.0,496.44,1,0.002857240820343036,16851869.457,96.99026934097257
15018.0,496.21000000000004,3,0.0028559170644235315,16852365.667,96.99312525803701
15278.0,496.16,4,0.002855629291397552,16852861.827,96.9959808873284
12904.0,496.06,2,0.0028550537453455936,16853357.887,96.99883594107375
16977.0,496.0,4,0.0028547084177144182,16853853.887,97.00169064949145
17995.0,495.48,3,0.002851715578244234,16854349.367,97.0045423650697
14319.0,494.85,1,0.002848089638116895,16854844.217,97.00739045470783
16352.0,494.44,2,0.002845729899303865,16855338.657,97.01023618460715
17333.0,494.25,1,0.0028446363618051434,16855832.907,97.01308082096894
12763.0,494.08,2,0.002843657933516814,16856326.987,97.01592447890246
15447.0,492.88,5,0.0028367513808933115,16856819.867,97.01876123028335
14270.0,492.65000000000003,1,0.0028354276249738073,16857312.516999997,97.0215966579083
18203.0,492.52,4,0.0028346794151062607,16857805.036999997,97.02443133732342
14310.0,492.1,1,0.002832262121688035,16858297.137,97.0272635994451
13732.0,491.86,1,0.0028308808111633344,16858788.996999998,97.03009448025627
17269.0,491.81,1,0.002830593038137355,16859280.806999996,97.0329250732944
14663.0,490.6,2,0.0028236289309086565,16859771.406999998,97.0357487022253
15000.0,490.52,1,0.00282316849406709,16860261.926999997,97.03857187071938
15877.0,490.33000000000004,2,0.0028220749565683687,16860752.256999996,97.04139394567594
14416.0,490.22,2,0.0028214418559112144,16861242.476999994,97.04421538753184
12983.0,490.08,1,0.002820636091438472,16861732.556999993,97.04703602362326
12634.0,490.0,2,0.002820175654596905,16862222.556999993,97.04985619927785
17476.0,489.86,2,0.002819369890124163,16862712.416999992,97.05267556916799
17715.0,489.59999999999997,2,0.002817873470389071,16863202.016999993,97.05549344263838
17988.0,489.54,14,0.0028175281427578963,16863691.556999993,97.05831097078114
14722.0,489.52,3,0.002817413033547504,16864181.076999992,97.06112838381469
18280.0,488.15000000000003,2,0.0028095280526356722,16864669.22699999,97.06393791186731
17608.0,488.06,4,0.002809010061188909,16865157.28699999,97.0667469219285
15165.0,487.75,1,0.002807225868427838,16865645.03699999,97.06955414779692
13412.0,487.35,1,0.0028049236842200035,16866132.38699999,97.07235907148115
13733.0,487.03,2,0.0028030819368537363,16866619.416999992,97.075162153418
16021.0,487.03,2,0.0028030819368537363,16867106.446999993,97.07796523535487
13675.0,486.82000000000005,2,0.0028018732901446235,16867593.266999993,97.08076710864502
17453.0,486.72,2,0.0028012977440926646,16868079.986999992,97.0835684063891
12920.0,486.64,4,0.002800837307251098,16868566.626999993,97.08636924369635
13153.0,486.22,1,0.002798420013832872,16869052.84699999,97.08916766371019
15216.0,486.09000000000003,2,0.002797671803965326,16869538.93699999,97.09196533551415
12443.0,485.31,1,0.002793182544760049,16870024.24699999,97.0947585180589
16999.0,484.82,2,0.002790362369105452,16870509.06699999,97.09754888042801
16024.0,483.99,3,0.0027855853368741962,16870993.05699999,97.10033446576487
16603.0,482.47,2,0.0027768370368844264,16871475.526999988,97.10311130280175
17996.0,482.33000000000004,3,0.0027760312724116843,16871957.856999986,97.10588733407415
12542.0,481.88,2,0.002773441315177871,16872439.736999985,97.10866077538932
18216.0,481.75,1,0.0027726931053103244,16872921.486999985,97.11143346849464
17106.0,481.58000000000004,1,0.002771714677021995,16873403.066999983,97.11420518317165
13176.0,481.49,1,0.0027711966855752325,16873884.55699998,97.1169763798572
15174.0,481.46,2,0.0027710240217596444,16874366.016999982,97.11974740387897
13428.0,478.53999999999996,3,0.002754218077042455,16874844.55699998,97.12250162195602
15589.0,478.53,3,0.002754160522437259,16875323.086999983,97.12525578247846
12447.0,476.49,1,0.002742419382977305,16875799.57699998,97.12799820186142
18176.0,476.35,1,0.0027416136185045626,16876275.926999982,97.13073981547994
15277.0,476.34,2,0.0027415560638993667,16876752.266999982,97.13348137154384
15507.0,475.86,1,0.0027387934428499657,16877228.12699998,97.13622016498668
15780.0,475.28000000000003,3,0.002735455275748606,16877703.406999983,97.13895562026244
14322.0,474.1,4,0.0027286638323354953,16878177.506999984,97.14168428409478
17104.0,474.03000000000003,1,0.0027282609500991245,16878651.536999986,97.14441254504489
16635.0,473.0,1,0.002722332825763951,16879124.536999986,97.14713487787066
13194.0,472.78,2,0.0027210666244496425,16879597.316999987,97.14985594449512
14975.0,472.39,2,0.0027188219948470044,16880069.706999987,97.15257476648995
13642.0,472.2,4,0.002717728457348283,16880541.906999987,97.1552924949473
13161.0,472.13,2,0.002717325575111912,16881014.036999986,97.15800982052241
16038.0,471.78,3,0.002715311163930057,16881485.816999987,97.16072513168635
15721.0,471.40000000000003,1,0.0027131240889326147,16881957.216999985,97.16343825577528
14237.0,471.14,2,0.0027116276691975224,16882428.356999986,97.16614988344446
16473.0,470.83,4,0.0027098434764364506,16882899.186999984,97.1688597269209
13066.0,470.8,2,0.0027096708126208634,16883369.986999985,97.17156939773352
15963.0,470.76,2,0.00270944059420008,16883840.746999986,97.17427883832774
17254.0,469.48,3,0.0027020736047350105,16884310.226999987,97.17698091193246
14058.0,469.19000000000005,2,0.0027004045211843305,16884779.41699999,97.17968131645365
14369.0,469.13,2,0.0027000591935531556,16885248.546999987,97.18238137564721
15557.0,468.91,1,0.002698792992238847,16885717.456999987,97.18508016863944
15387.0,468.65,1,0.002697296572503754,16886186.106999986,97.18777746521195
12554.0,468.5,1,0.002696433253425816,16886654.606999986,97.19047389846537
13171.0,468.40999999999997,3,0.0026959152619790536,16887123.016999986,97.19316981372734
17294.0,467.79,2,0.002692346876456911,16887590.806999985,97.1958621606038
17187.0,467.71,2,0.002691886439615344,16888058.516999986,97.19855404704342
14029.0,467.65999999999997,2,0.0026915986665893643,16888526.176999986,97.20124564571002
16390.0,467.50000000000006,3,0.0026906777929062314,16888993.676999986,97.20393632350292
12958.0,467.34,2,0.002689756919223097,16889461.016999986,97.20662608042214
14052.0,466.65999999999997,2,0.002685843206069779,16889927.676999986,97.2093119236282
14148.0,466.29,2,0.0026837136856775324,16890393.966999985,97.21199563731389
16504.0,465.88,1,0.002681353946864502,16890859.846999984,97.21467699126075
13248.0,465.68000000000006,2,0.0026802028547605857,16891325.526999984,97.2173571941155
13928.0,464.57000000000005,4,0.0026738142935838457,16891790.096999984,97.22003100840908
15349.0,463.90999999999997,2,0.0026700156896409186,16892254.006999984,97.22270102409873
14727.0,463.73,3,0.002668979706747394,16892717.736999985,97.22537000380548
18083.0,463.53,1,0.0026678286146434764,16893181.266999986,97.22803783242013
17040.0,463.25,2,0.0026662170856979923,16893644.516999986,97.23070404950582
17964.0,463.21,2,0.002665986867277209,16894107.726999987,97.2333700363731
14627.0,462.75,1,0.0026633393554382,16894570.476999987,97.23603337572855
14331.0,462.66,2,0.0026628213639914374,16895033.136999987,97.23869619709254
14954.0,462.12,2,0.002659713415310861,16895495.256999988,97.24135591050785
15958.0,462.12,4,0.002659713415310861,16895957.37699999,97.24401562392318
13624.0,462.08,1,0.0026594831968900774,16896419.456999987,97.24667510712005
18284.0,461.68,1,0.0026571810126822435,16896881.136999987,97.24933228813273
15540.0,460.68,2,0.002651425552162658,16897341.816999987,97.2519837136849
12491.0,460.40000000000003,1,0.002649814023217174,16897802.216999985,97.2546335277081
16310.0,460.08,2,0.0026479722758509065,16898262.296999983,97.25728149998393
17111.0,459.58000000000004,2,0.0026450945455911137,16898721.87699998,97.25992659452952
16596.0,458.98,4,0.0026416412692793624,16899180.856999982,97.26256823579881
14118.0,458.45,1,0.002638590875203982,16899639.30699998,97.265206826674
13957.0,458.25,3,0.002637439783100065,16900097.55699998,97.2678442664571
14599.0,457.89,2,0.002635367817313014,16900555.446999982,97.27047963427442
14011.0,457.82,2,0.002634964935076643,16901013.266999982,97.27311459920949
15121.0,457.71999999999997,2,0.0026343893890246844,16901470.98699998,97.27574898859852
16069.0,457.7,1,0.0026342742798142926,16901928.68699998,97.27838326287834
12375.0,457.5,2,0.0026331231877103757,16902386.18699998,97.28101638606603
17344.0,457.36,2,0.0026323174232376336,16902843.54699998,97.28364870348926
12564.0,456.90000000000003,1,0.0026296699113986244,16903300.44699998,97.28627837340066
14819.0,456.40999999999997,4,0.0026268497357440274,16903756.85699998,97.2889052231364
16039.0,456.40000000000003,2,0.0026267921811388316,16904213.256999977,97.29153201531754
14296.0,456.4,2,0.0026267921811388316,16904669.656999975,97.29415880749866
12999.0,455.88,3,0.0026237993416686474,16905125.536999974,97.29678260684032
15585.0,455.3,1,0.002620461174567288,16905580.836999975,97.2994030680149
14335.0,454.86,2,0.00261792877193867,16906035.696999975,97.30202099678684
16765.0,454.75,2,0.0026172956712815156,16906490.446999975,97.30463829245811
17067.0,454.53999999999996,3,0.0026160870245724023,16906944.986999974,97.30725437948269
12459.0,454.36,1,0.002615051041678877,16907399.346999973,97.30986943052436
17140.0,454.12,1,0.0026136697311541766,16907853.466999974,97.31248310025552
15475.0,454.11,1,0.002613612176548981,16908307.576999974,97.31509671243207
17564.0,454.01,3,0.0026130366304970222,16908761.586999975,97.31770974906257
17376.0,453.64,4,0.0026109071101047755,16909215.226999976,97.32032065617268
18158.0,453.4,2,0.002609525799580075,16909668.626999974,97.32293018197225
16481.0,453.38,1,0.0026094106903696832,16910122.006999973,97.32553959266261
12729.0,453.01,1,0.0026072811699774366,16910575.016999975,97.3281468738326
14184.0,452.89,1,0.0026065905147150863,16911027.906999975,97.33075346434732
16799.0,452.78,2,0.002605957414057932,16911480.686999977,97.33335942176139
13698.0,451.73,2,0.0025999141805123673,16911932.416999977,97.33595933594191
18100.0,451.56,1,0.0025989357522240375,16912383.976999976,97.33855827169413
15802.0,451.42,1,0.002598129987751296,16912835.396999978,97.34115640168189
18031.0,451.3,1,0.0025974393324889457,16913286.69699998,97.34375384101438
15961.0,451.28999999999996,1,0.0025973817778837498,16913737.986999977,97.34635122279225
12831.0,451.11,3,0.0025963457949902246,16914189.096999977,97.34894756858723
15124.0,450.82,4,0.0025946767114395446,16914639.916999977,97.35154224529869
16870.0,450.16,1,0.0025908781074966184,16915090.076999977,97.35413312340617
13150.0,449.96999999999997,3,0.0025897845699978965,16915540.046999976,97.35672290797616
14784.0,449.93,3,0.0025895543515771138,16915989.976999976,97.35931246232774
13877.0,449.68,3,0.002588115486447217,16916439.656999975,97.36190057781418
13489.0,449.52000000000004,4,0.0025871946127640835,16916889.176999975,97.36448777242694
15126.0,449.49,2,0.002587021948948496,16917338.666999973,97.36707479437588
12448.0,449.45,1,0.0025867917305277123,16917788.116999973,97.36966158610642
15418.0,449.42,2,0.0025866190667121246,16918237.536999974,97.37224820517314
17823.0,449.25,2,0.0025856406384237953,16918686.786999974,97.37483384581157
15739.0,449.12,1,0.002584892428556249,16919135.906999975,97.37741873824012
14761.0,447.92,3,0.0025779858759327466,16919583.826999977,97.37999672411605
14780.0,447.68,2,0.002576604565408046,16920031.506999977,97.38257332868146
18201.0,447.53000000000003,1,0.0025757412463301085,16920479.036999978,97.3851490699278
16095.0,447.05,1,0.002572978625280707,16920926.08699998,97.38772204855309
13754.0,447.04999999999995,3,0.0025729786252807066,16921373.13699998,97.39029502717838
14149.0,446.62,1,0.002570503777257285,16921819.75699998,97.39286553095565
17370.0,446.18,4,0.002567971374628668,16922265.93699998,97.39543350233026
14010.0,445.15000000000003,2,0.0025620432502934947,16922711.08699998,97.39799554558056
14328.0,445.05,1,0.002561467704241536,16923156.13699998,97.4005570132848
18134.0,445.0,2,0.0025611799312155567,16923601.13699998,97.40311819321602
12788.0,444.90000000000003,4,0.0025606043851635982,16924046.036999978,97.40567879760117
18270.0,444.55,3,0.0025585899739817433,16924490.58699998,97.40823738757516
14638.0,443.6,1,0.002553122286488137,16924934.18699998,97.41079050986166
16424.0,443.06,2,0.002550014337807561,16925377.24699998,97.41334052419946
16404.0,443.05,1,0.002549956783202365,16925820.29699998,97.41589048098265
18222.0,443.0,1,0.002549669010176386,16926263.29699998,97.41844014999283
14996.0,442.29,2,0.00254558263320748,16926705.58699998,97.42098573262604
17699.0,442.0,2,0.0025439135496568,16927147.58699998,97.4235296461757
12579.0,440.42,1,0.002534819922035855,16927588.00699998,97.42606446609774
18233.0,440.0,1,0.0025324026286176293,16928028.00699998,97.42859686872636
13954.0,439.91999999999996,2,0.0025319421917760617,16928467.926999982,97.43112881091814
17643.0,439.70000000000005,2,0.002530675990461754,16928907.62699998,97.4336594869086
16025.0,439.65999999999997,1,0.00253044577204097,16929347.28699998,97.43618993268063
16968.0,439.43,2,0.0025291220161214652,16929786.71699998,97.43871905469676
13086.0,439.33000000000004,1,0.002528546470069507,16930226.04699998,97.44124760116682
17718.0,439.17999999999995,2,0.002527683150991569,16930665.22699998,97.44377528431781
13432.0,439.1,2,0.0025272227141500026,16931104.32699998,97.44630250703197
16519.0,439.06,4,0.0025269924957292186,16931543.38699998,97.44882949952769
13358.0,439.03000000000003,1,0.0025268198319136313,16931982.41699998,97.45135631935962
13964.0,438.9,2,0.002526071622046085,16932421.31699998,97.45388239098165
17729.0,438.65000000000003,1,0.0025246327569161888,16932859.966999978,97.45640702373855
15859.0,438.46,1,0.0025235392194174673,16933298.42699998,97.45893056295797
17807.0,437.87,3,0.002520143497710912,16933736.29699998,97.4614507064557
12552.0,437.82,2,0.002519855724684933,16934174.11699998,97.46397056218038
17070.0,437.42,2,0.0025175535404770985,16934611.53699998,97.46648811572088
14846.0,437.4,1,0.0025174384312667067,16935048.93699998,97.46900555415213
12672.0,437.05,2,0.002515424020084852,16935485.98699998,97.47152097817222
16084.0,436.18,1,0.0025104167694328127,16935922.16699998,97.47403139494165
14123.0,436.18,1,0.0025104167694328127,16936358.34699998,97.47654181171109
16166.0,435.83000000000004,2,0.002508402358250958,16936794.17699998,97.47905021406932
12445.0,434.98,2,0.0025035102168093097,16937229.15699998,97.48155372428613
13738.0,434.78000000000003,1,0.0025023591247053927,16937663.93699998,97.48405608341085
15323.0,434.6,3,0.0025013231418118675,16938098.53699998,97.48655740655266
14910.0,434.35,4,0.002499884276681971,16938532.886999983,97.48905729082935
14238.0,434.23,3,0.002499193621419621,16938967.116999984,97.49155648445078
16888.0,434.2,3,0.002499020957604033,16939401.316999983,97.49405550540837
14093.0,433.86,1,0.002497064101027374,16939835.176999982,97.4965525695094
16939.0,433.85,3,0.0024970065464221783,16940269.026999984,97.49904957605582
18029.0,433.77,1,0.002496546109580611,16940702.796999983,97.50154612216541
12493.0,433.74,2,0.0024963734457650235,16941136.53699998,97.50404249561116
15613.0,433.71999999999997,1,0.0024962583365546317,16941570.25699998,97.50653875394771
16522.0,433.36,2,0.0024941863707675814,16942003.61699998,97.50903294031848
17178.0,432.96000000000004,1,0.002491884186559747,16942436.57699998,97.51152482450505
17687.0,432.68,1,0.002490272657614263,16942869.25699998,97.51401509716266
16604.0,432.45000000000005,2,0.0024889489016947587,16943301.70699998,97.51650404606434
16236.0,432.2,1,0.0024875100365648623,16943733.90699998,97.51899155610091
16881.0,432.0,1,0.002486358944460945,16944165.90699998,97.52147791504537
14042.0,431.98,1,0.002486243835250553,16944597.88699998,97.52396415888062
15488.0,431.92,5,0.0024858985076193782,16945029.80699998,97.52645005738825
17842.0,430.69,1,0.002478819291180288,16945460.496999983,97.52892887667944
12452.0,430.57,2,0.0024781286359179377,16945891.066999983,97.53140700531536
12795.0,430.48,1,0.002477610644471175,16946321.546999983,97.53388461595983
12827.0,430.15,3,0.0024757113424997115,16946751.696999982,97.53636032730232
15450.0,429.84,1,0.0024739271497386402,16947181.53699998,97.53883425445206
15461.0,429.7,2,0.002473121385265898,16947611.23699998,97.54130737583733
14979.0,429.66,1,0.002472891166845115,16948040.89699998,97.54378026700417
15230.0,429.6,2,0.00247254583921394,16948470.496999983,97.54625281284339
15036.0,429.56,3,0.002472315620793156,16948900.05699998,97.54872512846417
13413.0,429.44000000000005,6,0.0024716249655308063,16949329.496999983,97.5511967534297
15888.0,429.15999999999997,3,0.002470013436585322,16949758.656999983,97.5536667668663
15553.0,428.93,1,0.0024686896806658176,16950187.586999983,97.55613545654697
18089.0,428.45,1,0.0024659270596164165,16950616.03699998,97.55860138360659
15360.0,427.93,1,0.002462934220146232,16951043.96699998,97.56106431782672
12740.0,427.6,1,0.002461034918174769,16951471.566999983,97.5635253527449
18285.0,427.0,1,0.0024575816418630175,16951898.566999983,97.56598293438677
17740.0,426.90000000000003,6,0.002457006095811059,16952325.46699998,97.56843994048256
18152.0,426.69,1,0.002455797449101946,16952752.156999983,97.57089573793168
15930.0,426.63,1,0.002455452121470771,16953178.78699998,97.57335119005315
14288.0,426.6,1,0.0024552794576551836,16953605.386999983,97.57580646951081
15966.0,426.53,1,0.002454876575418812,16954031.916999985,97.57826134608624
15217.0,426.24,1,0.0024532074918681324,16954458.156999983,97.58071455357809
14877.0,425.85,2,0.0024509628622654944,16954884.006999984,97.58316551644036
13703.0,425.56,2,0.0024492937787148144,16955309.566999983,97.58561481021908
17103.0,424.3,1,0.0024420418984601364,16955733.866999984,97.58805685211755
16541.0,424.03,1,0.0024404879241198482,16956157.896999985,97.59049734004167
16913.0,423.90999999999997,3,0.002439797268857498,16956581.806999985,97.59293713731051
17330.0,423.79999999999995,4,0.0024391641682003436,16957005.606999986,97.59537630147874
14097.0,422.86,2,0.0024337540353119333,16957428.466999985,97.59781005551403
13374.0,422.8,2,0.002433408707680758,16957851.266999986,97.60024346422172
16137.0,422.7,1,0.0024328331616287995,16958273.966999985,97.60267629738335
16689.0,422.6,2,0.002432257615576841,16958696.566999987,97.60510855499894
18240.0,422.58,1,0.002432142506366449,16959119.146999985,97.60754069750529
16149.0,422.22,3,0.0024300705405793984,16959541.366999984,97.60997076804586
13807.0,422.2,3,0.0024299554313690066,16959963.566999983,97.61240072347722
16773.0,421.24,3,0.0024244301892702045,16960384.80699998,97.61482515366649
14757.0,420.5,1,0.0024201711484857116,16960805.30699998,97.61724532481497
15206.0,420.30000000000007,4,0.0024190200563817947,16961225.606999982,97.61966434487135
15711.0,420.25,2,0.002418732283355815,16961645.856999982,97.62208307715471
14575.0,420.22,1,0.002418559619540228,16962066.07699998,97.62450163677426
13672.0,419.92,3,0.002416832981384352,16962485.996999983,97.62691846975564
13442.0,419.87,3,0.0024165452083583726,16962905.866999984,97.629335014964
13096.0,419.7000000000001,1,0.002415566780070044,16963325.566999983,97.63175058174407
14124.0,419.58,1,0.0024148761248076927,16963745.14699998,97.63416545786887
13079.0,419.18,6,0.0024125739405998587,16964164.32699998,97.63657803180946
15262.0,418.82000000000005,3,0.002410501974812808,16964583.14699998,97.63898853378427
12593.0,418.1,3,0.0024063580432387064,16965001.246999983,97.64139489182753
13073.0,418.08,2,0.0024062429340283146,16965419.32699998,97.64380113476155
17701.0,417.95,1,0.002405494724160768,16965837.27699998,97.6462066294857
17232.0,417.77,2,0.002404458741267243,16966255.04699998,97.64861108822697
16832.0,417.61,5,0.0024035378675841094,16966672.65699998,97.65101462609455
14762.0,417.57,2,0.002403307649163326,16967090.22699998,97.65341793374371
12833.0,417.38,1,0.0024022141116646044,16967507.60699998,97.65582014785538
17258.0,417.30000000000007,2,0.002401753674823038,16967924.90699998,97.6582219015302
16816.0,417.06,4,0.002400372364298337,16968341.966999978,97.66062227389449
15935.0,416.86,2,0.00239922127219442,16968758.826999977,97.66302149516667
16957.0,416.64,2,0.0023979550708801115,16969175.466999978,97.66541945023756
15011.0,416.6,2,0.002397724852459328,16969592.06699998,97.66781717509004
16355.0,416.35,1,0.002396285987329432,16970008.41699998,97.67021346107737
16356.0,415.87,6,0.0023935233662800304,16970424.28699998,97.67260698444366
12930.0,415.8,2,0.0023931204840436596,16970840.086999983,97.6750001049277
12608.0,415.79,1,0.0023930629294384637,16971255.87699998,97.67739316785715
15725.0,415.25,1,0.0023899549807578874,16971671.12699998,97.67978312283789
14333.0,415.2,1,0.0023896672077319083,16972086.32699998,97.68217279004561
13565.0,414.79999999999995,3,0.002387365023524074,16972501.12699998,97.68456015506915
18278.0,414.20000000000005,2,0.002383911747212323,16972915.32699998,97.68694406681637
13002.0,414.13,3,0.002383508864975952,16973329.45699998,97.68932757568133
13669.0,413.54999999999995,3,0.002380170697874592,16973743.00699998,97.69170774637921
14082.0,413.36,2,0.002379077160375871,16974156.36699998,97.69408682353958
17601.0,413.08,2,0.0023774656314303868,16974569.44699998,97.696464289171
17767.0,413.04999999999995,2,0.002377292967614799,16974982.49699998,97.69884158213861
17662.0,412.92,2,0.0023765447577472534,16975395.41699998,97.70121812689638
14620.0,412.78,2,0.002375738993274511,16975808.196999982,97.70359386588966
16932.0,412.55000000000007,3,0.0023744152373550067,16976220.746999983,97.70596828112701
18050.0,412.06000000000006,2,0.0023715950617004098,16976632.80699998,97.70833987618872
16272.0,411.7,1,0.002369523095913359,16977044.50699998,97.71070939928462
15960.0,410.95000000000005,4,0.00236520650052367,16977455.45699998,97.71307460578514
18011.0,410.78999999999996,2,0.002364285626840536,16977866.24699998,97.71543889141198
15099.0,410.48,1,0.0023625014340794646,16978276.72699998,97.71780139284606
17598.0,409.98,1,0.0023596237038196717,16978686.70699998,97.72016101654988
13827.0,409.8,3,0.0023585877209261466,16979096.50699998,97.72251960427081
14581.0,409.65,2,0.0023577244018482086,16979506.15699998,97.72487732867265
14348.0,409.57,1,0.002357263965006642,16979915.72699998,97.72723459263766
15225.0,409.40000000000003,1,0.0023562855367183127,16980325.126999978,97.72959087817436
16864.0,409.25,2,0.0023554222176403743,16980734.376999978,97.731946300392
16921.0,409.21000000000004,3,0.002355191999219591,16981143.58699998,97.73430149239122
16243.0,409.1,2,0.0023545588985624368,16981552.68699998,97.7366560512898
13686.0,409.04,3,0.0023542135709312614,16981961.72699998,97.73901026486072
12974.0,408.95,2,0.0023536955794844984,16982370.67699998,97.74136396044021
16629.0,408.63,2,0.002351853832118231,16982779.306999978,97.74371581427232
16324.0,408.59000000000003,3,0.002351623613697448,16983187.896999978,97.74606743788603
17285.0,407.94,2,0.0023478825643597173,16983595.83699998,97.74841532045039
12353.0,406.76,2,0.0023410911209466065,16984002.59699998,97.75075641157133
16632.0,406.4,2,0.0023390191551595553,16984408.99699998,97.75309543072649
17000.0,406.30000000000007,2,0.0023384436091075976,16984815.29699998,97.75543387433561
15342.0,406.09000000000003,1,0.0023372349623984844,16985221.38699998,97.757771109298
12741.0,406.07,2,0.0023371198531880926,16985627.45699998,97.76010822915119
16815.0,406.02,2,0.002336832080162113,16986033.47699998,97.76244506123135
18111.0,405.85,1,0.002335853651873784,16986439.32699998,97.76478091488323
12922.0,405.38,1,0.0023331485854295782,16986844.70699998,97.76711406346867
13143.0,405.1,1,0.0023315370564840946,16987249.80699998,97.76944560052515
15941.0,405.0,1,0.002330961510432136,16987654.80699998,97.77177656203558
13640.0,405.0,1,0.002330961510432136,16988059.80699998,97.77410752354602
15968.0,404.55,1,0.0023283715531983227,16988464.356999982,97.77643589509923
13574.0,404.45,1,0.002327796007146364,16988868.80699998,97.77876369110636
16319.0,404.40000000000003,1,0.002327508234120385,16989273.20699998,97.78109119934048
16484.0,404.29999999999995,2,0.002326932688068426,16989677.50699998,97.78341813202854
12498.0,403.70000000000005,3,0.002323479411756675,16990081.20699998,97.7857416114403
14678.0,403.39,1,0.0023216952189956033,16990484.59699998,97.7880633066593
17785.0,403.38,3,0.0023216376643904074,16990887.97699998,97.79038494432368
17431.0,403.3,1,0.0023211772275488407,16991291.27699998,97.79270612155123
13530.0,402.98,1,0.0023193354801825735,16991694.25699998,97.79502545703141
16315.0,402.71000000000004,2,0.0023177815058422853,16992096.96699998,97.79734323853727
15504.0,402.7,4,0.0023177239512370894,16992499.66699998,97.7996609624885
17094.0,402.2,2,0.0023148462209772965,16992901.86699998,97.80197580870947
16998.0,402.0,5,0.0023136951288733796,16993303.86699998,97.80428950383835
12386.0,401.90000000000003,2,0.002313119582821421,16993705.76699998,97.80660262342116
14494.0,401.46000000000004,3,0.0023105871801928036,16994107.22699998,97.80891321060136
14471.0,400.95,2,0.0023076518953278145,16994508.17699998,97.81122086249668
17168.0,400.2,1,0.0023033352999381252,16994908.376999978,97.81352419779661
14358.0,400.05999999999995,2,0.002302529535465383,16995308.436999977,97.81582672733207
15501.0,399.95,2,0.002301896434808229,16995708.386999976,97.81812862376688
15446.0,399.75,3,0.002300745342704312,16996108.136999976,97.82042936910958
18164.0,399.65,1,0.002300169796652353,16996507.786999974,97.82272953890623
13252.0,399.3,2,0.0022981553854704985,16996907.086999975,97.8250276942917
18128.0,399.29,1,0.0022980978308653026,16997306.376999974,97.82732579212255
17052.0,399.09,1,0.0022969467387613856,16997705.466999974,97.82962273886132
17830.0,398.7,3,0.002294702109158747,16998104.166999973,97.83191744097047
15522.0,397.99,2,0.0022906157321898415,16998502.15699997,97.83420805670265
13352.0,397.98,1,0.0022905581775846456,16998900.136999972,97.83649861488024
12508.0,397.88,2,0.002289982631532687,16999298.01699997,97.83878859751177
15037.0,397.76,2,0.002289291976270337,16999695.776999973,97.84107788948805
15280.0,397.52,3,0.002287910665745636,17000093.296999972,97.84336580015379
15429.0,397.35,2,0.0022869322374573066,17000490.646999974,97.84565273239126
17789.0,397.15,2,0.0022857811453533897,17000887.796999972,97.8479385135366
12824.0,397.12,1,0.002285608481537802,17001284.916999973,97.85022412201815
17486.0,396.87,1,0.002284169616407906,17001681.786999974,97.85250829163455
13597.0,396.71,2,0.0022832487427247718,17002078.496999975,97.85479154037728
15883.0,396.48,2,0.0022819249868052676,17002474.976999976,97.8570734653641
17918.0,396.39,3,0.0022814069953585045,17002871.366999976,97.85935487235946
18067.0,396.33,1,0.002281061667727329,17003267.696999975,97.86163593402718
15577.0,396.03,5,0.0022793350295714537,17003663.726999976,97.86391526905676
13879.0,395.5,1,0.0022762846354960732,17004059.226999976,97.86619155369225
13083.0,395.43,3,0.0022758817532597024,17004454.656999975,97.86846743544551
12677.0,395.1,2,0.0022739824512882393,17004849.756999977,97.8707414178968
16538.0,395.07,3,0.0022738097874726517,17005244.826999977,97.87301522768428
18048.0,394.93,3,0.00227300402299991,17005639.756999977,97.87528823170729
16207.0,394.38,1,0.0022698385197141378,17006034.136999976,97.87755807022698
15386.0,394.14,1,0.0022684572091894372,17006428.276999976,97.87982652743618
12499.0,393.72,1,0.0022660399157712115,17006821.996999975,97.88209256735195
17300.0,393.64,2,0.002265579478929644,17007215.636999976,97.88435814683088
15345.0,393.54,1,0.002265003932877686,17007609.176999975,97.88662315076375
15437.0,393.45000000000005,2,0.0022644859414309233,17008002.626999974,97.88888763670518
17563.0,392.38,2,0.0022583275986749664,17008395.006999973,97.89114596430383
18110.0,392.28000000000003,2,0.0022577520526230084,17008787.286999974,97.89340371635647
16827.0,392.13,5,0.0022568887335450705,17009179.416999973,97.89566060509001
16783.0,391.95,1,0.002255852750651545,17009571.366999973,97.89791645784067
14072.0,390.85,1,0.0022495217440800007,17009962.216999974,97.90016597958476
14197.0,390.05,1,0.0022449173756643325,17010352.266999975,97.90241089696042
17116.0,389.78,1,0.0022433634013240443,17010742.046999976,97.90465426036175
18024.0,389.78,2,0.0022433634013240443,17011131.826999977,97.90689762376307
17379.0,389.71999999999997,1,0.002243018073692869,17011521.546999976,97.90914064183677
14752.0,389.64000000000004,1,0.0022425576368513027,17011911.186999977,97.91138319947362
13345.0,389.5,1,0.00224175187237856,17012300.686999977,97.913624951346
17479.0,389.26000000000005,1,0.00224037056185386,17012689.94699998,97.91586532190786
17286.0,389.18,3,0.002239910125012293,17013079.126999978,97.91810523203287
12690.0,389.01,1,0.0022389316967239632,17013468.13699998,97.9203441637296
18227.0,388.75,2,0.0022374352769888714,17013856.88699998,97.92258159900659
15592.0,388.58,1,0.0022364568487005416,17014245.466999978,97.92481805585528
13896.0,388.55,1,0.0022362841848849544,17014634.01699998,97.92705434004017
13899.0,388.52,2,0.0022361115210693663,17015022.536999978,97.92929045156123
13673.0,387.44,2,0.002229895623708214,17015409.97699998,97.93152034718496
17771.0,387.40999999999997,4,0.0022297229598926263,17015797.38699998,97.93375007014485
17595.0,386.69,2,0.002225579028318525,17016184.07699998,97.93597564917317
16148.0,386.62,2,0.0022251761460821543,17016570.696999982,97.93820082531927
17614.0,386.32,1,0.0022234495079262785,17016957.016999982,97.9404242748272
14779.0,386.15,3,0.0022224710796379487,17017343.16699998,97.94264674590683
13584.0,385.70000000000005,3,0.0022198811224041354,17017728.86699998,97.94486662702923
16492.0,385.56,1,0.0022190753579313933,17018114.42699998,97.94708570238714
12973.0,385.55,1,0.002219017803326198,17018499.97699998,97.94930472019048
12889.0,385.46000000000004,4,0.0022184998118794353,17018885.43699998,97.95152322000236
12829.0,385.3,3,0.002217578938196301,17019270.73699998,97.95374079894056
14826.0,385.20000000000005,2,0.002217003392144343,17019655.93699998,97.9559578023327
17617.0,385.19,1,0.0022169458375391467,17020041.12699998,97.95817474817025
17711.0,385.1,2,0.002216427846092384,17020426.226999983,97.96039117601634
17171.0,384.59000000000003,2,0.002213492561227396,17020810.816999983,97.96260466857758
16868.0,384.56,3,0.002213319897411808,17021195.37699998,97.96481798847498
16433.0,384.52,2,0.002213089678991024,17021579.89699998,97.96703107815397
17357.0,384.39,2,0.0022123414691234784,17021964.28699998,97.9692434196231
13966.0,384.26,1,0.0022115932592559322,17022348.546999983,97.97145501288236
16982.0,384.06,1,0.002210442167152015,17022732.606999982,97.97366545504951
14598.0,384.03999999999996,2,0.002210327057941623,17023116.64699998,97.97587578210744
15155.0,383.96999999999997,1,0.0022099241757052523,17023500.61699998,97.97808570628314
13792.0,383.95000000000005,3,0.002209809066494861,17023884.56699998,97.98029551534962
17804.0,383.78,3,0.002208830638206531,17024268.34699998,97.98250434598785
12515.0,383.7,1,0.0022083702013649645,17024652.04699998,97.98471271618921
15440.0,383.68,3,0.0022082550921545723,17025035.72699998,97.98692097128135
12547.0,383.58,3,0.002207679546102614,17025419.306999978,97.98912865082745
12832.0,383.03000000000003,2,0.0022045140428168424,17025802.33699998,97.99133316487027
13817.0,382.98,2,0.002204226269790863,17026185.31699998,97.99353739114007
17403.0,382.87,2,0.0022035931691337086,17026568.18699998,97.99574098430921
14767.0,382.81,1,0.002203247841502533,17026950.99699998,97.9979442321507
16988.0,382.67,2,0.002202442077029791,17027333.66699998,98.00014667422774
13657.0,382.14,2,0.002199391682954411,17027715.80699998,98.0023460659107
17753.0,382.05999999999995,4,0.002198931246112844,17028097.86699998,98.00454499715681
17250.0,381.97,2,0.002198413254666082,17028479.83699998,98.00674341041147
14908.0,381.90000000000003,2,0.0021980103724297106,17028861.736999977,98.00894142078388
16304.0,381.66,1,0.00219662906190501,17029243.396999978,98.0111380498458
15090.0,381.32,1,0.0021946722053283506,17029624.716999978,98.01333272205112
17393.0,381.15000000000003,2,0.0021936937770400213,17030005.866999976,98.01552641582815
17903.0,381.09000000000003,1,0.0021933484494088464,17030386.956999976,98.01771976427756
12796.0,381.0,1,0.0021928304579620834,17030767.956999976,98.01991259473553
15048.0,381.0,4,0.0021928304579620834,17031148.956999976,98.02210542519349
17573.0,380.6,3,0.0021905282737542495,17031529.556999978,98.02429595346725
17936.0,380.13,1,0.002187823207310044,17031909.686999977,98.02648377667455
14731.0,380.02,3,0.0021871901066528895,17032289.706999976,98.0286709667812
16577.0,380.0,1,0.0021870749974424977,17032669.706999976,98.03085804177864
16552.0,379.73,2,0.00218552102310221,17033049.436999977,98.03304356280175
14200.0,379.2,1,0.0021824706290268295,17033428.636999976,98.03522603343076
16909.0,379.14,1,0.0021821253013956546,17033807.776999976,98.03740815873216
16930.0,378.89,3,0.0021806864362657577,17034186.666999977,98.03958884516844
13372.0,378.64,1,0.0021792475711358613,17034565.306999978,98.04176809273957
17078.0,378.20000000000005,2,0.0021767151685072443,17034943.506999977,98.04394480790808
12651.0,377.75,4,0.0021741252112734305,17035321.256999977,98.04611893311936
12941.0,377.49,1,0.002172628791538338,17035698.746999975,98.04829156191089
17736.0,377.44,3,0.002172341018512359,17036076.186999977,98.05046390292941
17783.0,376.96,3,0.0021695783974629576,17036453.146999978,98.05263348132686
17717.0,376.92,1,0.0021693481790421745,17036830.06699998,98.05480282950593
16544.0,376.70000000000005,4,0.0021680819777278658,17037206.76699998,98.05697091148365
17489.0,376.64,2,0.0021677366500966904,17037583.40699998,98.05913864813375
14353.0,376.5,3,0.0021669308856239484,17037959.90699998,98.06130557901938
13997.0,376.46000000000004,3,0.0021667006672031657,17038336.36699998,98.06347227968658
14531.0,376.34,1,0.002166010011940815,17038712.70699998,98.06563828969853
13688.0,375.5,1,0.002161175425104363,17039088.20699998,98.06779946512363
14448.0,375.35,2,0.0021603121060264252,17039463.55699998,98.06995977722967
14294.0,375.34000000000003,1,0.0021602545514212293,17039838.89699998,98.07212003178108
14067.0,374.7,2,0.002156571056688695,17040213.59699998,98.07427660283776
17912.0,374.55,6,0.002155707737610757,17040588.14699998,98.07643231057538
17568.0,374.45,1,0.002155132191558798,17040962.59699998,98.07858744276693
14736.0,374.04999999999995,2,0.0021528300073509637,17041336.64699998,98.08074027277429
13351.0,373.94,1,0.0021521969066938098,17041710.586999983,98.082892469681
13283.0,373.36,4,0.0021488587395924502,17042083.946999982,98.08504132842057
17810.0,373.15999999999997,2,0.002147707647488533,17042457.106999982,98.08718903606807
15337.0,373.02,1,0.002146901883015791,17042830.12699998,98.08933593795108
13197.0,373.01000000000005,1,0.0021468443284105953,17043203.136999983,98.0914827822795
14981.0,372.92,2,0.0021463263369638323,17043576.056999985,98.09362910861648
12895.0,372.8,2,0.002145635681701482,17043948.856999986,98.09577474429818
12544.0,372.7,1,0.0021450601356495236,17044321.556999985,98.09791980443383
12981.0,372.22,2,0.0021422975146001225,17044693.776999984,98.10006210194841
13164.0,372.20000000000005,2,0.002142182405389731,17045065.976999983,98.10220428435382
17245.0,371.63,2,0.002138901792893567,17045437.606999982,98.10434318614669
18155.0,371.62,3,0.0021388442382883712,17045809.226999983,98.106482030385
15472.0,371.56,1,0.002138498910657196,17046180.78699998,98.10862052929565
18162.0,371.51,1,0.002138211137631217,17046552.296999983,98.11075874043328
14950.0,371.2,1,0.0021364269448701455,17046923.496999983,98.11289516737814
15975.0,371.01,1,0.002135333407371424,17047294.506999984,98.11503050078552
15063.0,370.79999999999995,1,0.002134124760662311,17047665.306999985,98.1171646255462
15765.0,370.63,1,0.002133146332373982,17048035.936999984,98.11929777187855
14168.0,370.45,2,0.0021321103494804563,17048406.386999983,98.12142988222804
15458.0,370.44,2,0.0021320527948752604,17048776.826999985,98.12356193502292
17437.0,369.68,1,0.0021276786448803753,17049146.506999984,98.1256896136678
15922.0,369.5,1,0.00212664266198685,17049516.006999984,98.12781625632978
16758.0,369.34000000000003,1,0.0021257217883037163,17049885.346999984,98.12994197811808
14888.0,369.2,1,0.0021249160238309742,17050254.546999983,98.13206689414191
14172.0,369.02,3,0.0021238800409374486,17050623.566999983,98.13419077418285
15477.0,368.4,1,0.002120311655415306,17050991.96699998,98.13631108583826
17792.0,368.35,2,0.0021200238823893265,17051360.316999983,98.13843110972066
15989.0,368.31,2,0.0021197936639685434,17051728.62699998,98.14055090338462
14706.0,367.54,1,0.0021153619593684628,17052096.16699998,98.14266626534398
14018.0,367.15,1,0.002113117329765824,17052463.31699998,98.14477938267373
14962.0,366.91,4,0.0021117360192411234,17052830.22699998,98.14689111869298
14244.0,366.41999999999996,1,0.002108915843586526,17053196.64699998,98.14900003453657
12899.0,366.4,1,0.0021088007343761346,17053563.04699998,98.15110883527095
17911.0,366.23,1,0.0021078223060878054,17053929.27699998,98.15321665757703
16974.0,365.5,2,0.002103620819908508,17054294.77699998,98.15532027839694
15029.0,365.1,1,0.0021013186357006735,17054659.87699998,98.15742159703265
13545.0,364.93,2,0.0021003402074123443,17055024.80699998,98.15952193724006
17536.0,364.83000000000004,3,0.002099764661360386,17055389.63699998,98.16162170190141
14886.0,364.8,1,0.002099591997544798,17055754.43699998,98.16372129389896
15949.0,364.72,2,0.0020991315607032314,17056119.15699998,98.16582042545966
15343.0,364.5,1,0.0020978653593889222,17056483.65699998,98.16791829081905
15915.0,364.45,1,0.0020975775863629432,17056848.10699998,98.1700158684054
14528.0,364.21999999999997,1,0.002096253830443438,17057212.326999977,98.17211212223584
16509.0,363.70000000000005,1,0.0020932609909732544,17057576.026999976,98.1742053832268
14253.0,363.40000000000003,2,0.0020915343528173785,17057939.426999975,98.17629691757962
14594.0,363.33,2,0.002091131470581007,17058302.756999973,98.1783880490502
16078.0,362.99,2,0.0020891746140043483,17058665.74699997,98.18047722366418
16378.0,362.95,3,0.0020889443955835647,17059028.69699997,98.18256616805976
13962.0,362.8,3,0.0020880810765056272,17059391.49699997,98.18465424913627
14840.0,362.71000000000004,2,0.0020875630850588646,17059754.206999972,98.18674181222133
14122.0,362.42,3,0.0020858940015081847,17060116.626999974,98.18882770622285
16052.0,362.06,1,0.0020838220357211334,17060478.686999973,98.19091152825857
13844.0,361.62,1,0.002081289633092516,17060840.306999974,98.19299281789166
16305.0,361.22,1,0.0020789874488846816,17061201.526999973,98.19507180534053
16448.0,361.12,2,0.002078411902832723,17061562.646999974,98.19715021724338
13274.0,360.85,1,0.0020768579284924354,17061923.496999975,98.19922707517188
18091.0,360.85,1,0.0020768579284924354,17062284.346999977,98.20130393310038
17772.0,360.75,3,0.002076282382440477,17062645.096999977,98.20338021548282
17012.0,360.61,1,0.002075476617967735,17063005.706999976,98.20545569210078
17945.0,360.35,3,0.0020739801982326425,17063366.056999978,98.20752967229903
18208.0,360.08,1,0.0020724262238923544,17063726.136999976,98.20960209852291
15008.0,360.0,2,0.0020719657870507877,17064086.136999976,98.21167406430996
13298.0,360.0,1,0.0020719657870507877,17064446.136999976,98.21374603009701
13181.0,359.69,1,0.002070181594289716,17064805.826999977,98.2158162116913
14926.0,359.4,2,0.0020685125107390363,17065165.226999976,98.21788472420204
14919.0,359.35,1,0.002068224737713057,17065524.576999977,98.21995294893976
15120.0,358.82,1,0.002065174343637677,17065883.396999978,98.2220181232834
17948.0,358.56000000000006,1,0.002063677923902585,17066241.956999976,98.22408180120729
16856.0,358.49,3,0.0020632750416662133,17066600.446999975,98.22614507624895
17748.0,358.15,1,0.0020613181850895543,17066958.596999973,98.22820639443404
13228.0,358.0,1,0.0020604548660116163,17067316.596999973,98.23026684930005
16606.0,357.66,2,0.0020584980094349578,17067674.256999973,98.23232534730948
15595.0,357.59999999999997,1,0.002058152681803782,17068031.856999975,98.2343834999913
12495.0,357.4,1,0.002057001589699865,17068389.256999973,98.23644050158099
16971.0,357.21,1,0.0020559080522011435,17068746.466999974,98.23849640963319
18040.0,357.20000000000005,2,0.0020558504975959485,17069103.666999973,98.24055226013078
18273.0,357.0,4,0.002054699405492031,17069460.666999973,98.24260695953627
14500.0,356.85,3,0.002053836086414093,17069817.516999975,98.24466079562269
17200.0,356.71,4,0.002053030321941351,17070174.226999976,98.24671382594464
15840.0,355.56,2,0.002046411542343828,17070529.786999974,98.24876023748699
12996.0,355.5,1,0.0020460662147126526,17070885.286999974,98.2508063037017
16920.0,355.45,1,0.002045778441686673,17071240.736999974,98.25285208214338
15863.0,355.1,5,0.0020437640305048183,17071595.836999975,98.2548958461739
14268.0,354.85,1,0.0020423251653749223,17071950.686999977,98.25693817133927
15986.0,354.42,2,0.0020398503173515003,17072305.10699998,98.25897802165665
12888.0,354.12,2,0.0020381236791956244,17072659.22699998,98.26101614533583
12845.0,354.09000000000003,4,0.002037951015380037,17073013.31699998,98.26305409635123
16323.0,353.66,2,0.002035476167356615,17073366.97699998,98.26508957251858
18003.0,353.51,1,0.0020346128482786776,17073720.48699998,98.26712418536687
13210.0,353.48,1,0.00203444018446309,17074073.96699998,98.26915862555133
13343.0,353.43,1,0.0020341524114371105,17074427.39699998,98.27119277796277
14804.0,353.27,1,0.0020332315377539767,17074780.66699998,98.27322600950052
16382.0,353.1,2,0.0020322531094656474,17075133.766999982,98.27525826260998
16690.0,353.03000000000003,4,0.0020318502272292766,17075486.796999983,98.27729011283722
12617.0,352.98,1,0.002031562454203297,17075839.776999984,98.27932167529143
13765.0,352.821,1,0.0020306473359806834,17076192.597999983,98.2813523226274
16857.0,352.8,1,0.002030526471309772,17076545.397999983,98.28338284909873
16274.0,351.75,1,0.0020244832377642073,17076897.147999983,98.28540733233649
12566.0,351.65,1,0.0020239076917122484,17077248.79799998,98.28743124002818
16192.0,351.3,1,0.0020218932805303935,17077600.097999983,98.28945313330873
13923.0,351.13,1,0.0020209148522420638,17077951.22799998,98.29147404816095
14252.0,350.99,1,0.002020109087769322,17078302.21799998,98.29349415724872
13332.0,350.90000000000003,1,0.0020195910963225596,17078653.11799998,98.29551374834503
13281.0,350.85,1,0.00201930332329658,17079003.96799998,98.29753305166834
15334.0,350.82,3,0.0020191306594809924,17079354.78799998,98.29955218232782
16476.0,350.35,1,0.0020164255930367873,17079705.13799998,98.30156860792087
12532.0,349.83000000000004,1,0.002013432753566603,17080054.96799998,98.30358204067441
13670.0,349.7,1,0.0020126845436990565,17080404.66799998,98.30559472521811
13887.0,349.55,1,0.002011821224621119,17080754.21799998,98.30760654644274
18250.0,349.27,1,0.0020102096956756345,17081103.48799998,98.30961675613842
14545.0,349.25,1,0.002010094586465243,17081452.73799998,98.31162685072488
17252.0,348.90999999999997,2,0.0020081377298885837,17081801.64799998,98.31363498845477
13790.0,348.79999999999995,1,0.0020075046292314293,17082150.44799998,98.315642493084
17577.0,348.75,2,0.0020072168562054503,17082499.19799998,98.31764970994021
15282.0,348.59,1,0.0020062959825223165,17082847.78799998,98.31965600592272
16263.0,348.16,1,0.002003821134498895,17083195.94799998,98.32165982705723
12760.0,347.8,1,0.002001749168711844,17083543.74799998,98.32366157622594
17668.0,347.75,2,0.0020014613956858647,17083891.49799998,98.32566303762164
15085.0,347.54,1,0.002000252748976752,17084239.03799998,98.32766329037061
13062.0,346.98,1,0.001997029691085784,17084586.01799998,98.32966032006169
12411.0,346.9,1,0.0019965692542442174,17084932.91799998,98.33165688931594
17780.0,346.56,3,0.001994612397667558,17085279.477999978,98.33365150171359
13234.0,346.5,2,0.001994267070036383,17085625.977999978,98.33564576878362
16423.0,346.12,1,0.0019920799950389405,17085972.09799998,98.33763784877867
15781.0,345.46000000000004,3,0.0019882813910960142,17086317.55799998,98.33962613016976
13774.0,345.0,1,0.0019856338792570045,17086662.55799998,98.34161176404903
14633.0,344.90000000000003,1,0.0019850583332050465,17087007.45799998,98.34359682238222
18199.0,344.75,1,0.001984195014127108,17087352.20799998,98.34558101739636
15519.0,344.61,2,0.0019833892496543665,17087696.817999978,98.347564406646
17569.0,344.14,1,0.001980684183210161,17088040.95799998,98.34954509082921
13068.0,344.0,2,0.0019798784187374193,17088384.95799998,98.35152496924795
16990.0,344.0,2,0.0019798784187374193,17088728.95799998,98.3535048476667
15047.0,343.62,1,0.0019776913437399768,17089072.57799998,98.35548253901044
15520.0,343.5,1,0.0019770006884776265,17089416.07799998,98.35745953969891
18081.0,343.45000000000005,3,0.0019767129154516475,17089759.52799998,98.35943625261436
12715.0,343.36,1,0.0019761949240048845,17090102.887999978,98.36141244753837
13519.0,343.21000000000004,2,0.0019753316049269465,17090446.09799998,98.3633877791433
17795.0,342.83000000000004,2,0.0019731445299295044,17090788.927999977,98.36536092367322
13550.0,342.55,1,0.0019715330009840203,17091131.477999978,98.3673324566742
16851.0,342.45000000000005,3,0.001970957454932062,17091473.927999977,98.36930341412912
14989.0,342.4,1,0.001970669681906082,17091816.327999976,98.37127408381102
17835.0,342.24,3,0.0019697488082229485,17092158.567999974,98.37324383261924
17660.0,342.22,2,0.001969633699012557,17092500.787999973,98.37521346631824
14724.0,341.9,1,0.0019677919516462895,17092842.68799997,98.37718125826989
16826.0,341.7,1,0.0019666408595423726,17093184.38799997,98.37914789912942
16585.0,341.59000000000003,2,0.001966007758885218,17093525.97799997,98.3811139068883
13187.0,341.36,4,0.001964684002965713,17093867.33799997,98.38307859089127
13347.0,341.36,1,0.001964684002965713,17094208.69799997,98.38504327489423
17928.0,341.24,3,0.0019639933477033633,17094549.937999967,98.38700726824192
16259.0,340.94,3,0.0019622667095474874,17094890.87799997,98.38896953495147
14491.0,340.93,2,0.0019622091549422916,17095231.80799997,98.39093174410642
17542.0,340.85,3,0.001961748718100725,17095572.65799997,98.39289349282453
16044.0,340.84000000000003,1,0.001961691163495529,17095913.49799997,98.39485518398803
15818.0,340.5,1,0.00195973430691887,17096253.99799997,98.39681491829494
12900.0,340.33000000000004,1,0.0019587558786305407,17096594.327999968,98.39877367417357
12698.0,339.75,1,0.0019554177115291807,17096934.077999968,98.4007290918851
13737.0,339.6,1,0.001954554392451243,17097273.67799997,98.40268364627755
14203.0,339.34,1,0.0019530579727161503,17097613.01799997,98.40463670425027
17697.0,338.95,1,0.0019508133431135122,17097951.96799997,98.40658751759338
14630.0,338.65,1,0.0019490867049576364,17098290.617999967,98.40853660429832
17833.0,338.46000000000004,1,0.0019479931674589155,17098629.077999968,98.41048459746578
14799.0,338.15,2,0.0019462089746978438,17098967.227999967,98.41243080644048
17296.0,338.13,1,0.001946093865487452,17099305.357999966,98.41437690030597
12869.0,337.66999999999996,1,0.0019434463536484425,17099643.027999967,98.41632034665963
15942.0,337.44,1,0.001942122597728938,17099980.46799997,98.41826246925736
12780.0,337.4,1,0.0019418923793081547,17100317.867999967,98.42020436163665
13930.0,337.34000000000003,2,0.0019415470516769798,17100655.207999967,98.42214590868834
17973.0,337.04,1,0.001939820413521104,17100992.247999966,98.42408572910185
17488.0,336.5,1,0.0019367124648405278,17101328.747999966,98.42602244156669
15619.0,336.4,1,0.001936136918788569,17101665.147999965,98.42795857848546
13482.0,336.09000000000003,2,0.001934352726027498,17102001.237999965,98.4298929312115
14196.0,335.52,1,0.001931072113531334,17102336.757999964,98.43182400332502
16063.0,335.32,1,0.001929921021427417,17102672.077999964,98.43375392434646
17917.0,335.03,3,0.001928251937876737,17103007.107999966,98.43568217628433
12489.0,334.93,1,0.0019276763918247785,17103342.037999965,98.43760985267616
17821.0,334.62,1,0.001925892199063707,17103676.657999966,98.43953574487523
12350.0,334.40000000000003,1,0.0019246259977493984,17104011.057999965,98.44146037087297
17607.0,333.81,1,0.0019212302760428428,17104344.867999963,98.443381601149
13216.0,333.74,1,0.0019208273938064715,17104678.60799996,98.4453024285428
14241.0,333.70000000000005,2,0.0019205971753856886,17105012.30799996,98.44722302571819
16234.0,333.18,3,0.001917604335915504,17105345.48799996,98.4491406300541
16006.0,332.82,2,0.0019155323701284528,17105678.30799996,98.45105616242424
14137.0,332.7,1,0.0019148417148661025,17106011.00799996,98.45297100413909
13904.0,332.64,2,0.0019144963872349274,17106343.64799996,98.45488550052633
16850.0,332.41,1,0.001913172631315423,17106676.05799996,98.45679867315764
16803.0,332.3,1,0.0019125395306582686,17107008.35799996,98.45871121268831
16452.0,332.17,2,0.0019117913207907227,17107340.527999964,98.46062300400911
17647.0,331.65999999999997,3,0.0019088560359257335,17107672.187999964,98.46253186004503
15512.0,331.58000000000004,4,0.001908395599084167,17108003.767999962,98.4644402556441
17435.0,331.35,1,0.0019070718431646624,17108335.117999963,98.46634732748728
16030.0,331.24,1,0.001906438742507508,17108666.35799996,98.46825376622978
13981.0,331.14,1,0.0019058631964555491,17108997.497999962,98.47015962942623
16478.0,331.0,3,0.0019050574319828073,17109328.497999962,98.47206468685822
15878.0,330.77,2,0.0019037336760633025,17109659.267999962,98.47396842053429
17776.0,330.56,2,0.0019025250293541898,17109989.82799996,98.47587094556363
14517.0,330.45,2,0.0019018919286970352,17110320.27799996,98.47777283749231
12807.0,330.35,1,0.001901316382645077,17110650.62799996,98.47967415387498
13010.0,330.12,2,0.0018999926267255721,17110980.747999962,98.4815741465017
15130.0,330.11,1,0.0018999350721203762,17111310.85799996,98.48347408157382
12850.0,330.0,1,0.0018993019714632219,17111640.85799996,98.48537338354528
18186.0,329.58000000000004,1,0.001896884678044996,17111970.43799996,98.48727026822333
17518.0,329.42,2,0.0018959638043618623,17112299.85799996,98.48916623202769
17914.0,329.36,1,0.0018956184767306872,17112629.21799996,98.49106185050442
17154.0,329.34,1,0.0018955033675202954,17112958.55799996,98.49295735387194
15153.0,329.25,1,0.0018949853760735328,17113287.80799996,98.49485233924801
15979.0,329.21999999999997,1,0.001894812712257945,17113617.02799996,98.49674715196026
15880.0,329.03,1,0.0018937191747592239,17113946.05799996,98.49864087113504
16286.0,328.95,2,0.001893258737917657,17114275.00799996,98.50053412987295
14012.0,328.8,1,0.001892395418839719,17114603.80799996,98.50242652529178
16855.0,328.4,2,0.0018900932346318847,17114932.20799996,98.50431661852642
15213.0,328.34999999999997,2,0.0018898054616059055,17115260.55799996,98.50620642398803
14747.0,328.2,1,0.0018889421425279677,17115588.75799996,98.50809536613056
16318.0,328.15000000000003,1,0.001888654369501989,17115916.90799996,98.50998402050004
15709.0,327.85,2,0.001886927731346113,17116244.75799996,98.51187094823139
17196.0,327.75,1,0.0018863521852941546,17116572.50799996,98.5137573004167
15735.0,327.68,1,0.0018859493030577833,17116900.18799996,98.51564324971976
13498.0,327.38,1,0.001884222664901908,17117227.56799996,98.51752747238464
16322.0,326.75,2,0.0018805967247745691,17117554.31799996,98.51940806910942
12460.0,326.65,1,0.0018800211787226102,17117880.967999958,98.52128809028812
13646.0,326.25,2,0.0018777189945147763,17118207.217999958,98.52316580928266
18047.0,326.09000000000003,2,0.0018767981208316425,17118533.307999957,98.52504260740348
17439.0,325.74,1,0.0018747837096497874,17118859.047999956,98.52691739111312
12804.0,325.37,2,0.001872654189257541,17119184.417999957,98.52879004530239
13661.0,325.24,1,0.001871905979389995,17119509.657999955,98.53066195128176
15670.0,325.20000000000005,2,0.0018716757609692116,17119834.857999954,98.53253362704272
13801.0,324.8,1,0.0018693735767613773,17120159.657999955,98.53440300061949
15982.0,324.51,1,0.0018677044932106973,17120484.167999957,98.53627070511271
12946.0,324.45,1,0.0018673591655795222,17120808.617999956,98.53813806427829
16685.0,324.24,2,0.0018661505188704091,17121132.857999954,98.54000421479715
18261.0,324.24,2,0.0018661505188704091,17121457.097999953,98.54187036531602
13834.0,324.19,2,0.0018658627458444299,17121781.287999954,98.54373622806186
17440.0,323.58,4,0.0018623519149274827,17122104.867999952,98.54559857997678
13025.0,323.39,1,0.0018612583774287616,17122428.257999953,98.54745983835421
16195.0,323.25,1,0.0018604526129560198,17122751.507999953,98.54932029096717
14263.0,322.93,1,0.0018586108655897523,17123074.437999953,98.55117890183276
16627.0,322.8,1,0.001857862655722206,17123397.237999953,98.55303676448848
14832.0,322.69,1,0.0018572295550650516,17123719.927999955,98.55489399404355
16342.0,322.41,4,0.001855618026119568,17124042.337999955,98.55674961206967
14424.0,322.08,1,0.0018537187241481044,17124364.417999953,98.55860333079382
15726.0,321.91,1,0.0018527402958597751,17124686.327999953,98.56045607108967
18090.0,321.9,1,0.0018526827412545792,17125008.22799995,98.56230875383092
13111.0,321.88000000000005,1,0.0018525676320441877,17125330.10799995,98.56416132146296
17976.0,321.79,1,0.0018520496405974246,17125651.89799995,98.56601337110355
17471.0,321.65000000000003,1,0.0018512438761246828,17125973.54799995,98.56786461497967
14070.0,321.6,1,0.0018509561030987036,17126295.14799995,98.56971557108277
15770.0,321.45,1,0.0018500927840207656,17126616.59799995,98.57156566386679
14823.0,321.43,3,0.001849977674810374,17126938.02799995,98.5734156415416
17182.0,321.3,2,0.0018492294649428277,17127259.32799995,98.57526487100655
15869.0,321.11,3,0.0018481359274441066,17127580.43799995,98.57711300693398
15236.0,321.05,1,0.0018477905998129315,17127901.48799995,98.57896079753381
15432.0,320.76,2,0.0018461215162622515,17128222.24799995,98.58080691905008
14622.0,320.58000000000004,1,0.0018450855333687264,17128542.82799995,98.58265200458344
13986.0,320.46,1,0.0018443948781063757,17128863.28799995,98.58449639946156
17843.0,320.4,2,0.0018440495504752005,17129183.68799995,98.58634044901201
17309.0,320.39,3,0.001843991995870005,17129504.07799995,98.58818444100788
16683.0,320.25,1,0.0018431862313972632,17129824.32799995,98.59002762723928
13942.0,320.0,1,0.0018417473662673666,17130144.32799995,98.59186937460555
13843.0,319.75,1,0.0018403085011374702,17130464.07799995,98.5937096831067
16436.0,319.14,3,0.001836797670220523,17130783.21799995,98.5955464807769
16967.0,319.02,1,0.0018361070149581727,17131102.23799995,98.59738258779187
17229.0,318.76,2,0.0018346105952230804,17131420.99799995,98.5992171983871
16273.0,318.34000000000003,2,0.001832193301804855,17131739.33799995,98.6010493916889
15682.0,318.24,2,0.001831617755752896,17132057.57799995,98.60288100944464
14703.0,318.17,1,0.0018312148735165255,17132375.74799995,98.60471222431816
17839.0,318.15,1,0.0018310997643061332,17132693.89799995,98.60654332408248
18253.0,317.88,1,0.0018295457899658455,17133011.77799995,98.60837286987243
17267.0,317.20000000000005,2,0.0018256320768125275,17133328.977999948,98.61019850194924
15616.0,317.11,1,0.0018251140853657644,17133646.087999947,98.6120236160346
17689.0,317.08000000000004,2,0.001824941421550177,17133963.167999946,98.61384855745614
16761.0,316.62,1,0.0018222939097111675,17134279.787999947,98.61567085136585
15204.0,316.58,1,0.0018220636912903842,17134596.367999945,98.61749291505714
12529.0,316.48,1,0.0018214881452384257,17134912.847999945,98.61931440320238
13494.0,316.26000000000005,1,0.0018202219439241172,17135229.107999947,98.62113462514631
17408.0,316.09,3,0.0018192435156357872,17135545.197999947,98.62295386866194
18117.0,315.65,1,0.0018167111130071695,17135860.847999945,98.62477057977495
12614.0,315.6,1,0.0018164233399811905,17136176.447999947,98.62658700311493
15042.0,315.45000000000005,2,0.0018155600209032528,17136491.897999946,98.62840256313584
16091.0,315.06,2,0.0018133153913006141,17136806.957999945,98.63021587852712
17121.0,314.74,1,0.0018114736439343471,17137121.697999943,98.63202735217106
14991.0,314.67,1,0.0018110707616979759,17137436.367999945,98.63383842293277
18206.0,314.65999999999997,1,0.0018110132070927798,17137751.027999945,98.63564943613986
12650.0,314.44,1,0.0018097470057784712,17138065.467999946,98.63745918314565
18070.0,314.1,1,0.0018077901492018122,17138379.567999948,98.63926697329485
15873.0,313.92,4,0.0018067541663082868,17138693.48799995,98.64107372746118
15196.0,313.7,2,0.0018054879649939779,17139007.18799995,98.64287921542616
13087.0,313.64,1,0.0018051426373628028,17139320.82799995,98.64468435806353
16582.0,313.62,1,0.001805027528152411,17139634.44799995,98.64648938559168
12665.0,313.6,3,0.0018049124189420194,17139948.047999952,98.64829429801064
13845.0,312.98,1,0.0018013440334198763,17140261.027999952,98.65009564204405
15162.0,312.9,1,0.0018008835965783092,17140573.92799995,98.65189652564062
13905.0,312.65,1,0.001799444731448413,17140886.57799995,98.65369597037207
15318.0,312.62,1,0.0017992720676328255,17141199.19799995,98.65549524243971
13226.0,312.46000000000004,2,0.001798351193949692,17141511.65799995,98.65729359363367
12834.0,312.38,1,0.0017978907571081248,17141824.03799995,98.65909148439076
17326.0,312.35,2,0.0017977180932925376,17142136.38799995,98.66088920248407
14094.0,311.77,1,0.0017943799261911776,17142448.15799995,98.66268358241025
14951.0,311.69,1,0.001793919489349611,17142759.847999953,98.66447750189961
12852.0,311.55,1,0.001793113724876869,17143071.397999953,98.6662706156245
13990.0,311.3,1,0.0017916748597469729,17143382.697999954,98.66806229048424
15724.0,310.85,3,0.001789084902513159,17143693.547999956,98.66985137538677
13400.0,310.83,1,0.0017889697933027673,17144004.377999954,98.67164034518005
16328.0,310.83,1,0.0017889697933027673,17144315.207999952,98.67342931497335
13847.0,310.72,1,0.0017883366926456134,17144625.92799995,98.67521765166599
16439.0,310.70000000000005,1,0.0017882215834352214,17144936.62799995,98.67700587324943
15185.0,310.62,1,0.0017877611465936544,17145247.24799995,98.67879363439602
14848.0,310.56,1,0.0017874158189624793,17145557.80799995,98.68058105021498
15308.0,310.47,1,0.0017868978275157167,17145868.27799995,98.68236794804248
15188.0,310.43,1,0.0017866676090949334,17146178.70799995,98.68415461565158
13315.0,310.26000000000005,1,0.001785689180806604,17146488.96799995,98.6859403048324
14749.0,310.15,1,0.0017850560801494493,17146799.11799995,98.68772536091254
13628.0,310.14,1,0.0017849985255442534,17147109.25799995,98.68951035943809
17181.0,309.85,3,0.0017833294419935738,17147419.10799995,98.6912936888801
15699.0,309.65,1,0.0017821783498896565,17147728.75799995,98.69307586722996
16373.0,309.49,2,0.0017812574762065228,17148038.247999948,98.69485712470616
12884.0,309.05,1,0.0017787250735779054,17148347.29799995,98.69663584977974
15010.0,308.94,1,0.0017780919729207506,17148656.23799995,98.69841394175268
16956.0,308.74,1,0.0017769408808168336,17148964.977999948,98.70019088263348
16194.0,308.6,1,0.0017761351163440918,17149273.57799995,98.70196701774984
14181.0,308.35,2,0.0017746962512141956,17149581.92799995,98.70374171400105
13369.0,308.28000000000003,1,0.0017742933689778243,17149890.207999952,98.70551600737004
14927.0,308.2,1,0.0017738329321362574,17150198.40799995,98.70728984030217
15302.0,308.0,1,0.0017726818400323405,17150506.40799995,98.7090625221422
15778.0,307.95000000000005,1,0.0017723940670063614,17150814.35799995,98.71083491620921
13289.0,307.95,1,0.0017723940670063612,17151122.30799995,98.71260731027621
16123.0,307.78000000000003,1,0.001771415638718032,17151430.08799995,98.71437872591493
13529.0,307.76,2,0.0017713005295076397,17151737.847999953,98.71615002644445
14777.0,307.56,1,0.0017701494374037228,17152045.40799995,98.71792017588184
13060.0,307.53000000000003,1,0.0017699767735881353,17152352.937999953,98.71969015265543
17120.0,307.46,1,0.0017695738913517643,17152660.397999953,98.7214597265468
13932.0,307.4,1,0.001769228563720589,17152967.797999952,98.72322895511051
15374.0,307.32,2,0.0017687681268790225,17153275.117999952,98.7249977232374
14783.0,307.3,1,0.0017686530176686305,17153582.417999953,98.72676637625506
17721.0,307.21000000000004,1,0.0017681350262218679,17153889.627999954,98.7285345112813
13036.0,307.1,1,0.0017675019255647135,17154196.727999955,98.73030201320687
13142.0,307.09000000000003,1,0.0017674443709595178,17154503.817999955,98.73206945757782
15087.0,306.94,1,0.00176658105188158,17154810.757999957,98.7338360386297
13660.0,306.64,1,0.001764854413725704,17155117.397999957,98.73560089304344
16649.0,306.58,1,0.001764509086094529,17155423.977999955,98.73736540212953
13718.0,306.55,2,0.0017643364222789414,17155730.527999956,98.73912973855181
18059.0,306.46,3,0.0017638184308321784,17156036.987999957,98.74089355698264
16524.0,306.19,2,0.0017622644564918907,17156343.17799996,98.74265582143914
17077.0,306.0,1,0.0017611709189931692,17156649.17799996,98.74441699235814
15454.0,305.99,2,0.0017611133643879737,17156955.167999957,98.74617810572252
15135.0,305.68,2,0.001759329171626902,17157260.847999956,98.74793743489414
16796.0,305.62,1,0.0017589838439957268,17157566.467999958,98.74969641873814
16181.0,305.54,1,0.0017585234071541601,17157872.007999957,98.75145494214529
15893.0,305.28000000000003,1,0.0017570269874190678,17158177.287999958,98.75321196913272
13383.0,305.28000000000003,1,0.0017570269874190678,17158482.56799996,98.75496899612014
15163.0,304.47,2,0.0017523650643982037,17158787.037999958,98.75672136118455
18185.0,304.25,1,0.0017510988630838947,17159091.287999958,98.75847246004761
16217.0,304.25,2,0.0017510988630838947,17159395.537999958,98.76022355891071
16674.0,304.24,2,0.0017510413084786988,17159699.777999956,98.76197460021918
17688.0,304.2,1,0.0017508110900579155,17160003.977999955,98.76372541130922
14990.0,304.17,2,0.001750638426242328,17160308.147999957,98.76547604973548
17383.0,304.09000000000003,2,0.001750177989400761,17160612.237999957,98.76722622772488
16489.0,303.7,2,0.0017479333597981226,17160915.937999956,98.76897416108467
14791.0,303.63,1,0.0017475304775617516,17161219.567999955,98.77072169156223
14806.0,303.43,2,0.0017463793854578344,17161522.997999955,98.77246807094768
18255.0,303.15,2,0.0017447678565123506,17161826.147999953,98.77421283880419
16425.0,302.7,1,0.0017421778992785372,17162128.847999953,98.77595501670346
14043.0,302.6,2,0.0017416023532265787,17162431.447999954,98.7776966190567
18165.0,302.46,1,0.0017407965887538364,17162733.907999955,98.77943741564546
17339.0,302.36,3,0.001740221042701878,17163036.267999955,98.78117763668816
17506.0,302.2,1,0.0017393001690187444,17163338.467999954,98.78291693685716
15054.0,302.1,2,0.0017387246229667859,17163640.567999955,98.78465566148014
15242.0,302.04,1,0.0017383792953356108,17163942.607999954,98.78639404077548
16297.0,301.9,1,0.0017375735308628685,17164244.507999953,98.78813161430632
13773.0,301.54,2,0.0017355015650758181,17164546.047999952,98.7898671158714
15667.0,301.32000000000005,1,0.0017342353637615094,17164847.367999952,98.79160135123517
15148.0,301.29,1,0.0017340626999459215,17165148.65799995,98.7933354139351
13625.0,301.26,1,0.0017338900361303338,17165449.917999953,98.79506930397125
16437.0,301.25,2,0.0017338324815251382,17165751.167999953,98.79680313645277
12351.0,300.93,1,0.001731990734158871,17166052.097999953,98.79853512718692
16479.0,300.83000000000004,2,0.0017314151881069122,17166352.92799995,98.80026654237503
16050.0,300.70000000000005,3,0.0017306669782393663,17166653.62799995,98.80199720935326
17556.0,300.67,2,0.0017304943144237786,17166954.297999952,98.8037277036677
17793.0,300.34,1,0.001728595012452315,17167254.63799995,98.80545629868016
14797.0,300.31,1,0.0017284223486367276,17167554.94799995,98.80718472102878
17991.0,300.3,3,0.001728364794031532,17167855.24799995,98.80891308582281
17766.0,299.61,2,0.001724393526273018,17168154.85799995,98.81063747934908
12864.0,299.57,2,0.0017241633078522345,17168454.42799995,98.81236164265694
13346.0,299.4,6,0.0017231848795639048,17168753.82799995,98.81408482753649
17898.0,299.18,4,0.0017219186782495963,17169053.00799995,98.81580674621475
13667.0,299.05,1,0.00172117046838205,17169352.05799995,98.81752791668312
12595.0,299.02,1,0.0017209978045664622,17169651.07799995,98.81924891448769
15609.0,298.48,1,0.0017178898558858865,17169949.55799995,98.82096680434358
17824.0,298.4,1,0.0017174294190443193,17170247.95799995,98.82268423376262
12881.0,298.0,1,0.001715127234836485,17170545.95799995,98.82439936099745
18018.0,297.99,4,0.0017150696802312895,17170843.947999947,98.82611443067766
16583.0,297.95,2,0.0017148394618105058,17171141.897999946,98.82782927013947
14835.0,297.0,2,0.0017093717743168996,17171438.897999946,98.8295386419138
17627.0,296.36,1,0.001705688279584365,17171735.257999945,98.83124433019337
13751.0,296.25,1,0.0017050551789272105,17172031.507999945,98.8329493853723
12898.0,296.21,2,0.0017048249605064267,17172327.717999946,98.83465421033281
13504.0,295.93,1,0.001703213431560943,17172623.647999946,98.83635742376438
14269.0,295.73,1,0.0017020623394570261,17172919.377999946,98.83805948610383
14614.0,295.13,1,0.0016986090631452748,17173214.507999945,98.83975809516697
16252.0,295.09000000000003,1,0.0016983788447244915,17173509.597999945,98.8414564740117
16579.0,295.05,1,0.0016981486263037081,17173804.647999946,98.843154622638
17057.0,294.74,1,0.0016963644335426364,17174099.387999944,98.84485098707152
17301.0,294.39,2,0.0016943500223607813,17174393.777999945,98.8465453370939
15060.0,294.25,4,0.0016935442578880394,17174688.027999945,98.84823888135179
17124.0,294.24,1,0.0016934867032828438,17174982.267999943,98.84993236805506
17927.0,294.0,1,0.001692105392758143,17175276.267999943,98.85162447344781
15718.0,293.79,1,0.0016908967460490302,17175570.057999942,98.85331537019385
14192.0,293.74,1,0.001690608973023051,17175863.79799994,98.85500597916688
15928.0,293.53,1,0.0016894003263139376,17176157.327999942,98.8566953794932
17710.0,293.5,1,0.0016892276624983502,17176450.827999942,98.85838460715568
16402.0,293.45,2,0.001688939889472371,17176744.27799994,98.86007354704518
17441.0,293.35,1,0.0016883643434204125,17177037.627999943,98.86176191138858
17207.0,292.62,1,0.0016841628572411152,17177330.247999944,98.86344607424584
16721.0,292.47,1,0.0016832995381631775,17177622.717999943,98.865129373784
16543.0,292.21,1,0.001681803118428085,17177914.927999943,98.86681117690243
13739.0,292.2,2,0.001681745563822889,17178207.127999943,98.86849292246625
14985.0,292.01,2,0.0016806520263241678,17178499.137999944,98.87017357449258
13449.0,291.88,1,0.0016799038164566217,17178791.017999943,98.87185347830903
17907.0,291.76,1,0.0016792131611942716,17179082.777999945,98.87353269147023
17882.0,291.56,2,0.0016780620690903542,17179374.337999944,98.87521075353932
16615.0,291.5,1,0.0016777167414591795,17179665.837999944,98.87688847028078
18182.0,291.13,1,0.0016755872210669324,17179956.967999943,98.87856405750183
17551.0,290.34,1,0.00167104040725646,17180247.307999942,98.8802350979091
15391.0,289.87,1,0.001668335340812255,17180537.177999943,98.8819034332499
16897.0,289.78,2,0.001667817349365492,17180826.957999945,98.88357125059929
13796.0,289.7,1,0.0016673569125239254,17181116.657999944,98.88523860751181
15962.0,289.48,1,0.0016660907112096169,17181406.137999944,98.88690469822302
15041.0,289.4,2,0.0016656302743680495,17181695.537999943,98.88857032849737
14162.0,289.36,2,0.0016654000559472664,17181984.897999942,98.89023572855332
15545.0,288.97,2,0.001663155426344628,17182273.86799994,98.89189888397965
17501.0,288.6,2,0.0016610259059523815,17182562.467999943,98.89355990988562
16808.0,288.42,2,0.0016599899230588559,17182850.887999944,98.89521989980868
16432.0,287.40000000000003,1,0.001654119353328879,17183138.287999943,98.89687401916201
17497.0,287.25,2,0.001653256034250941,17183425.537999943,98.89852727519626
13508.0,287.04999999999995,2,0.0016521049421470235,17183712.587999944,98.90017938013841
14660.0,285.74,2,0.0016445652888663668,17183998.327999942,98.90182394542727
14402.0,285.6,1,0.001643759524393625,17184283.927999943,98.90346770495167
17636.0,285.56,1,0.0016435293059728412,17184569.487999942,98.90511123425763
16890.0,285.40999999999997,3,0.0016426659868949034,17184854.897999942,98.90675390024452
13708.0,285.33,1,0.0016422055500533365,17185140.22799994,98.90839610579457
12487.0,285.3,1,0.001642032886237749,17185425.52799994,98.91003813868082
16429.0,284.55,1,0.0016377162908480598,17185710.077999942,98.91167585497168
15445.0,284.5,2,0.0016374285178220806,17185994.577999942,98.91331328348949
17359.0,284.46,2,0.001637198299401297,17186279.037999943,98.91495048178889
15354.0,284.4,3,0.0016368529717701221,17186563.43799994,98.91658733476065
13616.0,283.85,2,0.0016336874684843503,17186847.287999943,98.91822102222915
15662.0,283.73,2,0.001632996813222,17187131.017999943,98.91985401904238
13121.0,283.73,1,0.001632996813222,17187414.747999944,98.9214870158556
13909.0,282.85,2,0.0016279320079647646,17187697.597999945,98.92311494786358
15936.0,282.79,2,0.0016275866803335895,17187980.387999944,98.9247425345439
13511.0,282.76,1,0.0016274140165180018,17188263.147999946,98.92636994856043
12771.0,282.3,1,0.0016247665046789925,17188545.447999947,98.92799471506511
16557.0,281.85,2,0.0016221765474451792,17188827.29799995,98.92961689161257
13326.0,281.76,1,0.0016216585559984164,17189109.05799995,98.93123855016857
13679.0,281.26,3,0.0016187808257386235,17189390.31799995,98.93285733099432
18042.0,281.15,2,0.001618147725081469,17189671.46799995,98.93447547871939
15772.0,280.88,1,0.001616593750741181,17189952.34799995,98.93609207247013
12851.0,280.76,2,0.001615903095478831,17190233.10799995,98.93770797556562
13080.0,280.73,4,0.0016157304316632435,17190513.83799995,98.93932370599728
14433.0,280.7,1,0.0016155577678476558,17190794.53799995,98.94093926376513
14242.0,280.54999999999995,2,0.0016146944487697176,17191075.08799995,98.94255395821389
13581.0,280.53,2,0.001614579339559326,17191355.617999952,98.94416853755347
17247.0,280.09000000000003,1,0.0016120469369307088,17191635.707999952,98.9457805844904
15556.0,279.77,1,0.0016102051895644412,17191915.47799995,98.94739078967996
14183.0,278.34000000000003,2,0.001601974881021434,17192193.81799995,98.94899276456098
14764.0,278.3,1,0.0016017446626006506,17192472.117999952,98.95059450922359
14303.0,277.94,2,0.0015996726968135996,17192750.057999954,98.9521941819204
15338.0,277.93,1,0.0015996151422084039,17193027.987999953,98.95379379706262
15355.0,277.05,2,0.0015945503369511685,17193305.037999954,98.95538834739956
13606.0,276.74999999999994,3,0.0015928236987952926,17193581.787999954,98.95698117109836
13272.0,276.56,2,0.0015917301612965716,17193858.347999953,98.95857290125966
12750.0,275.88,1,0.0015878164481432535,17194134.22799995,98.9601607177078
13399.0,275.4,3,0.0015850538270938523,17194409.62799995,98.96174577153486
16313.0,274.15,2,0.0015778595014443704,17194683.77799995,98.96332363103632
17072.0,273.35,1,0.0015732551330287022,17194957.12799995,98.96489688616936
12789.0,273.35,3,0.0015732551330287022,17195230.47799995,98.96647014130238
13307.0,273.34000000000003,3,0.0015731975784235065,17195503.81799995,98.9680433388808
17355.0,273.31,1,0.0015730249146079188,17195777.12799995,98.96961636379541
13861.0,273.26,2,0.0015727371415819391,17196050.38799995,98.971189100937
17498.0,272.21999999999997,1,0.0015667514626415701,17196322.60799995,98.97275585239963
13917.0,272.03999999999996,2,0.001565715479748045,17196594.64799995,98.97432156787937
14816.0,271.85,1,0.001564621942249324,17196866.49799995,98.97588618982164
17292.0,271.75,2,0.0015640463961973654,17197138.24799995,98.97745023621783
14436.0,271.7,2,0.0015637586231713857,17197409.94799995,98.979013994841
13058.0,271.4,3,0.0015620319850155103,17197681.34799995,98.980576026826
15943.0,271.29,2,0.0015613988843583562,17197952.637999948,98.98213742571036
17278.0,271.24,2,0.0015611111113323765,17198223.877999946,98.98369853682169
18238.0,270.92,1,0.0015592693639661093,17198494.79799995,98.98525780618566
14520.0,270.6,2,0.0015574276165998423,17198765.39799995,98.98681523380228
16757.0,270.48,2,0.0015567369613374918,17199035.87799995,98.98837197076361
12558.0,269.96,1,0.0015537441218673072,17199305.83799995,98.98992571488549
18267.0,269.37,1,0.0015503484001607518,17199575.207999952,98.99147606328565
15964.0,269.21000000000004,1,0.0015494275264776184,17199844.417999953,98.99302549081213
13533.0,269.09,3,0.0015487368712152677,17200113.507999953,98.99457422768334
17264.0,268.28,1,0.0015440749481944033,17200381.787999954,98.99611830263154
12751.0,268.27,1,0.0015440173935892074,17200650.057999954,98.99766232002514
18254.0,267.9,1,0.001541887873196961,17200917.957999952,98.99920420789832
14039.0,267.28,2,0.001538319487674818,17201185.237999953,99.000742527386
15408.0,267.18,1,0.0015377439416228594,17201452.417999953,99.00228027132762
15320.0,267.13,1,0.0015374561685968801,17201719.547999952,99.00381772749621
15517.0,267.03,1,0.0015368806225449214,17201986.577999953,99.00535460811876
15423.0,266.89,3,0.0015360748580721796,17202253.467999954,99.00689068297685
17786.0,266.85,2,0.0015358446396513963,17202520.317999955,99.0084265276165
14863.0,266.76,1,0.0015353266482046337,17202787.077999957,99.00996185426472
13837.0,266.59000000000003,2,0.001534348219916304,17203053.667999957,99.01149620248462
14392.0,266.4,1,0.0015332546824175827,17203320.067999955,99.01302945716704
15119.0,266.4,1,0.0015332546824175827,17203586.467999954,99.01456271184945
12962.0,266.39,2,0.0015331971278123866,17203852.857999954,99.01609590897726
13973.0,264.7,1,0.0015234703995342872,17204117.557999954,99.0176193793768
16334.0,263.73,1,0.0015178876028302895,17204381.287999954,99.01913726697963
13128.0,263.5,1,0.0015165638469107848,17204644.787999954,99.02065383082653
16089.0,263.49,2,0.001516506292305589,17204908.277999952,99.02217033711884
12892.0,263.38,1,0.0015158731916484344,17205171.65799995,99.02368621031047
17808.0,262.64,4,0.0015116141508639412,17205434.297999952,99.02519782446134
13331.0,262.4,1,0.0015102328403392405,17205696.69799995,99.02670805730168
17910.0,261.7,1,0.0015062040179755307,17205958.39799995,99.02821426131965
14957.0,261.69,2,0.0015061464633703348,17206220.08799995,99.02972040778303
12655.0,261.35,1,0.001504189606793676,17206481.437999953,99.03122459738982
13189.0,260.68,2,0.0015003334482455535,17206742.117999952,99.03272493083807
17901.0,260.08,3,0.0014968801719338022,17207002.19799995,99.03422181101
17022.0,260.0,2,0.0014964197350922353,17207262.19799995,99.03571823074509
16733.0,259.68,1,0.0014945779877259683,17207521.87799995,99.03721280873282
17558.0,259.17,1,0.0014916427028609795,17207781.047999952,99.03870445143568
13127.0,259.17,1,0.0014916427028609795,17208040.217999954,99.04019609413855
17219.0,259.13,2,0.001491412484440196,17208299.347999953,99.04168750662299
15536.0,259.09,1,0.0014911822660194124,17208558.437999953,99.04317868888901
14526.0,258.65,1,0.001488649863390795,17208817.08799995,99.04466733875239
13683.0,258.6,1,0.0014883620903648157,17209075.687999953,99.04615570084276
16502.0,258.55,2,0.0014880743173388365,17209334.237999953,99.0476437751601
15894.0,258.25,2,0.0014863476791829608,17209592.487999953,99.04913012283929
13227.0,257.7,1,0.0014831821758971887,17209850.187999953,99.05061330501518
15014.0,257.66999999999996,2,0.0014830095120816008,17210107.857999954,99.05209631452728
16542.0,257.32,2,0.0014809951008997462,17210365.177999955,99.05357730962817
15503.0,257.3,2,0.0014808799916893544,17210622.477999955,99.05505818961987
15852.0,257.26,3,0.001480649773268571,17210879.737999957,99.05653883939316
14483.0,257.1,2,0.0014797288995854374,17211136.83799996,99.05801856829274
15404.0,257.06,1,0.001479498681164654,17211393.897999957,99.0594980669739
14876.0,256.7,2,0.001477426715377603,17211650.597999956,99.06097549368927
14274.0,256.6,1,0.0014768511693256448,17211907.197999958,99.0624523448586
12430.0,256.4,1,0.0014757000772217274,17212163.597999956,99.0639280449358
13806.0,256.38,1,0.0014755849680113359,17212419.977999955,99.06540362990383
17896.0,256.32,1,0.0014752396403801605,17212676.297999956,99.06687886954421
17385.0,256.11,1,0.0014740309936710479,17212932.407999955,99.06835290053787
13825.0,255.59000000000003,2,0.0014710381542008635,17213187.997999955,99.06982393869207
14881.0,255.4,1,0.001469944616702142,17213443.397999953,99.07129388330877
16911.0,255.25,2,0.001469081297624204,17213698.647999953,99.07276296460638
12746.0,254.55,1,0.0014650524752604945,17213953.197999954,99.07422801708165
12604.0,254.18,2,0.0014629229548682478,17214207.377999954,99.07569094003652
14765.0,254.11,3,0.0014625200726318768,17214461.487999953,99.07715346010914
17626.0,254.0,1,0.0014618869719747222,17214715.487999953,99.07861534708113
16845.0,253.88,1,0.001461196316712372,17214969.367999952,99.08007654339784
13250.0,253.09,2,0.0014566495029018996,17215222.457999952,99.08153319290072
17992.0,252.88,1,0.0014554408561927865,17215475.33799995,99.08298863375691
15019.0,252.81,1,0.0014550379739564157,17215728.14799995,99.08444367173087
15035.0,252.73000000000002,1,0.0014545775371148488,17215980.87799995,99.08589824926798
13251.0,252.68,1,0.0014542897640888695,17216233.55799995,99.08735253903207
16908.0,252.59,1,0.0014537717726421067,17216486.14799995,99.08880631080471
15552.0,252.52,2,0.001453368890405736,17216738.66799995,99.09025967969511
16074.0,252.5,1,0.001453253781195344,17216991.16799995,99.0917129334763
13404.0,252.49,2,0.0014531962265901483,17217243.657999948,99.0931661297029
13645.0,252.1,1,0.0014509515969875098,17217495.75799995,99.09461708129989
17210.0,251.72,1,0.0014487645219900672,17217747.477999948,99.09606584582187
16453.0,251.71,2,0.0014487069673848716,17217999.18799995,99.09751455278925
16976.0,251.51999999999998,1,0.00144761342988615,17218250.70799995,99.09896216621914
14501.0,251.21,2,0.0014458292371250787,17218501.91799995,99.10040799545628
14166.0,251.15,2,0.0014454839094939036,17218753.067999948,99.10185347936576
18266.0,251.1,1,0.0014451961364679241,17219004.16799995,99.10329867550224
16962.0,251.04,1,0.001444850808836749,17219255.20799995,99.10474352631107
15231.0,250.26000000000002,1,0.0014403615496314725,17219505.46799995,99.10618388786071
17303.0,250.04,1,0.0014390953483171636,17219755.50799995,99.10762298320903
15510.0,250.0,1,0.0014388651298963802,17220005.50799995,99.10906184833892
16893.0,249.89000000000001,2,0.0014382320292392258,17220255.39799995,99.11050008036815
12563.0,249.24,1,0.0014344909799014953,17220504.637999948,99.11193457134804
13061.0,248.61,1,0.0014308650397741563,17220753.247999948,99.11336543638782
13592.0,247.95999999999998,4,0.0014271239904364258,17221001.20799995,99.11479256037826
16381.0,247.85,2,0.0014264908897792712,17221249.05799995,99.11621905126805
15293.0,247.5,1,0.0014244764785974163,17221496.55799995,99.11764352774665
18072.0,247.44,1,0.0014241311509662414,17221743.99799995,99.11906765889762
13349.0,247.32,1,0.001423440495703891,17221991.31799995,99.12049109939332
14658.0,247.15,2,0.0014224620674155616,17222238.46799995,99.12191356146074
14654.0,246.86,1,0.0014207929838648819,17222485.32799995,99.12333435444461
15697.0,246.75,1,0.0014201598832077273,17222732.07799995,99.1247545143278
13943.0,246.54000000000002,1,0.0014189512364986144,17222978.61799995,99.12617346556429
15495.0,246.5,1,0.0014187210180778309,17223225.11799995,99.12759218658238
15378.0,246.5,2,0.0014187210180778309,17223471.61799995,99.12901090760046
15783.0,246.3,1,0.001417569925973914,17223717.91799995,99.13042847752644
18153.0,246.22,1,0.001417109489132347,17223964.137999948,99.13184558701556
16778.0,245.94,2,0.001415497960186863,17224210.07799995,99.13326108497576
14325.0,245.48000000000002,1,0.0014128504483478536,17224455.55799995,99.1346739354241
14281.0,245.15,1,0.0014109511463763905,17224700.70799995,99.13608488657047
12660.0,245.10000000000002,1,0.0014106633733504113,17224945.80799995,99.13749554994384
15118.0,244.8,1,0.0014089367351945354,17225190.60799995,99.13890448667902
15884.0,244.60000000000002,2,0.0014077856430906185,17225435.207999952,99.14031227232213
16528.0,244.41,1,0.001406692105591897,17225679.617999952,99.14171896442771
18002.0,244.37,4,0.0014064618871711136,17225923.987999953,99.1431254263149
14694.0,244.31,1,0.0014061165595399385,17226168.297999952,99.14453154287443
13551.0,244.2,2,0.001405483458882784,17226412.49799995,99.14593702633331
17892.0,244.1,3,0.0014049079128308256,17226656.597999953,99.14734193424614
17925.0,244.08,1,0.0014047928036204338,17226900.67799995,99.14874672704977
13676.0,243.90000000000003,2,0.0014037568207269087,17227144.57799995,99.15015048387048
16793.0,243.84,1,0.0014034114930957333,17227388.41799995,99.15155389536358
13886.0,243.56,1,0.0014017999641502495,17227631.977999948,99.15295569532772
16215.0,242.35,1,0.001394835856921551,17227874.32799995,99.15435053118465
15543.0,242.26,2,0.0013943178654747881,17228116.58799995,99.15574484905014
17009.0,242.06,1,0.0013931667733708712,17228358.64799995,99.15713801582349
13445.0,241.89999999999998,1,0.0013922458996877374,17228600.54799995,99.15853026172317
13582.0,241.68,2,0.0013909796983734288,17228842.227999948,99.15992124142154
15776.0,241.62,1,0.0013906343707422537,17229083.84799995,99.1613118757923
14774.0,241.45000000000002,1,0.0013896559424539242,17229325.29799995,99.16270153173474
14523.0,241.09,1,0.0013875839766668732,17229566.387999948,99.1640891157114
16427.0,241.06,2,0.0013874113128512857,17229807.447999947,99.16547652702425
16508.0,240.95,1,0.0013867782121941312,17230048.397999946,99.16686330523645
13674.0,240.68,1,0.0013852242378538432,17230289.077999946,99.16824852947428
15286.0,240.55,1,0.001384476027986297,17230529.627999946,99.16963300550228
15336.0,240.5,1,0.0013841882549603178,17230770.127999946,99.17101719375724
15931.0,239.9,1,0.0013807349786485665,17231010.027999945,99.17239792873588
15690.0,239.76,2,0.0013799292141758244,17231249.787999947,99.17377785795006
13570.0,239.49,1,0.0013783752398355365,17231489.277999945,99.1751562331899
13789.0,239.46,1,0.0013782025760199488,17231728.737999946,99.17653443576592
17684.0,239.41,1,0.0013779148029939695,17231968.147999946,99.1779123505689
12663.0,239.4,2,0.0013778572483887739,17232207.547999945,99.17929020781729
17981.0,239.12,1,0.0013762457194432898,17232446.667999946,99.18066645353674
13275.0,238.86,2,0.0013747492997081977,17232685.527999945,99.18204120283644
12561.0,238.85,1,0.0013746917451030016,17232924.377999946,99.18341589458156
12718.0,238.25,1,0.0013712384687912503,17233162.627999946,99.18478713305035
16280.0,238.05,1,0.0013700873766873333,17233400.677999947,99.18615722042703
14982.0,237.78,1,0.0013685334023470451,17233638.45799995,99.18752575382939
17877.0,237.61,1,0.0013675549740587158,17233876.067999948,99.18889330880344
14586.0,237.35999999999999,1,0.0013661161089288192,17234113.427999947,99.19025942491237
15457.0,237.07,1,0.0013644470253781394,17234350.497999948,99.19162387193776
12732.0,236.26000000000002,1,0.0013597851023572753,17234586.75799995,99.19298365704012
13088.0,236.11,1,0.0013589217832793374,17234822.86799995,99.19434257882341
16026.0,236.09,1,0.0013588066740689456,17235058.95799995,99.19570138549747
17093.0,235.88,1,0.0013575980273598325,17235294.837999947,99.19705898352483
17872.0,235.87,1,0.0013575404727546368,17235530.70799995,99.19841652399758
16046.0,235.78,1,0.001357022481307874,17235766.48799995,99.1997735464789
12392.0,234.75000000000003,1,0.0013510943569727011,17236001.23799995,99.20112464083587
13114.0,234.38,1,0.0013489648365804542,17236235.61799995,99.20247360567245
14473.0,234.34,2,0.0013487346181596709,17236469.95799995,99.2038223402906
17060.0,234.24,1,0.0013481590721077124,17236704.197999947,99.20517049936271
12736.0,234.0,1,0.0013467777615830119,17236938.197999947,99.20651727712428
13009.0,234.0,1,0.0013467777615830119,17237172.197999947,99.20786405488586
13348.0,233.76000000000002,1,0.0013453964510583114,17237405.95799995,99.20920945133693
14153.0,233.39999999999998,1,0.0013433244852712604,17237639.357999947,99.21055277582221
15294.0,233.35,1,0.0013430367122452813,17237872.70799995,99.21189581253445
13129.0,233.25,2,0.0013424611661933229,17238105.95799995,99.21323827370064
16302.0,233.22,1,0.0013422885023777352,17238339.177999947,99.21458056220301
17055.0,232.85000000000002,1,0.0013401589819854885,17238572.02799995,99.21592072118501
13678.0,232.6,1,0.001338720116855592,17238804.62799995,99.21725944130188
18213.0,232.48000000000002,1,0.001338029461593242,17239037.10799995,99.21859747076347
13608.0,232.05,1,0.0013355546135698202,17239269.15799995,99.21993302537705
14995.0,231.98000000000002,2,0.0013351517313334492,17239501.13799995,99.22126817710839
16408.0,231.93,1,0.0013348639583074698,17239733.06799995,99.22260304106668
17151.0,231.90000000000003,1,0.0013346912944918825,17239964.96799995,99.22393773236116
17136.0,231.68,1,0.0013334250931775734,17240196.64799995,99.22527115745434
18279.0,231.34,1,0.0013314682366009144,17240427.98799995,99.22660262569094
15487.0,231.32,1,0.0013313531273905226,17240659.30799995,99.22793397881834
18030.0,230.64999999999998,2,0.0013274969688424002,17240889.95799995,99.22926147578717
17125.0,230.5,1,0.0013266336497644625,17241120.45799995,99.23058810943694
13960.0,230.22,2,0.0013250221208189787,17241350.677999947,99.23191313155775
18197.0,230.1,1,0.0013243314655566284,17241580.77799995,99.23323746302331
14314.0,229.8,2,0.0013226048274007527,17241810.57799995,99.23456006785072
14017.0,229.75,1,0.0013223170543747733,17242040.32799995,99.2358823849051
12812.0,229.64000000000001,1,0.0013216839537176191,17242269.96799995,99.2372040688588
13403.0,229.5,3,0.0013208781892448769,17242499.46799995,99.23852494704806
17185.0,229.46,3,0.0013206479708240935,17242728.92799995,99.23984559501888
15528.0,229.33,1,0.0013198997609565476,17242958.25799995,99.24116549477984
17743.0,229.2,1,0.0013191515510890012,17243187.45799995,99.24248464633092
15273.0,228.96,1,0.001317770240564301,17243416.41799995,99.2438024165715
17347.0,228.96,1,0.001317770240564301,17243645.37799995,99.24512018681206
13146.0,228.91,1,0.0013174824675383215,17243874.28799995,99.2464376692796
17066.0,228.34,1,0.0013142018550421578,17244102.62799995,99.24775187113464
14458.0,228.07,1,0.0013126478807018698,17244330.69799995,99.24906451901533
16760.0,228.0,1,0.0013122449984654986,17244558.69799995,99.25037676401381
15566.0,227.87,2,0.0013114967885979527,17244786.56799995,99.25168826080241
14363.0,227.47,2,0.0013091946043901183,17245014.03799995,99.2529974554068
17868.0,227.15,1,0.001307352857023851,17245241.18799995,99.25430480826381
16740.0,226.91,1,0.0013059715464991506,17245468.09799995,99.25561077981031
15451.0,226.86,2,0.0013056837734731713,17245694.95799995,99.25691646358378
13651.0,226.85000000000002,3,0.0013056262188679754,17245921.80799995,99.25822208980266
18005.0,226.47,2,0.0013034391438705329,17246148.27799995,99.25952552894653
14718.0,226.42,1,0.0013031513708445536,17246374.69799995,99.26082868031737
17993.0,225.99,1,0.001300676522821132,17246600.68799995,99.26212935684019
14069.0,225.81,2,0.0012996405399276064,17246826.497999948,99.2634289973801
17915.0,225.78,1,0.0012994678761120188,17247052.27799995,99.26472846525623
16622.0,225.4,1,0.0012972808011145764,17247277.677999947,99.26602574605732
16587.0,225.15,1,0.00129584193598468,17247502.827999946,99.26732158799331
14357.0,225.12,1,0.0012956692721690925,17247727.947999947,99.26861725726548
13619.0,224.94,2,0.001294633289275567,17247952.887999948,99.26991189055477
16346.0,224.51,1,0.0012921584412521451,17248177.39799995,99.27120404899603
15175.0,224.14,1,0.0012900289208598987,17248401.53799995,99.27249407791689
12914.0,223.98,1,0.0012891080471767648,17248625.51799995,99.27378318596408
16753.0,223.92000000000002,1,0.00128876271954559,17248849.437999953,99.27507194868362
14928.0,223.91000000000003,1,0.0012887051649403943,17249073.347999953,99.27636065384857
16562.0,223.86,1,0.0012884173919144148,17249297.207999952,99.27764907124048
13926.0,223.85000000000002,1,0.001288359837309219,17249521.057999954,99.2789374310778
17967.0,223.42000000000002,2,0.001285884989285797,17249744.477999955,99.2802233160671
18131.0,222.95999999999998,1,0.0012832374774467876,17249967.437999956,99.28150655354455
12887.0,222.4,1,0.0012800144195558199,17250189.837999955,99.28278656796408
14596.0,222.22,1,0.0012789784366622945,17250412.057999954,99.28406554640074
15788.0,221.83,1,0.0012767338070596562,17250633.88799995,99.2853422802078
14445.0,221.65,1,0.0012756978241661306,17250855.53799995,99.28661797803196
17261.0,221.59,1,0.0012753524965349555,17251077.12799995,99.28789333052849
17087.0,221.53,1,0.0012750071689037806,17251298.65799995,99.2891683376974
14960.0,221.26999999999998,2,0.001273510749168688,17251519.92799995,99.29044184844656
13419.0,221.06,1,0.0012723021024595752,17251740.98799995,99.29171415054901
12821.0,220.8,2,0.0012708056827244831,17251961.78799995,99.29298495623175
16482.0,220.62,1,0.0012697696998309577,17252182.40799995,99.29425472593158
13033.0,220.55,2,0.0012693668175945865,17252402.957999952,99.29552409274918
18132.0,220.13,1,0.0012669495241763608,17252623.08799995,99.29679104227334
18114.0,220.1,1,0.0012667768603607731,17252843.187999953,99.29805781913372
13454.0,219.87,1,0.0012654531044412685,17253063.057999954,99.29932327223817
13992.0,219.5,3,0.0012633235840490218,17253282.557999954,99.30058659582221
14074.0,219.4,1,0.0012627480379970633,17253501.957999952,99.3018493438602
15096.0,219.39000000000001,1,0.0012626904833918675,17253721.347999953,99.3031120343436
12799.0,219.35,1,0.001262460264971084,17253940.697999954,99.30437449460858
12702.0,219.0,1,0.001260445853789229,17254159.697999954,99.30563494046237
15790.0,218.75,1,0.0012590069886593326,17254378.447999954,99.30689394745103
15086.0,218.53,2,0.0012577407873450238,17254596.977999955,99.30815168823838
12574.0,218.45000000000002,1,0.0012572803505034571,17254815.427999955,99.30940896858887
15591.0,217.9,3,0.001254114847217685,17255033.327999953,99.3106630834361
16035.0,217.73,1,0.0012531364189293554,17255251.057999954,99.31191621985502
16666.0,217.71,2,0.0012530213097189638,17255468.767999955,99.31316924116474
15554.0,217.2,1,0.001250086024853975,17255685.967999954,99.3144193271896
13423.0,217.03,1,0.0012491075965656456,17255902.997999955,99.31566843478616
15401.0,216.95,2,0.0012486471597240787,17256119.947999954,99.31691708194589
18021.0,216.41,2,0.0012455392110435025,17256336.357999954,99.31816262115693
17902.0,216.4,1,0.0012454816564383068,17256552.757999953,99.31940810281336
15604.0,216.39000000000001,1,0.001245424101833111,17256769.147999953,99.3206535269152
13858.0,216.17000000000002,1,0.0012441579005188022,17256985.317999955,99.32189768481572
16179.0,215.83,1,0.001242201043942143,17257201.147999953,99.32313988585966
16189.0,215.48,2,0.001240186632760288,17257416.627999954,99.32438007249243
14376.0,215.46,1,0.0012400715235498963,17257632.087999955,99.32562014401599
14635.0,215.22,1,0.0012386902130251958,17257847.307999954,99.32685883422899
18007.0,215.22,1,0.0012386902130251958,17258062.527999952,99.32809752444201
16338.0,214.8,1,0.00123627291960697,17258277.327999953,99.32933379736163
14106.0,214.8,1,0.00123627291960697,17258492.127999954,99.33057007028123
14361.0,214.71,1,0.0012357549281602073,17258706.837999955,99.3318058252094
17619.0,214.37,1,0.0012337980715835483,17258921.207999956,99.333039623281
15460.0,214.26,1,0.0012331649709263937,17259135.467999958,99.33427278825194
14271.0,214.18,2,0.001232704534084827,17259349.647999957,99.33550549278601
14601.0,213.96,1,0.001231438332770518,17259563.607999958,99.33673693111878
18157.0,213.9,1,0.0012310930051393429,17259777.507999957,99.33796802412391
13621.0,213.85,1,0.0012308052321133636,17259991.357999958,99.33919882935604
17153.0,213.78,1,0.0012304023498769926,17260205.13799996,99.34042923170591
13411.0,213.55,1,0.001229078593957488,17260418.68799996,99.34165831029989
16591.0,213.5,1,0.0012287908209315088,17260632.18799996,99.34288710112081
13724.0,213.01,1,0.0012259706452769118,17260845.19799996,99.3441130717661
13691.0,212.78,1,0.0012246468893574072,17261057.977999963,99.34533771865547
12961.0,211.99,1,0.0012201000755469346,17261269.96799996,99.34655781873101
12470.0,211.95,1,0.001219869857126151,17261481.91799996,99.34777768858812
15866.0,211.89,1,0.001219524529494976,17261693.80799996,99.34899721311761
14843.0,211.8,1,0.0012190065380482135,17261905.60799996,99.35021621965568
15703.0,211.5,1,0.0012172798998923377,17262117.10799996,99.35143349955557
13271.0,211.49,1,0.0012172223452871418,17262328.59799996,99.35265072190084
12995.0,211.32,1,0.0012162439169988123,17262539.91799996,99.35386696581784
15490.0,210.85,1,0.001213538850554607,17262750.767999962,99.35508050466841
14992.0,210.5,1,0.0012115244393727522,17262961.267999962,99.35629202910778
13532.0,210.31,1,0.001210430901874031,17263171.57799996,99.35750246000966
17217.0,210.1,2,0.0012092222551649179,17263381.677999962,99.35871168226483
16874.0,209.89000000000001,1,0.001208013608455805,17263591.567999963,99.35991969587327
17484.0,209.57,2,0.0012061718610895376,17263801.137999963,99.36112586773437
13828.0,209.49,1,0.0012057114242479709,17264010.62799996,99.36233157915862
13056.0,209.48,1,0.0012056538696427748,17264220.10799996,99.36353723302825
14003.0,209.41,1,0.0012052509874064038,17264429.517999962,99.36474248401566
16487.0,209.4,2,0.001205193432801208,17264638.91799996,99.36594767744845
15112.0,209.4,1,0.001205193432801208,17264848.31799996,99.36715287088124
17855.0,208.97,1,0.0012027185847777863,17265057.287999958,99.36835558946602
15327.0,208.75,1,0.0012014523834634775,17265266.037999958,99.36955704184949
13290.0,208.63,1,0.001200761728201127,17265474.667999957,99.37075780357767
15741.0,208.62,2,0.0012007041735959314,17265683.287999958,99.37195850775127
15897.0,208.59,2,0.0012005315097803437,17265891.877999958,99.37315903926105
16457.0,208.36,1,0.0011992077538608393,17266100.237999957,99.37435824701491
15212.0,208.27999999999997,2,0.0011987473170192722,17266308.51799996,99.37555699433194
12848.0,208.0,1,0.0011971357880737883,17266516.51799996,99.37675413012002
16964.0,207.85,2,0.0011962724689958504,17266724.36799996,99.37795040258902
16866.0,207.74,3,0.0011956393683386962,17266932.107999958,99.37914604195736
15052.0,207.73000000000002,1,0.0011955818137335003,17267139.83799996,99.38034162377109
16752.0,207.5,1,0.0011942580578139957,17267347.33799996,99.3815358818289
13099.0,207.36,1,0.0011934522933412536,17267554.697999958,99.38272933412225
17989.0,207.33,1,0.001193279629525666,17267762.027999956,99.38392261375175
15925.0,207.15,1,0.0011922436466321408,17267969.177999955,99.38511485739838
15295.0,207.04,1,0.0011916105459749862,17268176.217999954,99.38630646794435
15820.0,206.98,1,0.001191265218343811,17268383.197999954,99.38749773316269
17166.0,206.34,2,0.0011875817236112764,17268589.537999954,99.3886853148863
14964.0,206.21,1,0.0011868335137437303,17268795.747999955,99.38987214840004
15914.0,205.98999999999998,2,0.0011855673124294213,17269001.737999953,99.39105771571248
14278.0,205.83,1,0.0011846464387462877,17269207.56799995,99.39224236215121
16540.0,205.75,1,0.001184186001904721,17269413.31799995,99.39342654815312
17670.0,205.7,1,0.0011838982288787415,17269619.01799995,99.39461044638199
16490.0,205.41000000000003,1,0.001182229145328062,17269824.42799995,99.39579267552732
14602.0,205.35999999999999,1,0.0011819413723020825,17270029.78799995,99.39697461689961
15307.0,205.3,1,0.0011815960446709074,17270235.08799995,99.39815621294429
15758.0,205.25,1,0.0011813082716449282,17270440.33799995,99.39933752121594
12400.0,205.25,1,0.0011813082716449282,17270645.58799995,99.40051882948758
15319.0,204.5,1,0.001176991676255239,17270850.08799995,99.40169582116384
17271.0,204.3,1,0.001175840584151322,17271054.38799995,99.402871661748
16901.0,204.26,1,0.0011756103657305384,17271258.647999953,99.40404727211373
17206.0,204.24,1,0.0011754952565201468,17271462.88799995,99.40522276737023
14468.0,204.24,1,0.0011754952565201468,17271667.12799995,99.40639826262675
13017.0,204.0,1,0.0011741139459954463,17271871.12799995,99.40757237657274
17394.0,203.86999999999998,1,0.0011733657361279,17272074.99799995,99.40874574230888
17891.0,203.85999999999999,1,0.0011733081815227043,17272278.85799995,99.4099190504904
14519.0,203.14,2,0.0011691642499486027,17272481.99799995,99.41108821474035
17074.0,203.05,1,0.0011686462585018401,17272685.047999952,99.41225686099887
15459.0,202.83,2,0.0011673800571875312,17272887.87799995,99.41342424105603
15558.0,202.68,1,0.0011665167381095932,17273090.55799995,99.41459075779414
18169.0,202.65,1,0.001166344074294006,17273293.20799995,99.41575710186842
12416.0,202.56,1,0.0011658260828472432,17273495.767999947,99.41692292795126
14892.0,202.35000000000002,1,0.0011646174361381301,17273698.11799995,99.41808754538741
14385.0,202.11,3,0.0011632361256134296,17273900.227999948,99.41925078151303
13284.0,201.19,1,0.001157941101935411,17274101.41799995,99.42040872261498
16965.0,201.19,1,0.001157941101935411,17274302.60799995,99.4215666637169
18281.0,201.14,2,0.0011576533289094316,17274503.74799995,99.42272431704583
18126.0,200.92,1,0.0011563871275951227,17274704.667999953,99.42388070417343
13556.0,200.82,2,0.0011558115815431642,17274905.487999953,99.42503651575497
14330.0,200.63,1,0.0011547180440444431,17275106.117999952,99.42619123379902
17693.0,200.47,1,0.0011537971703613095,17275306.58799995,99.42734503096938
13133.0,200.45,3,0.0011536820611509175,17275507.03799995,99.4284987130305
13944.0,200.43,1,0.001153566951940526,17275707.46799995,99.42965227998245
14782.0,200.10000000000002,1,0.0011516676499690628,17275907.56799995,99.43080394763243
15593.0,199.8,1,0.0011499410118131872,17276107.367999952,99.43195388864426
13322.0,199.48000000000002,1,0.0011480992644469197,17276306.847999953,99.4331019879087
14521.0,199.45000000000002,1,0.0011479266006313323,17276506.297999952,99.43424991450934
15001.0,199.10999999999999,2,0.001145969744054673,17276705.40799995,99.43539588425338
15020.0,198.47,1,0.0011422862493221382,17276903.87799995,99.4365381705027
17184.0,198.41000000000003,2,0.0011419409216909633,17277102.28799995,99.43768011142438
12581.0,197.71,1,0.0011379120993272535,17277299.99799995,99.43881802352371
17778.0,197.70000000000002,1,0.0011378545447220574,17277497.69799995,99.43995587806843
14185.0,197.65,1,0.0011375667716960781,17277695.34799995,99.44109344484012
14789.0,197.64,1,0.0011375092170908823,17277892.98799995,99.44223095405722
17112.0,197.57,1,0.0011371063348545114,17278090.55799995,99.44336806039206
12927.0,197.31,1,0.0011356099151194191,17278287.86799995,99.44450367030718
15234.0,197.0,1,0.0011338257223583476,17278484.86799995,99.44563749602953
13436.0,196.89,1,0.0011331926217011932,17278681.75799995,99.44677068865124
15746.0,196.88,1,0.0011331350670959973,17278878.637999948,99.44790382371835
13978.0,196.79000000000002,2,0.0011326170756492347,17279075.427999947,99.44903644079398
16937.0,196.25,1,0.0011295091269686586,17279271.677999947,99.45016594992096
16112.0,195.74,4,0.0011265738421036699,17279467.417999946,99.45129252376304
13757.0,195.55,1,0.0011254803046049486,17279662.967999946,99.45241800406765
17010.0,195.36,1,0.0011243867671062275,17279858.327999946,99.45354239083476
14666.0,195.25,1,0.001123753666449073,17280053.577999946,99.4546661445012
15612.0,195.15,2,0.0011231781203971144,17280248.727999944,99.45578932262158
14405.0,195.0,1,0.0011223148013191767,17280443.727999944,99.45691163742292
17468.0,194.8,3,0.0011211637092152595,17280638.527999945,99.45803280113213
17065.0,194.7,2,0.0011205881631633008,17280833.227999944,99.4591533892953
17475.0,194.37,1,0.0011186888611918377,17281027.597999945,99.46027207815649
16299.0,193.65,1,0.0011145449296177362,17281221.247999944,99.4613866230861
14476.0,193.0,1,0.0011108038802800054,17281414.247999944,99.46249742696638
12522.0,192.72,2,0.0011091923513345215,17281606.967999943,99.4636066193177
14768.0,192.60000000000002,2,0.0011085016960721715,17281799.567999944,99.4647151210138
15729.0,192.55,3,0.001108213923046192,17281992.117999945,99.46582333493684
18028.0,192.05,1,0.0011053361927863994,17282184.167999946,99.46692867112962
14100.0,191.95,1,0.0011047606467344407,17282376.117999945,99.46803343177636
15909.0,191.94,1,0.0011047030921292448,17282568.057999946,99.4691381348685
16695.0,191.9,2,0.0011044728737084615,17282759.957999945,99.4702426077422
14279.0,191.86,2,0.0011042426552876781,17282951.817999944,99.47134685039748
15692.0,191.04,1,0.0010995231776616179,17283142.857999943,99.47244637357514
15954.0,190.75,1,0.0010978540941109381,17283333.607999943,99.47354422766924
14728.0,190.58,1,0.0010968756658226086,17283524.18799994,99.47464110333506
15688.0,190.57,1,0.0010968181112174125,17283714.75799994,99.47573792144628
15412.0,190.53,1,0.0010965878927966292,17283905.287999943,99.47683450933908
18020.0,190.48000000000002,1,0.0010963001197706501,17284095.767999943,99.47793080945885
14617.0,190.47,2,0.001096242565165454,17284286.237999942,99.47902705202402
13766.0,190.35,1,0.001095551909903104,17284476.587999944,99.48012260393394
13972.0,190.25,2,0.0010949763638511455,17284666.837999944,99.48121758029778
17257.0,189.78,2,0.0010922712974069401,17284856.617999945,99.48230985159519
18046.0,189.63,1,0.0010914079783290024,17285046.247999944,99.48340125957351
13826.0,189.5,1,0.0010906597684614563,17285235.747999944,99.48449191934198
14801.0,189.34,1,0.0010897388947783227,17285425.087999944,99.48558165823675
14830.0,188.88,1,0.0010870913829393132,17285613.967999943,99.4866687496197
16277.0,188.69,1,0.0010859978454405919,17285802.657999944,99.48775474746513
14697.0,188.61,2,0.0010855374085990252,17285991.267999943,99.48884028487373
17283.0,188.46,1,0.0010846740895210873,17286179.727999944,99.48992495896326
16051.0,188.44,1,0.0010845589803106955,17286368.167999946,99.49100951794357
13063.0,188.4,1,0.0010843287618899121,17286556.567999944,99.49209384670546
17781.0,188.01999999999998,2,0.0010821416868924696,17286744.587999944,99.49317598839235
17279.0,187.82999999999998,1,0.0010810481493937483,17286932.41799994,99.49425703654174
15072.0,187.52,1,0.001079263956632677,17287119.93799994,99.49533630049837
13852.0,187.35000000000002,1,0.0010782855283443474,17287307.287999943,99.49641458602672
18013.0,187.29000000000002,2,0.0010779402007131723,17287494.577999942,99.49749252622742
13568.0,187.05,1,0.0010765588901884716,17287681.627999943,99.49856908511762
13387.0,186.94,1,0.0010759257895313172,17287868.567999944,99.49964501090716
16267.0,186.66,1,0.0010743142605858333,17288055.227999944,99.50071932516774
18063.0,186.60000000000002,2,0.0010739689329546582,17288241.827999946,99.50179329410071
17215.0,186.15,1,0.0010713789757208448,17288427.977999944,99.50286467307642
16388.0,186.05,1,0.0010708034296688864,17288614.027999945,99.50393547650609
15567.0,186.01,1,0.0010705732112481026,17288800.037999947,99.50500604971735
12641.0,185.9,1,0.0010699401105909484,17288985.937999945,99.50607598982792
17574.0,185.65,1,0.001068501245461052,17289171.587999944,99.50714449107339
14879.0,185.06,1,0.0010651055237544964,17289356.647999942,99.50820959659713
16097.0,185.04999999999998,1,0.0010650479691493005,17289541.697999943,99.50927464456628
14677.0,184.91,1,0.0010642422046765587,17289726.607999943,99.51033888677095
17803.0,184.66,1,0.0010628033395466622,17289911.267999943,99.5114016901105
16914.0,183.76,1,0.0010576234250790353,17290095.027999945,99.5124593135356
14059.0,183.6,1,0.0010567025513959015,17290278.627999946,99.513516016087
13460.0,183.44,2,0.0010557816777127678,17290462.067999948,99.51457179776472
14119.0,183.37,2,0.001055378795476397,17290645.43799995,99.5156271765602
14983.0,183.20000000000002,1,0.0010544003671880675,17290828.637999948,99.51668157692738
16819.0,182.59,2,0.0010508895362711201,17291011.227999948,99.51773246646366
14941.0,182.1,1,0.0010480693606165232,17291193.32799995,99.51878053582428
12934.0,181.65,1,0.0010454794033827098,17291374.977999948,99.51982601522765
16822.0,181.39,1,0.0010439829836476175,17291556.36799995,99.52086999821131
15359.0,181.35,8,0.0010437527652268342,17291737.71799995,99.52191375097654
16594.0,181.09,1,0.0010422563454917419,17291918.80799995,99.52295600732202
17904.0,181.07,1,0.0010421412362813503,17292099.87799995,99.5239981485583
14858.0,180.75,1,0.0010402994889150829,17292280.62799995,99.52503844804723
18119.0,180.7,1,0.0010400117158891034,17292461.32799995,99.52607845976311
17820.0,180.60999999999999,1,0.0010394937244423408,17292641.93799995,99.52711795348755
16090.0,180.56,1,0.0010392059514163616,17292822.497999948,99.52815715943896
12622.0,180.1,1,0.0010365584395773523,17293002.59799995,99.52919371787856
18234.0,179.6,1,0.0010336807093175595,17293182.19799995,99.53022739858788
16640.0,179.4,1,0.0010325296172136425,17293361.59799995,99.53125992820507
14945.0,179.4,1,0.0010325296172136425,17293540.997999948,99.53229245782228
18147.0,179.34,2,0.0010321842895824672,17293720.337999947,99.53332464211186
15895.0,179.17,1,0.0010312058612941377,17293899.50799995,99.53435584797316
14705.0,179.0,1,0.0010302274330058082,17294078.50799995,99.53538607540618
15209.0,178.98000000000002,1,0.0010301123237954166,17294257.48799995,99.53641618772997
15139.0,178.95999999999998,2,0.0010299972145850246,17294436.44799995,99.53744618494457
14812.0,178.85,1,0.0010293641139278702,17294615.297999952,99.5384755490585
16691.0,178.82999999999998,2,0.0010292490047174787,17294794.12799995,99.5395047980632
17170.0,178.68,2,0.001028385685639541,17294972.80799995,99.54053318374885
17879.0,178.52,1,0.0010274648119564071,17295151.32799995,99.5415606485608
15292.0,178.39,1,0.001026716602088861,17295329.71799995,99.54258736516289
18045.0,178.34,1,0.001026428829062882,17295508.05799995,99.54361379399195
17253.0,178.26,1,0.0010259683922213148,17295686.31799995,99.54463976238418
17798.0,178.07,1,0.0010248748547225935,17295864.38799995,99.5456646372389
18282.0,178.05,2,0.001024759745512202,17296042.437999953,99.54668939698442
16403.0,177.5,1,0.00102159424222643,17296219.937999953,99.54771099122665
13618.0,177.34,1,0.0010206733685432963,17296397.277999952,99.5487316645952
12618.0,177.31,1,0.0010205007047277086,17296574.58799995,99.5497521652999
13072.0,177.15,1,0.001019579831044575,17296751.73799995,99.55077174513094
17036.0,176.9,1,0.0010181409659146788,17296928.637999948,99.55178988609686
16285.0,176.9,1,0.0010181409659146788,17297105.537999947,99.55280802706277
17587.0,176.71,1,0.0010170474284159575,17297282.247999948,99.55382507449119
13746.0,176.69,1,0.0010169323192055657,17297458.93799995,99.55484200681039
17947.0,176.68,1,0.0010168747646003699,17297635.61799995,99.555858881575
14287.0,176.63,3,0.0010165869915743904,17297812.247999948,99.55687546856656
12893.0,176.55,1,0.0010161265547328237,17297988.79799995,99.5578915951213
18054.0,176.5,1,0.0010158387817068445,17298165.29799995,99.55890743390302
12509.0,176.5,1,0.0010158387817068445,17298341.79799995,99.55992327268471
18175.0,176.10000000000002,1,0.0010135365974990103,17298517.89799995,99.56093680928223
18274.0,175.92,1,0.0010125006146054847,17298693.81799995,99.56194930989683
17840.0,175.9,1,0.0010123855053950932,17298869.71799995,99.56296169540222
17026.0,175.83,3,0.0010119826231587224,17299045.54799995,99.56397367802538
18166.0,175.5,1,0.001010083321187259,17299221.04799995,99.56498376134655
14486.0,175.5,2,0.001010083321187259,17299396.54799995,99.56599384466774
13007.0,175.25,1,0.0010086444560573626,17299571.79799995,99.56700248912381
16144.0,175.2,1,0.0010083566830313832,17299746.997999948,99.56801084580682
17331.0,175.2,1,0.0010083566830313832,17299922.197999947,99.56901920248986
16559.0,175.0,1,0.0010072055909274662,17300097.197999947,99.57002640808079
17108.0,174.95,1,0.001006917817901487,17300272.147999946,99.57103332589868
14495.0,174.8,3,0.001006054498823549,17300446.947999947,99.57203938039751
18010.0,174.8,1,0.001006054498823549,17300621.747999948,99.57304543489633
14518.0,174.37,1,0.0010035796508001274,17300796.11799995,99.57404901454716
15684.0,173.95,3,0.0010011623573819013,17300970.067999948,99.57505017690453
14674.0,173.66,1,0.0009994932738312215,17301143.727999948,99.57604967017836
12441.0,173.55,1,0.0009988601731740672,17301317.27799995,99.57704853035153
15565.0,173.16000000000003,2,0.000996615543571429,17301490.43799995,99.57804514589512
16741.0,173.06,1,0.0009960399975194702,17301663.497999948,99.57904118589262
16599.0,172.8,1,0.0009945435777843781,17301836.29799995,99.58003572947041
13671.0,172.6,1,0.0009933924856804608,17302008.89799995,99.5810291219561
13690.0,172.25,1,0.000991378074498606,17302181.14799995,99.5820205000306
12442.0,172.06,1,0.0009902845369998848,17302353.20799995,99.58301078456758
15515.0,171.81,1,0.0009888456718699884,17302525.017999947,99.58399963023945
17983.0,171.71,1,0.00098827012581803,17302696.727999948,99.58498790036528
17575.0,171.7,1,0.0009882125712128338,17302868.427999947,99.58597611293648
13560.0,171.42000000000002,1,0.0009866010422673501,17303039.84799995,99.58696271397875
16312.0,171.15,1,0.000985047067927062,17303210.997999948,99.58794776104668
16673.0,171.13,1,0.0009849319587166702,17303382.127999946,99.58893269300539
14536.0,170.95,1,0.0009838959758231448,17303553.077999946,99.58991658898121
15403.0,170.88,2,0.0009834930935867737,17303723.957999945,99.59090008207478
14811.0,170.5,1,0.0009813060185893314,17303894.457999945,99.59188138809337
15256.0,170.4,2,0.000980730472537373,17304064.857999943,99.5928621185659
17922.0,170.4,1,0.000980730472537373,17304235.25799994,99.59384284903844
14860.0,170.32,1,0.0009802700356958058,17304405.577999942,99.59482311907412
16731.0,170.3,1,0.0009801549264854142,17304575.877999943,99.59580327400062
15335.0,170.22,1,0.0009796944896438473,17304746.09799994,99.59678296849026
13747.0,169.8,2,0.0009772771962256214,17304915.897999942,99.59776024568649
14218.0,169.48000000000002,1,0.0009754354488593543,17305085.377999943,99.59873568113535
16002.0,169.21,1,0.000973881474519066,17305254.587999944,99.59970956260987
15647.0,169.0,1,0.000972672827809953,17305423.587999944,99.60068223543769
12367.0,168.9,1,0.0009720972817579945,17305592.487999942,99.60165433271943
12768.0,168.69,1,0.0009708886350488815,17305761.177999943,99.60262522135449
14578.0,168.63,1,0.0009705433074177062,17305929.807999942,99.6035957646619
18269.0,168.60000000000002,1,0.000970370643602119,17306098.407999944,99.60456613530552
18099.0,168.31,1,0.0009687015600514391,17306266.717999943,99.60553483686554
17737.0,168.24,2,0.000968298677815068,17306434.95799994,99.60650313554336
14131.0,168.22,1,0.0009681835686046763,17306603.17799994,99.60747131911197
12551.0,168.0,1,0.0009669173672903675,17306771.17799994,99.60843823647924
17559.0,167.62,1,0.0009647302922929249,17306938.79799994,99.60940296677154
17367.0,167.55,1,0.000964327410056554,17307106.34799994,99.61036729418161
18037.0,167.42,15,0.0009635792001890077,17307273.767999943,99.6113308733818
17586.0,167.4,1,0.0009634640909786163,17307441.16799994,99.61229433747278
13609.0,167.35,1,0.0009631763179526368,17307608.517999943,99.61325751379074
16405.0,167.25,2,0.0009626007719006783,17307775.767999943,99.61422011456264
15166.0,167.16,1,0.0009620827804539156,17307942.927999943,99.6151821973431
17875.0,167.1,1,0.0009617374528227404,17308110.027999945,99.61614393479593
13547.0,167.08,1,0.0009616223436123489,17308277.107999943,99.61710555713952
13967.0,166.3,2,0.0009571330844070722,17308443.407999944,99.61806269022394
17650.0,166.07999999999998,1,0.0009558668830927632,17308609.487999942,99.61901855710703
18088.0,166.03,1,0.000955579110066784,17308775.517999943,99.6199741362171
18107.0,165.88,1,0.0009547157909888461,17308941.397999942,99.62092885200808
13903.0,165.45000000000002,1,0.0009522409429654245,17309106.84799994,99.62188109295104
16663.0,165.0,1,0.0009496509857316109,17309271.84799994,99.62283074393677
13470.0,165.0,2,0.0009496509857316109,17309436.84799994,99.6237803949225
15316.0,165.0,1,0.0009496509857316109,17309601.84799994,99.62473004590824
13191.0,164.69,1,0.0009478667929705394,17309766.537999943,99.62567791270122
15904.0,164.68,1,0.0009478092383653436,17309931.217999943,99.62662572193958
17535.0,164.4,1,0.0009461977094198595,17310095.61799994,99.62757191964899
13603.0,164.34,1,0.0009458523817886846,17310259.95799994,99.62851777203078
17417.0,164.18,1,0.0009449315081055509,17310424.13799994,99.62946270353889
14955.0,163.77,1,0.0009425717692925208,17310587.90799994,99.63040527530816
14354.0,163.62,2,0.000941708450214583,17310751.52799994,99.63134698375839
14485.0,162.8,1,0.0009369889725885228,17310914.327999942,99.63228397273099
16517.0,162.70000000000002,1,0.0009364134265365643,17311077.02799994,99.63322038615752
18174.0,162.5,2,0.0009352623344326471,17311239.52799994,99.63415564849196
12954.0,162.45,1,0.0009349745614066679,17311401.97799994,99.63509062305334
15733.0,162.3,1,0.0009341112423287301,17311564.27799994,99.63602473429567
15534.0,162.25,1,0.0009338234693027507,17311726.52799994,99.63695855776498
16443.0,162.24,1,0.0009337659146975549,17311888.76799994,99.63789232367968
18014.0,162.22,1,0.0009336508054871633,17312050.98799994,99.63882597448516
12661.0,162.0,1,0.0009323846041728544,17312212.98799994,99.63975835908933
17971.0,161.94,1,0.0009320392765416793,17312374.92799994,99.64069039836588
17600.0,161.67000000000002,1,0.0009304853022013913,17312536.59799994,99.6416208836681
16113.0,161.38,1,0.0009288162186507113,17312697.97799994,99.64254969988673
13714.0,161.35,1,0.0009286435548351237,17312859.327999942,99.64347834344157
13779.0,161.13,1,0.0009273773535208149,17313020.45799994,99.64440572079509
13701.0,161.0,1,0.0009266291436532689,17313181.45799994,99.64533234993874
13229.0,160.95,1,0.0009263413706272896,17313342.40799994,99.64625869130937
17605.0,160.75,1,0.0009251902785233724,17313503.15799994,99.64718388158789
17202.0,160.65,1,0.0009246147324714139,17313663.80799994,99.64810849632035
17487.0,160.55,1,0.0009240391864194554,17313824.35799994,99.64903253550678
15229.0,160.5,1,0.0009237514133934761,17313984.85799994,99.64995628692017
16645.0,160.39,1,0.0009231183127363215,17314145.24799994,99.6508794052329
18146.0,160.35000000000002,2,0.0009228880943155384,17314305.59799994,99.65180229332724
12966.0,160.18,1,0.0009219096660272088,17314465.77799994,99.65272420299326
14571.0,160.0,1,0.0009208736831336833,17314625.77799994,99.65364507667638
13420.0,159.85,2,0.0009200103640557455,17314785.627999943,99.65456508704045
13302.0,159.2,2,0.0009162693147180149,17314944.827999942,99.65548135635517
17953.0,159.17000000000002,1,0.0009160966509024275,17315103.997999944,99.65639745300608
16213.0,159.0,1,0.0009151182226140979,17315262.997999944,99.6573125712287
18224.0,158.95000000000002,1,0.0009148304495881186,17315421.947999943,99.65822740167827
14089.0,158.75,1,0.0009136793574842015,17315580.697999943,99.65914108103576
15499.0,158.65,1,0.000913103811432243,17315739.34799994,99.6600541848472
15548.0,158.09,1,0.000909880753541275,17315897.43799994,99.66096406560074
15348.0,158.04,1,0.0009095929805152957,17316055.47799994,99.66187365858124
14318.0,158.02,1,0.000909477871304904,17316213.49799994,99.66278313645255
18004.0,157.92,1,0.0009089023252529453,17316371.41799994,99.66369203877781
17751.0,157.85999999999999,1,0.0009085569976217703,17316529.27799994,99.66460059577543
14207.0,157.8,1,0.0009082116699905953,17316687.077999942,99.66550880744542
14822.0,157.7,1,0.0009076361239386367,17316844.77799994,99.66641644356935
16687.0,157.63,1,0.0009072332417022658,17317002.40799994,99.66732367681105
12894.0,157.35,1,0.0009056217127567817,17317159.75799994,99.66822929852381
17318.0,157.32999999999998,1,0.0009055066035463899,17317317.08799994,99.66913480512736
16371.0,157.2,1,0.0009047583936788437,17317474.28799994,99.67003956352103
17128.0,157.09,1,0.0009041252930216895,17317631.37799994,99.67094368881405
17118.0,157.02,1,0.0009037224107853186,17317788.39799994,99.67184741122483
15007.0,156.91,1,0.000903089310128164,17317945.30799994,99.67275050053496
15742.0,156.87,1,0.0009028590917073806,17318102.17799994,99.67365335962667
13830.0,156.85000000000002,1,0.0009027439824969892,17318259.02799994,99.67455610360918
14406.0,156.75,1,0.0009021684364450304,17318415.77799994,99.67545827204563
16578.0,156.6,1,0.0009013051173670925,17318572.377999943,99.676359577163
15438.0,156.57999999999998,1,0.0009011900081567007,17318728.95799994,99.67726076717115
15263.0,156.51,1,0.0009007871259203298,17318885.467999943,99.67816155429708
17885.0,156.34,1,0.0008998086976320003,17319041.807999942,99.6790613629947
13051.0,155.8,2,0.0008967007489514242,17319197.607999943,99.67995806374365
17832.0,155.37,1,0.0008942259009280024,17319352.977999944,99.68085228964459
12738.0,155.35,1,0.0008941107917176106,17319508.327999946,99.68174640043632
14368.0,155.0,1,0.0008920963805357558,17319663.327999946,99.68263849681685
14046.0,154.99,1,0.0008920388259305599,17319818.317999944,99.68353053564279
17698.0,154.95,1,0.0008918086075097763,17319973.267999943,99.6844223442503
15740.0,154.88,1,0.0008914057252734054,17320128.147999942,99.68531374997556
17899.0,154.55,1,0.0008895064233019423,17320282.697999943,99.68620325639885
15226.0,154.41,1,0.0008887006588292003,17320437.107999943,99.68709195705769
13490.0,154.25,1,0.0008877797851460667,17320591.357999943,99.68797973684283
14814.0,154.21,1,0.0008875495667252831,17320745.567999944,99.68886728640956
17517.0,153.94,1,0.000885995592384995,17320899.507999945,99.68975328200196
15560.0,153.52,2,0.0008835782989667692,17321053.027999945,99.69063686030091
15431.0,153.24,1,0.0008819667700212853,17321206.267999943,99.69151882707094
12602.0,153.12,1,0.000881276114758935,17321359.387999944,99.69240010318569
16248.0,152.94,1,0.0008802401318654094,17321512.327999946,99.69328034331757
18138.0,152.65,1,0.0008785710483147299,17321664.977999944,99.69415891436589
14066.0,152.55,1,0.0008779955022627712,17321817.527999945,99.69503690986814
15509.0,152.41,1,0.0008771897377900292,17321969.937999945,99.69591409960593
17327.0,152.35,2,0.000876844410158854,17322122.287999947,99.6967909440161
13653.0,152.2,1,0.0008759810910809162,17322274.487999946,99.69766692510717
16617.0,151.85,1,0.0008739666798990613,17322426.337999947,99.69854089178709
14362.0,151.5,1,0.0008719522687172063,17322577.837999947,99.6994128440558
18076.0,151.49,1,0.0008718947141120106,17322729.327999946,99.70028473876991
13697.0,151.3,1,0.0008708011766132894,17322880.627999946,99.70115553994653
14516.0,151.17,1,0.0008700529667457431,17323031.79799995,99.70202559291327
16662.0,151.05,1,0.0008693623114833929,17323182.84799995,99.70289495522476
16337.0,151.05,1,0.0008693623114833929,17323333.89799995,99.70376431753625
14073.0,151.04,1,0.000869304756878197,17323484.93799995,99.70463362229313
12959.0,150.95,1,0.0008687867654314342,17323635.887999948,99.70550240905855
14980.0,150.68,1,0.0008672327910911463,17323786.567999948,99.70636964184965
15991.0,150.55,1,0.0008664845812236002,17323937.11799995,99.70723612643087
15775.0,150.5,2,0.0008661968081976208,17324087.61799995,99.70810232323906
14084.0,150.5,1,0.0008661968081976208,17324238.11799995,99.70896852004726
15474.0,150.35,1,0.000865333489119683,17324388.46799995,99.7098338535364
18200.0,150.35,1,0.000865333489119683,17324538.81799995,99.71069918702553
14845.0,150.0,1,0.000863319077937828,17324688.81799995,99.71156250610346
17234.0,149.89,1,0.0008626859772806737,17324838.707999952,99.71242519208074
13257.0,149.75,1,0.0008618802128079316,17324988.457999952,99.71328707229355
17946.0,149.57999999999998,2,0.000860901784519602,17325138.03799995,99.71414797407806
17390.0,149.3,1,0.0008592902555741184,17325287.33799995,99.71500726433365
15435.0,149.29,1,0.0008592327009689223,17325436.62799995,99.71586649703461
13003.0,149.05,3,0.000857851390444222,17325585.67799995,99.71672434842506
17549.0,148.85999999999999,2,0.0008567578529455006,17325734.53799995,99.717581106278
13125.0,148.62,1,0.0008553765424208001,17325883.15799995,99.71843648282042
15526.0,148.44,2,0.0008543405595272746,17326031.597999953,99.71929082337996
15283.0,148.32999999999998,3,0.0008537074588701203,17326179.92799995,99.72014453083882
17592.0,148.3,1,0.0008535347950545328,17326328.22799995,99.72099806563388
13457.0,148.22,2,0.0008530743582129658,17326476.44799995,99.72185113999208
13578.0,147.66,1,0.000849851300321998,17326624.10799995,99.72270099129241
15479.0,147.4,1,0.0008483548805869058,17326771.50799995,99.72354934617299
14098.0,147.35,1,0.0008480671075609265,17326918.85799995,99.72439741328056
16724.0,147.35,1,0.0008480671075609265,17327066.207999952,99.72524548038812
17794.0,147.3,2,0.0008477793345349473,17327213.507999953,99.72609325972266
12858.0,147.27,1,0.0008476066707193597,17327360.777999952,99.72694086639338
17030.0,146.87,1,0.0008453044865115255,17327507.647999953,99.7277861708799
14683.0,146.56,1,0.0008435202937504538,17327654.207999952,99.72862969117364
15496.0,146.14,1,0.000841103000332228,17327800.347999953,99.72947079417398
18137.0,145.99,2,0.0008402396812542903,17327946.33799995,99.73031103385523
12565.0,145.92000000000002,1,0.0008398367990179194,17328092.257999953,99.73115087065425
13866.0,145.67,1,0.0008383979338880227,17328237.927999955,99.73198926858815
15937.0,145.35000000000002,1,0.0008365561865217555,17328383.277999956,99.73282582477468
14972.0,145.07,2,0.0008349446575762715,17328528.347999956,99.73366076943225
16598.0,145.05,1,0.0008348295483658799,17328673.397999957,99.73449559898062
15902.0,145.01,1,0.0008345993299450963,17328818.40799996,99.73533019831058
16852.0,144.91,2,0.0008340237838931378,17328963.31799996,99.73616422209447
17938.0,144.29,1,0.0008304553983709948,17329107.607999958,99.73699467749285
14109.0,144.2,1,0.000829937406924232,17329251.807999957,99.73782461489976
15816.0,144.15,2,0.0008296496338982528,17329395.957999956,99.73865426453365
12587.0,144.0,1,0.000828786314820315,17329539.957999956,99.73948305084846
17186.0,144.0,2,0.000828786314820315,17329683.957999956,99.74031183716329
12387.0,143.94,1,0.0008284409871891398,17329827.897999957,99.74114027815048
14604.0,143.85999999999999,1,0.000827980550347573,17329971.757999957,99.74196825870084
14574.0,143.70000000000002,1,0.0008270596766644395,17330115.457999956,99.7427953183775
17149.0,143.10000000000002,1,0.0008236064003526881,17330258.557999957,99.74361892477785
15705.0,143.1,1,0.000823606400352688,17330401.65799996,99.74444253117821
15761.0,143.05,1,0.0008233186273267089,17330544.70799996,99.74526584980555
16507.0,142.71,1,0.0008213617707500497,17330687.41799996,99.7460872115763
14386.0,142.4,1,0.0008195775779889782,17330829.81799996,99.74690678915428
17859.0,141.92,1,0.0008168149569395771,17330971.73799996,99.74772360411123
18038.0,141.48,1,0.0008142825543109594,17331113.21799996,99.74853788666555
14041.0,141.41,1,0.0008138796720745885,17331254.62799996,99.74935176633763
17273.0,141.12,1,0.0008122105885239087,17331395.747999962,99.75016397692616
12636.0,141.0,1,0.0008115199332615584,17331536.747999962,99.75097549685941
17959.0,140.75,1,0.000810081068131662,17331677.497999962,99.75178557792755
14773.0,140.55,1,0.0008089299760277451,17331818.047999963,99.75259450790358
15388.0,140.54,1,0.0008088724214225492,17331958.587999962,99.75340338032498
15702.0,140.39,2,0.0008080091023446112,17332098.977999963,99.75421138942734
13483.0,140.34,1,0.000807721329318632,17332239.317999963,99.75501911075666
15324.0,140.22000000000003,1,0.000807030674056282,17332379.53799996,99.7558261414307
13839.0,139.95000000000002,1,0.0008054766997159937,17332519.48799996,99.75663161813043
16840.0,139.85,2,0.000804901153664035,17332659.337999962,99.7574365192841
16483.0,139.35,1,0.0008020234234042423,17332798.687999964,99.7582385427075
14772.0,139.26,1,0.0008015054319574795,17332937.947999965,99.75904004813947
14707.0,139.2,2,0.0008011601043263044,17333077.147999965,99.7598412082438
18209.0,139.10000000000002,1,0.000800584558274346,17333216.247999966,99.76064179280208
13273.0,138.98,1,0.0007998939030119957,17333355.227999967,99.76144168670508
12902.0,138.68,1,0.00079816726485612,17333493.907999966,99.76223985396994
13716.0,138.28,1,0.0007958650806482858,17333632.187999967,99.76303571905059
17982.0,138.18,1,0.0007952895345963273,17333770.367999967,99.76383100858519
15663.0,138.14,1,0.0007950593161755438,17333908.507999968,99.76462606790137
15848.0,137.99,1,0.000794195997097606,17334046.497999966,99.76542026389846
16396.0,137.8,1,0.0007931024595988847,17334184.297999967,99.76621336635807
13279.0,137.75,1,0.0007928146865729055,17334322.047999967,99.76700618104464
15836.0,137.37,1,0.000790627611575463,17334459.417999968,99.76779680865621
13907.0,136.8,1,0.0007873469990792994,17334596.21799997,99.7685841556553
13195.0,136.73,1,0.0007869441168429282,17334732.94799997,99.76937109977216
16237.0,136.65,1,0.0007864836800013615,17334869.597999968,99.77015758345215
16289.0,136.31,1,0.0007845268234247025,17335005.907999966,99.77094211027556
16651.0,136.2,1,0.0007838937227675479,17335142.107999966,99.77172600399832
16876.0,136.01,1,0.0007828001852688266,17335278.117999967,99.7725088041836
14366.0,136.0,1,0.0007827426306636308,17335414.117999967,99.77329154681426
16462.0,136.0,3,0.0007827426306636308,17335550.117999967,99.77407428944493
12968.0,135.95,1,0.0007824548576376516,17335686.067999966,99.77485674430257
17583.0,135.95,1,0.0007824548576376516,17335822.017999966,99.7756391991602
14889.0,135.9,1,0.0007821670846116723,17335957.917999964,99.77642136624479
15419.0,135.86,1,0.000781936866190889,17336093.777999964,99.77720330311098
16114.0,135.75000000000003,1,0.0007813037655337346,17336229.527999964,99.77798460687653
14391.0,135.6,1,0.0007804404464557967,17336365.127999965,99.77876504732298
13076.0,135.4,1,0.0007792893543518796,17336500.527999964,99.77954433667733
16665.0,135.4,1,0.0007792893543518796,17336635.927999962,99.78032362603167
14588.0,135.39,1,0.0007792317997466835,17336771.317999963,99.78110285783141
13144.0,135.35,2,0.0007790015813259002,17336906.667999964,99.78188185941276
17972.0,135.19,1,0.0007780807076427665,17337041.857999966,99.7826599401204
13702.0,135.18,1,0.0007780231530375708,17337177.037999965,99.78343796327344
17960.0,135.08,3,0.0007774476069856123,17337312.117999963,99.78421541088042
17199.0,135.04000000000002,1,0.0007772173885648289,17337447.157999963,99.78499262826898
13364.0,134.96,1,0.0007767569517232619,17337582.117999963,99.7857693852207
13119.0,134.9,1,0.0007764116240920868,17337717.017999962,99.78654579684478
16055.0,134.8,1,0.0007758360780401282,17337851.817999963,99.78732163292283
14340.0,134.7,1,0.0007752605319881696,17337986.517999962,99.78809689345482
14174.0,134.46,1,0.0007738792214634692,17338120.977999963,99.78887077267629
15926.0,134.44,1,0.0007737641122530774,17338255.417999964,99.78964453678854
16486.0,134.36,1,0.0007733036754115107,17338389.777999964,99.79041784046395
14280.0,134.04,1,0.0007714619280452432,17338523.817999963,99.79118930239198
16886.0,134.0,1,0.0007712317096244598,17338657.817999963,99.79196053410162
14349.0,133.5,1,0.000768353979364667,17338791.317999963,99.79272888808099
17881.0,133.35,1,0.0007674906602867293,17338924.667999964,99.79349637874128
17826.0,133.34,1,0.0007674331056815333,17339058.007999964,99.79426381184696
12467.0,132.8,1,0.0007643251570009573,17339190.807999965,99.79502813700395
12964.0,132.24,1,0.0007611020991099894,17339323.047999963,99.79578923910306
12512.0,132.18,2,0.0007607567714788141,17339455.227999963,99.79654999587454
14438.0,131.9,1,0.0007591452425333302,17339587.12799996,99.79730914111707
17565.0,131.83,1,0.0007587423602969593,17339718.95799996,99.79806788347734
17455.0,131.7,1,0.0007579941504294131,17339850.65799996,99.79882587762778
14795.0,131.45000000000002,1,0.0007565552852995168,17339982.107999958,99.79958243291307
15409.0,131.25,1,0.0007554041931955996,17340113.357999958,99.80033783710627
14378.0,131.25,1,0.0007554041931955996,17340244.607999958,99.80109324129947
17225.0,131.15,1,0.0007548286471436411,17340375.757999957,99.8018480699466
16865.0,130.95,1,0.0007536775550397239,17340506.707999956,99.80260174750164
15844.0,130.73999999999998,1,0.0007524689083306109,17340637.447999954,99.80335421640996
17240.0,130.60000000000002,1,0.0007516631438578692,17340768.047999956,99.80410587955382
16410.0,130.32,1,0.0007500516149123851,17340898.367999956,99.80485593116873
16288.0,129.85,1,0.0007473465484681798,17341028.217999958,99.80560327771721
17762.0,129.75,1,0.0007467710024162213,17341157.967999958,99.80635004871962
15317.0,129.75,1,0.0007467710024162213,17341287.717999958,99.80709681972203
17847.0,129.69,2,0.0007464256747850462,17341417.40799996,99.80784324539684
14999.0,129.48000000000002,1,0.0007452170280759333,17341546.88799996,99.80858846242492
12555.0,129.23,1,0.0007437781629460368,17341676.11799996,99.80933224058786
13071.0,129.22,1,0.0007437206083408409,17341805.33799996,99.8100759611962
17056.0,128.60000000000002,1,0.0007401522228186981,17341933.93799996,99.81081611341904
16828.0,128.5,2,0.0007395766767667394,17342062.43799996,99.8115556900958
17089.0,128.45,1,0.00073928890374076,17342190.88799996,99.81229497899953
16251.0,128.31,1,0.0007384831392680182,17342319.197999958,99.81303346213879
15892.0,128.2,1,0.0007378500386108637,17342447.397999957,99.81377131217741
17297.0,128.18,1,0.0007377349294004721,17342575.577999957,99.8145090471068
13666.0,127.9,5,0.0007361234004549882,17342703.477999955,99.81524517050724
13053.0,127.65,1,0.0007346845353250918,17342831.127999954,99.81597985504256
13586.0,127.28,1,0.0007325550149328451,17342958.407999955,99.81671241005749
15578.0,127.1,1,0.0007315190320393197,17343085.507999957,99.81744392908955
15923.0,127.08,1,0.000731403922828928,17343212.587999955,99.81817533301236
16973.0,127.0,1,0.0007309434859873611,17343339.587999955,99.81890627649835
14751.0,126.45,2,0.0007277779827015891,17343466.037999954,99.81963405448106
15463.0,126.14,1,0.0007259937899405176,17343592.177999955,99.820360048271
16294.0,126.05000000000001,1,0.000725475798493755,17343718.227999955,99.82108552406949
13794.0,126.03,1,0.0007253606892833631,17343844.257999957,99.82181088475878
17657.0,126.0,1,0.0007251880254677757,17343970.257999957,99.82253607278425
12814.0,125.92,1,0.0007247275886262089,17344096.17799996,99.82326080037288
13522.0,125.80000000000001,1,0.0007240369333638586,17344221.97799996,99.82398483730626
16925.0,125.65,1,0.0007231736142859207,17344347.627999958,99.82470801092053
15017.0,125.58,1,0.0007227707320495497,17344473.207999956,99.82543078165257
15731.0,125.3,1,0.0007211592031040658,17344598.507999957,99.82615194085568
13912.0,124.95,1,0.0007191447919222109,17344723.457999956,99.8268710856476
17148.0,124.88,1,0.0007187419096858398,17344848.337999955,99.82758982755728
17818.0,124.78,1,0.0007181663636338814,17344973.117999956,99.82830799392092
13312.0,124.75,1,0.0007179936998182937,17345097.867999956,99.82902598762074
16849.0,124.57,1,0.0007169577169247683,17345222.437999956,99.82974294533766
17316.0,124.45,1,0.000716267061662418,17345346.887999956,99.83045921239932
18000.0,124.25,1,0.000715115969558501,17345471.137999956,99.83117432836887
12773.0,124.25,1,0.000715115969558501,17345595.387999956,99.83188944433844
15779.0,124.08,2,0.0007141375412701715,17345719.467999954,99.8326035818797
13968.0,123.66,1,0.0007117202478519455,17345843.127999954,99.83331530212755
14187.0,123.5,1,0.0007107993741688118,17345966.627999954,99.83402610150172
16397.0,123.13,1,0.0007086698537765652,17346089.757999953,99.8347347713555
13876.0,122.7,1,0.0007061950057531435,17346212.457999952,99.83544096636123
13638.0,122.64,1,0.0007058496781219682,17346335.097999953,99.83614681603936
12969.0,122.45,1,0.0007047561406232471,17346457.547999952,99.83685157217998
16073.0,122.4,1,0.0007044683675972677,17346579.94799995,99.83755604054757
13084.0,122.39999999999999,1,0.0007044683675972677,17346702.34799995,99.83826050891516
13244.0,121.74000000000001,1,0.0007006697636543414,17346824.087999947,99.83896117867882
13182.0,121.18,1,0.0006974467057633734,17346945.267999947,99.83965862538456
15049.0,121.17000000000002,1,0.0006973891511581776,17347066.43799995,99.84035601453573
17260.0,120.95,1,0.0006961229498438687,17347187.387999948,99.84105213748558
17446.0,120.89999999999999,2,0.0006958351768178894,17347308.287999947,99.84174797266239
14884.0,120.6,1,0.0006941085386620138,17347428.887999948,99.84244208120106
14444.0,120.44,1,0.0006931876649788801,17347549.32799995,99.84313526886605
14165.0,120.44,1,0.0006931876649788801,17347669.76799995,99.84382845653103
17543.0,120.05,1,0.0006909430353762417,17347789.81799995,99.84451939956641
18015.0,120.03,1,0.00069082792616585,17347909.847999953,99.84521022749257
14259.0,120.0,1,0.0006906552623502625,17348029.847999953,99.84590088275493
14453.0,119.93,1,0.0006902523801138916,17348149.777999952,99.84659113513504
15161.0,119.92,1,0.0006901948255086957,17348269.697999954,99.84728132996055
17541.0,119.86,1,0.0006898494978775204,17348389.557999954,99.84797117945844
17177.0,119.5,1,0.0006877775320904698,17348509.057999954,99.84865895699053
15843.0,118.95,1,0.0006846120288046977,17348628.007999953,99.84934356901933
17280.0,118.86,1,0.000684094037357935,17348746.867999952,99.85002766305668
17079.0,118.80000000000001,1,0.0006837487097267599,17348865.667999953,99.85071141176641
14155.0,118.75,1,0.0006834609367007806,17348984.417999953,99.85139487270311
14076.0,118.67,1,0.0006830004998592137,17349103.087999955,99.85207787320299
12929.0,117.85,1,0.0006782810222331536,17349220.937999956,99.85275615422523
16291.0,117.72,1,0.0006775328123656075,17349338.657999955,99.85343368703758
17654.0,117.55,1,0.0006765543840772779,17349456.207999956,99.85411024142167
16959.0,117.35000000000001,1,0.000675403291973361,17349573.557999957,99.85478564471364
14726.0,116.5,1,0.0006705111505317132,17349690.057999957,99.85545615586418
17117.0,116.2,1,0.0006687845123758376,17349806.257999957,99.85612494037656
14874.0,116.18,1,0.0006686694031654458,17349922.437999956,99.85679360977971
14143.0,115.8,1,0.0006664823281680033,17350038.237999957,99.85746009210789
16068.0,115.73,1,0.0006660794459316324,17350153.967999958,99.85812617155382
18027.0,115.31,1,0.0006636621525134064,17350269.277999956,99.85878983370633
18012.0,115.3,1,0.0006636045979082105,17350384.577999957,99.85945343830423
17401.0,114.85,1,0.000661014640674397,17350499.42799996,99.86011445294493
17933.0,114.69,1,0.0006600937669912634,17350614.11799996,99.86077454671192
15905.0,114.69,1,0.0006600937669912634,17350728.80799996,99.86143464047892
13188.0,114.6,1,0.0006595757755445006,17350843.407999963,99.86209421625448
16247.0,114.56,1,0.0006593455571237173,17350957.96799996,99.86275356181159
14632.0,114.56,1,0.0006593455571237173,17351072.52799996,99.86341290736871
14652.0,114.18,1,0.0006571584821262748,17351186.70799996,99.86407006585083
12938.0,114.14,1,0.0006569282637054913,17351300.84799996,99.86472699411453
14582.0,114.11,1,0.0006567555998899038,17351414.95799996,99.86538374971443
17275.0,114.1,1,0.0006566980452847079,17351529.05799996,99.86604044775972
15056.0,113.65,1,0.0006541080880508945,17351642.70799996,99.86669455584776
14457.0,113.64,1,0.0006540505334456985,17351756.34799996,99.86734860638121
18105.0,113.48000000000002,1,0.000653129659762565,17351869.82799996,99.86800173604098
16821.0,113.35,1,0.0006523814498950188,17351983.177999962,99.86865411749088
17784.0,112.86,1,0.0006495612742404218,17352096.03799996,99.86930367876512
18148.0,112.85000000000001,1,0.0006495037196352261,17352208.887999963,99.86995318248476
14689.0,112.80000000000001,1,0.0006492159466092468,17352321.687999964,99.87060239843137
16697.0,112.75,1,0.0006489281735832676,17352434.437999964,99.87125132660496
18129.0,112.55000000000001,1,0.0006477770814793504,17352546.987999965,99.87189910368643
13241.0,112.53,1,0.0006476619722689587,17352659.517999966,99.87254676565873
15610.0,112.46000000000001,1,0.0006472590900325878,17352771.977999967,99.87319402474876
13620.0,112.34,1,0.0006465684347702374,17352884.317999966,99.87384059318353
17900.0,112.19999999999999,2,0.0006457626702974954,17352996.517999966,99.87448635585382
13193.0,112.08,1,0.0006450720150351451,17353108.597999964,99.87513142786885
12756.0,112.08,1,0.0006450720150351451,17353220.677999962,99.87577649988386
14750.0,112.03,1,0.0006447842420091659,17353332.707999963,99.87642128412588
17957.0,111.68,1,0.000642769830827311,17353444.387999963,99.87706405395672
14668.0,111.63,1,0.0006424820578013316,17353556.017999962,99.8777065360145
17304.0,111.5,1,0.0006417338479337856,17353667.517999962,99.87834826986244
17887.0,111.35,1,0.0006408705288558478,17353778.867999963,99.87898914039131
17208.0,111.15,1,0.0006397194367519307,17353890.017999962,99.87962885982805
15352.0,111.15,1,0.0006397194367519307,17354001.16799996,99.88026857926478
18120.0,111.15,1,0.0006397194367519307,17354112.31799996,99.88090829870153
14464.0,111.0,2,0.0006388561176739928,17354223.31799996,99.8815471548192
14509.0,110.95,1,0.0006385683446480135,17354334.26799996,99.88218572316386
12692.0,110.95,1,0.0006385683446480135,17354445.217999958,99.88282429150848
15537.0,110.92,1,0.000638395680832426,17354556.13799996,99.88346268718934
15853.0,110.8,1,0.0006377050255700757,17354666.93799996,99.88410039221492
18256.0,110.69999999999999,1,0.0006371294795181171,17354777.63799996,99.88473752169442
14787.0,110.65,1,0.000636841706492138,17354888.287999958,99.8853743634009
16963.0,110.55000000000001,1,0.0006362661604401794,17354998.83799996,99.88601062956135
14641.0,110.46000000000001,1,0.0006357481689934167,17355109.29799996,99.88664637773034
17836.0,110.21000000000001,1,0.0006343093038635203,17355219.50799996,99.88728068703422
17909.0,110.05,1,0.0006333884301803866,17355329.55799996,99.88791407546441
15851.0,109.73,1,0.0006315466828141192,17355439.28799996,99.88854562214722
14033.0,109.44,1,0.0006298775992634394,17355548.727999963,99.8891754997465
16363.0,109.36000000000001,1,0.0006294171624218726,17355658.087999962,99.88980491690891
16064.0,109.31,1,0.0006291293893958933,17355767.39799996,99.8904340462983
16664.0,109.2,1,0.0006284962887387388,17355876.59799996,99.89106254258702
14721.0,109.07,1,0.0006277480788711927,17355985.66799996,99.8916902906659
14345.0,108.98,1,0.0006272300874244301,17356094.64799996,99.89231752075332
13170.0,108.81,1,0.0006262516591361005,17356203.45799996,99.89294377241245
15875.0,108.52,1,0.0006245825755854207,17356311.97799996,99.89356835498803
16106.0,108.38,1,0.0006237768111126787,17356420.357999958,99.89419213179916
14374.0,108.0,1,0.0006215897361152362,17356528.357999958,99.89481372153527
14661.0,107.95,1,0.000621301963089257,17356636.307999957,99.89543502349835
13580.0,107.75,1,0.0006201508709853398,17356744.057999957,99.89605517436934
14943.0,107.62,1,0.0006194026611177938,17356851.67799996,99.89667457703047
15395.0,107.45,1,0.0006184242328294643,17356959.127999958,99.8972930012633
16301.0,107.33,1,0.000617733577567114,17357066.457999956,99.89791073484085
15328.0,107.24,1,0.0006172155861203512,17357173.697999954,99.89852795042695
17893.0,107.21,1,0.0006170429223047636,17357280.907999955,99.89914499334927
16047.0,107.14,1,0.0006166400400683927,17357388.047999956,99.89976163338935
15846.0,107.01,1,0.0006158918302008466,17357495.057999957,99.90037752521954
16630.0,106.80000000000001,1,0.0006146831834917337,17357601.857999958,99.90099220840304
16082.0,106.75,1,0.0006143954104657544,17357708.607999958,99.9016066038135
14637.0,106.68,1,0.0006139925282293835,17357815.287999958,99.90222059634173
15168.0,106.56,1,0.0006133018729670331,17357921.847999956,99.9028338982147
15927.0,106.54,1,0.0006131867637566414,17358028.387999956,99.90344708497845
17791.0,106.1,1,0.0006106543611280237,17358134.487999957,99.90405773933958
16581.0,105.84,1,0.0006091579413929315,17358240.327999957,99.90466689728098
18103.0,105.8,1,0.0006089277229721481,17358346.127999958,99.90527582500394
15642.0,105.78,1,0.0006088126137617564,17358451.90799996,99.90588463761772
14579.0,105.56,1,0.0006075464124474477,17358557.467999958,99.90649218403016
15340.0,105.5,1,0.0006072010848162724,17358662.967999958,99.90709938511498
14027.0,104.82,1,0.0006032873716629542,17358767.787999958,99.90770267248664
17328.0,104.7,1,0.000602596716400604,17358872.487999957,99.90830526920304
16547.0,104.25999999999999,1,0.0006000643137719863,17358976.74799996,99.90890533351681
16375.0,104.0,2,0.0005985678940368941,17359080.74799996,99.90950390141086
16896.0,103.95,1,0.0005982801210109149,17359184.697999958,99.91010218153185
14542.0,103.25,1,0.000594251298647205,17359287.947999958,99.9106964328305
15924.0,102.82,1,0.0005917764506237832,17359390.76799996,99.91128820928114
18124.0,102.65,1,0.0005907980223354537,17359493.417999957,99.91187900730345
17467.0,102.6,1,0.0005905102493094744,17359596.01799996,99.91246951755278
14836.0,102.44999999999999,3,0.0005896469302315365,17359698.467999958,99.913059164483
15486.0,102.0,1,0.0005870569729977232,17359800.467999958,99.91364622145599
13829.0,102.0,1,0.0005870569729977232,17359902.467999958,99.914233278429
18068.0,101.7,1,0.0005853303348418475,17360004.167999957,99.91481860876384
16516.0,101.69999999999999,1,0.0005853303348418474,17360105.867999956,99.91540393909868
16944.0,101.36,1,0.0005833734782651884,17360207.227999955,99.91598731257693
18086.0,101.34,1,0.0005832583690547966,17360308.567999955,99.91657057094599
18195.0,101.16,1,0.0005822223861612712,17360409.727999955,99.91715279333215
17741.0,101.1,2,0.0005818770585300961,17360510.827999957,99.91773467039069
16498.0,100.97,2,0.00058112884866255,17360611.797999956,99.91831579923934
17493.0,100.91,1,0.0005807835210313749,17360712.707999956,99.91889658276037
14946.0,100.9,1,0.000580725966426179,17360813.607999954,99.9194773087268
17224.0,100.86000000000001,1,0.0005804957480053957,17360914.467999954,99.92005780447481
17427.0,100.8,1,0.0005801504203742204,17361015.267999955,99.92063795489517
14371.0,100.5,1,0.0005784237822183449,17361115.767999955,99.92121637867739
15635.0,100.35,1,0.000577560463140407,17361216.117999956,99.92179393914054
17570.0,100.0,1,0.0005755460519585521,17361316.117999956,99.9223694851925
17939.0,99.14,1,0.0005705963559117086,17361415.257999957,99.92294008154842
12774.0,98.7,1,0.0005680639532830909,17361513.957999956,99.9235081455017
17538.0,98.42,1,0.000566452424337607,17361612.377999958,99.92407459792605
16694.0,98.30000000000001,1,0.0005657617690752567,17361710.67799996,99.92464035969513
12984.0,97.5,1,0.0005611574006595884,17361808.17799996,99.92520151709579
17395.0,97.5,1,0.0005611574006595884,17361905.67799996,99.92576267449644
14642.0,96.12,1,0.0005532148651425604,17362001.79799996,99.92631588936159
17816.0,96.11,6,0.0005531573105373644,17362097.90799996,99.92686904667212
13793.0,96.0,1,0.00055252420988021,17362193.90799996,99.927421570882
15583.0,95.96,1,0.0005522939914594265,17362289.86799996,99.92797386487348
17024.0,95.85,3,0.0005516608908022722,17362385.71799996,99.92852552576427
17895.0,95.45,1,0.000549358706594438,17362481.16799996,99.92907488447086
18249.0,95.34,1,0.0005487256059372835,17362576.50799996,99.92962361007682
12548.0,95.19999999999999,1,0.0005479198414645415,17362671.70799996,99.93017152991827
15285.0,94.92,1,0.0005463083125190576,17362766.62799996,99.9307178382308
14833.0,94.8,1,0.0005456176572567074,17362861.427999962,99.93126345588806
15868.0,94.53,1,0.0005440636829164193,17362955.957999963,99.93180751957098
16339.0,94.05,1,0.0005413010618670182,17363050.007999964,99.93234882063285
15397.0,94.0,1,0.000541013288841039,17363144.007999964,99.9328898339217
18033.0,93.82000000000001,1,0.0005399773059475136,17363237.827999964,99.93342981122765
14394.0,93.8,1,0.0005398621967371218,17363331.627999965,99.93396967342439
15305.0,93.6,1,0.0005387111046332048,17363425.227999967,99.93450838452902
15082.0,93.35000000000001,1,0.0005372722395033085,17363518.577999968,99.93504565676854
12992.0,93.35,1,0.0005372722395033083,17363611.92799997,99.93558292900805
16196.0,93.3,1,0.0005369844664773291,17363705.22799997,99.93611991347453
14865.0,92.52000000000001,4,0.0005324952072720525,17363797.74799997,99.93665240868181
14054.0,92.46000000000001,1,0.0005321498796408773,17363890.20799997,99.93718455856146
13160.0,91.8,1,0.0005283512756979507,17363982.00799997,99.93771290983715
16831.0,91.8,1,0.0005283512756979507,17364073.807999972,99.93824126111285
12659.0,91.68,1,0.0005276606204356006,17364165.487999972,99.93876892173328
13392.0,91.14,1,0.0005245526717550244,17364256.627999973,99.93929347440505
14786.0,90.96,1,0.000523516688861499,17364347.587999973,99.9398169910939
13947.0,90.60000000000001,1,0.0005214447230744482,17364438.187999975,99.940338435817
14435.0,90.42,1,0.0005204087401809228,17364528.607999977,99.94085884455718
16506.0,90.30000000000001,2,0.0005197180849185726,17364618.907999977,99.94137856264211
16597.0,90.04,1,0.0005182216651834803,17364708.947999977,99.94189678430729
14117.0,90.0,1,0.0005179914467626969,17364798.947999977,99.94241477575405
15686.0,90.0,1,0.0005179914467626969,17364888.947999977,99.94293276720082
14974.0,89.94,1,0.0005176461191315217,17364978.887999978,99.94345041331995
16061.0,89.65,1,0.0005159770355808419,17365068.537999976,99.94396639035553
13535.0,89.5,1,0.0005151137165029041,17365158.037999976,99.94448150407203
14760.0,89.2,1,0.0005133870783470285,17365247.237999976,99.94499489115037
12686.0,89.14,1,0.0005130417507158533,17365336.377999976,99.9455079329011
13222.0,88.5,1,0.0005093582559833186,17365424.877999976,99.94601729115708
15603.0,88.48,2,0.0005092431467729269,17365513.357999977,99.94652653430384
15083.0,88.2,1,0.000507631617827443,17365601.557999976,99.94703416592166
16564.0,87.80000000000001,1,0.0005053294336196089,17365689.357999977,99.9475394953553
17606.0,87.30000000000001,1,0.000502451703359816,17365776.657999977,99.94804194705867
17763.0,86.15,4,0.0004958329237622927,17365862.807999976,99.94853777998242
13180.0,86.10000000000001,1,0.0004955451507363134,17365948.907999977,99.94903332513316
15541.0,85.13000000000001,1,0.0004899623540323154,17366034.037999976,99.94952328748718
13841.0,85.0,1,0.0004892141441647693,17366119.037999976,99.95001250163135
12401.0,84.3,1,0.00048518532180105944,17366203.337999977,99.95049768695316
15094.0,83.0,2,0.00047770322312559824,17366286.337999977,99.95097539017628
14347.0,82.60000000000001,1,0.00047540103891776406,17366368.93799998,99.95145079121521
13469.0,82.4,1,0.000474249946813847,17366451.337999977,99.95192504116201
16028.0,82.2,1,0.00047309885470992976,17366533.537999976,99.95239814001671
13215.0,81.6,1,0.0004696455783981785,17366615.137999978,99.95286778559512
13006.0,81.57,1,0.0004694729145825909,17366696.70799998,99.9533372585097
17620.0,81.44,1,0.0004687247047150448,17366778.14799998,99.95380598321442
17008.0,81.36,1,0.000468264267873478,17366859.50799998,99.9542742474823
14717.0,81.3,1,0.0004679189402423028,17366940.80799998,99.95474216642255
15170.0,81.15,1,0.00046705562116436503,17367021.95799998,99.9552092220437
17336.0,81.12,1,0.00046688295734877746,17367103.07799998,99.95567610500106
16789.0,80.80000000000001,1,0.00046504120998251013,17367183.87799998,99.95614114621104
17752.0,80.64,1,0.0004641203362993764,17367264.51799998,99.95660526654734
15833.0,80.4,1,0.0004627390257746759,17367344.91799998,99.95706800557312
15131.0,80.28,1,0.00046204837051232563,17367425.19799998,99.95753005394363
16165.0,79.9,1,0.0004598612955148831,17367505.09799998,99.95798991523914
14190.0,79.9,1,0.0004598612955148831,17367584.997999977,99.95844977653464
14007.0,79.48,1,0.0004574440020966572,17367664.477999978,99.95890722053674
15753.0,79.2,1,0.0004558324731511732,17367743.677999977,99.95936305300988
12570.0,77.52,1,0.00044616329947826957,17367821.197999977,99.95980921630937
17942.0,77.50000000000001,1,0.00044604819026787795,17367898.697999977,99.96025526449964
14785.0,77.4,2,0.00044547264421591936,17367976.097999975,99.96070073714385
13132.0,77.3,1,0.0004448970981639607,17368053.397999976,99.96114563424202
16867.0,76.74000000000001,1,0.0004416740402729929,17368130.137999974,99.96158730828228
14373.0,76.55,1,0.0004405805027742716,17368206.687999975,99.96202788878506
14090.0,76.32000000000001,1,0.00043925674685476695,17368283.007999975,99.9624671455319
14613.0,76.32000000000001,1,0.00043925674685476695,17368359.327999976,99.96290640227876
18113.0,76.32000000000001,1,0.00043925674685476695,17368435.647999976,99.96334565902562
15668.0,76.32000000000001,1,0.00043925674685476695,17368511.967999976,99.96378491577248
13219.0,76.23,1,0.0004387387554080043,17368588.197999977,99.9642236545279
17628.0,75.75,1,0.00043597613435860316,17368663.947999977,99.96465963066224
16610.0,75.66,1,0.0004354581429118405,17368739.607999977,99.96509508880516
14559.0,75.6,1,0.00043511281528066533,17368815.20799998,99.96553020162044
17192.0,75.28,1,0.000433271067914398,17368890.48799998,99.96596347268837
16420.0,75.0,1,0.000431659538968914,17368965.48799998,99.96639513222733
17944.0,74.99,1,0.00043160198436371824,17369040.477999978,99.9668267342117
13095.0,74.39999999999999,1,0.00042820626265716266,17369114.877999976,99.96725494047435
18032.0,73.5,1,0.00042302634818953576,17369188.377999976,99.96767796682254
12506.0,73.5,1,0.00042302634818953576,17369261.877999976,99.96810099317072
16171.0,73.19999999999999,1,0.0004212997100336601,17369335.077999976,99.96852229288076
17906.0,72.9,1,0.0004195730718777845,17369407.977999974,99.96894186595262
13105.0,72.0,1,0.0004143931574101575,17369479.977999974,99.96935625911003
16459.0,71.78999999999999,1,0.0004131845107010445,17369551.767999973,99.96976944362072
13938.0,71.66,1,0.00041243630083349843,17369623.427999973,99.97018187992155
16970.0,71.4,1,0.00041093988109840623,17369694.82799997,99.97059281980265
17747.0,71.4,1,0.00041093988109840623,17369766.22799997,99.97100375968374
13185.0,71.4,1,0.00041093988109840623,17369837.62799997,99.97141469956483
13915.0,70.80000000000001,1,0.00040748660478665493,17369908.42799997,99.97182218616962
15564.0,70.74000000000001,2,0.00040714127715547974,17369979.167999968,99.97222932744677
12568.0,70.0,1,0.00040288223637098645,17370049.167999968,99.97263220968314
13172.0,69.6,1,0.0004005800521631522,17370118.76799997,99.9730327897353
14906.0,68.44,1,0.00039390371796043305,17370187.20799997,99.97342669345328
12861.0,68.25,1,0.00039281018046171176,17370255.45799997,99.97381950363375
17249.0,68.03,1,0.00039154397914740297,17370323.487999972,99.9742110476129
14393.0,67.95,1,0.00039108354230583617,17370391.43799997,99.9746021311552
17532.0,65.34,1,0.0003760617903497179,17370456.77799997,99.97497819294554
13022.0,65.3,1,0.00037583157192893447,17370522.07799997,99.97535402451749
13130.0,64.0,1,0.0003683494732534734,17370586.07799997,99.97572237399072
16238.0,63.66,1,0.00036639261667681427,17370649.737999972,99.9760887666074
17216.0,63.6,1,0.00036604728904563914,17370713.337999973,99.97645481389647
17263.0,63.440000000000005,1,0.00036512641536250547,17370776.777999975,99.97681994031183
15470.0,63.419999999999995,1,0.0003650113061521137,17370840.197999977,99.97718495161799
12404.0,63.24,1,0.00036397532325858835,17370903.437999975,99.97754892694125
16058.0,62.7,1,0.0003608673745780122,17370966.137999974,99.97790979431582
13218.0,62.64,1,0.000360522046946837,17371028.777999975,99.97827031636277
14650.0,62.5,1,0.00035971628247409505,17371091.277999975,99.97863003264524
15516.0,62.43,3,0.0003593134002377241,17371153.707999974,99.97898934604548
13380.0,62.4,1,0.00035914073642213647,17371216.107999973,99.97934848678189
13303.0,61.72,1,0.0003552270232688183,17371277.82799997,99.97970371380515
13818.0,61.28,1,0.0003526946206402007,17371339.107999973,99.9800564084258
15375.0,60.959999999999994,1,0.00035085287327393333,17371400.067999974,99.98040726129908
16605.0,60.48,1,0.0003480902522245323,17371460.547999974,99.98075535155131
15250.0,60.0,1,0.00034532763117513124,17371520.547999974,99.98110067918249
17174.0,59.9,1,0.0003447520851231727,17371580.447999973,99.9814454312676
13391.0,59.8,1,0.0003441765390712141,17371640.247999974,99.98178960780668
13682.0,59.5,1,0.0003424499009153385,17371699.747999974,99.98213205770759
15233.0,59.400000000000006,1,0.00034187435486337993,17371759.147999972,99.98247393206245
15371.0,59.400000000000006,1,0.00034187435486337993,17371818.54799997,99.9828158064173
14384.0,58.5,1,0.00033669444039575297,17371877.04799997,99.9831525008577
12466.0,56.73,1,0.00032650727527608656,17371933.77799997,99.98347900813297
17775.0,56.4,1,0.0003246079733046234,17371990.17799997,99.98380361610627
15899.0,56.25,1,0.0003237446542266855,17372046.42799997,99.9841273607605
13366.0,56.16,1,0.0003232266627799228,17372102.58799997,99.98445058742328
15685.0,55.980000000000004,1,0.0003221906798863975,17372158.56799997,99.98477277810316
12776.0,55.5,1,0.0003194280588369964,17372214.06799997,99.98509220616201
17494.0,54.7,1,0.000314823690421328,17372268.76799997,99.98540702985242
12860.0,54.22,1,0.00031206106937192696,17372322.98799997,99.98571909092179
13306.0,53.65,1,0.00030878045687576317,17372376.637999967,99.98602787137865
16349.0,53.5,1,0.00030791713779782534,17372430.137999967,99.98633578851644
17599.0,52.05,1,0.0002995717200444263,17372482.187999967,99.98663536023649
15313.0,52.0,1,0.0002992839470184471,17372534.187999967,99.9869346441835
16786.0,51.84,1,0.0002983630733353134,17372586.027999967,99.98723300725685
17844.0,51.559999999999995,1,0.00029675154438982943,17372637.587999966,99.98752975880123
13254.0,51.41,1,0.0002958882253118916,17372688.997999966,99.98782564702655
14351.0,51.0,1,0.0002935284864988616,17372739.997999966,99.98811917551305
13011.0,50.550000000000004,1,0.0002909385292650481,17372790.547999967,99.98841011404231
14743.0,50.480000000000004,1,0.00029053564702867713,17372841.027999967,99.98870064968935
18184.0,49.8,1,0.0002866219338753589,17372890.827999968,99.98898727162322
14380.0,48.96,1,0.0002817873470389071,17372939.78799997,99.98926905897027
16530.0,48.35,1,0.00027827651612195994,17372988.13799997,99.98954733548639
16257.0,46.95,1,0.0002702188713945402,17373035.08799997,99.98981755435778
13438.0,46.5,1,0.0002676289141607267,17373081.58799997,99.99008518327194
15698.0,46.2,1,0.00026590227600485107,17373127.78799997,99.99035108554794
12496.0,45.34,2,0.00026095257995800757,17373173.12799997,99.9906120381279
15672.0,45.300000000000004,1,0.0002607223615372241,17373218.42799997,99.99087276048945
17916.0,43.870000000000005,2,0.0002524920529942168,17373262.29799997,99.99112525254245
14300.0,43.2,1,0.00024863589444609454,17373305.49799997,99.9913738884369
13913.0,42.22,1,0.00024299554313690066,17373347.71799997,99.99161688398002
13906.0,42.0,1,0.00024172934182259187,17373389.71799997,99.99185861332185
16219.0,40.8,1,0.00023482278919908925,17373430.51799997,99.99209343611105
14266.0,40.56,1,0.00023344147867438873,17373471.077999968,99.9923268775897
15178.0,40.5,1,0.0002330961510432136,17373511.577999968,99.99255997374075
14086.0,39.95,1,0.00022993064775744156,17373551.527999967,99.99278990438852
14589.0,39.75,1,0.00022877955565352447,17373591.277999967,99.99301868394417
16659.0,39.12,1,0.00022515361552618554,17373630.39799997,99.9932438375597
17246.0,38.92,2,0.0002240025234222685,17373669.31799997,99.99346784008313
18019.0,38.45,1,0.0002212974569780633,17373707.76799997,99.9936891375401
15455.0,38.25,1,0.00022014636487414614,17373746.01799997,99.99390928390498
15693.0,37.5,1,0.000215829769484457,17373783.51799997,99.99412511367446
16162.0,37.4,1,0.00021525422343249848,17373820.917999968,99.99434036789788
17352.0,36.25,1,0.00020863544383497516,17373857.167999968,99.99454900334172
14993.0,36.13,1,0.0002079447885726249,17373893.297999967,99.99475694813029
15940.0,35.8,1,0.00020604548660116162,17373929.097999968,99.99496299361688
16417.0,35.7,1,0.00020546994054920312,17373964.797999967,99.99516846355743
17831.0,35.400000000000006,1,0.00020374330239332746,17374000.197999965,99.99537220685983
14576.0,35.400000000000006,1,0.00020374330239332746,17374035.597999964,99.9955759501622
15744.0,34.8,1,0.0002002900260815761,17374070.397999965,99.99577624018829
17533.0,34.8,1,0.0002002900260815761,17374105.197999965,99.99597653021438
15871.0,33.099999999999994,1,0.00019050574319828071,17374138.297999967,99.99616703595758
16941.0,33.0,1,0.00018993019714632218,17374171.297999967,99.99635696615474
14977.0,31.93,1,0.00018377185439036567,17374203.227999967,99.99654073800912
17129.0,31.85,1,0.00018331141754879886,17374235.077999968,99.99672404942667
16454.0,30.950000000000003,4,0.00017813150308117187,17374266.027999967,99.99690218092977
13120.0,30.6,1,0.00017611709189931693,17374296.62799997,99.99707829802166
14144.0,30.6,1,0.00017611709189931693,17374327.22799997,99.99725441511357
16548.0,30.15,1,0.00017352713466550345,17374357.37799997,99.99742794224822
15575.0,30.1,1,0.0001732393616395242,17374387.47799997,99.99760118160988
15657.0,30.0,1,0.00017266381558756562,17374417.47799997,99.99777384542547
17319.0,29.099999999999998,1,0.00016748390111993866,17374446.57799997,99.9979413293266
17102.0,25.5,1,0.0001467642432494308,17374472.07799997,99.99808809356983
15284.0,24.75,1,0.00014244764785974166,17374496.82799997,99.99823054121771
14610.0,24.35,2,0.00014014546365190744,17374521.177999973,99.99837068668135
16537.0,23.35,1,0.00013439000313232192,17374544.527999975,99.99850507668451
12606.0,21.0,1,0.00012086467091129593,17374565.527999975,99.99862594135541
16953.0,20.8,1,0.00011971357880737884,17374586.327999976,99.99874565493423
17986.0,20.8,1,0.00011971357880737884,17374607.127999976,99.99886536851304
13112.0,20.599999999999998,1,0.00011856248670346172,17374627.727999978,99.99898393099976
15999.0,20.4,1,0.00011741139459954463,17374648.127999976,99.99910134239434
13163.0,17.65,1,0.00010158387817068444,17374665.777999975,99.9992029262725
16093.0,17.0,1,9.784282883295385e-05,17374682.777999975,99.99930076910134
12846.0,15.58,1,8.967007489514242e-05,17374698.357999973,99.99939043917621
14580.0,14.85,1,8.546858871584498e-05,17374713.207999974,99.99947590776495
14900.0,13.919999999999998,1,8.011601043263043e-05,17374727.127999976,99.99955602377538
16878.0,13.3,1,7.654762491048742e-05,17374740.427999977,99.9996325714003
17956.0,12.75,1,7.33821216247154e-05,17374753.177999977,99.99970595352193
17378.0,10.95,1,6.302229268946145e-05,17374764.127999976,99.9997689758146
18115.0,9.700000000000001,1,5.582796703997956e-05,17374773.827999976,99.99982480378165
15040.0,7.49,1,4.3108399291695554e-05,17374781.317999974,99.99986791218093
15913.0,6.300000000000001,1,3.6259401273388784e-05,17374787.617999975,99.99990417158222
14792.0,6.2,1,3.568385522143023e-05,17374793.817999974,99.99993985543742
16738.0,3.75,1,2.1582976948445702e-05,17374797.567999974,99.99996143841437
13788.0,3.75,1,2.1582976948445702e-05,17374801.317999974,99.99998302139133
14095.0,2.95,1,1.697860853277729e-05,17374804.267999973,99.99999999999984
