customer_id,customer_segment,revenue,orders,quantity,last_purchase
12346.0,Loyal Customers,77556.46,12,74285,2011-01-18 10:01:00
12347.0,Champions,4921.53,8,2967,2011-12-07 15:52:00
12348.0,Loyal Customers,2019.3999999999999,5,2714,2011-09-25 13:13:00
12349.0,Champions,4428.6900000000005,4,1624,2011-11-21 09:51:00
12350.0,At Risk,334.40000000000003,1,197,2011-02-02 16:01:00
12351.0,At Risk,300.93,1,261,2010-11-29 15:23:00
12352.0,Champions,2849.84,10,724,2011-11-03 14:37:00
12353.0,At Risk,406.76,2,212,2011-05-19 17:47:00
12354.0,At Risk,1079.4,1,530,2011-04-21 13:11:00
12355.0,Potential Loyalists,947.61,2,543,2011-05-09 13:49:00
12356.0,Champions,6371.7300000000005,6,3416,2011-11-17 08:40:00
12357.0,Loyal Customers,18287.66,3,6587,2011-11-06 16:07:00
12358.0,Champions,3887.07,5,1079,2011-12-08 10:26:00
12359.0,Champions,8873.39,10,2739,2011-10-13 12:47:00
12360.0,Champions,4252.89,8,2459,2011-10-18 15:22:00
12361.0,Potential Loyalists,511.25,4,235,2011-02-25 13:51:00
12362.0,Champions,5356.2300000000005,11,2230,2011-12-06 15:40:00
12363.0,Potential Loyalists,552.0,2,408,2011-08-22 10:18:00
12364.0,Loyal Customers,1313.1,4,1506,2011-12-02 10:22:00
12365.0,Potential Loyalists,641.38,2,174,2011-02-21 14:04:00
12366.0,Lost,500.24,1,296,2010-03-16 10:28:00
12367.0,Potential Loyalists,168.9,1,173,2011-12-05 16:48:00
12368.0,At Risk,917.7,1,330,2010-03-21 15:56:00
12369.0,Potential Loyalists,1791.15,3,1241,2010-10-22 13:13:00
12370.0,Champions,4316.56,7,2604,2011-10-19 14:51:00
12371.0,Champions,4067.38,5,1436,2011-10-26 10:16:00
12372.0,Loyal Customers,1298.04,3,794,2011-09-29 12:12:00
12373.0,Potential Loyalists,1127.65,3,516,2011-02-01 13:10:00
12374.0,Loyal Customers,2989.2200000000003,4,1362,2011-11-14 15:37:00
12375.0,Potential Loyalists,457.5,2,178,2011-11-29 10:36:00
12376.0,At Risk,503.15,2,240,2010-11-15 12:15:00
12377.0,Loyal Customers,3426.32,4,2105,2011-01-28 15:45:00
12378.0,Loyal Customers,5416.32,2,3316,2011-08-02 10:34:00
12379.0,Loyal Customers,1620.22,4,815,2011-09-19 10:09:00
12380.0,Champions,9676.300000000001,11,3355,2011-11-18 11:27:00
12381.0,Champions,1845.31,5,808,2011-12-05 12:44:00
12383.0,Loyal Customers,1850.56,5,1532,2011-06-08 08:02:00
12384.0,Potential Loyalists,585.27,2,126,2011-11-11 08:39:00
12385.0,Potential Loyalists,1938.4,1,612,2010-11-25 15:14:00
12386.0,At Risk,401.9,2,354,2011-01-06 12:37:00
12387.0,Lost,143.94,1,134,2010-10-20 16:27:00
12388.0,Champions,3901.11,8,2001,2011-11-24 12:30:00
12389.0,Potential Loyalists,1433.33,3,614,2010-11-02 11:52:00
12390.0,At Risk,549.84,1,353,2011-09-21 09:33:00
12391.0,Loyal Customers,2724.84,6,1204,2011-11-18 12:07:00
12392.0,Lost,234.75000000000003,1,73,2010-04-27 14:04:00
12393.0,Loyal Customers,2399.45,6,1311,2011-09-28 15:41:00
12394.0,Potential Loyalists,1272.48,2,819,2011-10-07 08:08:00
12395.0,Champions,4721.17,15,3205,2011-11-20 15:21:00
12396.0,At Risk,931.4300000000001,1,591,2010-02-03 13:22:00
12397.0,Loyal Customers,2409.9,2,1263,2011-11-04 09:52:00
12398.0,Potential Loyalists,1635.6599999999999,1,1394,2011-10-25 10:27:00
12399.0,Loyal Customers,1962.3,7,2198,2011-08-12 13:15:00
12400.0,Lost,205.25,1,91,2010-10-21 13:45:00
12401.0,Lost,84.3,1,11,2011-02-09 13:50:00
12402.0,Loyal Customers,1256.9,6,584,2011-01-20 13:49:00
12403.0,Potential Loyalists,1019.36,2,260,2011-10-21 10:51:00
12404.0,Lost,63.24,1,1,2010-01-26 16:25:00
12405.0,Potential Loyalists,1710.39,1,857,2011-07-14 08:52:00
12406.0,Champions,6390.36,5,3416,2011-11-17 19:22:00
12407.0,Loyal Customers,1708.12,5,1416,2011-10-21 10:11:00
12408.0,Champions,4340.77,8,2229,2011-11-07 12:27:00
12409.0,Loyal Customers,23419.29,7,13143,2011-09-22 10:38:00
12410.0,Potential Loyalists,1013.71,3,341,2011-02-04 10:39:00
12411.0,At Risk,346.9,1,138,2010-10-26 09:25:00
12412.0,Loyal Customers,2596.93,6,1997,2011-09-26 10:16:00
12413.0,Potential Loyalists,999.45,4,319,2011-10-04 09:00:00
12414.0,Potential Loyalists,952.4100000000001,6,495,2011-05-06 14:51:00
12415.0,Champions,144458.37,28,91447,2011-11-15 14:22:00
12416.0,Lost,202.56,1,132,2010-02-21 10:19:00
12417.0,Champions,6797.41,20,2884,2011-12-06 14:52:00
12418.0,Loyal Customers,2021.2,4,1088,2011-08-19 11:08:00
12419.0,At Risk,503.01,2,231,2010-11-19 10:04:00
12420.0,At Risk,600.39,1,345,2011-10-07 08:55:00
12421.0,Loyal Customers,1098.6,6,652,2011-11-24 09:07:00
12422.0,Champions,5231.8,17,2596,2011-09-05 09:48:00
12423.0,Champions,2622.39,10,1793,2011-12-09 10:10:00
12424.0,Loyal Customers,3340.0299999999997,4,2025,2011-06-30 12:06:00
12425.0,Potential Loyalists,1741.41,2,1147,2011-09-22 17:31:00
12426.0,Potential Loyalists,1345.21,2,584,2011-05-29 12:26:00
12427.0,Loyal Customers,825.8000000000001,3,533,2011-11-18 08:56:00
12428.0,Champions,7956.46,9,3536,2011-11-14 08:22:00
12429.0,Champions,6204.41,8,2890,2011-11-30 17:22:00
12430.0,At Risk,256.4,1,117,2011-10-27 15:09:00
12431.0,Champions,10432.220000000001,27,4600,2011-11-04 11:55:00
12432.0,Champions,5059.32,5,1801,2011-10-28 11:43:00
12433.0,Champions,16794.14,10,13534,2011-12-09 10:02:00
12434.0,Potential Loyalists,1103.43,3,532,2011-09-16 12:38:00
12435.0,Loyal Customers,13925.93,6,4958,2011-09-21 09:06:00
12436.0,At Risk,509.01,1,211,2011-09-01 12:09:00
12437.0,Champions,12683.4,39,8000,2011-12-08 11:35:00
12438.0,Loyal Customers,2906.85,2,1180,2011-11-25 13:28:00
12439.0,At Risk,1142.88,2,478,2010-01-26 12:11:00
12440.0,At Risk,859.2,2,331,2010-09-03 13:11:00
12441.0,Lost,173.55,1,121,2010-12-08 10:45:00
12442.0,Potential Loyalists,172.06,1,182,2011-12-06 14:22:00
12443.0,Lost,485.31,1,182,2009-12-07 15:42:00
12444.0,Champions,5005.46,5,1153,2011-11-18 13:23:00
12445.0,Potential Loyalists,434.98,2,206,2011-11-17 18:43:00
12446.0,Potential Loyalists,1002.3100000000001,1,351,2011-10-13 12:50:00
12447.0,At Risk,476.49,1,190,2011-04-10 13:25:00
12448.0,Potential Loyalists,449.45,1,243,2011-10-26 13:46:00
12449.0,Champions,4835.89,6,2282,2011-11-17 13:46:00
12450.0,Loyal Customers,688.2,5,442,2011-07-06 14:41:00
12451.0,Champions,12669.88,8,9359,2011-11-29 08:40:00
12452.0,Potential Loyalists,430.57000000000005,2,185,2011-11-23 10:28:00
12453.0,Potential Loyalists,707.09,1,473,2011-07-28 14:08:00
12454.0,Champions,16679.78,5,7703,2011-10-14 17:13:00
12455.0,Champions,5879.95,10,3302,2011-09-27 15:31:00
12456.0,Loyal Customers,3181.04,3,1633,2011-10-26 14:41:00
12457.0,Loyal Customers,2995.91,8,1094,2011-10-04 13:13:00
12458.0,Loyal Customers,1777.49,4,986,2011-09-29 15:25:00
12459.0,Lost,454.36,1,258,2010-04-13 14:53:00
12460.0,Lost,326.65,1,170,2010-09-09 13:51:00
12461.0,Potential Loyalists,826.88,2,287,2011-09-06 16:57:00
12462.0,Loyal Customers,1189.59,2,536,2011-11-21 09:11:00
12463.0,Loyal Customers,1344.78,4,776,2011-10-17 13:44:00
12464.0,Loyal Customers,1212.05,8,112,2011-11-29 13:33:00
12465.0,Loyal Customers,742.19,2,479,2011-11-22 16:34:00
12466.0,Lost,56.73,1,1,2010-01-26 16:26:00
12467.0,Lost,132.8,1,129,2010-10-12 15:41:00
12468.0,Loyal Customers,3670.7400000000002,5,2201,2011-06-05 11:36:00
12469.0,Potential Loyalists,3070.54,2,2552,2010-07-05 12:40:00
12470.0,Lost,211.95,1,95,2010-01-19 11:01:00
12471.0,Champions,39918.19,79,16858,2011-12-07 15:43:00
12472.0,Champions,16249.29,19,10378,2011-11-07 14:01:00
12473.0,Champions,3928.05,5,2414,2011-11-10 13:46:00
12474.0,Champions,12372.75,31,7940,2011-11-22 14:39:00
12475.0,Potential Loyalists,1149.64,2,771,2011-10-17 10:10:00
12476.0,Champions,14083.91,23,5631,2011-11-24 12:40:00
12477.0,Champions,20276.37,9,6119,2011-11-17 09:51:00
12478.0,Potential Loyalists,680.99,1,236,2011-12-06 09:56:00
12479.0,Potential Loyalists,527.2,1,385,2011-11-28 13:26:00
12480.0,Champions,5464.85,7,2952,2011-11-11 14:52:00
12481.0,Champions,12185.51,15,7158,2011-11-17 08:29:00
12482.0,Loyal Customers,23691.4,29,27042,2010-05-12 16:51:00
12483.0,Champions,5097.18,19,2160,2011-11-22 17:02:00
12484.0,Champions,6354.1,12,3266,2011-11-07 11:37:00
12485.0,At Risk,708.1,1,414,2010-06-28 15:22:00
12486.0,At Risk,1037.28,1,523,2010-10-04 12:14:00
12487.0,Lost,285.3,1,174,2009-12-09 11:36:00
12488.0,Loyal Customers,1298.66,3,529,2011-11-30 08:50:00
12489.0,At Risk,334.93,1,105,2011-01-07 13:13:00
12490.0,Champions,9823.64,21,5906,2011-12-04 16:07:00
12491.0,Potential Loyalists,460.40000000000003,1,260,2011-11-01 12:18:00
12492.0,Potential Loyalists,715.21,3,444,2011-10-07 15:15:00
12493.0,Potential Loyalists,433.74,2,207,2011-06-27 10:17:00
12494.0,Champions,1815.27,9,979,2011-11-24 09:34:00
12495.0,Lost,357.4,1,130,2010-03-09 10:53:00
12496.0,Lost,45.34,2,30,2010-03-29 14:06:00
12497.0,Loyal Customers,6248.5,3,5685,2011-09-19 12:29:00
12498.0,Potential Loyalists,403.70000000000005,3,159,2011-11-18 12:53:00
12499.0,Lost,393.72,1,302,2010-05-28 15:12:00
12500.0,Champions,5955.21,19,3377,2011-11-16 16:20:00
12501.0,Potential Loyalists,2169.39,1,1783,2011-01-07 12:28:00
12502.0,Loyal Customers,3723.87,5,820,2011-09-05 11:52:00
12503.0,At Risk,1126.0,1,561,2010-05-04 13:59:00
12504.0,Loyal Customers,779.05,4,458,2011-11-21 16:02:00
12505.0,At Risk,955.2,1,324,2010-10-27 09:18:00
12506.0,Lost,73.5,1,23,2011-04-21 08:54:00
12507.0,Loyal Customers,1844.06,4,1256,2011-07-28 17:09:00
12508.0,Potential Loyalists,397.88,2,271,2011-11-13 15:37:00
12509.0,Lost,176.5,1,55,2011-02-28 14:45:00
12510.0,Champions,5178.02,9,2049,2011-07-20 10:15:00
12511.0,Potential Loyalists,3084.02,1,1753,2010-10-07 10:39:00
12512.0,At Risk,132.18,2,96,2011-10-04 14:55:00
12513.0,Potential Loyalists,612.29,1,462,2011-08-19 10:51:00
12514.0,Potential Loyalists,1597.76,2,840,2011-03-17 16:38:00
12515.0,At Risk,383.7,1,131,2010-12-21 15:43:00
12516.0,Loyal Customers,2648.62,4,1952,2011-09-23 09:13:00
12517.0,Loyal Customers,2481.6,5,1361,2011-11-11 14:04:00
12518.0,Champions,2056.89,5,1318,2011-12-09 10:13:00
12519.0,Potential Loyalists,716.54,2,387,2011-10-07 09:26:00
12520.0,Loyal Customers,2634.26,5,1439,2011-09-21 15:23:00
12521.0,At Risk,599.68,1,309,2011-07-20 10:51:00
12522.0,Potential Loyalists,192.72,2,194,2011-10-31 15:30:00
12523.0,Champions,4352.35,23,2263,2011-11-20 12:55:00
12524.0,Champions,11126.11,17,7178,2011-11-30 15:31:00
12525.0,Potential Loyalists,973.73,3,509,2010-07-29 16:08:00
12526.0,Loyal Customers,1316.66,3,632,2011-12-09 12:09:00
12527.0,Loyal Customers,735.51,5,526,2011-09-19 11:55:00
12528.0,Champions,1933.48,6,756,2011-11-30 14:40:00
12529.0,Lost,316.48,1,192,2010-06-29 13:10:00
12530.0,Champions,3759.26,9,2713,2011-10-11 12:34:00
12531.0,Loyal Customers,1933.2,2,1119,2011-11-25 11:12:00
12532.0,Potential Loyalists,349.83000000000004,1,153,2011-11-09 13:47:00
12533.0,Potential Loyalists,1367.89,2,704,2010-03-22 10:56:00
12534.0,Potential Loyalists,1089.18,1,651,2011-08-01 10:26:00
12535.0,Potential Loyalists,716.35,2,219,2011-09-09 08:48:00
12536.0,Loyal Customers,12601.830000000002,3,2803,2011-10-27 14:20:00
12537.0,At Risk,732.94,1,449,2010-10-27 08:36:00
12538.0,Potential Loyalists,640.45,2,336,2011-11-10 17:16:00
12539.0,Champions,11214.75,7,4535,2011-11-17 13:30:00
12540.0,Champions,22254.49,33,11019,2011-11-20 11:31:00
12541.0,Loyal Customers,981.18,3,680,2011-11-10 10:40:00
12542.0,At Risk,481.88,2,522,2010-08-12 19:12:00
12543.0,At Risk,980.25,1,688,2010-09-17 15:51:00
12544.0,Potential Loyalists,372.7,1,136,2011-11-03 16:15:00
12545.0,Potential Loyalists,1000.39,2,523,2011-09-25 13:39:00
12546.0,Potential Loyalists,1161.5,2,633,2011-10-24 12:09:00
12547.0,Potential Loyalists,383.58,3,309,2011-05-26 12:38:00
12548.0,At Risk,95.19999999999999,1,49,2011-06-26 15:35:00
12549.0,Potential Loyalists,1575.68,6,1366,2010-05-13 12:05:00
12550.0,Potential Loyalists,964.83,1,569,2011-09-21 14:35:00
12551.0,Lost,168.0,1,100,2010-12-17 11:23:00
12552.0,Potential Loyalists,437.82,2,88,2011-11-01 10:02:00
12553.0,Champions,4608.75,12,2325,2011-12-01 16:38:00
12554.0,Lost,468.5,1,240,2010-09-17 12:29:00
12555.0,Lost,129.23,1,1,2010-01-26 16:26:00
12556.0,Potential Loyalists,599.56,2,355,2011-10-20 13:06:00
12557.0,Champions,18096.14,8,6382,2011-11-23 16:59:00
12558.0,Potential Loyalists,269.96,1,196,2011-12-02 10:41:00
12559.0,At Risk,561.71,2,283,2011-02-02 09:49:00
12560.0,Loyal Customers,2134.01,3,1110,2011-12-04 13:54:00
12561.0,Lost,238.85,1,177,2011-02-10 11:39:00
12562.0,Champions,4966.92,9,2327,2011-12-01 17:20:00
12563.0,Lost,249.24,1,113,2010-10-27 09:52:00
12564.0,At Risk,456.90000000000003,1,133,2011-03-23 14:55:00
12565.0,Lost,145.92000000000002,1,80,2011-02-24 10:34:00
12566.0,At Risk,351.65,1,265,2011-09-14 14:30:00
12567.0,Champions,11767.48,15,5308,2011-11-17 11:02:00
12568.0,Lost,70.0,1,48,2010-03-05 09:15:00
12569.0,Champions,4124.6900000000005,32,1801,2011-12-07 16:24:00
12570.0,Lost,77.52,1,1,2010-01-26 17:28:00
12571.0,Potential Loyalists,519.61,2,523,2011-10-31 10:19:00
12572.0,Loyal Customers,1020.4200000000001,2,452,2011-12-01 09:20:00
12573.0,Potential Loyalists,717.41,5,479,2011-04-26 15:52:00
12574.0,Lost,218.45000000000002,1,61,2011-01-28 09:20:00
12575.0,At Risk,622.82,2,315,2010-09-08 13:09:00
12576.0,Loyal Customers,2142.7200000000003,8,1494,2011-11-04 10:11:00
12577.0,Loyal Customers,1617.1,8,1191,2011-11-04 13:24:00
12578.0,Loyal Customers,4642.45,4,2380,2011-11-18 13:30:00
12579.0,At Risk,440.42,1,285,2011-09-22 17:15:00
12580.0,Potential Loyalists,1052.9,2,569,2011-04-07 10:24:00
12581.0,At Risk,197.71,1,161,2011-10-31 08:56:00
12582.0,Potential Loyalists,1980.4,4,985,2011-04-15 08:45:00
12583.0,Champions,13591.58,27,8535,2011-12-07 08:07:00
12584.0,Champions,2338.15,9,416,2011-12-06 09:35:00
12585.0,Potential Loyalists,2040.1,2,1279,2011-04-19 13:39:00
12586.0,Loyal Customers,2062.67,4,687,2011-11-22 16:24:00
12587.0,Potential Loyalists,144.0,1,51,2011-12-02 12:47:00
12588.0,Loyal Customers,958.78,4,438,2011-10-31 15:01:00
12589.0,Champions,4695.66,8,1764,2011-11-11 10:19:00
12590.0,Potential Loyalists,9864.26,2,4283,2011-05-12 14:52:00
12591.0,Potential Loyalists,1338.95,3,653,2011-01-26 14:35:00
12592.0,Loyal Customers,2582.66,5,1875,2011-09-08 15:04:00
12593.0,Potential Loyalists,418.1,3,206,2011-08-23 12:43:00
12594.0,Champions,5090.110000000001,15,2768,2011-11-02 12:20:00
12595.0,Lost,299.02,1,271,2010-07-23 09:10:00
12596.0,Potential Loyalists,618.27,2,474,2011-10-19 13:02:00
12597.0,Champions,3811.22,4,2236,2011-11-20 13:33:00
12598.0,Champions,4534.09,11,2906,2011-11-30 12:18:00
12599.0,Champions,2296.72,13,2189,2011-11-10 13:34:00
12600.0,Champions,4967.42,21,1383,2011-11-11 10:29:00
12601.0,Potential Loyalists,681.26,6,290,2011-06-03 10:17:00
12602.0,At Risk,153.12,1,162,2011-10-12 11:22:00
12603.0,Potential Loyalists,739.1999999999999,1,63,2011-11-18 10:42:00
12604.0,At Risk,254.18,2,201,2011-09-21 14:08:00
12605.0,Potential Loyalists,1232.95,4,929,2010-11-28 14:18:00
12606.0,Lost,21.0,1,1,2010-01-26 16:23:00
12607.0,Potential Loyalists,1579.51,1,1228,2011-10-10 16:06:00
12608.0,At Risk,415.79,1,323,2010-10-31 10:49:00
12609.0,Champions,3435.86,9,1553,2011-09-22 16:34:00
12610.0,Loyal Customers,2099.54,5,1049,2011-11-17 09:34:00
12611.0,Potential Loyalists,1193.32,1,846,2011-10-18 13:12:00
12612.0,Potential Loyalists,704.04,1,262,2011-09-26 15:35:00
12613.0,Champions,6817.37,10,4157,2011-10-13 14:59:00
12614.0,At Risk,315.6,1,76,2011-03-07 10:22:00
12615.0,Champions,5740.9800000000005,8,3317,2011-12-07 15:02:00
12616.0,Potential Loyalists,1131.1,3,498,2011-09-05 15:17:00
12617.0,Potential Loyalists,352.98,1,210,2011-11-10 14:39:00
12618.0,At Risk,177.31,1,96,2011-11-18 11:10:00
12619.0,Champions,3781.38,10,3518,2011-11-23 14:52:00
12620.0,Loyal Customers,1339.41,3,1181,2011-11-25 10:20:00
12621.0,Champions,24311.2,35,13706,2011-12-08 11:25:00
12622.0,Lost,180.1,1,69,2011-04-21 16:39:00
12623.0,Loyal Customers,3747.84,7,1971,2011-03-08 13:50:00
12624.0,Potential Loyalists,641.13,2,355,2011-08-25 15:04:00
12625.0,Loyal Customers,5164.88,4,3309,2011-05-12 09:54:00
12626.0,Champions,6620.4800000000005,9,3453,2011-11-16 16:06:00
12627.0,Champions,4478.53,7,2752,2011-11-29 12:07:00
12628.0,Loyal Customers,786.46,3,448,2011-12-05 13:15:00
12629.0,Potential Loyalists,1558.22,2,722,2010-11-19 09:18:00
12630.0,Loyal Customers,1270.88,2,548,2011-11-30 10:48:00
12631.0,Champions,3481.57,6,1607,2011-10-13 13:53:00
12632.0,At Risk,804.88,2,694,2010-07-07 09:39:00
12633.0,Champions,5678.16,7,3238,2011-10-12 11:40:00
12634.0,At Risk,490.0,2,337,2010-06-22 10:05:00
12635.0,Loyal Customers,2930.41,4,1949,2011-09-11 11:04:00
12636.0,Lost,141.0,1,1,2009-12-01 09:55:00
12637.0,Champions,8283.81,12,4257,2011-10-03 13:46:00
12638.0,Potential Loyalists,921.49,2,663,2011-11-06 13:11:00
12639.0,Potential Loyalists,1312.3700000000001,3,631,2011-04-15 12:48:00
12640.0,Loyal Customers,1174.58,3,311,2011-11-16 11:52:00
12641.0,At Risk,185.9,1,72,2011-08-16 13:26:00
12642.0,Loyal Customers,1013.26,3,552,2011-11-14 15:03:00
12643.0,Champions,8304.82,12,4665,2011-08-03 12:56:00
12644.0,Loyal Customers,1918.49,4,1032,2011-08-02 10:33:00
12645.0,Champions,3539.3,8,2125,2011-11-06 12:38:00
12646.0,Loyal Customers,1346.97,2,897,2011-12-05 10:14:00
12647.0,Champions,16955.55,36,6633,2011-11-17 12:56:00
12648.0,Potential Loyalists,1112.0,4,518,2011-07-08 11:55:00
12649.0,Loyal Customers,2294.65,8,1959,2011-08-24 14:41:00
12650.0,Potential Loyalists,314.44,1,254,2011-12-06 16:34:00
12651.0,Potential Loyalists,377.75,4,265,2011-01-09 12:46:00
12652.0,Potential Loyalists,1017.0300000000001,2,536,2011-01-12 15:00:00
12653.0,Loyal Customers,4160.83,3,1681,2011-07-14 10:41:00
12654.0,Loyal Customers,601.98,5,264,2011-11-29 10:10:00
12655.0,Lost,261.35,1,80,2010-10-12 09:17:00
12656.0,Champions,6407.83,8,2860,2011-11-22 13:42:00
12657.0,Loyal Customers,1643.18,4,1044,2011-11-28 15:47:00
12658.0,Potential Loyalists,686.05,1,320,2011-11-21 10:22:00
12659.0,At Risk,91.68,1,105,2011-11-10 11:53:00
12660.0,Potential Loyalists,245.10000000000002,1,127,2011-11-28 13:26:00
12661.0,Lost,162.0,1,216,2010-09-29 16:46:00
12662.0,Champions,6726.54,20,3424,2011-12-09 11:59:00
12663.0,Lost,239.4,2,181,2010-03-25 09:40:00
12664.0,Champions,6070.04,11,1495,2011-12-01 17:07:00
12665.0,Potential Loyalists,313.6,3,165,2011-01-19 08:34:00
12666.0,Potential Loyalists,1248.42,1,370,2010-11-10 16:40:00
12667.0,Potential Loyalists,620.13,1,395,2011-10-12 17:00:00
12668.0,Champions,11383.03,10,5049,2011-11-28 10:56:00
12669.0,Loyal Customers,2744.0299999999997,3,1115,2011-07-12 09:54:00
12670.0,Champions,3760.29,7,1627,2011-11-29 15:23:00
12671.0,At Risk,2622.481,1,1460,2010-04-12 16:30:00
12672.0,At Risk,437.05,2,138,2011-01-14 09:20:00
12673.0,Loyal Customers,1230.02,3,700,2011-12-04 13:55:00
12674.0,Loyal Customers,1970.6,4,1133,2011-11-01 12:12:00
12675.0,At Risk,957.25,2,336,2010-06-04 09:49:00
12676.0,Champions,2843.09,11,1867,2011-11-15 12:25:00
12677.0,At Risk,395.1,2,176,2010-06-02 14:30:00
12678.0,Champions,34281.18,21,22372,2011-10-28 13:04:00
12679.0,Loyal Customers,1113.02,4,554,2011-10-12 12:30:00
12680.0,Loyal Customers,880.81,4,444,2011-12-09 12:50:00
12681.0,Champions,29834.760000000002,45,17011,2011-11-25 11:33:00
12682.0,Champions,22950.22,52,10522,2011-12-06 10:00:00
12683.0,Champions,11633.7,21,7019,2011-12-05 16:31:00
12684.0,Champions,2283.63,7,1985,2011-12-02 09:53:00
12685.0,Loyal Customers,2863.08,6,1523,2011-11-11 13:46:00
12686.0,Lost,89.14,1,107,2010-12-03 09:51:00
12687.0,Potential Loyalists,2138.91,2,1403,2010-08-16 12:12:00
12688.0,Potential Loyalists,4873.81,1,3028,2011-08-18 08:49:00
12689.0,Loyal Customers,1247.6100000000001,2,628,2011-11-14 08:31:00
12690.0,At Risk,389.01,1,106,2011-05-18 09:09:00
12691.0,Loyal Customers,1170.4,7,445,2011-11-11 16:49:00
12692.0,Lost,110.95,1,36,2010-03-12 14:02:00
12693.0,Loyal Customers,1703.02,7,536,2011-08-04 17:51:00
12694.0,Loyal Customers,1843.35,3,1355,2011-09-30 13:06:00
12695.0,Champions,1407.1200000000001,7,454,2011-12-02 13:22:00
12696.0,At Risk,851.91,2,564,2010-10-01 10:43:00
12697.0,Loyal Customers,957.59,3,508,2011-11-11 08:47:00
12698.0,Lost,339.75,1,111,2010-04-28 15:51:00
12699.0,At Risk,638.11,1,373,2010-10-18 12:07:00
12700.0,Champions,4939.99,4,2967,2011-12-02 10:47:00
12701.0,Loyal Customers,2446.41,6,1727,2011-09-21 10:47:00
12702.0,At Risk,219.0,1,53,2011-11-20 10:36:00
12703.0,Potential Loyalists,1006.53,4,595,2011-09-29 17:52:00
12704.0,Champions,2340.84,8,1006,2011-12-02 13:15:00
12705.0,Champions,11762.1,14,7188,2011-11-24 13:17:00
12707.0,At Risk,603.42,1,256,2011-02-21 08:38:00
12708.0,Champions,5117.66,18,2432,2011-11-10 09:52:00
12709.0,Champions,30291.76,34,13772,2011-11-24 15:38:00
12710.0,Potential Loyalists,1149.02,3,851,2011-09-04 12:00:00
12711.0,Potential Loyalists,1339.05,2,770,2010-04-07 11:59:00
12712.0,Champions,6723.03,21,2205,2011-11-11 08:19:00
12713.0,Potential Loyalists,848.55,1,508,2011-12-09 12:16:00
12714.0,Champions,14093.710000000001,12,8774,2011-11-30 15:43:00
12715.0,At Risk,343.36,1,192,2011-08-25 15:22:00
12716.0,Loyal Customers,1053.49,2,708,2011-12-06 08:55:00
12717.0,Loyal Customers,1308.91,3,600,2011-07-11 14:47:00
12718.0,At Risk,238.25,1,203,2011-09-29 16:38:00
12719.0,Loyal Customers,644.95,2,374,2011-12-04 13:45:00
12720.0,Champions,7787.28,30,6018,2011-12-07 08:03:00
12721.0,Champions,4013.08,8,2655,2011-11-08 12:13:00
12722.0,Potential Loyalists,997.63,4,566,2011-09-15 14:50:00
12723.0,Loyal Customers,725.07,5,434,2011-12-06 10:19:00
12724.0,Champions,2317.52,7,1379,2011-12-04 16:02:00
12725.0,Potential Loyalists,2266.76,4,1142,2010-12-03 15:45:00
12726.0,Champions,4014.6,11,4618,2011-11-11 13:35:00
12727.0,Champions,5679.53,10,2832,2011-11-29 11:46:00
12728.0,Loyal Customers,1070.17,5,543,2011-09-29 15:31:00
12729.0,At Risk,453.01,1,233,2011-08-18 11:40:00
12730.0,At Risk,829.25,1,234,2010-07-06 12:19:00
12731.0,Champions,25775.71,17,11641,2011-11-16 11:59:00
12732.0,At Risk,236.26000000000002,1,111,2011-06-13 11:33:00
12733.0,Potential Loyalists,2424.87,4,896,2011-04-19 16:19:00
12734.0,Potential Loyalists,639.65,3,265,2010-12-22 12:47:00
12735.0,Potential Loyalists,779.5699999999999,2,368,2011-01-28 13:37:00
12736.0,Lost,234.0,1,173,2011-01-11 07:57:00
12737.0,Potential Loyalists,3710.5,2,2,2010-07-29 12:29:00
12738.0,Lost,155.35,1,148,2010-12-02 18:27:00
12739.0,Loyal Customers,2726.73,4,951,2011-09-22 13:00:00
12740.0,At Risk,427.6,1,342,2011-10-07 10:44:00
12741.0,At Risk,406.07,2,214,2010-06-28 14:36:00
12742.0,At Risk,1201.52,1,1359,2010-03-24 12:43:00
12743.0,Potential Loyalists,540.13,2,315,2011-07-28 16:21:00
12744.0,Champions,25317.06,11,6994,2011-10-19 11:18:00
12745.0,Potential Loyalists,925.41,3,468,2010-08-10 10:14:00
12746.0,Lost,254.55,1,97,2010-06-17 10:41:00
12747.0,Champions,8898.48,26,2640,2011-12-07 14:34:00
12748.0,Champions,53539.64,336,37109,2011-12-09 12:20:00
12749.0,Champions,6897.36,9,2360,2011-12-06 09:56:00
12750.0,At Risk,275.88,1,137,2011-08-03 09:13:00
12751.0,Lost,268.27,1,189,2010-09-21 12:49:00
12752.0,Potential Loyalists,4366.78,1,2262,2011-09-19 13:32:00
12753.0,Champions,21429.39,6,11421,2011-11-17 10:52:00
12754.0,Loyal Customers,3010.74,3,6481,2011-04-18 09:00:00
12755.0,Loyal Customers,5236.26,11,2293,2011-03-04 12:42:00
12756.0,At Risk,112.08,1,144,2011-09-14 09:31:00
12757.0,Champions,7834.650000000001,13,2395,2011-11-24 12:30:00
12758.0,Loyal Customers,9903.24,7,6155,2011-08-15 10:22:00
12759.0,Champions,5020.74,8,3202,2011-10-18 14:49:00
12760.0,Lost,347.8,1,198,2010-09-10 08:50:00
12761.0,At Risk,782.95,2,281,2010-09-08 12:17:00
12762.0,Loyal Customers,1898.52,2,1227,2011-12-02 10:23:00
12763.0,Potential Loyalists,494.08,2,316,2011-07-24 14:12:00
12764.0,Potential Loyalists,1693.88,1,386,2011-01-27 10:19:00
12765.0,Potential Loyalists,1404.58,6,1009,2010-08-24 13:51:00
12766.0,Champions,8918.99,9,5022,2011-12-06 08:46:00
12767.0,At Risk,949.82,1,598,2010-11-29 09:38:00
12768.0,Lost,168.69,1,102,2010-09-15 12:08:00
12769.0,At Risk,1143.6,1,356,2011-04-15 10:25:00
12770.0,Potential Loyalists,3246.45,2,1843,2011-05-13 09:33:00
12771.0,Lost,282.3,1,104,2010-08-11 11:51:00
12772.0,Potential Loyalists,892.47,1,556,2011-10-11 09:19:00
12773.0,Lost,124.25,1,109,2010-05-24 17:30:00
12774.0,Lost,98.7,1,53,2010-06-22 10:38:00
12775.0,Champions,1686.1200000000001,7,1083,2011-11-22 16:33:00
12776.0,Lost,55.5,1,46,2010-02-10 12:11:00
12777.0,Lost,519.45,1,458,2010-09-08 11:35:00
12778.0,Champions,1775.68,9,1735,2011-11-20 11:30:00
12779.0,Champions,6474.11,14,3501,2011-11-02 11:43:00
12780.0,Lost,337.4,1,285,2010-04-20 09:40:00
12781.0,Potential Loyalists,826.74,2,671,2011-10-07 10:37:00
12782.0,Champions,4618.24,11,2017,2011-12-05 09:16:00
12783.0,Champions,2225.91,6,624,2011-12-07 15:56:00
12784.0,Loyal Customers,1763.15,3,862,2011-11-30 15:38:00
12785.0,Potential Loyalists,1100.4,3,453,2010-12-10 13:48:00
12786.0,At Risk,728.5000000000001,1,324,2010-04-09 12:12:00
12787.0,Loyal Customers,862.1800000000001,4,510,2011-11-30 08:44:00
12788.0,At Risk,444.90000000000003,4,194,2010-09-02 14:21:00
12789.0,Potential Loyalists,273.35,3,36,2011-10-05 13:34:00
12790.0,At Risk,591.85,2,306,2011-05-31 14:14:00
12791.0,Potential Loyalists,863.51,6,353,2010-12-01 11:27:00
12792.0,Potential Loyalists,827.01,2,394,2011-03-28 11:36:00
12793.0,Potential Loyalists,885.53,3,461,2011-01-09 12:12:00
12794.0,Potential Loyalists,860.41,2,592,2011-10-17 14:54:00
12795.0,Potential Loyalists,430.48,1,68,2011-11-21 10:27:00
12796.0,Lost,381.0,1,182,2010-03-21 15:49:00
12797.0,At Risk,552.08,2,215,2010-12-09 10:55:00
12798.0,Champions,8510.93,4,8455,2011-11-29 15:52:00
12799.0,Lost,219.35,1,137,2010-06-28 15:57:00
12800.0,At Risk,584.25,3,284,2010-08-26 14:11:00
12801.0,At Risk,1071.82,1,505,2010-07-27 09:38:00
12802.0,Loyal Customers,2416.42,7,1972,2011-06-06 09:36:00
12803.0,At Risk,1092.81,1,872,2010-11-11 14:57:00
12804.0,At Risk,325.37,2,270,2010-08-31 11:58:00
12805.0,Potential Loyalists,1434.95,4,593,2010-11-23 12:27:00
12806.0,Potential Loyalists,2878.96,4,2087,2010-09-30 13:34:00
12807.0,At Risk,330.35,1,145,2010-11-21 14:21:00
12808.0,Loyal Customers,776.7,5,322,2011-11-03 10:05:00
12809.0,Loyal Customers,1755.94,3,518,2011-06-15 10:51:00
12810.0,At Risk,534.99,2,389,2010-06-23 10:53:00
12811.0,Potential Loyalists,1033.9,5,435,2011-03-24 09:42:00
12812.0,At Risk,229.64000000000001,1,164,2011-10-26 09:54:00
12813.0,Potential Loyalists,1687.8,3,1141,2010-07-26 09:50:00
12814.0,At Risk,125.92,1,49,2011-08-30 12:11:00
12815.0,Potential Loyalists,1063.46,2,379,2011-07-15 10:21:00
12816.0,Potential Loyalists,572.2,2,128,2011-09-05 12:41:00
12817.0,Potential Loyalists,690.98,3,219,2011-03-03 16:28:00
12818.0,Potential Loyalists,1542.08,1,929,2011-03-23 12:06:00
12819.0,Lost,540.52,1,344,2010-09-07 15:20:00
12820.0,Champions,2689.52,11,1964,2011-12-06 15:12:00
12821.0,At Risk,220.8,2,162,2011-05-09 15:51:00
12822.0,Potential Loyalists,948.88,2,550,2011-09-30 10:04:00
12823.0,Champions,6501.5,18,930,2011-09-26 07:35:00
12824.0,At Risk,397.12,1,232,2011-10-11 12:49:00
12825.0,At Risk,518.63,2,139,2010-07-06 13:56:00
12826.0,Champions,2800.75,12,1915,2011-12-07 10:25:00
12827.0,Loyal Customers,430.15,3,197,2011-12-04 12:17:00
12828.0,Loyal Customers,1018.71,6,494,2011-12-07 08:45:00
12829.0,Potential Loyalists,385.3,3,550,2011-01-07 11:13:00
12830.0,Champions,6814.64,6,9848,2011-11-02 11:54:00
12831.0,Potential Loyalists,451.11,3,303,2011-03-22 13:02:00
12832.0,Potential Loyalists,383.03000000000003,2,195,2011-11-07 13:30:00
12833.0,At Risk,417.38,1,156,2011-07-17 13:46:00
12834.0,At Risk,312.38,1,110,2011-03-02 09:49:00
12835.0,Loyal Customers,5996.83,41,2349,2010-10-08 10:59:00
12836.0,Champions,6559.7300000000005,15,2231,2011-10-11 15:10:00
12837.0,Potential Loyalists,662.66,2,194,2011-06-19 16:07:00
12838.0,Champions,2975.91,10,1606,2011-11-06 12:20:00
12839.0,Champions,9669.12,26,6578,2011-12-07 12:33:00
12840.0,Loyal Customers,4041.9700000000003,7,2258,2011-07-19 09:29:00
12841.0,Champions,6958.2,40,5008,2011-12-05 11:13:00
12842.0,Loyal Customers,1917.99,4,887,2011-09-30 15:33:00
12843.0,Champions,6583.36,30,3028,2011-10-05 12:09:00
12844.0,Loyal Customers,648.6,4,223,2011-11-10 13:31:00
12845.0,Potential Loyalists,354.09000000000003,4,204,2011-03-17 13:34:00
12846.0,Lost,15.58,1,1,2010-01-26 16:29:00
12847.0,Loyal Customers,1609.0,2,1497,2011-11-17 13:16:00
12848.0,Lost,208.0,1,58,2010-02-02 12:45:00
12849.0,Champions,3042.4700000000003,6,1855,2011-11-08 13:41:00
12850.0,Lost,330.0,1,200,2010-09-20 12:26:00
12851.0,At Risk,280.76,2,157,2011-09-04 12:41:00
12852.0,At Risk,311.55,1,149,2011-02-18 08:47:00
12853.0,Champions,3907.5,11,1668,2011-07-28 11:29:00
12854.0,Loyal Customers,2970.9700000000003,7,1630,2011-09-22 12:15:00
12855.0,Potential Loyalists,612.84,4,240,2010-12-02 09:37:00
12856.0,Champions,2170.78,6,1076,2011-12-02 10:52:00
12857.0,Loyal Customers,3688.0,6,1420,2011-05-13 10:20:00
12858.0,Lost,147.27,1,51,2010-11-21 12:55:00
12859.0,Lost,575.1,1,292,2010-09-07 12:20:00
12860.0,Lost,54.22,1,26,2010-01-15 15:22:00
12861.0,Lost,68.25,1,27,2010-03-30 11:39:00
12862.0,At Risk,984.62,2,611,2010-10-10 11:47:00
12863.0,Loyal Customers,2792.55,6,895,2011-10-18 14:15:00
12864.0,Potential Loyalists,299.57,2,447,2011-07-24 13:03:00
12865.0,Loyal Customers,3323.4700000000003,4,1973,2011-11-13 14:31:00
12866.0,Potential Loyalists,1227.35,3,553,2011-03-01 14:11:00
12867.0,Champions,7829.26,13,7876,2011-11-13 15:30:00
12868.0,Loyal Customers,2043.76,8,1170,2011-06-07 10:42:00
12869.0,Lost,337.66999999999996,1,144,2010-01-27 12:10:00
12870.0,Potential Loyalists,1676.95,3,906,2010-11-29 13:42:00
12871.0,Potential Loyalists,744.02,3,484,2011-09-16 15:07:00
12872.0,Loyal Customers,3283.96,12,1642,2011-01-17 10:52:00
12873.0,Potential Loyalists,2027.3,3,786,2011-03-02 14:58:00
12874.0,Potential Loyalists,948.42,2,623,2010-11-19 15:23:00
12875.0,Loyal Customers,1356.9900000000002,5,5187,2011-07-19 15:30:00
12876.0,Loyal Customers,4081.79,4,3047,2011-10-13 12:26:00
12877.0,Champions,2942.14,20,2237,2011-12-06 10:30:00
12878.0,Potential Loyalists,854.99,2,547,2011-04-17 13:07:00
12879.0,Potential Loyalists,573.22,3,370,2011-10-26 12:24:00
12880.0,Potential Loyalists,640.13,2,279,2010-11-23 10:50:00
12881.0,At Risk,298.0,1,21,2011-03-09 11:44:00
12882.0,Loyal Customers,1463.04,2,246,2011-11-30 16:18:00
12883.0,Loyal Customers,703.47,4,196,2011-11-15 09:32:00
12884.0,At Risk,309.05,1,43,2011-09-12 13:10:00
12885.0,Potential Loyalists,1175.22,3,655,2011-10-07 13:40:00
12886.0,Potential Loyalists,1378.4,2,770,2011-10-03 10:09:00
12887.0,Lost,222.4,1,100,2010-11-21 11:18:00
12888.0,At Risk,354.12,2,76,2011-05-09 16:02:00
12889.0,Potential Loyalists,385.46000000000004,4,124,2010-11-23 16:08:00
12890.0,Potential Loyalists,706.02,2,457,2011-11-15 17:26:00
12891.0,Loyal Customers,840.5,11,2325,2011-06-07 12:31:00
12892.0,Lost,263.38,1,140,2010-11-08 09:51:00
12893.0,At Risk,176.55,1,90,2011-11-09 12:34:00
12894.0,Lost,157.35,1,33,2010-05-13 14:47:00
12895.0,Potential Loyalists,372.8,2,210,2011-10-28 13:51:00
12897.0,Potential Loyalists,514.25,4,249,2011-05-19 12:13:00
12898.0,At Risk,296.21,2,235,2010-09-02 08:08:00
12899.0,Lost,366.4,1,108,2010-10-22 09:53:00
12900.0,Lost,340.33000000000004,1,139,2010-10-13 15:17:00
12901.0,Champions,17654.54,28,23075,2011-12-01 10:07:00
12902.0,Lost,138.68,1,66,2011-03-20 12:06:00
12903.0,At Risk,833.5300000000001,1,493,2010-10-07 12:39:00
12904.0,Potential Loyalists,496.06,2,294,2011-11-21 14:34:00
12905.0,At Risk,1018.42,2,532,2010-05-12 10:05:00
12906.0,Champions,2919.81,5,1749,2011-11-28 09:55:00
12907.0,At Risk,508.91,2,177,2010-11-09 12:08:00
12908.0,Loyal Customers,1776.0,5,3000,2011-06-16 15:39:00
12909.0,Champions,3103.19,8,1948,2011-10-31 12:43:00
12910.0,Champions,5796.52,13,3632,2011-11-16 14:28:00
12911.0,At Risk,1651.72,1,807,2010-06-06 12:13:00
12912.0,Champions,1662.3,5,670,2011-12-07 08:55:00
12913.0,Champions,6283.24,13,3086,2011-12-05 12:11:00
12914.0,Lost,223.98,1,336,2010-11-04 12:28:00
12915.0,Potential Loyalists,975.1,4,411,2011-07-14 11:34:00
12916.0,Loyal Customers,4479.73,7,1681,2011-07-24 10:35:00
12917.0,Loyal Customers,4359.2,6,1104,2011-08-03 16:42:00
12918.0,Potential Loyalists,10953.5,1,1,2010-03-23 15:22:00
12919.0,Champions,1335.19,6,673,2011-12-01 13:47:00
12920.0,Loyal Customers,486.64,4,420,2011-11-22 15:05:00
12921.0,Champions,35233.24,74,21328,2011-11-30 16:22:00
12922.0,At Risk,405.38,1,370,2011-07-01 15:35:00
12923.0,Potential Loyalists,770.42,3,230,2011-10-06 16:20:00
12924.0,Loyal Customers,2469.4,12,1423,2011-09-12 13:55:00
12925.0,Loyal Customers,729.33,3,649,2011-12-05 11:11:00
12926.0,Potential Loyalists,1523.97,4,754,2010-10-24 15:57:00
12927.0,Lost,197.31,1,145,2010-11-10 10:02:00
12928.0,Champions,4304.89,12,2899,2011-11-04 14:24:00
12929.0,Lost,117.85,1,37,2011-02-01 12:08:00
12930.0,Potential Loyalists,415.8,2,252,2011-09-22 15:18:00
12931.0,Champions,92347.34,57,62906,2011-11-18 12:39:00
12932.0,Potential Loyalists,1698.56,8,1609,2010-06-18 14:22:00
12933.0,Loyal Customers,1636.63,8,949,2011-11-15 16:38:00
12934.0,Lost,181.65,1,31,2009-12-03 10:51:00
12935.0,Champions,4243.86,15,3201,2011-12-07 17:25:00
12936.0,Loyal Customers,1063.9,4,559,2011-11-22 17:32:00
12937.0,Champions,3097.61,9,1983,2011-11-24 15:05:00
12938.0,At Risk,114.14,1,140,2011-11-14 11:21:00
12939.0,Champions,25264.8,20,10328,2011-10-06 14:33:00
12940.0,Potential Loyalists,899.69,2,404,2011-10-16 12:09:00
12941.0,Lost,377.49,1,381,2009-12-15 13:12:00
12942.0,Potential Loyalists,675.6,3,198,2011-07-31 14:39:00
12943.0,At Risk,496.5,2,222,2010-05-30 13:52:00
12944.0,Potential Loyalists,604.51,2,289,2011-11-04 11:04:00
12945.0,Potential Loyalists,900.11,2,446,2011-02-24 14:15:00
12946.0,Lost,324.45,1,149,2010-09-29 10:14:00
12947.0,Loyal Customers,1603.99,6,1165,2011-07-19 10:06:00
12948.0,Champions,2317.43,9,1304,2011-11-23 17:10:00
12949.0,Champions,15526.7,22,8233,2011-11-09 11:25:00
12950.0,Loyal Customers,1843.0,3,1380,2011-12-07 13:17:00
12951.0,Champions,3213.7200000000003,15,1662,2011-12-01 12:14:00
12952.0,Loyal Customers,1387.79,4,653,2011-12-04 10:35:00
12953.0,Loyal Customers,828.8100000000001,2,364,2011-11-30 09:24:00
12954.0,Lost,162.45,1,83,2010-03-11 10:16:00
12955.0,Champions,4757.16,11,3664,2011-12-08 16:29:00
12956.0,Potential Loyalists,521.89,4,340,2011-02-06 16:08:00
12957.0,Champions,8706.97,13,4686,2011-11-30 09:53:00
12958.0,At Risk,467.34,2,118,2010-11-04 16:16:00
12959.0,Lost,150.95,1,109,2010-08-12 17:20:00
12960.0,Potential Loyalists,1322.0700000000002,4,1379,2010-10-22 09:31:00
12961.0,Lost,211.99,1,180,2010-11-25 16:44:00
12962.0,Potential Loyalists,266.39,2,129,2011-12-02 15:55:00
12963.0,Champions,3235.79,12,1637,2011-12-01 12:55:00
12964.0,Lost,132.24,1,56,2010-09-28 17:47:00
12965.0,Potential Loyalists,769.8100000000001,1,282,2011-09-11 15:31:00
12966.0,Potential Loyalists,160.18,1,75,2011-11-30 12:38:00
12967.0,Loyal Customers,2938.52,3,912,2010-12-16 19:10:00
12968.0,At Risk,135.95,1,73,2011-08-19 15:44:00
12969.0,Lost,122.45,1,55,2010-04-16 10:50:00
12970.0,Champions,1453.6,10,954,2011-12-02 14:30:00
12971.0,Champions,15704.6,116,14306,2011-12-06 12:20:00
12972.0,Potential Loyalists,1161.2,4,844,2010-10-22 08:41:00
12973.0,Lost,385.55,1,31,2010-10-22 10:14:00
12974.0,At Risk,408.95,2,104,2011-05-26 09:33:00
12975.0,Potential Loyalists,2100.09,6,911,2010-09-29 09:46:00
12976.0,Loyal Customers,3156.38,8,2684,2011-05-12 09:55:00
12977.0,Potential Loyalists,513.88,4,128,2011-07-06 16:40:00
12978.0,Loyal Customers,2502.82,5,1394,2010-11-19 14:29:00
12979.0,Lost,517.7,1,520,2009-12-10 15:45:00
12980.0,Champions,16245.78,21,1910,2011-07-05 09:34:00
12981.0,Potential Loyalists,372.21999999999997,2,242,2011-11-10 12:00:00
12982.0,Loyal Customers,2744.81,8,1729,2011-04-11 11:51:00
12983.0,Lost,490.08,1,638,2010-04-20 12:58:00
12984.0,Potential Loyalists,97.5,1,26,2011-11-21 12:37:00
12985.0,Loyal Customers,1239.38,2,1533,2011-12-09 10:46:00
12986.0,Loyal Customers,2729.84,10,1164,2010-10-07 11:57:00
12987.0,Loyal Customers,1312.21,5,585,2011-09-27 12:03:00
12988.0,At Risk,505.82,1,126,2011-02-20 14:31:00
12989.0,Champions,13551.75,33,6935,2011-12-06 15:28:00
12990.0,Loyal Customers,955.5,7,480,2011-11-08 13:01:00
12991.0,Loyal Customers,764.82,3,483,2011-11-16 15:34:00
12992.0,Lost,93.35,1,21,2009-12-14 16:46:00
12993.0,Loyal Customers,1259.63,8,751,2011-11-16 15:49:00
12994.0,Loyal Customers,974.42,3,459,2011-12-05 15:43:00
12995.0,At Risk,211.32,1,108,2011-09-15 15:44:00
12996.0,At Risk,355.5,1,122,2010-11-29 09:27:00
12997.0,Loyal Customers,2110.91,8,1186,2011-11-17 15:47:00
12998.0,Potential Loyalists,920.08,3,1124,2010-08-04 08:05:00
12999.0,Potential Loyalists,455.88,3,342,2011-05-27 13:24:00
13000.0,Potential Loyalists,1032.5,4,548,2011-08-25 10:43:00
13001.0,Champions,24042.65,33,13448,2011-12-05 14:51:00
13002.0,Potential Loyalists,414.13,3,201,2011-01-25 15:18:00
13003.0,Potential Loyalists,149.05,3,103,2011-08-26 10:50:00
13004.0,Champions,11650.85,36,8768,2011-11-28 11:27:00
13005.0,Potential Loyalists,999.68,4,462,2011-06-19 10:53:00
13006.0,At Risk,81.57,1,55,2011-10-14 13:49:00
13007.0,Lost,175.25,1,59,2010-05-09 10:38:00
13008.0,Potential Loyalists,612.13,3,379,2011-01-20 14:24:00
13009.0,Lost,234.0,1,120,2010-02-05 12:22:00
13010.0,At Risk,330.12,2,323,2010-11-30 15:09:00
13011.0,Lost,50.550000000000004,1,13,2010-12-02 17:22:00
13012.0,Champions,2957.83,11,1559,2011-11-30 13:05:00
13013.0,Champions,11097.43,29,5661,2011-12-08 15:01:00
13014.0,Champions,5381.08,11,1979,2011-11-29 12:27:00
13015.0,Champions,6579.78,11,3527,2011-10-17 13:19:00
13016.0,Potential Loyalists,789.89,3,527,2011-09-27 14:08:00
13017.0,Potential Loyalists,204.0,1,48,2011-12-02 15:53:00
13018.0,Champions,9763.16,35,6746,2011-11-23 13:28:00
13019.0,Loyal Customers,1229.95,6,397,2010-11-25 14:56:00
13020.0,At Risk,618.96,2,278,2010-05-26 11:12:00
13021.0,Champions,4887.24,17,2546,2011-12-05 16:37:00
13022.0,Lost,65.3,1,35,2010-10-06 10:50:00
13023.0,Loyal Customers,1449.03,3,585,2011-10-06 16:27:00
13024.0,At Risk,555.87,2,181,2010-08-26 09:42:00
13025.0,Lost,323.39,1,241,2009-12-08 10:02:00
13026.0,Champions,1733.08,9,2466,2011-12-08 16:58:00
13027.0,Champions,17239.2,19,42840,2011-08-18 09:39:00
13028.0,Potential Loyalists,661.3199999999999,2,798,2011-11-17 11:10:00
13029.0,Loyal Customers,1927.3,5,194,2011-11-09 09:13:00
13030.0,Loyal Customers,752.44,2,348,2011-11-28 14:30:00
13031.0,Loyal Customers,3292.84,5,2309,2010-10-28 15:34:00
13032.0,Champions,2815.96,9,1274,2011-10-18 15:54:00
13033.0,At Risk,220.55,2,98,2010-12-17 14:23:00
13034.0,Loyal Customers,756.82,3,406,2011-10-16 12:21:00
13035.0,Loyal Customers,1364.2,3,926,2011-09-27 08:57:00
13036.0,Lost,307.1,1,38,2010-01-24 11:35:00
13037.0,Champions,3914.9500000000003,12,2130,2011-07-24 15:46:00
13038.0,Potential Loyalists,908.46,3,360,2011-09-20 14:37:00
13039.0,Potential Loyalists,1010.73,4,290,2010-05-04 16:45:00
13040.0,Loyal Customers,676.99,2,355,2011-12-01 10:38:00
13041.0,Potential Loyalists,799.13,4,335,2010-09-15 11:44:00
13042.0,Potential Loyalists,1488.59,3,812,2010-04-20 13:43:00
13043.0,At Risk,516.42,1,254,2011-03-11 14:52:00
13044.0,Loyal Customers,4848.05,11,2548,2011-02-21 15:20:00
13045.0,Potential Loyalists,808.9200000000001,3,405,2011-09-01 15:04:00
13046.0,Loyal Customers,949.25,3,505,2011-11-09 08:36:00
13047.0,Champions,8428.53,24,3328,2011-11-08 12:06:00
13048.0,Champions,4049.13,9,2661,2011-11-25 13:23:00
13049.0,Loyal Customers,1408.24,4,620,2011-10-06 15:31:00
13050.0,Champions,11986.52,35,7015,2011-11-25 09:18:00
13051.0,Lost,155.8,2,72,2010-05-10 09:14:00
13052.0,Loyal Customers,3119.33,7,1424,2011-05-11 14:12:00
13053.0,Lost,127.65,1,47,2010-03-28 11:28:00
13055.0,Loyal Customers,2321.11,4,1821,2011-09-22 14:26:00
13056.0,Lost,209.48,1,158,2010-06-06 14:10:00
13057.0,Potential Loyalists,709.59,3,456,2010-06-27 15:44:00
13058.0,Potential Loyalists,271.40000000000003,3,52,2011-11-15 12:43:00
13059.0,Loyal Customers,2291.77,10,860,2011-04-04 10:40:00
13060.0,At Risk,307.53000000000003,1,123,2011-03-31 11:37:00
13061.0,At Risk,248.61,1,107,2011-09-28 16:04:00
13062.0,At Risk,346.98,1,343,2011-06-01 15:12:00
13063.0,Lost,188.4,1,116,2010-08-16 12:27:00
13064.0,Champions,1666.84,6,668,2011-11-27 12:31:00
13065.0,Potential Loyalists,1055.05,5,381,2010-12-01 16:52:00
13066.0,Potential Loyalists,470.8,2,322,2011-11-15 12:57:00
13067.0,Potential Loyalists,508.51,3,131,2011-09-18 13:38:00
13068.0,Potential Loyalists,344.0,2,200,2011-11-29 15:00:00
13069.0,Champions,9284.45,38,15171,2011-12-09 08:39:00
13070.0,Potential Loyalists,751.7,4,372,2011-05-31 13:45:00
13071.0,Lost,129.22,1,30,2010-04-06 13:37:00
13072.0,Lost,177.15,1,69,2011-03-18 08:12:00
13073.0,At Risk,418.08,2,261,2010-10-24 14:06:00
13074.0,Potential Loyalists,1378.74,4,826,2010-07-16 16:53:00
13075.0,Potential Loyalists,919.61,1,485,2011-08-02 10:19:00
13076.0,Lost,135.4,1,44,2010-09-08 10:27:00
13077.0,Champions,2740.65,11,2468,2011-12-08 19:24:00
13078.0,Champions,29018.06,57,12032,2011-12-06 15:36:00
13079.0,Loyal Customers,419.18,6,158,2011-12-05 16:53:00
13080.0,Potential Loyalists,280.73,4,193,2011-06-13 14:59:00
13081.0,Champions,56838.37,28,40077,2011-11-28 10:54:00
13082.0,Champions,7335.75,21,8466,2011-08-05 16:16:00
13083.0,Loyal Customers,395.43,3,307,2011-12-05 15:01:00
13084.0,Lost,122.39999999999999,1,144,2010-08-05 08:49:00
13085.0,Loyal Customers,2433.28,8,944,2011-07-05 12:11:00
13086.0,At Risk,439.33000000000004,1,155,2010-11-22 10:28:00
13087.0,Lost,313.64,1,86,2009-12-13 15:16:00
13088.0,Lost,236.11,1,76,2010-10-18 15:35:00
13089.0,Champions,113416.91,203,58932,2011-12-07 09:02:00
13090.0,Champions,13091.74,24,3247,2011-12-01 12:39:00
13091.0,Loyal Customers,2321.82,3,1339,2011-11-11 15:54:00
13092.0,Loyal Customers,2140.28,12,664,2011-09-30 11:18:00
13093.0,Loyal Customers,54144.25,55,25971,2011-03-09 12:14:00
13094.0,Champions,2209.44,13,1896,2011-11-18 14:07:00
13095.0,At Risk,74.39999999999999,1,144,2011-09-30 12:03:00
13096.0,At Risk,419.7000000000001,1,6,2010-11-10 14:08:00
13097.0,Champions,13324.1,28,5345,2011-11-07 10:43:00
13098.0,Champions,28882.44,28,15968,2011-12-08 14:14:00
13099.0,At Risk,207.36,1,288,2011-09-01 17:40:00
13101.0,Potential Loyalists,695.4,4,478,2011-04-19 14:37:00
13102.0,Champions,11380.1,37,6366,2011-12-08 12:52:00
13103.0,Loyal Customers,709.64,3,426,2011-10-31 09:38:00
13104.0,Champions,1709.1,9,834,2011-12-06 13:10:00
13105.0,Lost,72.0,1,100,2010-09-29 13:41:00
13106.0,Potential Loyalists,603.46,2,231,2011-07-29 15:12:00
13107.0,Champions,5253.07,9,4316,2011-10-26 14:52:00
13108.0,Potential Loyalists,748.46,2,745,2010-12-02 10:35:00
13109.0,Potential Loyalists,1134.03,3,757,2011-10-11 10:16:00
13110.0,Champions,2957.4700000000003,12,763,2011-11-08 14:30:00
13111.0,Lost,321.88000000000005,1,180,2009-12-21 09:00:00
13112.0,Lost,20.599999999999998,1,11,2010-06-16 17:03:00
13113.0,Champions,18230.07,37,4435,2011-12-09 12:49:00
13114.0,Lost,234.38,1,74,2009-12-09 09:56:00
13115.0,Champions,5494.7,10,3934,2011-11-28 12:38:00
13116.0,At Risk,501.14,1,291,2011-07-24 14:33:00
13117.0,Champions,2255.66,18,1852,2011-11-18 12:02:00
13118.0,Champions,2415.41,9,834,2011-11-20 12:46:00
13119.0,Lost,134.9,1,110,2010-02-09 08:38:00
13120.0,Lost,30.6,1,12,2011-04-15 10:19:00
13121.0,Lost,283.73,1,252,2011-03-15 16:47:00
13122.0,Potential Loyalists,922.39,2,585,2011-09-06 15:53:00
13123.0,At Risk,506.75,2,268,2010-08-24 10:18:00
13124.0,Loyal Customers,4641.66,4,2738,2011-09-11 12:45:00
13125.0,Lost,148.62,1,53,2010-07-04 11:58:00
13126.0,Champions,3774.81,13,3289,2011-12-05 10:00:00
13127.0,At Risk,259.17,1,127,2011-09-23 10:26:00
13128.0,Lost,263.5,1,31,2010-03-18 15:08:00
13129.0,Lost,233.25,2,296,2010-09-13 13:47:00
13130.0,At Risk,64.0,1,32,2011-09-06 15:30:00
13131.0,Champions,3313.77,7,1523,2011-11-16 13:21:00
13132.0,Lost,77.3,1,20,2011-03-23 12:44:00
13133.0,At Risk,200.45,3,55,2011-03-11 10:31:00
13134.0,Loyal Customers,2475.23,6,1364,2011-09-15 10:35:00
13135.0,Potential Loyalists,3371.45,2,4423,2011-05-27 10:52:00
13136.0,Champions,6274.56,13,3109,2011-10-14 13:41:00
13137.0,Champions,7586.94,16,4238,2011-11-29 12:09:00
13138.0,Loyal Customers,1274.01,7,593,2011-11-17 16:51:00
13139.0,Champions,8202.98,8,4614,2011-11-23 13:54:00
13140.0,Loyal Customers,1054.92,5,572,2011-08-23 15:33:00
13141.0,Champions,7656.08,17,5159,2011-09-16 09:54:00
13142.0,Potential Loyalists,307.09000000000003,1,258,2011-11-20 16:07:00
13143.0,Lost,405.1,1,198,2010-05-04 12:22:00
13144.0,At Risk,135.35,2,29,2011-01-11 11:15:00
13145.0,Loyal Customers,1128.52,7,265,2011-10-31 12:45:00
13146.0,At Risk,228.91,1,154,2011-11-13 15:29:00
13147.0,Loyal Customers,712.8,4,144,2011-11-29 13:59:00
13148.0,Champions,8497.82,26,4487,2011-11-10 15:23:00
13149.0,Loyal Customers,1676.06,4,1280,2011-11-25 13:09:00
13150.0,At Risk,449.96999999999997,3,171,2010-08-12 12:59:00
13151.0,Potential Loyalists,2465.21,3,813,2011-02-17 12:29:00
13152.0,Potential Loyalists,2146.38,7,977,2010-10-18 13:44:00
13153.0,Potential Loyalists,486.22,1,418,2011-12-04 12:14:00
13154.0,Potential Loyalists,1624.84,3,976,2010-11-05 16:00:00
13155.0,Loyal Customers,1370.48,6,741,2011-11-06 15:41:00
13156.0,Potential Loyalists,1586.54,3,914,2010-11-19 13:09:00
13157.0,Champions,5687.36,9,4762,2011-10-21 13:50:00
13158.0,Loyal Customers,1508.18,5,992,2011-09-06 11:58:00
13159.0,Loyal Customers,1429.35,4,1058,2011-12-01 11:20:00
13160.0,At Risk,91.8,1,56,2011-11-17 13:07:00
13161.0,At Risk,472.13,2,105,2011-01-30 14:03:00
13162.0,Champions,9275.49,16,5755,2011-08-09 15:59:00
13163.0,Lost,17.65,1,3,2010-04-08 16:21:00
13164.0,At Risk,372.2,2,120,2010-05-19 13:52:00
13165.0,Loyal Customers,1451.1599999999999,3,1736,2011-10-24 15:05:00
13166.0,Potential Loyalists,875.93,2,522,2011-03-01 15:16:00
13167.0,Loyal Customers,1125.15,5,1007,2011-11-21 12:24:00
13168.0,Loyal Customers,1840.73,5,898,2011-11-03 12:56:00
13169.0,Potential Loyalists,840.08,3,296,2011-10-07 12:11:00
13170.0,At Risk,108.81,1,141,2011-11-13 12:19:00
13171.0,Potential Loyalists,468.41,3,229,2011-11-18 10:27:00
13172.0,Lost,69.6,1,48,2010-11-04 15:10:00
13173.0,Champions,2399.82,11,1481,2011-12-05 15:51:00
13174.0,Champions,7995.36,12,3794,2011-11-23 14:35:00
13175.0,At Risk,831.45,2,423,2010-05-06 13:13:00
13176.0,Potential Loyalists,481.49,1,448,2011-10-24 15:43:00
13177.0,Potential Loyalists,512.2,2,180,2011-10-06 09:56:00
13178.0,Champions,14059.19,21,8778,2011-11-13 16:14:00
13179.0,Lost,572.3100000000001,1,368,2010-03-31 11:40:00
13180.0,Lost,86.10000000000001,1,42,2010-04-11 13:37:00
13181.0,At Risk,359.69,1,171,2010-11-23 15:05:00
13182.0,At Risk,121.18,1,201,2011-10-25 13:46:00
13183.0,Champions,7036.18,15,4027,2011-12-02 10:30:00
13184.0,Champions,1668.95,10,1662,2011-11-25 12:02:00
13185.0,Lost,71.4,1,12,2011-03-17 11:56:00
13186.0,Loyal Customers,1575.89,3,820,2011-10-31 11:40:00
13187.0,Potential Loyalists,341.36,4,296,2011-01-06 18:57:00
13188.0,Potential Loyalists,114.6,1,25,2011-11-28 15:28:00
13189.0,Potential Loyalists,260.68,2,842,2011-11-21 10:39:00
13190.0,At Risk,570.66,3,308,2010-06-13 15:47:00
13191.0,Lost,164.69,1,115,2010-02-19 17:02:00
13192.0,Loyal Customers,2558.58,6,1629,2011-09-05 14:13:00
13193.0,At Risk,112.08,1,46,2011-10-09 14:30:00
13194.0,Potential Loyalists,472.78,2,326,2011-07-27 09:01:00
13195.0,Lost,136.73,1,70,2010-10-21 13:07:00
13196.0,Champions,3068.84,7,2006,2011-11-28 13:54:00
13197.0,Lost,373.01000000000005,1,204,2010-04-09 09:14:00
13198.0,Champions,4974.2300000000005,8,3449,2011-11-29 15:17:00
13199.0,Champions,15964.210000000001,67,11567,2011-12-06 12:30:00
13200.0,Loyal Customers,870.09,4,516,2011-11-20 15:35:00
13201.0,Potential Loyalists,1233.06,4,1036,2010-07-25 14:30:00
13202.0,Loyal Customers,1580.3,7,572,2010-11-10 16:24:00
13203.0,Champions,2648.25,10,2413,2011-11-30 10:45:00
13204.0,At Risk,966.6600000000001,1,428,2009-12-08 14:56:00
13205.0,At Risk,2803.2,1,256,2010-09-22 16:26:00
13206.0,Loyal Customers,8308.19,13,7086,2010-11-04 16:50:00
13207.0,Loyal Customers,535.86,4,178,2011-11-24 14:52:00
13208.0,Champions,1976.3,9,1343,2011-10-12 09:54:00
13209.0,Champions,8509.51,13,5781,2011-11-09 13:54:00
13210.0,At Risk,353.48,1,316,2011-09-07 08:18:00
13211.0,Champions,2618.77,10,1845,2011-11-29 14:43:00
13212.0,Loyal Customers,786.83,3,309,2011-11-20 12:40:00
13213.0,Champions,3851.52,11,2962,2011-10-14 11:42:00
13214.0,Loyal Customers,3264.23,7,2966,2010-10-18 10:00:00
13215.0,Lost,81.6,1,96,2010-11-02 18:26:00
13216.0,At Risk,333.74,1,297,2011-03-17 12:18:00
13217.0,Potential Loyalists,666.48,4,512,2011-08-09 15:32:00
13218.0,At Risk,62.64,1,88,2011-08-04 16:59:00
13219.0,Lost,76.23,1,11,2010-03-31 14:18:00
13220.0,Loyal Customers,1336.0900000000001,5,396,2011-09-22 13:38:00
13221.0,Potential Loyalists,847.41,2,244,2011-04-13 16:58:00
13222.0,Lost,88.5,1,30,2010-05-11 13:54:00
13223.0,Potential Loyalists,969.12,6,568,2011-05-23 13:03:00
13224.0,Potential Loyalists,2155.95,2,1518,2011-10-10 14:55:00
13225.0,Champions,16260.07,16,7401,2011-12-06 13:29:00
13226.0,At Risk,312.46,2,179,2011-03-11 14:35:00
13227.0,Lost,257.7,1,99,2011-05-22 11:47:00
13228.0,At Risk,358.0,1,200,2011-09-19 14:28:00
13229.0,Lost,160.95,1,63,2011-04-28 12:07:00
13230.0,Champions,6120.01,30,3520,2011-12-05 16:03:00
13232.0,Champions,1328.35,7,773,2011-11-27 10:39:00
13233.0,Potential Loyalists,1176.46,4,1604,2011-09-26 13:25:00
13234.0,At Risk,346.5,2,159,2010-02-05 11:41:00
13235.0,At Risk,1031.07,1,441,2011-05-11 17:13:00
13236.0,Potential Loyalists,744.85,2,416,2011-11-15 12:50:00
13237.0,At Risk,643.0,1,128,2010-11-17 10:07:00
13238.0,Loyal Customers,1006.63,6,442,2011-11-22 15:37:00
13239.0,Loyal Customers,1594.69,5,1151,2011-03-23 10:25:00
13240.0,Loyal Customers,1475.79,8,709,2011-09-04 14:08:00
13241.0,Lost,112.53,1,46,2010-10-24 11:17:00
13242.0,Loyal Customers,699.4,7,350,2011-08-19 12:53:00
13243.0,Potential Loyalists,1220.38,5,554,2011-05-20 13:14:00
13244.0,At Risk,121.74000000000001,1,38,2011-09-08 11:46:00
13245.0,Potential Loyalists,989.22,2,371,2011-10-20 11:40:00
13246.0,Champions,3351.75,11,2796,2011-11-21 16:50:00
13247.0,Loyal Customers,501.12,4,328,2011-11-22 10:59:00
13248.0,Potential Loyalists,465.68,2,305,2011-08-07 12:40:00
13249.0,Loyal Customers,1608.9299999999998,9,1246,2011-09-08 13:26:00
13250.0,Lost,253.09,2,107,2010-09-05 11:33:00
13251.0,Lost,252.68,1,215,2010-11-02 13:20:00
13252.0,At Risk,399.3,2,134,2010-11-10 16:00:00
13253.0,Loyal Customers,2951.11,4,3015,2011-07-06 10:09:00
13254.0,Lost,51.41,1,43,2010-11-28 15:42:00
13255.0,Loyal Customers,678.76,3,407,2011-11-30 13:14:00
13257.0,Lost,149.75,1,33,2010-09-29 14:58:00
13258.0,Loyal Customers,1009.43,5,446,2011-11-28 09:31:00
13259.0,Loyal Customers,1402.54,9,503,2011-10-09 10:48:00
13260.0,At Risk,557.62,1,142,2011-10-09 13:21:00
13261.0,Potential Loyalists,944.1,2,210,2011-03-16 12:22:00
13262.0,Potential Loyalists,573.45,3,247,2011-03-21 15:06:00
13263.0,Champions,8676.2,39,5372,2011-12-08 13:59:00
13264.0,At Risk,722.5600000000001,1,375,2010-09-23 12:42:00
13265.0,Loyal Customers,2092.66,5,1740,2011-10-17 15:02:00
13266.0,Champions,6135.04,19,6837,2011-11-28 14:39:00
13267.0,Champions,9429.81,36,3959,2011-12-07 11:12:00
13268.0,Champions,3174.75,11,3624,2011-11-22 11:51:00
13269.0,Champions,8537.32,28,6366,2011-12-08 14:53:00
13270.0,At Risk,590.0,1,200,2010-12-08 14:53:00
13271.0,At Risk,211.49,1,240,2011-11-02 14:31:00
13272.0,Potential Loyalists,276.56,2,96,2011-11-08 14:00:00
13273.0,At Risk,138.98,1,153,2011-08-18 14:02:00
13274.0,At Risk,360.85,1,199,2010-10-26 13:48:00
13275.0,At Risk,238.86,2,138,2010-11-21 12:09:00
13276.0,Loyal Customers,1891.91,5,840,2011-10-07 12:44:00
13277.0,Loyal Customers,523.3,7,382,2011-11-24 09:21:00
13278.0,Loyal Customers,1435.85,4,1358,2011-10-30 11:49:00
13279.0,At Risk,137.75,1,73,2011-09-22 17:24:00
13280.0,Loyal Customers,2293.33,7,1489,2011-08-09 13:14:00
13281.0,Lost,350.85,1,201,2010-09-26 16:03:00
13282.0,Loyal Customers,1313.19,4,410,2011-11-21 15:33:00
13283.0,Potential Loyalists,373.36,4,204,2011-10-11 09:50:00
13284.0,Lost,201.19,1,91,2011-01-13 09:23:00
13285.0,Champions,3364.59,6,2457,2011-11-16 13:19:00
13286.0,At Risk,734.91,1,274,2010-04-18 15:35:00
13287.0,Potential Loyalists,781.59,3,429,2010-04-15 15:26:00
13288.0,Potential Loyalists,927.61,5,379,2010-09-22 16:32:00
13289.0,Lost,307.95,1,119,2009-12-16 11:53:00
13290.0,Lost,208.63,1,1,2010-09-27 16:29:00
13291.0,Champions,3270.79,11,1600,2011-07-07 10:36:00
13292.0,Loyal Customers,994.51,5,530,2011-11-01 10:04:00
13293.0,Potential Loyalists,1192.94,6,555,2010-11-12 13:28:00
13294.0,Potential Loyalists,1689.53,3,996,2011-06-03 08:54:00
13295.0,Potential Loyalists,1101.97,4,733,2010-12-15 11:21:00
13296.0,Loyal Customers,792.51,6,653,2011-07-25 13:46:00
13297.0,Champions,4368.62,7,2694,2011-12-02 09:32:00
13298.0,Potential Loyalists,360.0,1,96,2011-12-08 13:11:00
13299.0,Potential Loyalists,1218.7,3,416,2011-03-16 12:55:00
13300.0,Loyal Customers,1285.51,3,455,2011-06-23 13:09:00
13301.0,Potential Loyalists,618.09,4,345,2011-08-28 11:25:00
13302.0,At Risk,159.2,2,12,2011-07-07 17:56:00
13303.0,Lost,61.72,1,26,2010-11-04 14:55:00
13304.0,Potential Loyalists,1217.99,4,716,2010-12-23 14:35:00
13305.0,Champions,3616.41,16,2228,2011-12-05 15:15:00
13306.0,Lost,53.65,1,74,2010-10-05 14:55:00
13307.0,Potential Loyalists,273.34,3,140,2011-08-11 17:14:00
13308.0,Loyal Customers,1670.3700000000001,4,1073,2011-11-17 09:31:00
13309.0,Champions,1706.3700000000001,6,1914,2011-12-02 16:34:00
13310.0,Loyal Customers,1541.2,5,816,2011-11-11 17:23:00
13311.0,Potential Loyalists,598.57,2,305,2011-12-05 12:55:00
13312.0,Lost,124.75,1,41,2010-09-14 14:36:00
13313.0,Champions,3445.32,12,2308,2011-11-17 16:48:00
13314.0,Loyal Customers,775.94,3,560,2011-12-08 12:29:00
13315.0,Lost,310.26000000000005,1,232,2010-01-19 15:34:00
13316.0,Champions,12940.82,10,19931,2011-11-02 13:40:00
13317.0,Champions,6486.091,19,3149,2011-10-04 13:35:00
13318.0,Loyal Customers,640.76,3,304,2011-12-08 18:51:00
13319.0,Champions,21323.22,58,8974,2011-12-04 13:34:00
13320.0,Loyal Customers,2211.6,6,1509,2011-09-22 18:07:00
13321.0,Potential Loyalists,567.36,2,372,2011-09-28 15:24:00
13322.0,Potential Loyalists,199.48000000000002,1,117,2011-11-22 14:21:00
13323.0,Loyal Customers,787.85,5,175,2011-12-06 17:12:00
13324.0,Champions,10513.47,18,8448,2011-11-03 16:28:00
13325.0,Potential Loyalists,675.3,1,240,2011-09-19 10:36:00
13326.0,Lost,281.76,1,140,2010-10-03 16:00:00
13327.0,Champions,9134.48,20,4203,2011-11-01 10:21:00
13328.0,Potential Loyalists,1308.48,1,680,2011-01-27 15:22:00
13329.0,Champions,4808.7699999999995,8,3311,2011-11-08 10:29:00
13330.0,Loyal Customers,2796.1,6,1951,2011-09-08 12:27:00
13331.0,Lost,262.4,1,54,2010-11-03 08:04:00
13332.0,Potential Loyalists,350.90000000000003,1,179,2011-11-25 13:30:00
13333.0,Potential Loyalists,1015.74,3,685,2010-10-24 13:24:00
13334.0,Loyal Customers,6201.8,5,3198,2011-09-18 15:21:00
13336.0,Potential Loyalists,795.12,1,559,2011-09-23 14:05:00
13337.0,At Risk,1575.26,1,980,2010-06-11 13:27:00
13338.0,Loyal Customers,2445.62,4,1151,2011-07-05 09:06:00
13339.0,At Risk,860.12,1,326,2011-05-23 08:31:00
13340.0,Champions,22100.56,12,9636,2011-10-25 13:15:00
13341.0,At Risk,775.85,1,301,2011-03-24 09:50:00
13343.0,At Risk,353.43,1,135,2011-06-15 12:24:00
13344.0,Loyal Customers,2511.69,3,952,2011-10-03 09:45:00
13345.0,At Risk,389.5,1,141,2011-02-25 09:01:00
13346.0,Potential Loyalists,299.4,6,180,2010-09-03 11:41:00
13347.0,At Risk,341.36,1,205,2011-09-30 13:28:00
13348.0,At Risk,233.76000000000002,1,136,2011-10-06 17:28:00
13349.0,Potential Loyalists,247.32,1,225,2011-11-29 08:07:00
13350.0,Loyal Customers,979.12,2,287,2011-11-23 16:33:00
13351.0,At Risk,373.94,1,117,2011-10-04 12:55:00
13352.0,At Risk,397.98,1,321,2011-10-10 13:55:00
13354.0,Potential Loyalists,743.53,1,604,2011-09-29 13:17:00
13355.0,Potential Loyalists,674.7,1,314,2011-08-09 14:48:00
13356.0,Potential Loyalists,768.24,1,325,2011-09-20 14:33:00
13357.0,Loyal Customers,3805.51,5,2112,2011-03-27 13:56:00
13358.0,At Risk,439.03000000000003,1,285,2011-03-16 11:52:00
13359.0,Potential Loyalists,1043.31,2,381,2011-10-07 09:30:00
13360.0,Potential Loyalists,1553.65,4,942,2010-10-04 12:37:00
13361.0,Potential Loyalists,1450.5,2,324,2010-08-24 14:56:00
13362.0,Champions,5394.07,7,2481,2011-11-30 14:41:00
13363.0,Loyal Customers,1723.8600000000001,3,1146,2011-11-22 12:40:00
13364.0,At Risk,134.96,1,71,2011-09-29 18:13:00
13365.0,Loyal Customers,2225.37,2,1247,2011-11-06 12:36:00
13366.0,At Risk,56.16,1,144,2011-10-20 13:37:00
13367.0,Lost,510.2,1,253,2010-10-04 10:00:00
13368.0,Potential Loyalists,1121.5,4,606,2011-03-28 09:59:00
13369.0,At Risk,308.28000000000003,1,149,2010-12-09 11:30:00
13370.0,At Risk,754.87,1,343,2010-12-03 10:26:00
13371.0,Potential Loyalists,2297.66,2,1019,2010-07-22 17:33:00
13372.0,At Risk,378.64,1,159,2011-09-11 12:46:00
13373.0,Loyal Customers,7587.1900000000005,6,4263,2011-10-10 10:51:00
13374.0,At Risk,422.8,2,135,2010-10-21 10:04:00
13375.0,Potential Loyalists,1792.23,2,1124,2011-09-12 10:19:00
13376.0,Potential Loyalists,1019.76,3,493,2011-09-01 16:16:00
13377.0,Potential Loyalists,1552.88,2,748,2010-11-08 12:20:00
13379.0,Potential Loyalists,572.56,3,601,2011-11-13 13:45:00
13380.0,Lost,62.4,1,48,2010-10-03 10:18:00
13381.0,Champions,8224.37,12,5125,2011-11-08 11:58:00
13382.0,Loyal Customers,1387.58,5,863,2011-03-04 10:03:00
13383.0,Lost,305.28000000000003,1,288,2010-06-14 11:45:00
13384.0,Champions,6680.83,11,4142,2011-11-09 11:04:00
13385.0,At Risk,534.57,1,281,2011-01-14 09:52:00
13386.0,At Risk,835.46,2,514,2010-10-21 12:52:00
13387.0,Lost,186.94,1,123,2010-10-18 14:07:00
13388.0,Potential Loyalists,1185.65,3,701,2011-07-31 12:52:00
13389.0,Loyal Customers,797.96,3,429,2011-11-28 14:01:00
13390.0,At Risk,544.08,1,224,2011-09-26 08:38:00
13391.0,Lost,59.8,1,4,2011-05-20 10:50:00
13392.0,Lost,91.14,1,82,2010-01-31 13:34:00
13393.0,Potential Loyalists,1131.45,4,662,2010-05-05 09:34:00
13394.0,Champions,6621.7,19,5354,2011-12-08 11:36:00
13395.0,Potential Loyalists,1180.23,3,1660,2011-06-07 15:04:00
13396.0,Loyal Customers,1360.99,2,600,2011-11-10 16:59:00
13397.0,Champions,3191.87,10,1336,2011-09-28 10:56:00
13398.0,Potential Loyalists,670.34,2,341,2011-05-31 13:17:00
13399.0,At Risk,275.4,3,120,2010-09-01 13:59:00
13400.0,Lost,310.83,1,284,2010-05-06 09:00:00
13402.0,Loyal Customers,1226.8500000000001,4,917,2011-08-04 15:51:00
13403.0,Potential Loyalists,229.5,3,114,2011-11-22 08:28:00
13404.0,Potential Loyalists,252.49,2,111,2011-12-08 15:37:00
13405.0,Loyal Customers,1213.811,6,855,2011-09-26 17:01:00
13406.0,At Risk,568.92,2,292,2010-10-08 14:44:00
13407.0,Potential Loyalists,2244.7,3,1690,2010-05-10 12:41:00
13408.0,Champions,50174.782,106,28675,2011-12-08 09:05:00
13410.0,Champions,2201.96,9,1244,2011-11-15 15:33:00
13411.0,At Risk,213.55,1,72,2011-08-24 13:57:00
13412.0,Lost,487.35,1,176,2010-03-29 16:28:00
13413.0,Potential Loyalists,429.44,6,455,2010-03-10 12:17:00
13414.0,Loyal Customers,2494.14,6,2702,2011-07-29 11:45:00
13415.0,Potential Loyalists,784.17,4,496,2010-08-24 11:38:00
13416.0,Loyal Customers,940.8000000000001,3,208,2011-10-27 08:56:00
13417.0,Champions,1669.49,6,532,2011-12-05 08:49:00
13418.0,Champions,11559.66,31,7354,2011-11-28 10:23:00
13419.0,At Risk,221.06,1,275,2011-10-07 12:49:00
13420.0,At Risk,159.85,2,101,2011-07-13 08:48:00
13421.0,Champions,4058.75,8,2351,2011-10-30 14:21:00
13422.0,Potential Loyalists,2626.3,1,1326,2011-10-06 13:42:00
13423.0,Lost,217.03,1,141,2010-10-07 09:02:00
13424.0,Lost,572.77,1,529,2010-09-16 10:49:00
13425.0,Loyal Customers,3390.4300000000003,5,2358,2011-08-23 17:13:00
13426.0,Champions,8167.38,22,4868,2011-12-09 08:59:00
13427.0,Loyal Customers,1006.53,6,880,2011-11-20 13:02:00
13428.0,Loyal Customers,478.54,3,356,2011-11-29 14:20:00
13429.0,Loyal Customers,1006.8,4,1390,2011-11-29 09:10:00
13430.0,Loyal Customers,679.45,2,751,2011-11-21 08:19:00
13431.0,Loyal Customers,3316.2400000000002,8,1570,2011-10-03 13:49:00
13432.0,At Risk,439.1,2,217,2010-05-17 13:18:00
13433.0,Potential Loyalists,658.32,4,190,2010-07-26 16:55:00
13434.0,Loyal Customers,1666.8600000000001,5,864,2011-09-26 14:30:00
13435.0,Champions,4447.33,9,2754,2011-12-04 14:45:00
13436.0,Potential Loyalists,196.89,1,76,2011-12-08 10:33:00
13437.0,Champions,3408.06,7,1283,2011-11-25 14:00:00
13438.0,Lost,46.5,1,10,2010-06-10 18:46:00
13439.0,Potential Loyalists,986.61,3,952,2011-03-29 14:20:00
13440.0,Potential Loyalists,1295.25,7,573,2010-10-12 13:11:00
13441.0,Potential Loyalists,720.9,2,520,2011-09-09 09:38:00
13442.0,At Risk,419.87,3,115,2010-02-10 14:03:00
13443.0,Potential Loyalists,1273.16,6,805,2010-09-17 12:31:00
13444.0,Potential Loyalists,619.08,2,331,2010-11-30 13:02:00
13445.0,Lost,241.89999999999998,1,198,2010-03-23 15:34:00
13446.0,Loyal Customers,3881.89,11,2403,2010-10-05 18:51:00
13447.0,Loyal Customers,1129.14,3,584,2011-11-16 13:38:00
13448.0,Champions,8745.93,13,4195,2011-11-23 12:33:00
13449.0,Potential Loyalists,291.88,1,222,2011-11-16 08:28:00
13450.0,Champions,4120.04,13,4318,2011-11-13 11:54:00
13451.0,Champions,7090.06,11,5229,2011-11-13 15:58:00
13452.0,Potential Loyalists,729.8,3,6,2011-03-25 14:19:00
13453.0,Potential Loyalists,781.69,3,341,2011-06-27 09:34:00
13454.0,Lost,219.87,1,198,2010-03-08 14:40:00
13455.0,Loyal Customers,2212.9900000000002,6,795,2011-11-15 11:21:00
13456.0,Champions,1766.72,6,765,2011-11-22 09:18:00
13457.0,Lost,148.22,2,96,2010-01-20 08:48:00
13458.0,Champions,11959.27,16,6760,2011-12-02 15:29:00
13459.0,At Risk,1160.41,2,986,2010-03-25 10:24:00
13460.0,Potential Loyalists,183.44,2,286,2011-11-10 17:17:00
13461.0,Champions,4160.0,6,3132,2011-11-01 09:01:00
13462.0,Potential Loyalists,1153.8500000000001,5,697,2011-04-01 11:20:00
13464.0,Champions,3097.64,6,1440,2011-10-12 15:01:00
13465.0,At Risk,931.12,2,584,2010-09-19 15:13:00
13466.0,Loyal Customers,1013.35,5,660,2011-06-08 16:39:00
13467.0,Loyal Customers,1071.91,2,580,2011-11-29 10:01:00
13468.0,Champions,12793.28,72,5617,2011-12-08 10:39:00
13469.0,Lost,82.4,1,52,2010-02-24 15:03:00
13470.0,At Risk,165.0,2,100,2011-09-01 14:57:00
13471.0,Loyal Customers,2501.84,4,1583,2011-12-08 15:44:00
13472.0,At Risk,592.24,2,310,2010-09-02 09:41:00
13473.0,Loyal Customers,2657.76,8,1000,2011-10-10 11:20:00
13474.0,Potential Loyalists,646.59,3,318,2011-04-17 13:53:00
13475.0,Potential Loyalists,1431.78,4,1012,2011-06-01 13:52:00
13476.0,Loyal Customers,2061.4700000000003,5,713,2011-06-14 12:00:00
13477.0,Champions,2819.17,11,2091,2011-11-02 12:04:00
13478.0,Potential Loyalists,2215.78,5,1189,2010-08-27 13:23:00
13479.0,Potential Loyalists,851.37,4,716,2011-05-23 10:45:00
13480.0,At Risk,627.82,2,362,2010-10-19 11:53:00
13481.0,Champions,3830.84,11,2055,2011-10-25 09:07:00
13482.0,At Risk,336.09,2,187,2011-04-21 17:03:00
13483.0,At Risk,140.34,1,160,2011-10-05 11:53:00
13484.0,Potential Loyalists,790.72,3,224,2011-04-12 16:30:00
13485.0,Loyal Customers,3019.2200000000003,11,1798,2011-04-20 13:58:00
13486.0,Potential Loyalists,1122.41,3,669,2011-09-22 13:13:00
13487.0,Loyal Customers,846.87,5,362,2011-10-13 12:07:00
13488.0,Champions,14205.960000000001,23,7375,2011-11-22 14:41:00
13489.0,Potential Loyalists,449.52,4,560,2011-08-26 13:16:00
13490.0,Lost,154.25,1,25,2010-02-23 14:48:00
13491.0,Champions,4467.66,27,2349,2011-10-19 08:32:00
13492.0,Loyal Customers,1269.84,3,408,2011-07-26 14:25:00
13493.0,Potential Loyalists,618.63,2,380,2011-03-09 15:35:00
13494.0,At Risk,316.26000000000005,1,162,2011-02-01 11:58:00
13495.0,Champions,4863.31,10,2465,2011-12-02 11:21:00
13496.0,Loyal Customers,653.33,2,341,2011-11-29 10:58:00
13497.0,Potential Loyalists,1166.8300000000002,6,525,2011-03-02 09:04:00
13498.0,Lost,327.38,1,362,2009-12-09 15:26:00
13499.0,Loyal Customers,1159.1100000000001,5,1365,2011-11-22 11:21:00
13500.0,Loyal Customers,1466.3,4,838,2011-11-16 15:35:00
13501.0,Potential Loyalists,2885.11,3,1253,2011-02-24 18:59:00
13502.0,Loyal Customers,780.5,5,490,2011-11-23 10:39:00
13503.0,Loyal Customers,1859.24,6,1105,2011-09-29 13:23:00
13504.0,At Risk,295.93,1,178,2011-10-06 13:20:00
13505.0,Loyal Customers,4393.63,4,2486,2011-09-28 11:56:00
13506.0,Loyal Customers,1338.08,5,942,2011-01-27 13:53:00
13507.0,Loyal Customers,2479.16,4,1597,2011-12-06 13:13:00
13508.0,At Risk,287.05,2,180,2011-04-10 11:58:00
13509.0,Loyal Customers,1114.72,8,1214,2011-12-01 10:10:00
13510.0,Champions,4558.29,11,3044,2011-12-08 13:46:00
13511.0,Lost,282.76,1,60,2010-02-01 12:10:00
13512.0,Potential Loyalists,713.39,4,419,2011-03-24 10:03:00
13513.0,Potential Loyalists,824.59,3,364,2011-08-05 11:50:00
13514.0,Potential Loyalists,815.9000000000001,4,288,2011-09-27 09:39:00
13515.0,Loyal Customers,1265.82,6,819,2011-09-28 11:26:00
13516.0,Loyal Customers,1685.26,4,1114,2011-11-18 13:15:00
13517.0,Loyal Customers,2128.42,3,1369,2011-10-11 11:43:00
13518.0,Potential Loyalists,627.16,1,382,2011-09-15 10:29:00
13519.0,Potential Loyalists,343.21,2,133,2011-09-22 18:24:00
13520.0,Champions,6606.0,11,3179,2011-10-12 10:20:00
13521.0,Loyal Customers,1071.73,3,718,2011-12-08 13:50:00
13522.0,At Risk,125.80000000000001,1,44,2011-11-09 15:11:00
13523.0,Champions,4534.57,6,1989,2011-11-06 15:11:00
13524.0,Loyal Customers,680.1800000000001,5,324,2011-10-30 12:34:00
13525.0,Loyal Customers,628.78,2,394,2011-11-25 12:01:00
13526.0,At Risk,1182.0,2,1911,2009-12-01 13:13:00
13527.0,Champions,4541.29,12,2736,2011-11-06 12:04:00
13529.0,Potential Loyalists,307.76,2,74,2011-09-22 09:15:00
13530.0,Lost,402.98,1,272,2010-03-15 14:10:00
13531.0,Loyal Customers,1433.07,6,497,2011-05-18 16:56:00
13532.0,At Risk,210.31,1,129,2011-11-06 12:25:00
13533.0,Potential Loyalists,269.09,3,202,2011-06-10 11:54:00
13534.0,Champions,7720.900000000001,35,3869,2011-12-07 14:52:00
13535.0,Lost,89.5,1,10,2010-11-02 11:49:00
13536.0,Champions,3444.39,7,2126,2011-12-08 16:38:00
13537.0,At Risk,717.85,2,337,2010-10-10 12:45:00
13538.0,Champions,3103.13,12,959,2011-10-27 16:34:00
13539.0,Loyal Customers,1569.36,7,710,2011-09-15 10:18:00
13540.0,Potential Loyalists,632.39,3,189,2010-08-29 14:20:00
13541.0,At Risk,785.25,2,279,2010-10-08 16:37:00
13542.0,Loyal Customers,3959.4900000000002,17,804,2010-11-28 11:24:00
13543.0,Potential Loyalists,1439.61,2,329,2010-03-15 13:34:00
13544.0,Loyal Customers,790.2,6,331,2011-10-31 11:57:00
13545.0,At Risk,364.93,2,252,2010-11-14 11:27:00
13546.0,Loyal Customers,1086.24,5,587,2011-11-27 14:50:00
13547.0,Lost,167.08,1,79,2010-10-27 14:14:00
13548.0,Potential Loyalists,901.44,3,558,2011-09-04 14:50:00
13549.0,Loyal Customers,1005.8000000000001,8,554,2011-11-14 09:20:00
13550.0,At Risk,342.55,1,430,2010-11-21 15:24:00
13551.0,At Risk,244.2,2,36,2011-01-24 14:46:00
13552.0,Champions,6948.92,22,2630,2011-10-04 15:19:00
13553.0,Lost,499.6,1,201,2010-02-03 12:21:00
13554.0,Loyal Customers,1629.35,7,578,2010-11-24 15:05:00
13555.0,Champions,8891.84,13,4762,2011-09-27 12:36:00
13556.0,Lost,200.82,2,134,2010-10-06 16:44:00
13557.0,Champions,3032.26,13,2398,2011-11-11 15:24:00
13558.0,Loyal Customers,594.52,4,338,2011-12-04 11:24:00
13559.0,At Risk,990.0,2,360,2010-07-15 09:52:00
13560.0,Potential Loyalists,171.42000000000002,1,63,2011-12-02 13:11:00
13561.0,Loyal Customers,1803.4,11,1125,2011-05-08 12:39:00
13562.0,Loyal Customers,4838.18,8,1603,2011-09-19 10:51:00
13563.0,Potential Loyalists,777.53,2,209,2011-09-16 14:45:00
13564.0,Champions,16498.97,37,8878,2011-07-18 14:33:00
13565.0,Loyal Customers,414.8,3,260,2011-11-20 14:33:00
13566.0,Loyal Customers,1688.6,5,1257,2011-10-30 11:59:00
13567.0,Potential Loyalists,1079.29,4,643,2010-10-07 12:51:00
13568.0,At Risk,187.05,1,66,2011-06-19 14:42:00
13569.0,Loyal Customers,726.54,4,345,2011-11-22 13:07:00
13570.0,Lost,239.49,1,161,2011-04-10 13:36:00
13571.0,Champions,4537.26,26,3191,2011-11-27 10:47:00
13572.0,Potential Loyalists,1384.25,1,534,2011-05-18 11:59:00
13573.0,Loyal Customers,904.52,6,647,2011-10-20 14:33:00
13574.0,Lost,404.45,1,304,2010-10-24 13:28:00
13575.0,Loyal Customers,732.07,5,449,2011-11-16 13:14:00
13576.0,Champions,11202.59,28,4506,2011-11-29 15:34:00
13577.0,Champions,3489.28,11,1661,2011-11-14 15:19:00
13578.0,Lost,147.66,1,127,2010-10-26 13:44:00
13579.0,Champions,1374.3400000000001,5,718,2011-11-25 08:41:00
13580.0,Lost,107.75,1,45,2010-10-29 15:01:00
13581.0,At Risk,280.53000000000003,2,119,2011-02-03 14:41:00
13582.0,At Risk,241.68,2,106,2010-11-15 11:34:00
13583.0,Potential Loyalists,1445.031,2,1097,2011-07-07 10:40:00
13584.0,Potential Loyalists,385.7,3,360,2011-02-06 12:49:00
13585.0,Potential Loyalists,684.54,3,1386,2010-06-27 12:33:00
13586.0,Lost,127.28,1,38,2010-06-16 13:47:00
13587.0,Loyal Customers,1673.5,4,664,2011-10-07 12:31:00
13588.0,Champions,2478.95,9,2606,2011-11-24 10:42:00
13589.0,Loyal Customers,1120.74,6,293,2011-11-25 12:10:00
13590.0,Champions,6336.04,18,5271,2011-11-28 12:54:00
13591.0,Loyal Customers,2093.94,7,850,2011-10-06 12:26:00
13592.0,Potential Loyalists,247.95999999999998,4,84,2011-11-04 09:49:00
13593.0,Champions,5493.29,14,2170,2011-08-23 13:35:00
13594.0,Potential Loyalists,533.32,2,396,2011-10-18 10:19:00
13595.0,Potential Loyalists,784.48,3,341,2010-07-11 12:36:00
13596.0,Loyal Customers,664.11,2,384,2011-12-04 12:01:00
13597.0,At Risk,396.71,2,231,2010-11-04 14:54:00
13598.0,Loyal Customers,761.96,5,393,2011-10-23 14:28:00
13599.0,Champions,9811.04,33,6248,2011-12-08 16:10:00
13600.0,At Risk,518.42,2,599,2011-01-31 15:27:00
13601.0,Loyal Customers,1159.99,4,957,2011-10-25 17:31:00
13602.0,Potential Loyalists,1025.17,4,538,2011-10-06 11:47:00
13603.0,At Risk,164.34,1,164,2011-11-13 15:57:00
13604.0,At Risk,717.62,1,242,2010-02-19 12:02:00
13605.0,At Risk,522.67,2,425,2010-11-17 17:16:00
13606.0,Potential Loyalists,276.75,3,276,2011-11-10 17:46:00
13607.0,Potential Loyalists,1075.81,2,466,2011-10-30 16:17:00
13608.0,Lost,232.05,1,110,2010-06-17 12:28:00
13609.0,Lost,167.35,1,19,2010-04-25 13:26:00
13610.0,Champions,2103.71,14,869,2011-11-27 15:38:00
13611.0,Champions,3297.9300000000003,10,1988,2011-09-11 14:51:00
13612.0,At Risk,818.29,1,444,2010-03-17 12:14:00
13613.0,Potential Loyalists,1039.8500000000001,5,445,2010-09-13 12:01:00
13614.0,Loyal Customers,2332.74,6,821,2011-11-15 14:47:00
13615.0,Loyal Customers,6272.53,8,2910,2011-01-25 08:21:00
13616.0,Lost,283.85,2,172,2010-05-20 12:59:00
13617.0,Loyal Customers,1278.75,8,593,2011-10-30 13:50:00
13618.0,At Risk,177.34,1,246,2011-06-19 11:09:00
13619.0,Lost,224.94,2,79,2010-06-13 11:39:00
13620.0,Lost,112.34,1,74,2010-06-29 15:02:00
13621.0,At Risk,213.85,1,343,2011-08-15 08:26:00
13622.0,At Risk,658.95,1,379,2010-01-12 13:22:00
13623.0,Champions,2533.06,10,1010,2011-11-09 12:00:00
13624.0,At Risk,462.08,1,820,2010-11-16 13:43:00
13625.0,Lost,301.26,1,144,2010-04-22 10:50:00
13626.0,Potential Loyalists,707.04,2,398,2011-04-01 10:05:00
13627.0,Loyal Customers,2245.9,7,1632,2011-10-11 14:20:00
13628.0,Lost,310.14,1,106,2010-02-01 14:44:00
13629.0,Champions,13370.86,19,7722,2011-11-16 13:21:00
13630.0,Champions,2031.78,7,1391,2011-12-04 15:16:00
13631.0,Champions,3070.42,11,467,2011-09-01 09:57:00
13632.0,Champions,3645.81,8,1633,2011-11-15 10:51:00
13634.0,Champions,5033.77,16,2090,2011-11-06 13:40:00
13635.0,Loyal Customers,2999.16,4,1884,2011-10-03 10:55:00
13636.0,Loyal Customers,949.12,5,592,2011-11-03 10:30:00
13637.0,Loyal Customers,804.3,3,405,2011-10-18 13:32:00
13638.0,Potential Loyalists,122.64,1,93,2011-11-24 10:38:00
13639.0,Potential Loyalists,1346.27,2,997,2011-09-26 13:36:00
13640.0,Lost,405.0,1,108,2010-04-07 15:33:00
13641.0,Potential Loyalists,1016.47,5,1098,2010-03-09 07:37:00
13642.0,Potential Loyalists,472.2,4,231,2011-05-08 12:34:00
13643.0,Champions,2156.77,10,902,2011-11-08 15:37:00
13644.0,Loyal Customers,2624.26,4,2067,2011-11-23 14:07:00
13645.0,At Risk,252.1,1,158,2011-08-11 16:11:00
13646.0,At Risk,326.25,2,79,2010-11-05 12:13:00
13647.0,Champions,3041.68,8,1795,2011-11-30 12:00:00
13648.0,Loyal Customers,1764.02,8,960,2010-11-04 14:46:00
13649.0,Loyal Customers,1453.68,6,782,2011-03-28 11:51:00
13650.0,Champions,3288.0,10,1746,2011-11-23 12:22:00
13651.0,Potential Loyalists,226.85,3,62,2011-11-04 14:59:00
13652.0,Loyal Customers,2262.05,5,1458,2011-10-25 08:51:00
13653.0,Lost,152.2,1,72,2010-08-09 08:19:00
13654.0,Champions,6308.0,11,4762,2011-10-27 16:24:00
13655.0,Loyal Customers,2280.51,6,1225,2011-08-17 14:25:00
13656.0,Potential Loyalists,1078.85,4,862,2011-06-28 10:31:00
13657.0,Potential Loyalists,382.14,2,209,2011-11-29 12:32:00
13658.0,Champions,6025.5,9,2171,2011-11-30 10:13:00
13659.0,Loyal Customers,4884.68,12,2527,2011-05-18 12:37:00
13660.0,At Risk,306.64,1,136,2010-11-04 16:10:00
13661.0,Lost,325.24,1,118,2010-04-15 14:58:00
13662.0,Loyal Customers,2233.61,11,1169,2011-09-15 12:04:00
13663.0,Loyal Customers,2047.51,5,893,2011-06-13 15:44:00
13665.0,Potential Loyalists,1711.66,3,1652,2010-11-18 13:06:00
13666.0,Potential Loyalists,127.9,5,54,2011-10-10 15:39:00
13667.0,At Risk,299.05,1,149,2011-07-13 15:42:00
13668.0,Champions,12948.48,35,6096,2011-12-07 12:11:00
13669.0,Potential Loyalists,413.55,3,393,2011-10-20 09:32:00
13670.0,At Risk,349.7,1,282,2011-09-25 15:25:00
13671.0,Lost,172.6,1,95,2010-11-10 10:50:00
13672.0,Potential Loyalists,419.92,3,138,2011-02-11 13:53:00
13673.0,Potential Loyalists,387.44,2,114,2011-11-21 12:11:00
13674.0,Lost,240.68,1,102,2010-10-03 10:41:00
13675.0,Potential Loyalists,486.82000000000005,2,330,2011-07-11 12:57:00
13676.0,Lost,243.9,2,104,2010-06-18 17:30:00
13677.0,At Risk,551.24,2,217,2010-10-31 11:32:00
13678.0,At Risk,232.6,1,924,2011-07-11 10:14:00
13679.0,At Risk,281.26,3,102,2010-08-03 12:13:00
13680.0,Champions,11419.67,12,5244,2011-12-08 13:47:00
13681.0,Loyal Customers,827.83,4,360,2011-11-22 11:13:00
13682.0,At Risk,59.5,1,10,2011-06-05 14:06:00
13683.0,Lost,258.6,1,180,2010-09-08 10:00:00
13684.0,Potential Loyalists,594.88,4,234,2011-02-27 10:13:00
13685.0,Champions,3119.44,7,5056,2011-12-07 11:41:00
13686.0,Potential Loyalists,409.04,3,378,2011-06-10 09:10:00
13687.0,Potential Loyalists,11880.84,1,87167,2010-09-27 16:30:00
13688.0,Lost,375.5,1,130,2010-03-14 14:11:00
13689.0,Potential Loyalists,1259.5,2,722,2011-10-07 13:21:00
13690.0,At Risk,172.25,1,67,2011-10-11 15:03:00
13691.0,Lost,212.78,1,145,2010-11-08 17:34:00
13692.0,Champions,3114.4,5,2101,2011-11-15 11:17:00
13693.0,Loyal Customers,2011.8200000000002,9,880,2010-11-30 18:21:00
13694.0,Champions,195640.69,143,188201,2011-12-06 09:32:00
13695.0,Champions,2770.73,16,1791,2011-11-08 14:26:00
13696.0,Potential Loyalists,2020.4,3,552,2010-10-14 09:44:00
13697.0,At Risk,151.3,1,177,2011-11-01 09:14:00
13698.0,At Risk,451.73,2,227,2010-04-22 11:52:00
13699.0,Potential Loyalists,764.15,2,219,2011-07-07 16:51:00
13700.0,Champions,2596.9700000000003,13,2786,2011-11-13 13:00:00
13701.0,Lost,161.0,1,80,2010-09-19 12:39:00
13702.0,Lost,135.18,1,74,2010-09-20 11:40:00
13703.0,At Risk,425.56,2,128,2011-01-25 13:10:00
13704.0,Champions,2308.06,9,1531,2011-12-04 15:13:00
13705.0,Champions,1717.19,7,906,2011-12-02 12:32:00
13706.0,Potential Loyalists,631.1700000000001,2,301,2011-02-10 09:21:00
13707.0,Loyal Customers,3365.86,5,2210,2011-03-17 18:03:00
13708.0,Lost,285.33,1,301,2011-03-13 13:46:00
13709.0,Champions,7571.35,18,4122,2011-12-06 10:28:00
13710.0,Potential Loyalists,509.52,3,336,2011-11-08 08:16:00
13711.0,Loyal Customers,1792.26,9,819,2011-05-05 10:31:00
13712.0,Potential Loyalists,766.42,2,1128,2011-04-07 12:33:00
13713.0,Potential Loyalists,740.76,3,284,2010-10-27 16:18:00
13714.0,Lost,161.35,1,50,2010-08-31 13:57:00
13715.0,Loyal Customers,8153.04,17,4800,2011-03-03 19:21:00
13716.0,Lost,138.28,1,138,2011-03-15 13:49:00
13717.0,Loyal Customers,1763.3,8,2144,2011-11-07 14:13:00
13718.0,At Risk,306.55,2,173,2011-04-07 13:24:00
13719.0,Champions,2783.08,11,1588,2011-11-24 15:26:00
13720.0,Potential Loyalists,799.9,4,501,2011-08-15 12:46:00
13721.0,Potential Loyalists,741.54,2,512,2011-11-03 14:05:00
13722.0,Champions,5635.41,10,3059,2011-07-31 12:44:00
13723.0,Potential Loyalists,1194.08,6,593,2011-05-06 17:04:00
13724.0,Lost,213.01,1,130,2010-03-12 15:28:00
13725.0,Loyal Customers,1980.56,8,806,2011-10-21 10:03:00
13726.0,Potential Loyalists,1079.66,2,1054,2011-11-01 10:49:00
13727.0,Loyal Customers,1074.15,8,368,2011-11-11 09:46:00
13728.0,Champions,2855.17,16,1269,2011-11-03 10:49:00
13729.0,Potential Loyalists,724.73,3,419,2010-09-30 10:44:00
13730.0,Potential Loyalists,752.6,2,488,2011-07-27 08:35:00
13731.0,Potential Loyalists,610.59,2,278,2011-05-04 14:33:00
13732.0,Potential Loyalists,491.86,1,498,2011-11-11 15:49:00
13733.0,At Risk,487.03000000000003,2,335,2010-10-25 12:18:00
13734.0,Potential Loyalists,6695.6900000000005,4,302,2010-07-19 12:04:00
13735.0,Champions,9762.77,13,4135,2011-11-15 11:14:00
13736.0,Champions,2752.47,7,1549,2011-12-04 15:19:00
13737.0,At Risk,339.6,1,125,2011-05-23 16:32:00
13738.0,At Risk,434.78000000000003,1,237,2010-11-08 15:23:00
13739.0,Potential Loyalists,292.2,2,76,2011-11-21 13:35:00
13740.0,Loyal Customers,1582.77,5,987,2011-04-13 10:32:00
13741.0,Potential Loyalists,668.4300000000001,3,218,2011-09-29 09:19:00
13742.0,Champions,3107.87,12,1115,2011-11-23 11:07:00
13743.0,Champions,1341.6,7,1776,2011-12-07 10:09:00
13744.0,Potential Loyalists,1080.52,2,1153,2011-09-05 15:19:00
13745.0,Potential Loyalists,777.36,2,1146,2011-06-30 16:43:00
13746.0,Lost,176.69,1,83,2010-10-22 11:55:00
13747.0,At Risk,169.8,2,60,2010-12-01 10:37:00
13748.0,Loyal Customers,2064.35,9,1028,2011-09-05 09:45:00
13750.0,Champions,3602.18,11,1370,2011-10-17 12:16:00
13751.0,At Risk,296.25,1,152,2011-02-24 15:56:00
13752.0,Loyal Customers,1579.8300000000002,7,1005,2011-08-07 14:16:00
13753.0,Potential Loyalists,2094.57,4,1450,2011-02-25 12:48:00
13754.0,Potential Loyalists,447.05,3,315,2011-07-11 11:51:00
13755.0,Champions,2108.06,9,1242,2011-12-06 12:26:00
13756.0,Champions,8655.95,23,5138,2011-12-07 16:44:00
13757.0,Lost,195.55,1,54,2010-02-03 12:37:00
13758.0,Champions,8698.13,15,4667,2011-11-28 11:11:00
13759.0,Potential Loyalists,659.4100000000001,2,287,2011-11-06 14:47:00
13760.0,Loyal Customers,1363.6399999999999,5,623,2011-10-16 16:13:00
13761.0,Loyal Customers,1952.17,6,1079,2011-10-20 14:01:00
13762.0,Loyal Customers,2472.48,5,2608,2011-05-05 09:15:00
13763.0,Loyal Customers,5217.44,3,3224,2011-10-07 15:13:00
13764.0,Loyal Customers,2919.62,6,2084,2011-09-30 12:03:00
13765.0,Lost,352.821,1,297,2010-02-24 13:46:00
13766.0,Lost,190.35,1,137,2010-08-01 14:25:00
13767.0,Champions,33903.57,73,14595,2011-12-07 15:00:00
13768.0,At Risk,875.97,2,373,2009-12-13 10:41:00
13769.0,Champions,5478.12,20,2452,2011-12-07 15:08:00
13770.0,Potential Loyalists,785.37,4,468,2010-10-13 15:10:00
13771.0,Champions,5728.82,9,3140,2011-10-06 14:18:00
13772.0,Champions,3100.02,8,1446,2011-11-06 11:43:00
13773.0,At Risk,301.54,2,174,2010-11-08 11:49:00
13774.0,At Risk,345.0,1,192,2011-09-19 12:06:00
13775.0,At Risk,1049.66,1,455,2010-04-28 12:15:00
13776.0,At Risk,623.98,2,2,2010-10-07 16:11:00
13777.0,Champions,49638.26,61,23190,2011-12-09 12:25:00
13778.0,Potential Loyalists,1124.49,4,511,2011-08-28 15:25:00
13779.0,Lost,161.13,1,53,2010-07-12 11:24:00
13780.0,Loyal Customers,732.07,3,479,2011-12-02 13:49:00
13781.0,Potential Loyalists,778.83,3,300,2011-04-03 12:08:00
13782.0,Champions,1786.08,13,643,2011-11-27 11:54:00
13783.0,Potential Loyalists,1542.09,4,3437,2010-08-09 09:23:00
13784.0,Champions,2910.23,14,2827,2011-11-30 09:33:00
13785.0,At Risk,542.49,4,151,2010-10-07 09:25:00
13786.0,Loyal Customers,3127.9900000000002,6,1515,2010-12-07 13:53:00
13787.0,Loyal Customers,1222.5,6,998,2011-09-25 12:06:00
13788.0,Lost,3.75,1,1,2010-07-22 15:50:00
13789.0,Lost,239.46,1,258,2010-11-16 15:31:00
13790.0,Potential Loyalists,348.79999999999995,1,748,2011-12-05 15:48:00
13791.0,Potential Loyalists,1516.0,2,1200,2011-08-04 11:44:00
13792.0,Potential Loyalists,383.95,3,156,2011-10-04 14:31:00
13793.0,Lost,96.0,1,52,2010-03-03 08:25:00
13794.0,Lost,126.03,1,63,2010-06-11 12:30:00
13795.0,Potential Loyalists,836.3,4,1250,2010-11-16 17:25:00
13796.0,Lost,289.7,1,218,2010-07-28 14:45:00
13797.0,Potential Loyalists,1179.45,3,573,2010-09-29 10:34:00
13798.0,Champions,75428.87,110,48187,2011-12-08 15:51:00
13799.0,Loyal Customers,2803.57,9,1539,2011-08-15 12:07:00
13800.0,Potential Loyalists,1679.56,3,891,2011-02-03 12:27:00
13801.0,At Risk,324.8,1,168,2011-10-04 10:15:00
13802.0,Champions,26259.11,19,14129,2011-07-24 10:54:00
13803.0,Potential Loyalists,1338.91,3,831,2011-03-29 12:57:00
13804.0,Champions,3161.12,9,1797,2011-11-09 12:32:00
13805.0,Potential Loyalists,924.5999999999999,2,1900,2011-10-18 14:50:00
13806.0,At Risk,256.38,1,56,2011-10-07 11:43:00
13807.0,Potential Loyalists,422.2,3,116,2010-12-07 15:48:00
13808.0,Champions,1747.66,5,782,2011-12-04 12:18:00
13809.0,Potential Loyalists,679.6999999999999,3,281,2011-02-07 13:15:00
13810.0,Loyal Customers,1499.01,3,312,2011-11-11 08:33:00
13811.0,Potential Loyalists,814.5,3,68,2011-06-09 09:54:00
13812.0,Potential Loyalists,539.0,3,333,2011-10-28 14:27:00
13813.0,Loyal Customers,2765.4700000000003,8,1292,2011-10-31 10:38:00
13814.0,Loyal Customers,2257.32,3,1214,2011-09-08 13:48:00
13815.0,Champions,7475.74,8,5381,2011-11-17 14:19:00
13816.0,Potential Loyalists,571.6700000000001,2,269,2011-11-16 08:38:00
13817.0,Potential Loyalists,382.98,2,211,2011-11-10 17:49:00
13818.0,Lost,61.28,1,60,2010-10-06 12:35:00
13819.0,Loyal Customers,2642.35,6,2309,2011-02-11 10:38:00
13820.0,Potential Loyalists,652.75,3,285,2010-10-17 13:46:00
13821.0,Loyal Customers,1379.08,6,477,2011-07-18 09:49:00
13822.0,Loyal Customers,632.0,2,611,2011-12-04 12:13:00
13823.0,Champions,3403.4500000000003,7,1564,2011-11-21 10:22:00
13824.0,Champions,3314.76,12,1442,2011-11-07 12:41:00
13825.0,Lost,255.59,2,182,2010-03-28 11:02:00
13826.0,At Risk,189.5,1,82,2011-06-16 13:48:00
13827.0,Potential Loyalists,409.8,3,138,2011-10-13 12:38:00
13828.0,At Risk,209.49,1,311,2011-11-17 16:02:00
13829.0,Lost,102.0,1,12,2010-10-14 18:19:00
13830.0,Lost,156.85000000000002,1,47,2010-05-07 12:24:00
13831.0,Champions,6585.54,18,2393,2011-11-23 15:41:00
13832.0,Loyal Customers,609.89,2,420,2011-11-20 15:36:00
13833.0,Potential Loyalists,700.41,2,243,2011-07-03 13:27:00
13834.0,At Risk,324.19,2,221,2010-05-12 10:27:00
13835.0,Loyal Customers,1095.27,7,520,2011-11-14 15:37:00
13836.0,Potential Loyalists,620.37,2,273,2010-11-05 13:31:00
13837.0,At Risk,266.59000000000003,2,182,2011-05-12 12:10:00
13838.0,Champions,1690.07,10,694,2011-12-04 11:00:00
13839.0,Lost,139.95000000000002,1,25,2010-08-10 13:52:00
13840.0,At Risk,651.4,1,358,2010-10-19 13:34:00
13841.0,Lost,85.0,1,100,2011-04-01 12:10:00
13842.0,Champions,5319.34,18,2716,2011-10-12 10:51:00
13843.0,At Risk,319.75,1,145,2010-11-23 17:48:00
13844.0,Potential Loyalists,361.62,1,196,2011-11-28 13:21:00
13845.0,At Risk,312.98,1,182,2011-10-06 08:25:00
13846.0,Loyal Customers,1307.79,4,705,2011-11-15 12:07:00
13847.0,Lost,310.72,1,96,2009-12-20 10:41:00
13848.0,Loyal Customers,3015.0,8,9200,2011-09-08 12:58:00
13849.0,Champions,3469.3,5,1883,2011-10-19 10:59:00
13850.0,Potential Loyalists,1595.48,1,944,2011-08-02 14:04:00
13851.0,Loyal Customers,4606.46,8,2525,2011-09-05 12:36:00
13852.0,Lost,187.35000000000002,1,85,2010-04-08 09:06:00
13853.0,Potential Loyalists,1090.1399999999999,1,312,2011-10-13 14:18:00
13854.0,Champions,11944.56,39,3642,2011-12-01 09:06:00
13855.0,Potential Loyalists,1310.3400000000001,4,575,2010-07-27 09:53:00
13856.0,Loyal Customers,1142.03,11,1105,2011-06-24 10:03:00
13857.0,Potential Loyalists,1001.01,6,782,2010-11-11 12:54:00
13858.0,At Risk,216.17000000000002,1,75,2011-10-13 16:17:00
13859.0,At Risk,515.86,2,167,2011-01-17 16:14:00
13860.0,Champions,1245.9,5,591,2011-12-08 12:57:00
13861.0,Lost,273.26,2,225,2010-10-06 14:20:00
13862.0,Champions,2556.09,9,1927,2011-11-21 16:24:00
13863.0,Potential Loyalists,1239.55,4,553,2011-04-06 10:20:00
13864.0,At Risk,662.4000000000001,1,192,2010-11-18 12:50:00
13865.0,Potential Loyalists,501.56,4,204,2011-10-12 13:31:00
13866.0,At Risk,145.67,1,57,2011-09-26 14:54:00
13867.0,Loyal Customers,1005.09,3,501,2011-11-08 15:48:00
13868.0,Loyal Customers,3192.54,2,1964,2011-12-02 16:32:00
13869.0,Champions,7996.87,10,4302,2011-08-08 13:53:00
13870.0,Champions,5712.08,15,3449,2011-12-07 13:23:00
13871.0,Champions,7885.85,17,3502,2011-11-17 10:49:00
13872.0,Potential Loyalists,919.57,3,339,2010-06-30 15:35:00
13873.0,Loyal Customers,1038.92,8,472,2011-08-12 10:08:00
13874.0,Loyal Customers,2049.15,7,864,2010-12-16 18:20:00
13875.0,Champions,4814.37,14,3072,2011-10-17 09:36:00
13876.0,At Risk,122.7,1,36,2011-10-07 10:22:00
13877.0,Potential Loyalists,449.68,3,478,2011-09-14 15:49:00
13878.0,Loyal Customers,2416.9,4,927,2011-10-16 12:19:00
13879.0,Lost,395.5,1,204,2010-03-04 10:49:00
13880.0,Champions,4293.86,17,2535,2011-11-18 13:44:00
13881.0,Champions,45179.1,43,29760,2011-12-06 12:50:00
13882.0,Loyal Customers,1191.13,5,953,2011-12-07 11:16:00
13883.0,Champions,6560.02,15,3584,2011-11-29 10:45:00
13884.0,Champions,1825.03,10,752,2011-12-02 16:30:00
13885.0,Potential Loyalists,506.8,2,182,2011-06-03 15:07:00
13886.0,At Risk,243.56,1,126,2011-09-29 13:17:00
13887.0,At Risk,349.55,1,147,2011-05-19 17:22:00
13888.0,Loyal Customers,2001.5900000000001,7,795,2011-08-12 10:13:00
13889.0,Loyal Customers,1991.23,6,979,2011-09-08 09:13:00
13890.0,Champions,2927.38,14,1392,2011-12-08 15:36:00
13891.0,Potential Loyalists,859.21,3,476,2010-11-26 15:57:00
13892.0,Loyal Customers,1267.65,6,3125,2011-11-13 11:50:00
13893.0,At Risk,821.1,1,190,2011-02-15 11:30:00
13894.0,Potential Loyalists,564.62,3,354,2011-11-16 09:44:00
13895.0,Champions,4008.52,6,2060,2011-11-11 16:57:00
13896.0,Lost,388.55,1,149,2010-03-24 08:55:00
13897.0,Loyal Customers,1160.72,3,820,2011-10-20 14:30:00
13898.0,Potential Loyalists,686.4,2,544,2011-01-18 10:28:00
13899.0,Potential Loyalists,388.52,2,156,2011-11-23 13:40:00
13900.0,Loyal Customers,1610.5900000000001,6,938,2011-06-09 19:26:00
13901.0,Champions,5676.34,15,3344,2011-09-28 14:48:00
13902.0,Loyal Customers,34095.26,5,220600,2010-03-17 13:09:00
13903.0,Lost,165.45000000000002,1,103,2010-11-04 17:44:00
13904.0,Potential Loyalists,332.64,2,332,2011-11-02 13:41:00
13905.0,Lost,312.65,1,135,2009-12-07 11:41:00
13906.0,Lost,42.0,1,100,2010-10-26 15:00:00
13907.0,Lost,136.8,1,68,2010-01-17 12:22:00
13908.0,Loyal Customers,2369.55,4,1478,2011-09-21 11:49:00
13909.0,Lost,282.85,2,301,2010-10-12 17:22:00
13911.0,Champions,4234.99,20,4487,2011-10-13 15:43:00
13912.0,Lost,124.95,1,29,2010-10-12 08:43:00
13913.0,Lost,42.22,1,10,2010-07-21 10:11:00
13914.0,Loyal Customers,626.45,2,380,2011-11-28 10:35:00
13915.0,Lost,70.80000000000001,1,24,2010-11-10 15:17:00
13916.0,Potential Loyalists,1275.81,4,673,2010-09-02 10:04:00
13917.0,Potential Loyalists,272.04,2,228,2011-10-21 09:56:00
13918.0,Potential Loyalists,1212.8400000000001,2,1140,2011-10-21 12:25:00
13919.0,Loyal Customers,1360.68,4,1133,2011-10-11 14:24:00
13920.0,Potential Loyalists,1774.68,4,1772,2010-10-04 12:37:00
13921.0,Potential Loyalists,730.7,4,210,2010-11-02 16:32:00
13922.0,Potential Loyalists,865.2,3,467,2010-12-23 10:38:00
13923.0,Potential Loyalists,351.13,1,185,2011-10-17 12:33:00
13924.0,Champions,1838.8500000000001,6,1575,2011-12-08 09:39:00
13925.0,Potential Loyalists,678.25,4,331,2011-09-08 12:47:00
13926.0,At Risk,223.85000000000002,1,104,2011-11-16 13:16:00
13927.0,Potential Loyalists,708.26,2,463,2011-09-26 12:00:00
13928.0,Loyal Customers,464.57,4,129,2011-11-29 10:33:00
13929.0,Champions,3494.1,11,1566,2011-06-23 15:26:00
13930.0,Potential Loyalists,337.34,2,274,2011-10-13 09:45:00
13931.0,Champions,5257.38,11,3488,2011-09-05 10:12:00
13932.0,At Risk,307.4,1,72,2011-02-18 12:02:00
13933.0,Potential Loyalists,608.79,2,205,2011-08-22 14:03:00
13934.0,At Risk,922.1,1,390,2011-03-21 08:39:00
13935.0,Potential Loyalists,6116.92,3,2252,2010-04-22 11:21:00
13936.0,Potential Loyalists,939.6600000000001,3,661,2011-06-13 08:47:00
13937.0,Potential Loyalists,880.13,2,587,2011-06-23 16:35:00
13938.0,At Risk,71.66,1,70,2011-11-04 14:37:00
13939.0,Loyal Customers,1560.96,7,1608,2011-11-16 13:33:00
13940.0,Loyal Customers,839.14,4,516,2011-11-22 15:15:00
13941.0,Champions,10027.18,15,4782,2011-11-18 09:43:00
13942.0,Lost,320.0,1,1000,2010-06-23 12:35:00
13943.0,Lost,246.54000000000002,1,94,2010-05-11 11:30:00
13944.0,Lost,200.43,1,153,2010-02-24 15:02:00
13945.0,Potential Loyalists,854.1500000000001,2,413,2010-11-10 10:00:00
13946.0,Loyal Customers,1876.23,6,2847,2011-09-21 13:33:00
13947.0,At Risk,90.60000000000001,1,44,2011-10-05 14:42:00
13948.0,Potential Loyalists,548.76,4,248,2010-12-14 10:18:00
13949.0,Champions,2427.32,6,2474,2011-12-07 09:35:00
13950.0,Loyal Customers,745.0600000000001,4,323,2011-11-28 14:44:00
13951.0,Potential Loyalists,674.45,3,459,2011-06-16 16:43:00
13952.0,Loyal Customers,12823.521,14,5947,2011-05-06 09:00:00
13953.0,Champions,6640.68,12,5224,2011-12-02 16:04:00
13954.0,Potential Loyalists,439.92,2,150,2011-12-08 12:50:00
13955.0,Potential Loyalists,544.0699999999999,3,272,2011-07-08 17:19:00
13956.0,Loyal Customers,1019.27,5,486,2011-12-04 13:20:00
13957.0,At Risk,458.25,3,157,2010-10-18 10:02:00
13958.0,Loyal Customers,4709.2300000000005,8,2264,2010-11-25 10:11:00
13959.0,Loyal Customers,1064.77,6,694,2011-09-21 15:06:00
13960.0,Potential Loyalists,230.22,2,142,2011-11-18 15:27:00
13961.0,At Risk,538.4,1,226,2010-11-12 14:40:00
13962.0,Potential Loyalists,362.8,3,160,2011-11-18 08:47:00
13963.0,Loyal Customers,2860.57,17,2007,2011-02-04 14:43:00
13964.0,At Risk,438.9,2,228,2010-11-17 13:53:00
13965.0,Potential Loyalists,996.61,3,425,2010-08-20 10:40:00
13966.0,Lost,384.26,1,760,2010-09-30 13:08:00
13967.0,At Risk,166.3,2,66,2011-07-17 12:02:00
13968.0,Lost,123.66,1,174,2010-10-12 13:22:00
13969.0,Champions,12973.460000000001,35,6640,2011-12-02 15:11:00
13970.0,Potential Loyalists,846.55,2,469,2010-11-18 13:21:00
13971.0,Champions,4667.57,14,3084,2011-11-21 12:06:00
13972.0,At Risk,190.25,2,187,2011-09-30 11:54:00
13973.0,Lost,264.7,1,109,2011-02-25 15:21:00
13974.0,Potential Loyalists,677.72,2,356,2011-10-21 14:41:00
13975.0,Champions,5256.4,12,3884,2011-11-08 13:19:00
13976.0,Potential Loyalists,1192.3600000000001,4,452,2011-05-17 09:13:00
13977.0,Lost,519.8100000000001,1,303,2010-10-24 14:08:00
13978.0,Potential Loyalists,196.79,2,315,2011-11-25 11:36:00
13979.0,Loyal Customers,3379.93,7,2270,2011-09-27 13:32:00
13980.0,Loyal Customers,768.8199999999999,5,463,2011-10-10 13:34:00
13981.0,Lost,331.14,1,234,2010-10-20 10:03:00
13982.0,Champions,3954.29,9,2478,2011-10-31 16:24:00
13983.0,Champions,6753.89,21,3925,2011-11-10 11:06:00
13984.0,Champions,1893.8,12,1301,2011-11-13 12:38:00
13985.0,Champions,10020.86,22,4936,2011-12-05 17:06:00
13986.0,Potential Loyalists,320.46,1,430,2011-11-22 15:00:00
13987.0,Potential Loyalists,682.54,2,492,2010-11-25 10:20:00
13988.0,Champions,4757.8,8,3385,2011-11-20 10:15:00
13989.0,Loyal Customers,2026.06,5,2207,2011-10-05 09:47:00
13990.0,At Risk,311.3,1,190,2011-05-10 15:19:00
13991.0,Loyal Customers,852.88,6,995,2011-11-27 16:18:00
13992.0,Potential Loyalists,219.5,3,154,2011-11-09 15:23:00
13993.0,Champions,6775.71,19,2135,2011-10-28 09:06:00
13994.0,Champions,2274.14,6,932,2011-12-06 11:05:00
13995.0,Champions,3902.01,14,2359,2011-11-24 14:22:00
13996.0,Potential Loyalists,895.76,2,613,2010-11-18 16:27:00
13997.0,At Risk,376.46,3,143,2010-07-08 18:06:00
13998.0,At Risk,566.7,3,204,2010-09-19 10:20:00
13999.0,Champions,9502.26,29,5043,2011-11-29 13:40:00
14000.0,Loyal Customers,2046.34,5,1838,2011-05-12 16:50:00
14001.0,Champions,4228.85,9,1779,2011-10-25 10:31:00
14002.0,Potential Loyalists,529.73,2,877,2011-07-28 15:55:00
14003.0,Lost,209.41,1,149,2009-12-07 08:53:00
14004.0,Champions,6258.45,11,3425,2011-10-27 14:40:00
14005.0,Champions,2874.72,5,2478,2011-11-30 12:41:00
14006.0,Loyal Customers,2196.67,7,2181,2011-08-16 09:39:00
14007.0,Lost,79.48,1,16,2010-07-15 09:06:00
14008.0,Lost,509.04,1,326,2010-10-03 13:09:00
14009.0,Potential Loyalists,1099.91,3,951,2011-05-25 15:47:00
14010.0,At Risk,445.15,2,177,2010-05-23 13:00:00
14011.0,At Risk,457.82,2,644,2010-08-16 15:31:00
14012.0,At Risk,328.8,1,160,2011-03-07 12:26:00
14013.0,Loyal Customers,1084.57,5,775,2011-08-21 15:01:00
14014.0,Loyal Customers,1948.21,3,2004,2011-09-23 13:18:00
14015.0,Potential Loyalists,917.34,1,378,2011-10-18 10:02:00
14016.0,Champions,11403.41,11,5722,2011-07-01 11:29:00
14017.0,Lost,229.75,1,73,2010-05-17 14:52:00
14018.0,Lost,367.15,1,224,2010-03-04 14:23:00
14019.0,Loyal Customers,1421.6100000000001,3,1037,2011-10-24 10:13:00
14020.0,Loyal Customers,1249.01,4,648,2011-11-23 09:22:00
14021.0,Loyal Customers,1716.58,7,878,2011-07-07 15:46:00
14022.0,Potential Loyalists,792.15,2,681,2011-04-28 14:39:00
14023.0,Potential Loyalists,584.07,2,345,2011-12-02 13:58:00
14024.0,Potential Loyalists,645.74,3,238,2011-08-10 11:30:00
14025.0,Loyal Customers,4057.9,8,1914,2010-09-01 10:11:00
14026.0,At Risk,713.11,2,427,2010-08-26 10:31:00
14027.0,At Risk,104.82,1,62,2011-10-10 09:01:00
14028.0,Potential Loyalists,10396.5,3,7170,2010-06-07 13:33:00
14029.0,Potential Loyalists,467.66,2,198,2011-10-07 14:46:00
14030.0,Champions,7521.8,20,4215,2011-11-21 16:48:00
14031.0,Champions,39019.51,44,13783,2011-12-02 17:13:00
14032.0,Champions,4546.41,16,3740,2011-12-07 15:23:00
14033.0,Lost,109.44,1,576,2010-06-02 15:10:00
14034.0,Loyal Customers,648.89,3,420,2011-11-17 14:02:00
14035.0,Champions,2794.75,9,1405,2011-11-11 10:03:00
14036.0,At Risk,626.65,1,268,2011-02-28 09:26:00
14037.0,Loyal Customers,836.95,6,590,2011-06-16 13:57:00
14038.0,Loyal Customers,3069.88,5,1708,2011-09-22 13:37:00
14039.0,Potential Loyalists,267.28000000000003,2,192,2011-11-06 13:48:00
14040.0,Champions,12523.81,35,4972,2011-10-30 12:42:00
14041.0,Lost,141.41,1,94,2011-03-18 13:25:00
14042.0,Lost,431.98,1,180,2009-12-14 15:07:00
14043.0,At Risk,302.59999999999997,2,152,2010-08-05 18:18:00
14044.0,Champions,3077.7,10,2100,2011-11-13 12:05:00
14045.0,Champions,10986.63,16,4459,2011-08-22 15:27:00
14046.0,Lost,154.99,1,460,2011-02-28 14:48:00
14047.0,Champions,3968.11,14,1541,2011-12-01 11:43:00
14048.0,Potential Loyalists,748.69,3,467,2011-02-07 14:53:00
14049.0,Champions,13023.4,13,8480,2011-11-23 12:20:00
14050.0,Potential Loyalists,746.36,2,689,2011-11-08 10:00:00
14051.0,Champions,21770.98,37,5709,2011-12-09 10:20:00
14052.0,Potential Loyalists,466.66,2,174,2011-11-20 12:30:00
14053.0,Potential Loyalists,572.3,4,490,2011-08-07 14:27:00
14054.0,At Risk,92.46000000000001,1,62,2011-10-05 15:49:00
14055.0,Loyal Customers,1520.96,3,720,2011-08-25 15:04:00
14056.0,Champions,8152.71,23,4252,2011-12-08 13:36:00
14057.0,Champions,8346.66,22,6438,2011-11-16 10:32:00
14058.0,At Risk,469.19,2,211,2010-09-03 09:31:00
14059.0,Lost,183.6,1,128,2011-03-18 10:06:00
14060.0,Champions,8898.24,30,7419,2011-12-05 12:29:00
14061.0,Potential Loyalists,917.4300000000001,3,133,2010-07-20 17:22:00
14062.0,Champions,25585.65,24,12794,2011-11-30 10:04:00
14063.0,Loyal Customers,22710.2,9,3850,2010-09-27 16:18:00
14064.0,Champions,3260.2400000000002,15,3911,2011-11-10 13:14:00
14065.0,Potential Loyalists,891.02,3,582,2010-11-15 16:13:00
14066.0,Lost,152.55,1,45,2011-03-18 12:21:00
14067.0,Potential Loyalists,374.7,2,361,2011-10-07 10:21:00
14068.0,Potential Loyalists,1516.72,4,510,2011-01-23 16:02:00
14069.0,Lost,225.81,2,58,2010-07-13 12:12:00
14070.0,Lost,321.6,1,85,2010-01-24 12:27:00
14071.0,Champions,1437.57,8,994,2011-12-06 12:27:00
14072.0,Lost,390.85,1,65,2010-02-11 12:31:00
14073.0,At Risk,151.04,1,130,2011-11-07 15:49:00
14074.0,Lost,219.4,1,228,2010-03-26 13:55:00
14075.0,Champions,1734.87,6,1494,2011-12-05 08:38:00
14076.0,At Risk,118.67,1,79,2011-08-02 15:19:00
14077.0,Loyal Customers,615.08,6,376,2011-10-30 12:35:00
14078.0,Loyal Customers,1553.47,9,586,2011-08-30 12:16:00
14079.0,Potential Loyalists,618.73,2,302,2011-08-07 12:10:00
14080.0,Loyal Customers,1115.68,5,268,2011-11-07 11:09:00
14081.0,Loyal Customers,4867.57,10,3381,2011-02-10 16:17:00
14082.0,At Risk,413.36,2,246,2010-12-10 11:02:00
14083.0,Champions,1082.19,11,760,2011-12-05 13:14:00
14084.0,Lost,150.5,1,306,2010-07-15 14:36:00
14085.0,Champions,9720.67,33,6434,2011-12-07 13:46:00
14086.0,Lost,39.95,1,1,2010-09-03 10:52:00
14087.0,Loyal Customers,829.47,3,718,2011-12-07 12:41:00
14088.0,Champions,64036.8,16,15276,2011-11-29 16:16:00
14089.0,At Risk,158.75,1,133,2011-10-14 10:38:00
14090.0,Lost,76.32000000000001,1,72,2011-01-19 10:51:00
14091.0,Potential Loyalists,9530.08,2,3316,2010-02-23 15:17:00
14092.0,Champions,7229.45,24,3606,2011-12-02 12:13:00
14093.0,Potential Loyalists,433.86,1,391,2011-11-27 16:27:00
14094.0,Lost,311.77,1,158,2010-09-26 11:58:00
14095.0,Lost,2.95,1,1,2009-12-17 12:49:00
14096.0,Champions,65164.79,17,16352,2011-12-05 17:17:00
14097.0,At Risk,422.86,2,352,2010-08-15 14:20:00
14098.0,At Risk,147.35,1,104,2011-11-03 10:13:00
14099.0,Champions,5750.91,20,3666,2011-11-23 13:53:00
14100.0,At Risk,191.95,1,63,2011-07-25 11:01:00
14101.0,Champions,9961.93,13,10542,2011-09-27 12:28:00
14102.0,Loyal Customers,1105.8799999999999,5,769,2011-12-04 15:38:00
14104.0,Loyal Customers,743.53,5,496,2011-07-08 12:50:00
14105.0,Loyal Customers,5988.83,5,3534,2011-04-14 17:58:00
14106.0,Lost,214.8,1,24,2009-12-02 14:09:00
14107.0,Champions,4877.3,11,3489,2011-10-19 12:12:00
14108.0,Loyal Customers,1044.96,4,660,2011-11-09 10:41:00
14109.0,At Risk,144.2,1,88,2011-09-28 10:18:00
14110.0,Champions,12987.95,33,5825,2011-12-06 12:26:00
14111.0,Loyal Customers,692.85,4,458,2011-11-25 13:44:00
14112.0,Champions,5834.59,13,3539,2011-11-17 12:30:00
14113.0,Champions,7092.610000000001,16,3439,2011-12-06 12:18:00
14114.0,Loyal Customers,1364.09,7,650,2011-03-11 09:42:00
14115.0,At Risk,622.67,2,509,2010-07-26 12:36:00
14116.0,Loyal Customers,1382.74,5,707,2011-11-20 10:29:00
14117.0,At Risk,90.0,1,72,2011-07-19 09:49:00
14118.0,Lost,458.45,1,97,2010-10-07 11:59:00
14119.0,At Risk,183.37,2,177,2010-11-29 10:33:00
14121.0,Loyal Customers,2780.15,4,2082,2011-12-06 12:19:00
14122.0,Potential Loyalists,362.42,3,114,2010-10-29 15:11:00
14123.0,Lost,436.18,1,234,2009-12-06 15:35:00
14124.0,At Risk,419.58,1,1618,2011-09-16 13:32:00
14125.0,Loyal Customers,2720.63,3,1628,2011-11-29 12:47:00
14126.0,Loyal Customers,1172.46,4,887,2011-12-02 11:45:00
14127.0,Loyal Customers,1900.0800000000002,6,828,2011-08-09 10:49:00
14128.0,Potential Loyalists,924.21,3,814,2011-10-10 12:00:00
14129.0,Champions,2591.34,9,1414,2011-12-08 11:02:00
14130.0,Potential Loyalists,1858.77,4,1215,2011-01-24 16:05:00
14131.0,Lost,168.22,1,105,2010-03-01 11:59:00
14132.0,Champions,3586.03,11,3368,2011-12-07 13:35:00
14133.0,Potential Loyalists,911.14,4,398,2011-08-02 11:34:00
14134.0,Loyal Customers,11123.35,15,5814,2010-11-22 12:26:00
14135.0,Champions,8839.67,24,8534,2011-12-08 11:38:00
14136.0,Loyal Customers,1570.81,5,1148,2010-11-04 11:53:00
14137.0,Lost,332.7,1,462,2010-01-13 12:30:00
14138.0,Loyal Customers,965.88,2,600,2011-12-08 12:44:00
14139.0,Loyal Customers,1086.8,4,1049,2011-10-24 13:34:00
14140.0,Loyal Customers,935.05,2,811,2011-12-06 09:05:00
14141.0,Loyal Customers,915.13,4,355,2011-12-07 09:53:00
14142.0,Potential Loyalists,671.34,2,518,2010-12-01 16:33:00
14143.0,At Risk,115.8,1,30,2011-07-29 09:48:00
14144.0,Lost,30.6,1,12,2010-08-10 15:17:00
14145.0,Champions,7600.05,7,1655,2011-10-24 12:10:00
14146.0,Champions,9450.3,12,5780,2011-12-01 10:18:00
14147.0,Loyal Customers,2590.2,9,995,2011-09-22 18:10:00
14148.0,At Risk,466.29,2,223,2011-04-20 12:02:00
14149.0,At Risk,446.62,1,218,2011-05-03 09:44:00
14150.0,Potential Loyalists,658.64,2,496,2011-11-04 10:05:00
14151.0,At Risk,679.45,2,405,2010-02-04 15:35:00
14152.0,Loyal Customers,1997.3400000000001,7,1844,2011-09-25 12:54:00
14153.0,Lost,233.39999999999998,1,312,2010-08-13 14:35:00
14154.0,Loyal Customers,6460.7,8,3222,2011-04-14 16:26:00
14155.0,Lost,118.75,1,25,2011-03-18 14:13:00
14156.0,Champions,313437.62,156,164325,2011-11-30 10:54:00
14157.0,Loyal Customers,978.69,5,521,2011-11-20 11:32:00
14158.0,Potential Loyalists,507.65999999999997,1,781,2011-10-30 15:08:00
14159.0,Champions,7860.8,20,6520,2011-11-20 12:36:00
14160.0,Loyal Customers,8421.47,7,4661,2010-04-08 14:30:00
14161.0,Loyal Customers,2996.93,7,1480,2011-05-08 11:41:00
14162.0,Potential Loyalists,289.36,2,142,2011-06-19 11:36:00
14163.0,Loyal Customers,2594.62,5,950,2011-09-13 15:18:00
14164.0,Potential Loyalists,1631.77,2,1033,2011-09-30 12:24:00
14165.0,Lost,120.44,1,53,2011-03-09 12:39:00
14166.0,Lost,251.15,2,82,2010-07-22 19:42:00
14167.0,Loyal Customers,1274.29,8,340,2011-10-31 14:29:00
14168.0,At Risk,370.45,2,147,2010-10-15 10:49:00
14169.0,At Risk,621.51,2,205,2010-10-05 08:45:00
14170.0,Potential Loyalists,570.18,3,270,2010-11-29 13:10:00
14171.0,Potential Loyalists,498.79,2,211,2011-09-02 16:43:00
14172.0,At Risk,369.02,3,78,2010-04-13 13:26:00
14173.0,Loyal Customers,586.0,6,194,2011-11-29 11:54:00
14174.0,At Risk,134.46,1,94,2011-11-06 13:17:00
14175.0,Loyal Customers,7678.88,8,3009,2011-10-11 11:55:00
14176.0,Potential Loyalists,756.46,5,265,2011-02-15 13:12:00
14177.0,Loyal Customers,2209.69,13,1043,2011-09-14 15:11:00
14178.0,Champions,1600.26,7,1494,2011-12-01 12:01:00
14179.0,Potential Loyalists,701.57,2,319,2011-10-30 12:07:00
14180.0,Champions,6117.5,33,847,2011-11-29 10:56:00
14181.0,At Risk,308.35,2,120,2010-10-25 08:27:00
14182.0,Potential Loyalists,678.77,4,174,2010-09-22 11:45:00
14183.0,Lost,278.34000000000003,2,60,2010-10-24 14:45:00
14184.0,At Risk,452.89,1,127,2011-10-04 12:43:00
14185.0,Lost,197.65,1,6,2011-01-12 13:52:00
14186.0,Potential Loyalists,1550.63,5,1550,2010-10-08 13:30:00
14187.0,Lost,123.5,1,50,2010-08-23 12:06:00
14188.0,Loyal Customers,2054.36,6,1162,2011-11-09 12:45:00
14189.0,Champions,5503.150000000001,16,4392,2011-12-07 15:55:00
14190.0,Lost,79.9,1,2,2010-02-11 14:27:00
14191.0,Champions,4817.66,15,3724,2011-12-08 09:23:00
14192.0,At Risk,293.74,1,218,2010-11-16 17:44:00
14193.0,Potential Loyalists,1210.19,3,653,2011-10-03 09:34:00
14194.0,Champions,18670.59,36,10037,2011-12-05 10:38:00
14195.0,Loyal Customers,2615.6,6,2144,2011-05-22 10:29:00
14196.0,At Risk,335.52,1,142,2011-08-25 10:25:00
14197.0,Lost,390.05,1,143,2010-10-25 10:01:00
14198.0,Champions,1569.73,9,623,2011-11-21 16:35:00
14199.0,Potential Loyalists,1091.7,4,254,2011-05-05 13:44:00
14200.0,Lost,379.2,1,140,2010-04-01 13:01:00
14201.0,Loyal Customers,1193.54,10,806,2011-10-10 13:27:00
14202.0,Potential Loyalists,847.76,3,166,2010-11-23 17:13:00
14203.0,At Risk,339.34,1,80,2010-11-07 13:35:00
14204.0,Loyal Customers,1024.83,4,469,2011-12-07 13:38:00
14205.0,Champions,2414.2,9,1342,2011-11-23 10:55:00
14206.0,Potential Loyalists,1185.01,3,930,2011-04-14 16:38:00
14207.0,Lost,157.8,1,36,2010-01-21 09:33:00
14208.0,Potential Loyalists,567.05,2,529,2011-09-06 12:48:00
14209.0,Champions,4993.27,15,1739,2011-11-29 10:18:00
14210.0,Champions,5556.570000000001,16,2511,2011-08-26 12:36:00
14211.0,Champions,4402.29,18,2575,2011-10-17 13:23:00
14212.0,Potential Loyalists,2190.14,2,2046,2011-09-11 12:45:00
14213.0,At Risk,1192.2,1,244,2010-10-31 10:37:00
14214.0,Loyal Customers,1004.38,5,751,2011-11-09 10:31:00
14215.0,Champions,3250.33,9,2181,2011-11-28 12:19:00
14216.0,Champions,2150.04,5,712,2011-12-06 14:56:00
14217.0,Champions,3298.59,23,1230,2011-12-08 11:53:00
14218.0,At Risk,169.48000000000002,1,160,2011-10-28 10:00:00
14219.0,Loyal Customers,633.83,3,363,2011-12-05 16:23:00
14220.0,Potential Loyalists,1515.0,4,468,2011-04-06 13:23:00
14221.0,Champions,6517.49,17,3808,2011-10-28 13:42:00
14222.0,Potential Loyalists,683.17,1,607,2011-06-15 16:42:00
14223.0,Potential Loyalists,991.13,3,585,2011-09-08 13:38:00
14224.0,Loyal Customers,1841.71,9,826,2011-08-21 13:24:00
14225.0,Potential Loyalists,2031.07,4,1167,2010-10-01 10:32:00
14226.0,Champions,2985.13,6,1714,2011-11-11 11:34:00
14227.0,Champions,6368.71,15,4048,2011-11-13 15:48:00
14228.0,Potential Loyalists,745.5,3,260,2010-09-28 09:45:00
14229.0,Loyal Customers,2594.04,7,934,2011-10-19 10:04:00
14230.0,Potential Loyalists,979.8000000000001,3,246,2010-09-30 09:07:00
14231.0,Loyal Customers,1235.6200000000001,4,610,2011-06-09 11:05:00
14232.0,Loyal Customers,2048.07,5,1941,2011-10-28 11:09:00
14233.0,Loyal Customers,2904.27,7,1261,2011-10-21 15:54:00
14234.0,Loyal Customers,754.12,4,951,2011-11-17 17:53:00
14235.0,Champions,4717.99,9,3014,2011-09-25 14:37:00
14236.0,Loyal Customers,1555.34,5,774,2011-09-20 09:13:00
14237.0,At Risk,471.14,2,238,2010-12-01 13:20:00
14238.0,Potential Loyalists,434.23,3,189,2011-01-17 14:40:00
14239.0,Champions,4263.17,21,1729,2011-10-27 14:40:00
14240.0,Loyal Customers,1247.49,3,655,2011-11-09 13:45:00
14241.0,Potential Loyalists,333.7,2,242,2011-06-09 11:46:00
14242.0,At Risk,280.55,2,123,2011-04-19 11:46:00
14243.0,Champions,7217.75,17,3631,2011-12-01 11:12:00
14244.0,Lost,366.41999999999996,1,814,2010-02-17 11:40:00
14245.0,Potential Loyalists,1693.45,2,976,2011-05-04 08:40:00
14246.0,Loyal Customers,1474.06,3,804,2011-08-21 11:50:00
14247.0,Potential Loyalists,753.56,5,378,2011-03-06 15:21:00
14248.0,Potential Loyalists,1032.95,3,692,2011-01-25 14:45:00
14249.0,Loyal Customers,5400.461,12,2383,2010-10-25 12:34:00
14250.0,Loyal Customers,1904.05,3,1200,2011-12-02 14:30:00
14251.0,Champions,2879.7000000000003,5,1674,2011-12-08 08:32:00
14252.0,At Risk,350.99,1,111,2010-11-23 13:36:00
14253.0,At Risk,363.40000000000003,2,88,2010-08-03 14:55:00
14254.0,Lost,601.03,1,263,2010-10-03 11:52:00
14255.0,At Risk,1000.63,1,1,2010-06-11 15:54:00
14256.0,Loyal Customers,2460.79,5,1147,2011-03-24 13:17:00
14257.0,Champions,5954.45,9,3332,2011-10-06 16:54:00
14258.0,Champions,32051.34,25,17488,2011-11-30 15:27:00
14259.0,At Risk,120.0,1,68,2011-07-21 10:44:00
14260.0,Potential Loyalists,824.28,3,544,2010-08-25 14:55:00
14261.0,Potential Loyalists,1163.45,2,406,2011-10-20 10:04:00
14262.0,Champions,2618.23,8,1645,2011-12-01 14:17:00
14263.0,Lost,322.93,1,171,2010-10-12 14:09:00
14264.0,Loyal Customers,1517.3600000000001,6,553,2011-07-08 10:20:00
14265.0,Loyal Customers,1373.35,4,715,2011-08-22 13:32:00
14266.0,Lost,40.56,1,24,2010-10-07 13:32:00
14267.0,Loyal Customers,1516.24,3,530,2011-06-30 10:09:00
14268.0,Lost,354.85,1,147,2010-08-26 10:45:00
14269.0,Lost,295.73,1,123,2010-09-26 12:53:00
14270.0,At Risk,492.65000000000003,1,197,2011-01-12 09:33:00
14271.0,At Risk,214.18,2,148,2011-04-28 12:47:00
14272.0,Potential Loyalists,920.81,4,1097,2011-09-27 10:08:00
14273.0,Potential Loyalists,559.97,4,264,2011-10-19 13:20:00
14274.0,Lost,256.6,1,178,2010-01-22 12:51:00
14275.0,Potential Loyalists,1189.3799999999999,6,538,2010-11-09 09:06:00
14276.0,Loyal Customers,2102.68,7,1406,2011-09-02 09:45:00
14277.0,Champions,17197.61,9,89806,2011-11-24 15:01:00
14278.0,Lost,205.83,1,131,2010-10-26 12:07:00
14279.0,Lost,191.86,2,46,2010-07-07 08:42:00
14280.0,Lost,134.04,1,52,2011-05-27 10:37:00
14281.0,Lost,245.15,1,45,2010-10-27 14:45:00
14282.0,Champions,7250.76,25,5166,2011-12-06 17:04:00
14283.0,Potential Loyalists,628.44,4,550,2010-09-02 14:46:00
14284.0,Loyal Customers,1299.65,3,510,2011-11-09 08:11:00
14285.0,Champions,3284.42,8,954,2011-11-18 14:50:00
14286.0,Champions,8479.76,7,8795,2011-11-16 10:34:00
14287.0,Potential Loyalists,176.63,3,261,2011-12-01 13:25:00
14288.0,At Risk,426.6,1,188,2011-05-10 13:22:00
14289.0,Loyal Customers,911.26,6,292,2011-12-01 11:44:00
14290.0,Champions,4516.56,8,1600,2011-11-28 14:02:00
14291.0,Champions,7904.1,23,6146,2011-12-08 10:26:00
14292.0,Champions,9226.25,16,3429,2011-12-02 11:50:00
14293.0,Champions,2903.01,9,1558,2011-12-06 15:17:00
14294.0,At Risk,375.34000000000003,1,190,2010-10-28 16:25:00
14295.0,Loyal Customers,2362.91,5,1029,2011-10-30 15:50:00
14296.0,At Risk,456.4,2,314,2010-10-14 14:14:00
14297.0,Loyal Customers,1305.33,4,865,2011-11-22 09:06:00
14298.0,Champions,91194.49,82,100272,2011-12-01 13:12:00
14299.0,Champions,14070.25,27,8136,2011-12-01 16:05:00
14300.0,Potential Loyalists,43.2,1,32,2011-11-21 08:57:00
14301.0,Loyal Customers,1992.18,4,1686,2011-08-14 15:33:00
14302.0,Potential Loyalists,742.9000000000001,3,298,2010-10-05 08:10:00
14303.0,At Risk,277.94,2,218,2010-10-28 15:37:00
14304.0,Potential Loyalists,1725.01,3,775,2011-05-01 11:50:00
14305.0,Loyal Customers,1858.96,3,1089,2011-09-29 15:29:00
14306.0,Champions,3151.4,6,2065,2011-10-19 13:23:00
14307.0,Champions,4287.92,10,2816,2011-09-12 09:38:00
14308.0,At Risk,1147.02,2,2,2010-06-08 16:48:00
14309.0,Champions,3780.81,11,2583,2011-12-01 13:33:00
14310.0,Lost,492.1,1,230,2010-10-03 12:34:00
14311.0,At Risk,516.45,2,235,2011-04-11 10:14:00
14312.0,Champions,3090.29,11,1904,2011-10-24 09:46:00
14314.0,At Risk,229.79999999999998,2,332,2011-08-25 10:39:00
14315.0,Champions,3197.82,8,1344,2011-10-26 12:06:00
14316.0,Potential Loyalists,1370.34,5,4494,2010-10-13 16:31:00
14317.0,At Risk,508.58,1,255,2011-10-06 10:44:00
14318.0,Lost,158.02,1,152,2010-09-05 15:32:00
14319.0,Lost,494.85,1,329,2010-10-11 13:38:00
14320.0,Loyal Customers,1346.75,5,713,2011-05-17 09:24:00
14321.0,Champions,2218.06,7,3275,2011-11-29 09:47:00
14322.0,At Risk,474.1,4,158,2010-10-06 15:17:00
14323.0,Potential Loyalists,605.0600000000001,2,350,2011-08-17 11:37:00
14324.0,Potential Loyalists,701.61,2,402,2010-10-26 11:44:00
14325.0,Lost,245.48000000000002,1,320,2010-05-19 09:20:00
14326.0,Potential Loyalists,940.98,3,572,2011-04-11 15:04:00
14327.0,Loyal Customers,1894.93,6,1296,2011-06-29 13:58:00
14328.0,Lost,445.05,1,1,2010-09-27 16:01:00
14329.0,Champions,9887.62,15,5913,2011-11-22 15:50:00
14330.0,Lost,200.63,1,103,2010-03-26 09:10:00
14331.0,Potential Loyalists,462.66,2,252,2011-08-07 13:17:00
14332.0,Loyal Customers,1917.41,5,875,2011-11-17 11:54:00
14333.0,At Risk,415.2,1,58,2011-10-03 10:38:00
14334.0,Champions,4318.4800000000005,12,2986,2011-11-23 10:01:00
14335.0,Potential Loyalists,454.86,2,375,2011-11-23 13:41:00
14336.0,Loyal Customers,1614.91,4,1759,2011-11-23 11:40:00
14338.0,Potential Loyalists,928.1,3,622,2011-07-01 14:08:00
14339.0,Potential Loyalists,620.27,2,456,2011-04-11 11:06:00
14340.0,Lost,134.7,1,58,2011-05-05 09:44:00
14341.0,Champions,4452.02,18,2813,2011-10-25 15:48:00
14342.0,Loyal Customers,918.44,6,521,2011-11-18 13:21:00
14343.0,Potential Loyalists,1079.66,4,626,2010-10-14 13:05:00
14344.0,Champions,2993.05,20,1546,2011-08-04 13:51:00
14345.0,At Risk,108.98,1,50,2011-11-01 09:51:00
14346.0,Loyal Customers,2315.75,5,1878,2011-08-11 09:47:00
14347.0,Lost,82.60000000000001,1,48,2009-12-03 10:49:00
14348.0,At Risk,409.57,1,183,2011-03-24 16:23:00
14349.0,Potential Loyalists,133.5,1,86,2011-11-29 15:39:00
14350.0,Potential Loyalists,972.03,3,543,2011-03-10 14:14:00
14351.0,At Risk,51.0,1,12,2011-06-28 11:56:00
14352.0,Potential Loyalists,1078.96,4,538,2011-07-05 15:41:00
14353.0,Potential Loyalists,376.5,3,344,2011-05-08 16:06:00
14354.0,Potential Loyalists,163.62,2,210,2011-12-04 11:32:00
14355.0,Potential Loyalists,840.0500000000001,3,617,2010-12-09 12:16:00
14356.0,Potential Loyalists,701.23,2,277,2011-09-21 09:18:00
14357.0,At Risk,225.12,1,147,2011-10-27 16:23:00
14358.0,At Risk,400.06,2,338,2010-11-15 15:51:00
14359.0,Loyal Customers,912.1800000000001,3,371,2011-11-20 13:17:00
14360.0,Loyal Customers,2118.03,4,1139,2011-11-08 09:12:00
14361.0,Lost,214.71,1,251,2010-05-10 12:29:00
14362.0,At Risk,151.5,1,96,2011-11-17 15:08:00
14363.0,At Risk,227.47000000000003,2,105,2010-11-02 17:01:00
14364.0,Loyal Customers,3717.35,8,1967,2011-08-23 11:01:00
14365.0,Potential Loyalists,634.68,2,557,2010-11-10 09:52:00
14366.0,Lost,136.0,1,16,2010-07-02 17:23:00
14367.0,Champions,9227.82,16,4426,2011-12-01 13:19:00
14368.0,Lost,155.0,1,36,2011-01-24 09:52:00
14369.0,At Risk,469.13,2,255,2010-03-07 15:47:00
14370.0,Potential Loyalists,1175.78,6,266,2010-09-15 10:53:00
14371.0,Lost,100.5,1,34,2011-02-17 16:35:00
14372.0,At Risk,860.08,2,378,2010-09-22 16:17:00
14373.0,Lost,76.55,1,17,2010-12-16 15:40:00
14374.0,Lost,108.0,1,20,2010-06-16 14:25:00
14375.0,Potential Loyalists,1106.82,3,647,2011-06-07 13:44:00
14376.0,Lost,215.46,1,50,2010-01-25 15:36:00
14377.0,Potential Loyalists,617.05,2,219,2011-06-01 13:32:00
14378.0,Lost,131.25,1,57,2010-03-28 12:22:00
14379.0,Loyal Customers,1265.16,4,712,2011-10-26 16:43:00
14380.0,Lost,48.96,1,1,2010-01-26 17:11:00
14381.0,Potential Loyalists,625.94,2,449,2011-10-18 17:10:00
14382.0,Potential Loyalists,1193.6299999999999,2,1667,2011-11-13 16:18:00
14383.0,Loyal Customers,1247.69,3,817,2011-11-01 15:53:00
14384.0,Lost,58.5,1,30,2010-07-27 09:53:00
14385.0,Potential Loyalists,202.10999999999999,3,159,2011-11-30 15:36:00
14386.0,Lost,142.4,1,54,2011-02-16 09:45:00
14387.0,Loyal Customers,1727.6,3,795,2011-11-07 12:29:00
14388.0,Champions,6388.2,16,4190,2011-11-29 13:32:00
14389.0,Loyal Customers,1898.01,5,1388,2011-10-05 15:17:00
14390.0,Champions,6150.03,13,2830,2011-11-29 13:49:00
14391.0,Lost,135.6,1,168,2010-05-12 09:42:00
14392.0,Lost,266.4,1,114,2010-10-03 12:56:00
14393.0,Lost,67.95,1,13,2011-05-05 18:16:00
14394.0,Lost,93.8,1,58,2010-05-24 10:43:00
14395.0,Champions,7801.93,20,3872,2011-12-07 14:34:00
14396.0,Loyal Customers,1969.38,7,959,2011-10-05 16:09:00
14397.0,Champions,2612.96,19,1890,2011-12-07 09:22:00
14398.0,Potential Loyalists,707.79,2,267,2010-11-03 13:46:00
14399.0,Loyal Customers,2108.21,8,965,2010-11-10 13:23:00
14400.0,Loyal Customers,1732.47,3,1706,2011-07-13 15:50:00
14401.0,Champions,6795.9,22,6401,2011-12-05 13:30:00
14402.0,Lost,285.6,1,240,2010-02-25 13:20:00
14403.0,Loyal Customers,1880.51,6,737,2011-08-01 12:57:00
14404.0,Champions,2724.13,13,1577,2011-11-06 12:30:00
14405.0,Lost,195.0,1,100,2010-11-18 11:40:00
14406.0,At Risk,156.75,1,77,2011-08-12 16:54:00
14407.0,Loyal Customers,2157.73,6,1415,2011-08-24 14:02:00
14408.0,Champions,4102.27,11,2438,2011-11-29 11:41:00
14409.0,Champions,3427.29,9,2233,2011-09-29 18:18:00
14410.0,Loyal Customers,2631.9,11,1369,2011-09-08 15:08:00
14411.0,At Risk,1063.0,1,196,2011-02-02 10:56:00
14412.0,Loyal Customers,1426.19,3,1428,2011-10-28 10:45:00
14413.0,Potential Loyalists,764.52,4,277,2010-12-12 13:37:00
14414.0,Loyal Customers,2399.33,8,2877,2011-09-09 12:09:00
14415.0,Champions,11980.09,23,6263,2011-12-08 14:38:00
14416.0,Potential Loyalists,490.22,2,326,2011-11-17 15:22:00
14417.0,At Risk,524.65,1,543,2010-11-17 10:55:00
14418.0,Loyal Customers,1937.25,3,1711,2011-12-06 11:39:00
14419.0,Champions,1254.64,7,552,2011-11-29 11:22:00
14420.0,Loyal Customers,1639.17,4,1120,2011-09-01 18:07:00
14421.0,Loyal Customers,2469.37,6,1342,2011-10-13 13:24:00
14422.0,Champions,10271.52,19,6067,2011-12-09 11:26:00
14423.0,Potential Loyalists,916.61,3,419,2011-05-05 15:12:00
14424.0,Potential Loyalists,322.08,1,48,2011-11-22 11:48:00
14425.0,Potential Loyalists,661.39,3,325,2010-10-01 10:24:00
14426.0,Champions,11727.94,17,7023,2011-11-16 12:25:00
14427.0,Loyal Customers,1263.52,4,538,2011-10-20 14:23:00
14428.0,Champions,1224.06,5,428,2011-12-02 13:17:00
14429.0,At Risk,516.28,1,286,2010-11-01 10:08:00
14430.0,Potential Loyalists,1220.9,3,446,2010-07-16 11:35:00
14431.0,Potential Loyalists,2614.2,4,1202,2011-02-10 10:40:00
14432.0,Champions,2248.5,6,2013,2011-11-30 08:04:00
14433.0,Lost,280.7,1,131,2010-08-31 12:35:00
14434.0,Loyal Customers,1372.8,6,368,2011-11-18 08:56:00
14435.0,Lost,90.42,1,282,2010-07-26 12:33:00
14436.0,At Risk,271.7,2,297,2011-09-02 10:13:00
14437.0,Potential Loyalists,873.34,5,420,2010-12-09 09:27:00
14438.0,Lost,131.9,1,82,2011-02-06 14:56:00
14439.0,Loyal Customers,9443.04,5,2244,2011-01-24 11:39:00
14440.0,Champions,5982.03,13,1605,2011-12-01 15:42:00
14441.0,Champions,4611.6900000000005,11,1260,2011-12-09 09:07:00
14442.0,Loyal Customers,5367.02,7,1431,2011-05-19 11:36:00
14443.0,Loyal Customers,2082.9700000000003,5,1357,2011-10-17 10:10:00
14444.0,Lost,120.44,1,172,2010-09-09 18:56:00
14445.0,Lost,221.65,1,83,2010-09-10 11:09:00
14446.0,Loyal Customers,1200.28,5,1091,2011-12-09 11:34:00
14447.0,Champions,1711.73,6,913,2011-11-21 08:28:00
14448.0,Potential Loyalists,375.35,2,104,2011-11-30 13:50:00
14449.0,Champions,2230.96,8,1604,2011-11-21 12:06:00
14450.0,Loyal Customers,1128.44,7,522,2011-06-12 10:46:00
14451.0,Champions,3258.68,12,1737,2011-10-10 13:38:00
14452.0,Loyal Customers,658.95,4,285,2011-11-29 12:06:00
14453.0,Lost,119.93,1,49,2011-06-02 14:15:00
14454.0,Potential Loyalists,977.3000000000001,5,400,2010-11-28 13:26:00
14455.0,Potential Loyalists,617.72,4,706,2010-10-03 15:48:00
14456.0,Champions,3017.28,9,2885,2011-12-04 13:59:00
14457.0,Lost,113.64,1,88,2011-02-02 09:39:00
14458.0,Lost,228.07,1,317,2010-11-24 12:43:00
14459.0,Loyal Customers,5375.741,2,2303,2011-07-07 13:35:00
14460.0,Loyal Customers,1093.5,9,1879,2011-08-21 14:19:00
14461.0,Champions,6676.91,13,3005,2011-07-14 17:11:00
14462.0,Loyal Customers,2242.81,12,1063,2011-10-04 15:55:00
14463.0,Potential Loyalists,786.5699999999999,4,210,2011-09-02 15:20:00
14464.0,Lost,111.0,2,62,2010-05-20 18:00:00
14465.0,Loyal Customers,3925.85,11,2539,2011-04-07 12:38:00
14466.0,Champions,4267.15,13,2507,2011-11-10 14:07:00
14467.0,Champions,2203.2400000000002,12,1187,2011-11-22 12:48:00
14468.0,Lost,204.24,1,164,2009-12-06 12:21:00
14469.0,Potential Loyalists,2093.46,4,973,2010-10-19 14:30:00
14470.0,Loyal Customers,712.04,3,282,2011-11-28 10:31:00
14471.0,At Risk,400.95,2,187,2010-04-27 17:12:00
14472.0,Loyal Customers,2118.72,9,1271,2011-08-28 11:01:00
14473.0,At Risk,234.34,2,88,2011-09-26 15:10:00
14474.0,Loyal Customers,1258.89,2,448,2011-10-24 13:26:00
14475.0,Potential Loyalists,1151.15,4,541,2011-09-29 10:46:00
14476.0,Lost,193.0,1,110,2011-03-27 15:39:00
14477.0,Loyal Customers,1969.6,7,1120,2011-11-20 11:11:00
14478.0,Potential Loyalists,1276.66,4,1226,2010-11-22 15:29:00
14479.0,Potential Loyalists,1124.71,4,562,2011-03-31 09:07:00
14480.0,Loyal Customers,1299.52,4,670,2011-11-28 16:35:00
14481.0,Loyal Customers,2284.69,5,1568,2011-06-28 10:38:00
14482.0,Champions,4306.72,12,2869,2011-11-21 13:14:00
14483.0,At Risk,257.1,2,193,2011-03-03 10:26:00
14484.0,Loyal Customers,1070.98,4,744,2011-10-20 14:11:00
14485.0,At Risk,162.8,1,70,2011-11-01 12:25:00
14486.0,Lost,175.5,2,90,2010-07-16 09:42:00
14487.0,Loyal Customers,1266.27,7,761,2011-11-13 12:17:00
14488.0,Potential Loyalists,1064.28,1,799,2011-10-03 09:30:00
14489.0,Potential Loyalists,1574.93,4,1011,2011-05-16 14:51:00
14490.0,Potential Loyalists,1273.47,2,933,2010-10-29 15:04:00
14491.0,Potential Loyalists,340.93,2,139,2011-06-17 15:22:00
14492.0,Potential Loyalists,1921.91,7,751,2010-10-05 13:21:00
14493.0,Champions,5087.86,10,3148,2011-12-02 16:14:00
14494.0,Potential Loyalists,401.46,3,210,2011-11-14 09:21:00
14495.0,Potential Loyalists,174.8,3,68,2011-10-20 12:28:00
14496.0,Loyal Customers,2363.89,7,905,2011-02-01 09:01:00
14497.0,Potential Loyalists,697.0600000000001,2,332,2011-02-03 17:01:00
14498.0,Champions,3900.83,10,2120,2011-10-28 12:09:00
14499.0,Loyal Customers,2101.79,7,1231,2011-11-13 13:01:00
14500.0,Potential Loyalists,356.85,3,117,2011-09-12 16:45:00
14501.0,At Risk,251.21,2,161,2011-06-09 12:02:00
14502.0,Champions,2429.83,11,1480,2011-11-20 11:50:00
14503.0,Champions,3543.26,6,2004,2011-12-06 13:30:00
14504.0,Loyal Customers,673.26,4,308,2011-10-23 16:00:00
14505.0,Champions,11879.08,19,5325,2011-11-22 15:45:00
14506.0,Champions,2960.25,7,936,2011-11-22 13:02:00
14507.0,Champions,3216.7400000000002,11,1491,2011-11-16 12:21:00
14508.0,Loyal Customers,822.92,5,347,2011-11-17 19:48:00
14509.0,Lost,110.95,1,38,2010-06-23 13:21:00
14510.0,Potential Loyalists,979.85,3,793,2010-11-29 12:46:00
14511.0,Champions,1314.81,5,784,2011-11-28 17:05:00
14512.0,Loyal Customers,1215.97,7,736,2011-06-05 12:39:00
14513.0,Loyal Customers,788.01,6,593,2011-08-31 11:25:00
14514.0,Champions,4380.04,9,2362,2011-10-09 16:05:00
14515.0,Champions,3724.06,12,1893,2011-11-22 11:37:00
14516.0,Lost,151.17,1,63,2010-07-11 14:07:00
14517.0,Potential Loyalists,330.45,2,91,2011-11-06 14:20:00
14518.0,At Risk,174.37,1,278,2011-10-06 14:43:00
14519.0,Lost,203.14,2,81,2010-01-25 11:18:00
14520.0,Potential Loyalists,270.6,2,146,2011-12-08 09:46:00
14521.0,Lost,199.45000000000002,1,211,2010-08-05 16:35:00
14522.0,Loyal Customers,1748.42,8,956,2011-11-15 13:24:00
14523.0,At Risk,241.09,1,251,2011-08-23 13:13:00
14524.0,Champions,2909.86,13,1169,2011-11-08 12:29:00
14525.0,Champions,8026.54,17,5106,2011-11-20 11:37:00
14526.0,Lost,258.65,1,178,2010-11-15 13:32:00
14527.0,Champions,27246.88,122,6647,2011-12-07 12:19:00
14528.0,Potential Loyalists,364.21999999999997,1,278,2011-11-02 17:09:00
14529.0,Potential Loyalists,578.61,3,325,2011-10-10 15:27:00
14530.0,Champions,6088.87,16,2989,2011-11-14 10:38:00
14531.0,Lost,376.34,1,260,2010-08-17 10:16:00
14532.0,Loyal Customers,3845.78,11,1111,2011-04-17 13:05:00
14533.0,Champions,3466.37,11,6038,2011-11-15 12:05:00
14534.0,Champions,6187.66,26,2822,2011-12-07 12:19:00
14535.0,Champions,5973.2300000000005,9,3214,2011-10-10 15:39:00
14536.0,Lost,170.95,1,39,2011-03-25 12:21:00
14537.0,Potential Loyalists,641.4,2,228,2011-10-13 10:54:00
14538.0,Loyal Customers,1370.8400000000001,5,284,2011-10-06 10:31:00
14539.0,Potential Loyalists,537.48,2,428,2011-11-24 09:50:00
14540.0,Champions,3709.64,11,1595,2011-11-30 10:15:00
14541.0,Champions,2491.38,14,1123,2011-10-12 10:08:00
14542.0,At Risk,103.25,1,19,2011-06-07 08:19:00
14543.0,Champions,14587.87,39,2639,2011-11-11 12:45:00
14544.0,Loyal Customers,2938.53,3,2412,2011-11-15 15:06:00
14545.0,Lost,349.25,1,236,2010-02-03 15:23:00
14546.0,Champions,5184.84,11,2688,2011-12-04 13:00:00
14547.0,Champions,3974.75,8,2639,2011-12-06 11:06:00
14548.0,Loyal Customers,2541.29,9,986,2011-07-12 12:19:00
14549.0,Potential Loyalists,913.6,4,394,2011-02-01 13:47:00
14550.0,Loyal Customers,1345.06,4,771,2011-11-29 12:12:00
14551.0,Loyal Customers,878.09,7,486,2011-11-21 13:36:00
14552.0,Potential Loyalists,507.93,3,258,2011-07-11 12:49:00
14553.0,Champions,1818.6,9,1118,2011-11-20 13:20:00
14554.0,Loyal Customers,2279.4900000000002,4,1443,2011-11-29 16:44:00
14555.0,Loyal Customers,2304.03,6,842,2011-10-13 16:24:00
14556.0,Potential Loyalists,815.69,3,323,2010-04-22 14:57:00
14557.0,Potential Loyalists,788.38,1,510,2011-09-15 15:48:00
14558.0,Potential Loyalists,655.5,3,162,2010-02-23 12:51:00
14559.0,Lost,75.6,1,72,2010-11-14 16:05:00
14560.0,Champions,6114.03,44,4580,2011-12-02 15:22:00
14561.0,Potential Loyalists,1080.76,3,1014,2011-09-25 12:39:00
14562.0,Champions,6638.150000000001,26,2574,2011-12-06 11:05:00
14563.0,At Risk,640.54,2,279,2010-07-18 12:01:00
14564.0,Potential Loyalists,2605.62,2,1295,2010-10-01 09:02:00
14565.0,Loyal Customers,3859.2200000000003,5,1940,2011-09-05 09:07:00
14566.0,Loyal Customers,4092.0,4,2400,2011-08-21 11:05:00
14567.0,Loyal Customers,1530.3600000000001,2,412,2011-10-14 10:21:00
14568.0,At Risk,919.7,1,645,2010-09-30 17:15:00
14569.0,Loyal Customers,597.33,4,257,2011-12-08 14:58:00
14570.0,Potential Loyalists,613.75,3,431,2011-03-04 10:58:00
14571.0,Lost,160.0,1,56,2010-10-10 15:06:00
14572.0,Champions,5526.88,11,2878,2011-12-06 14:40:00
14573.0,Loyal Customers,2163.12,13,683,2011-06-13 11:15:00
14574.0,Lost,143.70000000000002,1,63,2009-12-07 12:42:00
14575.0,Lost,420.22,1,163,2010-08-08 14:51:00
14576.0,Lost,35.400000000000006,1,12,2010-12-02 17:51:00
14577.0,Champions,1364.15,7,569,2011-11-27 12:47:00
14578.0,Potential Loyalists,168.63,1,240,2011-12-06 17:18:00
14579.0,Lost,105.56,1,56,2010-10-03 14:36:00
14580.0,Lost,14.85,1,3,2010-07-09 15:20:00
14581.0,Potential Loyalists,409.65,2,304,2011-11-23 12:39:00
14582.0,At Risk,114.11,1,73,2011-10-30 11:56:00
14583.0,Champions,1660.29,8,1071,2011-12-04 12:32:00
14584.0,Loyal Customers,1738.16,8,960,2011-06-23 18:33:00
14585.0,Loyal Customers,1143.27,5,630,2011-10-20 14:33:00
14586.0,Lost,237.35999999999999,1,444,2011-03-08 10:04:00
14587.0,Champions,1580.29,9,749,2011-11-21 11:34:00
14588.0,Lost,135.39,1,62,2010-05-10 15:08:00
14589.0,Lost,39.75,1,5,2010-12-03 11:42:00
14590.0,Loyal Customers,2993.37,20,901,2010-10-11 12:06:00
14591.0,Loyal Customers,1320.21,4,1228,2011-11-24 13:57:00
14592.0,Potential Loyalists,557.94,3,407,2011-11-04 16:35:00
14593.0,Champions,3665.53,12,1848,2011-11-18 12:48:00
14594.0,Potential Loyalists,363.33,2,183,2011-12-02 13:28:00
14595.0,Loyal Customers,2164.45,8,1228,2011-11-20 12:12:00
14596.0,Lost,222.22,1,75,2010-03-23 12:13:00
14597.0,Champions,2184.63,6,1436,2011-11-28 13:13:00
14598.0,Potential Loyalists,384.03999999999996,2,354,2011-10-26 13:19:00
14599.0,At Risk,457.89,2,292,2010-11-14 14:49:00
14600.0,Potential Loyalists,865.17,2,487,2011-02-07 09:48:00
14601.0,Potential Loyalists,213.96,1,168,2011-11-29 09:48:00
14602.0,Lost,205.35999999999999,1,80,2010-02-21 15:47:00
14603.0,At Risk,660.0,1,400,2011-03-10 10:27:00
14604.0,Lost,143.85999999999999,1,88,2010-03-16 13:00:00
14605.0,Potential Loyalists,921.5600000000001,4,416,2010-11-30 14:07:00
14606.0,Champions,29951.37,192,15217,2011-12-08 19:28:00
14607.0,Champions,23763.13,22,15335,2011-11-24 10:35:00
14608.0,Champions,3352.94,11,927,2011-12-05 16:52:00
14609.0,Loyal Customers,1486.2,10,12720,2011-09-28 12:54:00
14610.0,At Risk,24.35,2,15,2010-11-09 10:58:00
14611.0,At Risk,604.33,2,582,2010-09-22 09:19:00
14612.0,At Risk,877.7,1,134,2010-10-20 16:01:00
14613.0,Lost,76.32000000000001,1,72,2010-01-28 13:02:00
14614.0,At Risk,295.13,1,189,2010-11-18 13:04:00
14615.0,Potential Loyalists,951.76,5,495,2010-11-10 13:36:00
14616.0,Potential Loyalists,527.78,5,170,2011-04-11 09:54:00
14617.0,At Risk,190.47,2,81,2010-11-02 11:41:00
14618.0,Champions,1342.32,7,704,2011-11-30 13:45:00
14619.0,Potential Loyalists,1291.24,2,594,2011-04-08 07:37:00
14620.0,At Risk,412.78000000000003,2,214,2011-05-18 11:58:00
14621.0,Champions,3000.57,9,1706,2011-12-08 16:22:00
14622.0,At Risk,320.58000000000004,1,146,2011-06-08 12:42:00
14623.0,Champions,2016.98,10,1025,2011-11-07 13:56:00
14624.0,Loyal Customers,814.07,6,645,2011-10-13 13:44:00
14625.0,Loyal Customers,4497.88,11,2155,2011-05-27 15:32:00
14626.0,Champions,5410.92,11,3135,2011-11-16 10:37:00
14627.0,At Risk,462.75,1,284,2010-11-25 16:32:00
14628.0,Loyal Customers,1998.0,5,1147,2011-09-09 14:58:00
14629.0,Loyal Customers,955.26,2,378,2011-12-05 16:55:00
14630.0,Lost,338.65,1,111,2010-08-12 16:38:00
14631.0,Loyal Customers,2025.69,6,1407,2011-10-20 11:17:00
14632.0,Lost,114.56,1,96,2011-03-22 08:49:00
14633.0,At Risk,344.90000000000003,1,96,2011-03-18 17:07:00
14634.0,Potential Loyalists,2124.46,4,1906,2010-09-28 10:40:00
14635.0,Lost,215.22,1,118,2010-09-12 10:47:00
14636.0,Potential Loyalists,609.85,2,241,2011-11-03 16:12:00
14637.0,Lost,106.68,1,100,2010-01-31 15:52:00
14638.0,Potential Loyalists,443.6,1,166,2011-10-20 10:10:00
14639.0,Champions,4978.96,9,2410,2011-10-18 15:06:00
14640.0,Champions,3649.36,10,1645,2011-11-15 13:07:00
14641.0,At Risk,110.46000000000001,1,90,2011-11-18 10:42:00
14642.0,At Risk,96.12,1,76,2011-10-12 11:08:00
14643.0,Loyal Customers,1679.89,5,1377,2011-06-22 14:41:00
14644.0,Loyal Customers,2247.72,7,770,2011-10-03 08:30:00
14645.0,Potential Loyalists,876.89,3,587,2011-07-06 09:15:00
14646.0,Champions,528602.52,151,367193,2011-12-08 12:12:00
14647.0,At Risk,506.04,2,175,2011-05-22 13:40:00
14648.0,Loyal Customers,4466.65,15,3265,2010-10-19 13:12:00
14649.0,Champions,3651.19,9,2415,2011-12-05 12:30:00
14650.0,Lost,62.5,1,22,2010-04-29 20:27:00
14651.0,Loyal Customers,2025.52,9,880,2011-10-03 15:52:00
14652.0,At Risk,114.18,1,53,2011-09-23 14:21:00
14653.0,Champions,3593.06,12,1969,2011-12-08 13:45:00
14654.0,Lost,246.86,1,273,2009-12-01 12:57:00
14655.0,Champions,3878.51,7,2341,2011-12-01 16:28:00
14656.0,Loyal Customers,790.0,5,309,2011-06-23 13:51:00
14657.0,Champions,1450.19,6,879,2011-11-22 12:47:00
14658.0,Potential Loyalists,247.15,2,47,2011-12-04 15:35:00
14659.0,Champions,2529.93,9,1195,2011-12-01 12:17:00
14660.0,Potential Loyalists,285.74,2,228,2011-09-14 11:34:00
14661.0,At Risk,107.95,1,35,2011-11-13 11:51:00
14662.0,Loyal Customers,1376.43,7,907,2011-11-11 12:13:00
14663.0,At Risk,490.6,2,397,2010-10-05 13:21:00
14664.0,Potential Loyalists,636.24,2,465,2011-11-20 10:59:00
14665.0,Loyal Customers,2749.65,7,1144,2011-10-10 09:14:00
14666.0,At Risk,195.25,1,161,2011-11-15 12:57:00
14667.0,Champions,20395.34,54,11939,2011-11-29 11:30:00
14668.0,Lost,111.63,1,49,2010-09-20 15:03:00
14669.0,Loyal Customers,3216.78,7,2043,2011-04-12 11:43:00
14670.0,Potential Loyalists,583.33,3,423,2011-03-04 14:13:00
14671.0,At Risk,1127.45,2,571,2010-06-08 13:39:00
14672.0,Potential Loyalists,1113.14,4,646,2011-04-19 10:19:00
14673.0,Champions,3037.32,7,1822,2011-12-06 14:31:00
14674.0,Lost,173.66,1,103,2010-07-18 14:25:00
14675.0,Loyal Customers,1015.58,2,660,2011-11-23 12:58:00
14676.0,Champions,8356.79,12,8792,2011-11-08 13:29:00
14677.0,Lost,184.91,1,139,2010-04-26 09:48:00
14678.0,Lost,403.39,1,179,2010-05-09 14:32:00
14679.0,Potential Loyalists,1289.44,3,794,2010-11-23 11:51:00
14680.0,Champions,55688.5,58,26894,2011-11-14 16:59:00
14681.0,Loyal Customers,875.1500000000001,6,172,2011-09-29 15:52:00
14682.0,Loyal Customers,1514.81,6,949,2011-06-05 12:12:00
14683.0,Lost,146.56,1,386,2010-04-30 17:18:00
14684.0,Loyal Customers,1430.03,6,1005,2011-11-14 11:33:00
14685.0,Loyal Customers,4536.64,8,1969,2010-05-12 13:08:00
14686.0,Potential Loyalists,852.53,5,457,2010-10-21 18:31:00
14687.0,Loyal Customers,1402.06,3,850,2011-08-25 11:59:00
14688.0,Champions,7190.42,28,5041,2011-12-02 12:26:00
14689.0,Lost,112.80000000000001,1,76,2011-05-15 11:22:00
14690.0,Loyal Customers,777.6800000000001,4,341,2011-10-26 15:39:00
14691.0,Loyal Customers,2114.33,5,707,2011-11-09 12:30:00
14692.0,Loyal Customers,1715.14,12,890,2011-07-25 15:08:00
14693.0,Potential Loyalists,1165.3600000000001,7,388,2011-03-20 12:50:00
14694.0,Lost,244.31,1,193,2010-04-01 19:46:00
14695.0,Potential Loyalists,1534.22,3,661,2010-07-08 14:18:00
14696.0,Champions,2473.28,8,1867,2011-12-05 13:43:00
14697.0,At Risk,188.61,2,181,2011-05-05 15:39:00
14698.0,Loyal Customers,1217.27,5,602,2011-12-08 12:26:00
14699.0,Potential Loyalists,702.6,4,484,2011-05-09 14:54:00
14700.0,Champions,3076.06,5,1606,2011-11-07 14:40:00
14701.0,Champions,4487.11,15,1744,2011-11-29 12:38:00
14702.0,Champions,6368.78,29,2878,2011-12-08 19:29:00
14703.0,Potential Loyalists,318.17,1,183,2011-11-25 09:23:00
14704.0,Champions,1752.92,11,1164,2011-11-28 12:51:00
14705.0,Lost,179.0,1,100,2011-05-25 12:39:00
14706.0,Lost,367.54,1,246,2010-03-31 11:09:00
14707.0,Lost,139.2,2,96,2010-09-30 11:37:00
14708.0,Champions,1793.22,5,1159,2011-12-07 08:21:00
14709.0,Champions,8886.33,25,4141,2011-11-24 15:41:00
14710.0,Champions,1899.79,13,1135,2011-11-25 14:53:00
14711.0,Champions,2839.62,11,966,2011-11-29 14:58:00
14712.0,Loyal Customers,1328.0700000000002,4,411,2011-11-10 12:59:00
14713.0,Champions,5115.76,21,3329,2011-11-30 16:26:00
14714.0,Loyal Customers,906.24,4,642,2011-11-15 13:07:00
14715.0,Loyal Customers,1825.45,8,1030,2011-11-15 12:10:00
14716.0,Potential Loyalists,543.28,3,643,2011-10-27 17:29:00
14717.0,Lost,81.3,1,32,2009-12-06 13:05:00
14718.0,Lost,226.42,1,202,2010-10-25 13:07:00
14719.0,Champions,1581.84,5,1025,2011-12-08 12:43:00
14720.0,Loyal Customers,663.81,3,219,2011-12-04 12:02:00
14721.0,Lost,109.07,1,57,2010-11-25 13:08:00
14722.0,Potential Loyalists,489.52,3,214,2011-07-15 14:58:00
14723.0,Champions,1803.06,11,1168,2011-11-29 15:23:00
14724.0,Lost,341.9,1,184,2010-04-28 13:26:00
14725.0,Loyal Customers,1252.74,4,1335,2011-11-15 12:42:00
14726.0,Lost,116.5,1,82,2010-02-23 12:35:00
14727.0,Potential Loyalists,463.73,3,458,2011-03-10 14:45:00
14728.0,Lost,190.58,1,68,2010-10-22 15:57:00
14729.0,Potential Loyalists,586.24,3,372,2010-12-01 12:43:00
14730.0,Champions,1897.57,8,1078,2011-12-08 14:39:00
14731.0,Potential Loyalists,380.02,3,256,2011-10-23 15:54:00
14732.0,Champions,5517.07,19,2273,2011-12-01 14:34:00
14733.0,Champions,14335.15,15,5799,2011-11-23 15:39:00
14734.0,Potential Loyalists,1056.42,4,378,2010-10-10 12:04:00
14735.0,Champions,12240.16,56,4513,2011-12-06 12:09:00
14736.0,At Risk,374.05,2,148,2010-08-11 15:21:00
14737.0,Champions,3554.17,4,1071,2011-12-06 10:16:00
14738.0,Champions,1821.9,9,757,2011-10-28 08:56:00
14739.0,Champions,11573.62,25,9696,2011-12-05 16:54:00
14740.0,Loyal Customers,4161.06,11,2081,2011-05-26 18:17:00
14741.0,Champions,1713.0900000000001,7,1006,2011-11-28 08:48:00
14742.0,Lost,579.85,1,374,2010-09-30 14:07:00
14743.0,Lost,50.480000000000004,1,40,2010-04-26 10:26:00
14744.0,Champions,3660.08,14,2399,2011-11-23 12:51:00
14745.0,Loyal Customers,2551.41,12,1969,2011-08-19 10:05:00
14746.0,Potential Loyalists,593.5,4,398,2010-10-29 14:44:00
14747.0,At Risk,328.2,1,84,2011-04-04 14:09:00
14748.0,Champions,2681.9,10,2422,2011-11-10 18:33:00
14749.0,Lost,310.15,1,403,2010-08-17 12:36:00
14750.0,Lost,112.03,1,65,2009-12-03 17:57:00
14751.0,Lost,126.45,2,65,2010-01-24 13:37:00
14752.0,Potential Loyalists,389.64000000000004,1,260,2011-10-27 11:55:00
14753.0,Potential Loyalists,869.51,2,412,2011-09-13 14:50:00
14754.0,Loyal Customers,1547.93,6,1010,2011-10-26 12:01:00
14755.0,Champions,9972.550000000001,25,4401,2011-11-30 11:24:00
14756.0,Loyal Customers,2653.76,3,1423,2011-11-24 18:13:00
14757.0,At Risk,420.5,1,160,2011-09-25 14:36:00
14758.0,Loyal Customers,2864.9700000000003,7,840,2011-07-18 08:21:00
14759.0,Loyal Customers,1625.97,3,569,2011-12-05 12:03:00
14760.0,Lost,89.2,1,40,2011-02-15 16:27:00
14761.0,Potential Loyalists,447.92,3,206,2011-10-12 12:10:00
14762.0,At Risk,417.57,2,428,2011-03-21 08:20:00
14764.0,At Risk,278.3,1,190,2011-10-24 11:54:00
14765.0,Potential Loyalists,254.11,3,135,2011-11-10 19:53:00
14766.0,Champions,6375.7300000000005,11,3999,2011-12-01 16:05:00
14767.0,Lost,382.81,1,117,2010-08-22 14:54:00
14768.0,Potential Loyalists,192.60000000000002,2,52,2011-11-22 12:54:00
14769.0,Champions,15514.11,17,11058,2011-12-07 10:24:00
14770.0,Loyal Customers,3637.6400000000003,8,1598,2011-04-21 14:21:00
14771.0,At Risk,594.62,2,622,2010-03-28 12:52:00
14772.0,At Risk,139.26,1,82,2011-08-19 15:04:00
14773.0,Lost,140.55,1,53,2010-04-26 10:29:00
14774.0,Lost,241.45000000000002,1,99,2010-06-29 12:26:00
14775.0,Loyal Customers,1011.9,3,1174,2011-10-12 15:27:00
14776.0,Champions,3708.2999999999997,15,4658,2011-10-19 15:34:00
14777.0,At Risk,307.56,1,212,2010-11-01 12:50:00
14778.0,Potential Loyalists,730.86,2,306,2011-08-04 15:23:00
14779.0,Potential Loyalists,386.15,3,84,2011-03-04 12:42:00
14780.0,Potential Loyalists,447.68,2,310,2011-10-16 12:46:00
14782.0,Lost,200.10000000000002,1,114,2011-01-24 11:12:00
14783.0,Lost,307.3,1,262,2010-02-18 16:16:00
14784.0,Potential Loyalists,449.93,3,363,2011-11-13 13:30:00
14785.0,Potential Loyalists,77.4,2,84,2011-11-29 13:21:00
14786.0,Lost,90.96,1,112,2010-06-07 13:42:00
14787.0,Lost,110.65,1,59,2010-08-25 14:38:00
14788.0,Loyal Customers,1156.32,3,719,2011-12-02 17:06:00
14789.0,At Risk,197.64,1,116,2011-11-11 08:59:00
14790.0,Champions,2526.62,10,2642,2011-11-23 09:28:00
14791.0,Lost,303.63,1,127,2010-04-12 10:24:00
14792.0,At Risk,6.2,1,2,2011-10-07 09:19:00
14793.0,Potential Loyalists,625.9,2,361,2011-11-18 14:50:00
14794.0,Champions,1953.9,10,783,2011-12-07 10:11:00
14795.0,At Risk,131.45000000000002,1,17,2011-06-26 13:04:00
14796.0,Champions,10169.33,27,7188,2011-12-08 15:31:00
14797.0,Lost,300.31,1,99,2010-07-20 14:07:00
14798.0,Loyal Customers,724.31,8,601,2011-10-18 10:58:00
14799.0,Potential Loyalists,338.15000000000003,2,495,2011-10-19 16:16:00
14800.0,Champions,7191.33,17,6501,2011-10-23 12:46:00
14801.0,At Risk,189.34,1,173,2011-10-09 15:24:00
14802.0,Potential Loyalists,1502.98,2,2,2010-09-27 16:34:00
14803.0,Potential Loyalists,845.5500000000001,3,370,2011-06-30 13:58:00
14804.0,Potential Loyalists,353.27,1,121,2011-12-01 11:20:00
14805.0,Loyal Customers,1082.55,7,416,2011-11-24 16:20:00
14806.0,Potential Loyalists,303.43,2,423,2011-09-25 15:32:00
14807.0,At Risk,504.14,2,234,2010-11-14 12:47:00
14808.0,Loyal Customers,2718.6,8,2120,2011-10-31 12:21:00
14809.0,At Risk,686.76,2,232,2010-03-28 15:44:00
14810.0,Champions,2354.03,13,1162,2011-10-30 11:19:00
14811.0,Lost,170.5,1,74,2010-11-17 13:09:00
14812.0,Lost,178.85,1,135,2010-04-20 12:13:00
14813.0,Potential Loyalists,888.91,4,392,2010-12-05 11:57:00
14814.0,Lost,154.21,1,93,2010-05-07 14:10:00
14815.0,Potential Loyalists,778.5,2,744,2011-11-03 11:36:00
14816.0,Lost,271.85,1,5,2011-05-26 13:16:00
14817.0,Loyal Customers,3959.86,7,2462,2011-05-23 13:35:00
14818.0,Loyal Customers,1153.56,6,543,2011-09-27 11:01:00
14819.0,Potential Loyalists,456.41,4,170,2011-10-06 13:41:00
14820.0,Champions,1274.76,9,724,2011-11-18 15:41:00
14821.0,Loyal Customers,1230.15,7,459,2010-12-08 08:43:00
14822.0,Lost,157.7,1,94,2010-08-11 12:52:00
14823.0,Potential Loyalists,321.43,3,88,2011-06-12 13:12:00
14824.0,Champions,4022.9100000000003,10,1954,2011-11-29 14:20:00
14825.0,Champions,4735.08,24,2774,2011-12-06 11:38:00
14826.0,At Risk,385.2,2,152,2010-05-07 09:00:00
14828.0,Loyal Customers,9839.460000000001,13,9718,2011-05-27 10:16:00
14829.0,Loyal Customers,1455.8700000000001,7,957,2011-11-10 16:16:00
14830.0,At Risk,188.88,1,164,2011-10-17 14:29:00
14831.0,Potential Loyalists,1676.57,3,885,2010-01-28 14:31:00
14832.0,Lost,322.69,1,1,2010-03-19 15:14:00
14833.0,Lost,94.8,1,58,2010-07-29 10:06:00
14834.0,Champions,2206.16,7,872,2011-11-22 10:30:00
14835.0,At Risk,297.0,2,180,2010-06-29 10:08:00
14836.0,Potential Loyalists,102.45,3,45,2011-11-29 16:45:00
14837.0,Champions,3460.32,9,3030,2011-09-11 10:58:00
14838.0,At Risk,769.9200000000001,2,361,2010-10-12 15:46:00
14839.0,Potential Loyalists,915.28,3,927,2010-10-17 13:01:00
14840.0,At Risk,362.71000000000004,2,179,2011-03-17 12:00:00
14841.0,Champions,7163.0,14,4164,2011-10-17 15:03:00
14842.0,Loyal Customers,2824.69,4,1166,2011-10-27 12:37:00
14843.0,Lost,211.8,1,132,2010-09-29 12:39:00
14844.0,Champions,6702.43,10,4369,2011-10-07 10:41:00
14845.0,Lost,150.0,1,600,2010-04-19 10:19:00
14846.0,Lost,437.4,1,193,2010-10-08 17:07:00
14847.0,Loyal Customers,1348.95,3,533,2011-07-14 10:52:00
14848.0,At Risk,310.56,1,260,2010-10-31 12:22:00
14849.0,Champions,15407.61,43,11838,2011-11-18 10:58:00
14850.0,Loyal Customers,1770.96,7,1393,2011-02-01 11:21:00
14851.0,Loyal Customers,829.41,3,631,2011-11-16 14:20:00
14852.0,Champions,6132.43,18,4366,2011-10-12 13:20:00
14853.0,Loyal Customers,1376.87,5,345,2011-11-15 16:56:00
14854.0,Champions,4303.06,11,2987,2011-09-22 17:00:00
14855.0,Loyal Customers,6520.3,7,3510,2011-08-12 14:02:00
14856.0,Loyal Customers,1290.53,3,711,2011-11-03 14:53:00
14857.0,Loyal Customers,3651.851,7,2081,2011-10-11 09:23:00
14858.0,Lost,180.75,1,105,2010-07-22 10:51:00
14859.0,Champions,1705.64,5,888,2011-11-27 11:18:00
14860.0,Potential Loyalists,170.32,1,232,2011-11-20 14:17:00
14861.0,Champions,1380.73,10,1076,2011-10-18 12:54:00
14862.0,Potential Loyalists,841.2,2,772,2011-11-14 10:01:00
14863.0,At Risk,266.76,1,132,2011-11-10 15:04:00
14865.0,Potential Loyalists,92.52,4,204,2011-12-02 16:25:00
14866.0,Champions,20746.54,19,9089,2011-11-29 11:45:00
14867.0,Champions,2952.06,16,996,2011-06-07 11:39:00
14868.0,Champions,4184.01,12,2230,2011-12-06 14:49:00
14869.0,Champions,2778.14,6,2130,2011-12-01 12:36:00
14870.0,Loyal Customers,1838.95,6,483,2011-03-23 10:51:00
14871.0,Champions,1228.17,9,446,2011-12-06 13:42:00
14872.0,Potential Loyalists,816.6,3,662,2010-08-13 12:34:00
14873.0,Potential Loyalists,854.13,2,311,2011-05-13 13:52:00
14874.0,Lost,116.18,1,148,2010-06-22 14:58:00
14875.0,Loyal Customers,2862.4,3,1332,2011-08-24 12:20:00
14876.0,Lost,256.7,2,162,2010-07-06 14:57:00
14877.0,At Risk,425.85,2,168,2010-10-17 13:09:00
14878.0,Champions,4076.5,25,2416,2011-11-27 11:15:00
14879.0,Lost,185.06,1,104,2010-01-24 11:35:00
14880.0,Potential Loyalists,690.59,3,365,2011-09-23 13:42:00
14881.0,At Risk,255.4,1,316,2011-11-20 11:06:00
14882.0,Champions,3546.65,14,1614,2011-11-13 12:47:00
14883.0,Loyal Customers,761.59,6,790,2011-11-21 10:23:00
14884.0,Lost,120.6,1,72,2010-02-08 12:56:00
14885.0,Loyal Customers,1598.12,3,1308,2011-07-31 12:05:00
14886.0,At Risk,364.8,1,160,2011-04-01 08:56:00
14887.0,Potential Loyalists,1862.0,1,1100,2011-09-21 15:32:00
14888.0,At Risk,369.2,1,184,2011-05-16 14:58:00
14889.0,Lost,135.9,1,90,2011-01-07 15:19:00
14890.0,Potential Loyalists,817.25,3,636,2011-03-31 11:57:00
14891.0,Potential Loyalists,1106.73,4,788,2011-07-14 18:08:00
14892.0,Lost,202.35000000000002,1,79,2010-01-18 08:58:00
14893.0,Loyal Customers,1809.6100000000001,3,1047,2011-11-30 12:31:00
14894.0,Loyal Customers,1492.81,3,603,2011-09-15 13:51:00
14895.0,Champions,25119.54,38,10714,2011-12-02 09:23:00
14896.0,Loyal Customers,1826.0,8,931,2011-05-19 10:20:00
14897.0,Champions,3140.54,8,1162,2011-12-02 10:32:00
14898.0,Champions,3365.95,14,2207,2011-11-16 14:54:00
14899.0,Potential Loyalists,1331.38,1,570,2010-11-09 15:20:00
14900.0,Lost,13.919999999999998,1,48,2010-07-05 15:09:00
14901.0,Champions,1919.0,12,880,2011-11-28 17:09:00
14902.0,Loyal Customers,1035.6200000000001,3,716,2011-11-14 10:34:00
14903.0,Loyal Customers,2795.33,5,1531,2011-11-18 16:07:00
14904.0,Loyal Customers,1630.49,4,2522,2011-12-07 12:55:00
14905.0,Loyal Customers,1971.39,8,1009,2011-07-05 12:41:00
14906.0,Lost,68.44,1,1,2010-09-20 16:30:00
14907.0,Champions,5547.72,16,2583,2011-12-06 14:14:00
14908.0,Potential Loyalists,381.9,2,182,2011-09-26 12:56:00
14909.0,Potential Loyalists,1404.68,3,888,2010-09-28 16:56:00
14910.0,Loyal Customers,434.35,4,238,2011-12-07 10:06:00
14911.0,Champions,291420.81,398,147972,2011-12-08 15:54:00
14912.0,Champions,1889.25,6,1819,2011-11-23 09:20:00
14913.0,Champions,4073.13,8,3955,2011-11-04 08:29:00
14915.0,Loyal Customers,1811.25,11,707,2011-09-09 13:34:00
14916.0,Loyal Customers,3042.95,8,2415,2011-09-30 09:20:00
14917.0,At Risk,1123.75,2,891,2010-04-22 11:28:00
14918.0,Champions,5955.81,9,2551,2011-08-16 11:50:00
14919.0,Lost,359.35,1,129,2010-06-18 13:06:00
14920.0,Potential Loyalists,1607.17,3,886,2011-05-11 10:32:00
14921.0,Loyal Customers,1316.07,2,953,2011-11-09 13:17:00
14922.0,Potential Loyalists,843.74,2,376,2010-11-11 11:14:00
14923.0,Potential Loyalists,749.1,1,418,2011-10-20 11:51:00
14924.0,Potential Loyalists,931.01,3,312,2011-04-08 09:25:00
14926.0,At Risk,359.4,2,204,2010-11-23 07:13:00
14927.0,At Risk,308.2,1,196,2010-11-08 12:30:00
14928.0,Lost,223.91000000000003,1,268,2010-03-22 09:14:00
14929.0,Potential Loyalists,836.69,2,487,2011-11-07 17:21:00
14930.0,Loyal Customers,5236.7300000000005,6,2193,2011-08-23 10:31:00
14931.0,Champions,1257.68,5,417,2011-12-05 10:19:00
14932.0,Potential Loyalists,666.13,2,257,2010-12-09 11:48:00
14933.0,Potential Loyalists,1770.0,4,600,2010-09-22 10:47:00
14934.0,Loyal Customers,3503.5,5,2100,2011-09-19 10:10:00
14935.0,Potential Loyalists,2849.83,2,1931,2011-02-15 14:44:00
14936.0,Champions,12410.81,12,6274,2011-11-06 10:30:00
14937.0,Loyal Customers,1621.88,3,484,2011-10-14 12:29:00
14938.0,Potential Loyalists,2322.43,2,1369,2010-05-26 13:38:00
14940.0,At Risk,531.49,2,384,2010-10-18 10:47:00
14941.0,Lost,182.1,1,80,2010-05-10 11:30:00
14942.0,Potential Loyalists,746.56,4,354,2010-11-03 10:51:00
14943.0,Lost,107.62,1,46,2010-02-14 16:04:00
14944.0,Champions,9784.67,19,4864,2011-11-10 09:10:00
14945.0,Lost,179.4,1,156,2010-10-22 11:26:00
14946.0,Potential Loyalists,100.9,1,22,2011-11-25 13:33:00
14947.0,Loyal Customers,1049.79,6,416,2011-09-28 15:48:00
14948.0,Loyal Customers,1101.97,6,673,2011-11-16 17:16:00
14949.0,At Risk,515.0,4,250,2010-08-27 15:38:00
14950.0,Potential Loyalists,371.2,1,136,2011-11-20 13:48:00
14951.0,At Risk,311.69,1,311,2011-09-21 15:15:00
14952.0,Champions,17629.35,32,6977,2011-10-11 10:33:00
14953.0,Loyal Customers,971.32,4,1014,2011-11-14 14:59:00
14954.0,Potential Loyalists,462.12,2,209,2011-11-27 14:30:00
14955.0,Lost,163.77,1,74,2009-12-07 11:35:00
14956.0,At Risk,1325.0,1,2500,2010-10-14 16:40:00
14957.0,At Risk,261.69,2,97,2011-03-31 17:59:00
14958.0,Loyal Customers,941.99,6,248,2011-07-15 14:20:00
14959.0,Potential Loyalists,695.42,4,494,2011-10-06 18:23:00
14960.0,Potential Loyalists,221.27,2,221,2011-12-01 12:54:00
14961.0,Champions,16410.15,22,8372,2011-11-29 09:42:00
14962.0,Potential Loyalists,366.91,4,123,2011-03-14 09:42:00
14963.0,Champions,3123.57,12,2287,2011-11-30 12:16:00
14964.0,Lost,206.21,1,143,2011-04-06 14:13:00
14965.0,Potential Loyalists,596.09,2,363,2011-09-04 13:20:00
14966.0,Loyal Customers,1064.26,6,1060,2011-11-25 12:20:00
14967.0,Loyal Customers,1982.6100000000001,6,652,2011-10-21 11:06:00
14968.0,Potential Loyalists,501.24,2,257,2011-11-09 13:58:00
14969.0,At Risk,906.23,1,665,2010-01-05 12:43:00
14970.0,Champions,4919.35,12,982,2011-10-02 13:44:00
14971.0,Loyal Customers,1097.98,3,639,2011-11-04 17:07:00
14972.0,At Risk,145.07,2,40,2011-08-03 14:54:00
14973.0,Loyal Customers,1314.45,3,369,2011-08-24 15:51:00
14974.0,At Risk,89.94,1,37,2011-11-02 13:01:00
14975.0,Potential Loyalists,472.39,2,507,2011-10-13 14:08:00
14976.0,Loyal Customers,790.86,7,234,2011-10-13 16:37:00
14977.0,Lost,31.93,1,17,2009-12-14 10:37:00
14978.0,Champions,3112.19,10,736,2011-09-28 13:07:00
14979.0,Lost,429.66,1,209,2009-12-04 12:54:00
14980.0,Lost,150.68,1,79,2009-12-02 14:09:00
14981.0,At Risk,372.92,2,241,2011-04-07 13:45:00
14982.0,Lost,237.78,1,125,2010-05-16 15:52:00
14983.0,Lost,183.20000000000002,1,90,2010-01-19 17:32:00
14984.0,Champions,1260.51,6,348,2011-11-20 14:28:00
14985.0,At Risk,292.01,2,256,2011-05-25 14:29:00
14986.0,At Risk,563.1,2,338,2010-11-28 15:25:00
14987.0,Champions,1550.6499999999999,8,607,2011-11-24 09:59:00
14988.0,Loyal Customers,2038.65,7,1260,2011-05-12 12:05:00
14989.0,Lost,342.4,1,200,2010-02-16 10:40:00
14990.0,At Risk,304.17,2,129,2010-04-06 13:54:00
14991.0,Lost,314.67,1,191,2010-10-05 13:01:00
14992.0,Lost,210.5,1,145,2010-09-23 17:48:00
14993.0,Lost,36.13,1,21,2010-05-25 12:47:00
14994.0,Potential Loyalists,946.72,5,568,2010-11-22 12:59:00
14995.0,Potential Loyalists,231.98000000000002,2,102,2011-11-01 11:39:00
14996.0,At Risk,442.28999999999996,2,404,2010-08-15 13:44:00
14997.0,Loyal Customers,776.6,4,1408,2011-10-24 13:28:00
14998.0,Potential Loyalists,753.18,4,352,2011-06-22 17:30:00
14999.0,Lost,129.48000000000002,1,88,2010-04-26 10:47:00
15000.0,Potential Loyalists,490.52,1,218,2011-10-23 11:42:00
15001.0,At Risk,199.10999999999999,2,70,2010-11-10 13:51:00
15002.0,Champions,4138.08,9,2214,2011-08-16 10:44:00
15003.0,Potential Loyalists,1027.03,6,525,2010-08-23 15:44:00
15004.0,Potential Loyalists,1220.77,1,623,2011-07-15 14:05:00
15005.0,Champions,13754.58,56,8666,2011-11-24 12:25:00
15006.0,Potential Loyalists,757.78,2,387,2011-10-19 15:08:00
15007.0,At Risk,156.91,1,69,2011-07-03 16:00:00
15008.0,At Risk,360.0,2,1500,2010-08-16 13:09:00
15009.0,Loyal Customers,1259.43,3,639,2011-11-27 13:35:00
15010.0,Potential Loyalists,308.94,1,184,2011-11-04 12:42:00
15011.0,At Risk,416.6,2,289,2010-11-09 11:10:00
15012.0,Loyal Customers,646.26,3,383,2011-10-17 12:22:00
15013.0,Loyal Customers,1610.82,10,1715,2010-08-09 12:05:00
15014.0,Potential Loyalists,257.67,2,149,2011-10-27 20:07:00
15015.0,Loyal Customers,2354.97,13,1584,2010-07-26 13:50:00
15016.0,Loyal Customers,620.89,5,243,2011-06-20 12:06:00
15017.0,At Risk,125.58,1,63,2011-11-06 10:33:00
15018.0,Potential Loyalists,496.21,3,189,2011-11-01 12:47:00
15019.0,Lost,252.81,1,150,2011-03-18 12:35:00
15020.0,Lost,198.47,1,111,2010-11-25 13:29:00
15021.0,Champions,2500.59,12,1079,2011-12-01 11:53:00
15022.0,Loyal Customers,1133.44,5,640,2011-11-28 12:35:00
15023.0,Champions,11578.65,20,4758,2011-12-06 17:23:00
15024.0,Champions,3559.39,16,1924,2011-11-30 12:06:00
15025.0,Potential Loyalists,979.79,2,503,2011-11-06 15:20:00
15026.0,Loyal Customers,1048.89,5,655,2011-09-20 13:52:00
15027.0,Champions,3195.6,10,2782,2011-11-09 10:16:00
15028.0,Loyal Customers,962.9399999999999,6,673,2011-12-01 14:06:00
15029.0,Lost,365.1,1,234,2010-03-30 12:16:00
15030.0,Loyal Customers,1979.91,8,1225,2011-09-29 10:50:00
15031.0,Champions,3102.94,14,1576,2011-12-05 14:19:00
15032.0,Loyal Customers,11010.05,8,6601,2011-03-28 15:03:00
15033.0,Champions,2557.18,10,1672,2011-12-05 12:40:00
15034.0,Champions,8231.2,14,4748,2011-11-24 12:11:00
15035.0,At Risk,252.73000000000002,1,245,2011-09-11 11:08:00
15036.0,Potential Loyalists,429.56,3,316,2011-09-28 15:42:00
15037.0,At Risk,397.76,2,298,2010-11-28 13:05:00
15038.0,Loyal Customers,1146.53,9,381,2011-10-12 11:33:00
15039.0,Champions,39141.48,93,17780,2011-11-30 11:31:00
15040.0,Lost,7.49,1,1,2010-06-16 11:40:00
15041.0,Potential Loyalists,289.4,2,194,2011-06-22 16:16:00
15042.0,At Risk,315.45,2,238,2011-05-24 16:25:00
15043.0,Loyal Customers,2870.3199999999997,6,1019,2011-11-08 14:26:00
15044.0,Champions,16024.15,35,5241,2011-11-20 13:20:00
15045.0,Potential Loyalists,735.66,2,114,2011-07-11 11:33:00
15046.0,Champions,7623.79,25,4585,2011-11-30 15:50:00
15047.0,At Risk,343.62,1,222,2011-03-15 10:49:00
15048.0,Potential Loyalists,381.0,4,192,2011-10-05 14:55:00
15049.0,Lost,121.17000000000002,1,63,2011-03-11 12:13:00
15050.0,Champions,4087.19,5,2600,2011-11-14 16:17:00
15051.0,Champions,3926.91,9,3052,2011-11-16 15:38:00
15052.0,Lost,207.73000000000002,1,79,2011-01-24 15:52:00
15053.0,Loyal Customers,693.95,3,984,2011-12-05 12:08:00
15054.0,Potential Loyalists,302.1,2,198,2011-11-27 15:02:00
15055.0,At Risk,549.12,3,225,2010-08-22 11:06:00
15056.0,Lost,113.65,1,69,2010-07-07 15:58:00
15057.0,Loyal Customers,3255.96,5,1394,2011-03-09 15:17:00
15058.0,Champions,3387.58,16,1645,2011-11-14 14:57:00
15059.0,Champions,3491.2,19,1599,2011-10-30 11:35:00
15060.0,Loyal Customers,294.25,4,257,2011-12-01 13:47:00
15061.0,Champions,126389.02,127,74280,2011-12-06 12:06:00
15062.0,Loyal Customers,2585.62,8,1872,2011-09-29 16:51:00
15063.0,At Risk,370.79999999999995,1,56,2011-05-10 13:25:00
15064.0,Potential Loyalists,1254.41,4,810,2010-10-25 14:32:00
15065.0,Champions,3326.86,5,1446,2011-11-02 09:45:00
15066.0,Potential Loyalists,893.59,1,317,2011-10-17 13:25:00
15067.0,Loyal Customers,3862.88,5,2151,2011-09-22 13:20:00
15068.0,Loyal Customers,1174.9,4,832,2011-10-24 14:47:00
15069.0,Potential Loyalists,1109.53,1,520,2011-06-13 14:16:00
15070.0,Potential Loyalists,737.0500000000001,3,339,2010-12-02 11:23:00
15071.0,Loyal Customers,1455.5600000000002,4,416,2011-09-07 11:43:00
15072.0,Lost,187.52,1,164,2010-08-17 15:46:00
15073.0,Champions,2788.02,8,1410,2011-11-30 10:44:00
15074.0,Loyal Customers,1553.13,3,1039,2011-08-26 14:45:00
15075.0,Potential Loyalists,773.03,1,447,2011-09-23 12:27:00
15076.0,Loyal Customers,1447.74,3,866,2011-06-20 08:23:00
15077.0,Potential Loyalists,2428.08,2,528,2010-08-02 11:13:00
15078.0,Champions,17286.73,53,8777,2011-12-02 15:41:00
15079.0,Loyal Customers,3625.4,11,1459,2011-05-11 12:45:00
15080.0,At Risk,546.25,2,287,2010-10-08 11:52:00
15081.0,Champions,1854.57,12,749,2011-11-17 17:08:00
15082.0,Lost,93.35000000000001,1,43,2010-02-09 10:23:00
15083.0,Lost,88.2,1,38,2011-03-28 12:18:00
15084.0,Potential Loyalists,965.1999999999999,2,600,2010-11-25 11:58:00
15085.0,Lost,347.54,1,169,2009-12-10 11:47:00
15086.0,Lost,218.53,2,95,2010-05-24 12:27:00
15087.0,At Risk,306.94,1,470,2011-03-03 10:34:00
15088.0,Potential Loyalists,1160.07,2,460,2011-11-18 13:14:00
15089.0,Champions,2420.84,6,1359,2011-11-29 16:31:00
15090.0,At Risk,381.32,1,208,2011-02-04 14:03:00
15091.0,Potential Loyalists,1046.6100000000001,3,582,2011-10-03 12:47:00
15092.0,Potential Loyalists,776.46,3,230,2011-05-08 14:10:00
15093.0,Champions,13702.380000000001,23,10778,2011-11-21 13:09:00
15094.0,Lost,83.0,2,28,2010-09-02 16:55:00
15095.0,Champions,3141.64,10,2233,2011-08-28 12:01:00
15096.0,At Risk,219.39000000000001,1,120,2011-10-28 10:27:00
15097.0,Loyal Customers,908.35,3,424,2011-12-05 14:03:00
15098.0,Loyal Customers,39916.5,3,121,2011-06-10 15:33:00
15099.0,At Risk,410.48,1,343,2011-09-16 13:13:00
15100.0,Loyal Customers,2193.8999999999996,7,270,2011-01-10 10:35:00
15101.0,Champions,1477.94,6,676,2011-12-01 10:18:00
15102.0,At Risk,554.67,2,339,2010-06-27 12:16:00
15103.0,Potential Loyalists,703.36,2,329,2011-11-08 14:53:00
15104.0,Potential Loyalists,993.54,2,635,2011-05-27 12:29:00
15105.0,Champions,3094.91,9,1747,2011-11-21 16:54:00
15106.0,Champions,1422.52,5,1181,2011-11-22 09:16:00
15107.0,Loyal Customers,824.35,9,330,2011-02-01 14:46:00
15108.0,Loyal Customers,1300.25,4,499,2011-07-21 10:24:00
15109.0,Potential Loyalists,983.1,3,258,2011-04-08 09:58:00
15110.0,Loyal Customers,1505.8500000000001,6,337,2011-11-16 11:16:00
15111.0,Loyal Customers,2442.37,5,1058,2011-11-10 16:58:00
15112.0,Lost,209.4,1,72,2010-04-07 14:17:00
15113.0,Champions,3509.43,3,2344,2011-11-30 08:23:00
15114.0,Champions,3400.12,12,3532,2011-11-09 15:05:00
15115.0,Potential Loyalists,531.85,2,245,2011-11-21 14:59:00
15116.0,Loyal Customers,1352.75,4,648,2011-11-22 12:25:00
15117.0,Champions,2485.97,8,3093,2011-11-25 08:12:00
15118.0,At Risk,244.8,1,1440,2011-07-28 14:54:00
15119.0,Lost,266.4,1,88,2011-04-08 09:08:00
15120.0,At Risk,358.82,1,296,2011-07-29 09:48:00
15121.0,Potential Loyalists,457.72,2,199,2011-10-20 14:51:00
15122.0,Champions,4487.27,11,2033,2011-08-17 16:48:00
15123.0,Champions,4656.17,5,2524,2011-12-02 13:12:00
15124.0,Potential Loyalists,450.82,4,462,2011-11-17 10:09:00
15125.0,Champions,17024.87,24,8433,2011-11-14 13:57:00
15126.0,At Risk,449.49,2,273,2010-06-21 12:31:00
15127.0,Potential Loyalists,711.5,2,464,2011-10-05 10:30:00
15128.0,Loyal Customers,1783.68,5,1583,2011-10-10 13:54:00
15129.0,Champions,6860.18,23,4002,2011-10-20 14:40:00
15130.0,At Risk,330.11,1,197,2011-06-23 10:15:00
15131.0,Lost,80.28,1,88,2010-11-10 12:07:00
15132.0,Loyal Customers,977.9300000000001,5,679,2011-11-21 17:10:00
15133.0,Loyal Customers,1806.9,5,960,2011-08-04 10:44:00
15134.0,Champions,1596.29,10,1057,2011-11-25 08:55:00
15135.0,At Risk,305.68,2,84,2011-04-14 19:16:00
15136.0,Loyal Customers,1286.7,4,776,2011-12-07 12:26:00
15137.0,At Risk,823.4,2,596,2010-07-07 09:41:00
15138.0,At Risk,502.52,1,300,2010-11-11 09:16:00
15139.0,At Risk,178.96,2,208,2011-04-14 11:39:00
15140.0,Champions,3243.69,8,2010,2011-10-18 14:07:00
15141.0,Potential Loyalists,1388.47,7,1197,2010-09-08 11:33:00
15142.0,Loyal Customers,2619.92,6,2155,2011-10-24 12:51:00
15143.0,At Risk,563.63,2,320,2011-04-28 12:03:00
15144.0,Champions,12160.31,29,5251,2011-12-01 15:12:00
15145.0,Loyal Customers,1194.73,4,756,2011-12-05 17:21:00
15146.0,Potential Loyalists,1327.16,2,1473,2011-06-28 12:09:00
15147.0,At Risk,623.5,1,366,2011-04-13 15:57:00
15148.0,Potential Loyalists,301.29,1,187,2011-11-29 08:21:00
15149.0,Loyal Customers,1554.6100000000001,5,380,2011-07-29 10:58:00
15150.0,Champions,8977.94,13,6167,2011-11-22 12:52:00
15151.0,Potential Loyalists,2085.61,2,795,2010-10-12 16:37:00
15152.0,Champions,5263.83,14,2994,2011-11-30 12:32:00
15153.0,Potential Loyalists,329.25,1,198,2011-11-08 17:09:00
15154.0,Loyal Customers,1343.72,3,333,2011-09-25 16:05:00
15155.0,At Risk,383.96999999999997,1,192,2010-11-21 12:59:00
15156.0,Loyal Customers,961.49,3,597,2011-12-08 18:22:00
15157.0,Champions,2654.11,5,3466,2011-12-06 11:28:00
15158.0,Potential Loyalists,606.02,2,219,2011-10-25 13:53:00
15159.0,Champions,22116.73,34,13512,2011-12-08 12:05:00
15160.0,Potential Loyalists,589.27,4,307,2010-12-17 14:15:00
15161.0,Lost,119.92,1,144,2010-11-16 16:08:00
15162.0,Lost,312.9,1,74,2009-12-08 13:14:00
15163.0,Potential Loyalists,304.47,2,186,2011-11-21 13:10:00
15164.0,Loyal Customers,2028.1100000000001,9,912,2011-10-02 12:05:00
15165.0,At Risk,487.75,1,160,2010-12-01 14:03:00
15166.0,Lost,167.16,1,140,2010-08-29 12:31:00
15167.0,Loyal Customers,1627.62,5,863,2011-01-23 12:41:00
15168.0,At Risk,106.56,1,52,2011-11-14 11:26:00
15169.0,At Risk,569.22,2,356,2010-11-22 13:04:00
15170.0,Lost,81.15,1,33,2010-10-29 10:34:00
15171.0,Potential Loyalists,1289.5,1,290,2011-01-12 15:36:00
15172.0,Champions,1624.05,5,1611,2011-12-01 11:51:00
15173.0,Loyal Customers,1494.6,7,840,2010-11-24 10:21:00
15174.0,At Risk,481.46,2,382,2011-01-21 09:06:00
15175.0,At Risk,224.14,1,454,2011-09-29 11:31:00
15176.0,At Risk,988.0400000000001,1,448,2010-02-10 10:36:00
15177.0,At Risk,948.9300000000001,1,485,2010-10-10 12:48:00
15178.0,Lost,40.5,1,30,2011-03-24 15:12:00
15179.0,Champions,7491.92,13,5416,2011-11-21 12:53:00
15180.0,Potential Loyalists,816.9300000000001,3,654,2010-12-07 14:57:00
15181.0,Loyal Customers,1200.2,5,688,2011-10-04 13:58:00
15182.0,Champions,2998.952,11,1186,2011-07-08 13:37:00
15183.0,Potential Loyalists,639.93,3,297,2010-06-10 10:43:00
15184.0,Loyal Customers,685.39,4,462,2011-11-10 13:41:00
15185.0,At Risk,310.62,1,666,2011-09-30 14:06:00
15186.0,Champions,1403.2,5,716,2011-11-25 14:58:00
15187.0,Champions,4777.18,16,1887,2011-12-08 11:56:00
15188.0,Lost,310.43,1,233,2009-12-14 13:30:00
15189.0,Champions,17524.38,46,6902,2011-12-08 13:22:00
15190.0,At Risk,834.4399999999999,1,790,2010-10-01 13:09:00
15191.0,At Risk,588.05,3,287,2010-09-02 15:37:00
15192.0,Loyal Customers,1666.39,5,1448,2011-08-12 11:41:00
15193.0,At Risk,499.32,1,144,2011-10-10 08:23:00
15194.0,Champions,12021.53,28,8922,2011-12-06 15:10:00
15195.0,Loyal Customers,3861.0,1,1404,2011-12-07 12:20:00
15196.0,At Risk,313.7,2,130,2010-10-03 10:50:00
15197.0,Champions,1877.51,6,1058,2011-11-29 10:00:00
15198.0,Potential Loyalists,571.35,5,327,2011-09-08 14:42:00
15199.0,Champions,3122.4,10,894,2011-10-11 15:12:00
15200.0,Lost,549.0500000000001,1,195,2010-08-02 09:38:00
15201.0,Loyal Customers,1842.95,7,1660,2011-09-13 14:53:00
15202.0,Potential Loyalists,6001.49,3,3,2010-10-15 13:05:00
15203.0,Champions,4400.18,15,4182,2011-11-14 08:16:00
15204.0,At Risk,316.58,1,258,2010-12-17 13:49:00
15205.0,Potential Loyalists,653.24,2,378,2011-09-15 19:36:00
15206.0,Loyal Customers,420.3,4,162,2011-11-29 13:41:00
15207.0,Potential Loyalists,683.92,3,428,2010-10-19 13:29:00
15208.0,Loyal Customers,970.52,6,356,2011-12-08 17:24:00
15209.0,Lost,178.98000000000002,1,94,2009-12-09 17:26:00
15210.0,Potential Loyalists,1176.19,3,841,2011-04-28 16:11:00
15211.0,Potential Loyalists,894.4100000000001,2,240,2011-10-10 13:31:00
15212.0,At Risk,208.28,2,84,2011-04-12 13:45:00
15213.0,At Risk,328.35,2,272,2011-01-25 12:21:00
15214.0,Champions,1661.44,8,1254,2011-12-08 12:07:00
15215.0,Loyal Customers,2422.4300000000003,7,776,2011-10-24 11:41:00
15216.0,Potential Loyalists,486.09000000000003,2,217,2011-09-13 11:41:00
15217.0,Lost,426.24,1,190,2010-05-25 13:51:00
15218.0,Champions,11468.83,22,6530,2011-11-29 11:48:00
15219.0,Potential Loyalists,685.45,2,271,2011-06-16 16:57:00
15220.0,Loyal Customers,1778.96,6,1393,2011-10-19 12:39:00
15221.0,Potential Loyalists,2062.2,4,244,2010-12-08 13:08:00
15222.0,Loyal Customers,3550.91,11,4458,2011-01-25 08:03:00
15223.0,Loyal Customers,1417.95,5,385,2011-04-28 11:31:00
15224.0,Potential Loyalists,871.36,5,443,2010-12-16 15:02:00
15225.0,At Risk,409.40000000000003,1,226,2011-04-19 14:51:00
15226.0,Lost,154.41,1,71,2011-02-02 11:41:00
15227.0,Champions,2488.4900000000002,9,1217,2011-11-03 11:59:00
15228.0,Loyal Customers,5580.27,6,3375,2011-10-04 13:56:00
15229.0,Lost,160.5,1,114,2010-05-02 13:50:00
15230.0,At Risk,429.6,2,351,2011-04-14 14:39:00
15231.0,Lost,250.26000000000002,1,190,2010-03-28 15:12:00
15232.0,Potential Loyalists,612.06,2,686,2011-08-18 16:27:00
15233.0,Lost,59.400000000000006,1,12,2010-11-03 13:36:00
15234.0,Lost,197.0,1,196,2011-03-08 08:53:00
15235.0,Loyal Customers,2772.76,16,1676,2011-05-06 09:44:00
15236.0,At Risk,321.05,1,269,2011-02-14 10:52:00
15237.0,Loyal Customers,1412.32,4,1071,2011-12-08 09:46:00
15238.0,Loyal Customers,1071.99,3,692,2011-11-10 14:28:00
15239.0,Loyal Customers,780.59,2,594,2011-11-29 14:14:00
15240.0,Champions,4459.9800000000005,12,3214,2011-10-26 09:50:00
15241.0,Champions,3050.16,11,3328,2011-10-04 09:05:00
15242.0,Lost,302.04,1,196,2010-10-13 15:33:00
15243.0,Potential Loyalists,927.28,2,543,2011-09-26 14:12:00
15244.0,Potential Loyalists,912.08,3,472,2011-10-05 13:19:00
15245.0,Loyal Customers,4610.84,8,3021,2011-07-28 18:56:00
15246.0,Potential Loyalists,780.4,3,359,2011-04-15 14:45:00
15247.0,Potential Loyalists,976.06,3,514,2011-08-09 12:52:00
15248.0,Potential Loyalists,1893.93,3,1065,2010-10-24 13:09:00
15249.0,Champions,9266.0,18,4980,2011-11-08 11:45:00
15250.0,Lost,60.0,1,48,2010-03-09 07:35:00
15251.0,Champions,20324.54,21,12108,2011-11-30 15:02:00
15252.0,Loyal Customers,2103.41,5,1430,2011-11-03 13:30:00
15253.0,Champions,2055.09,8,1588,2011-11-23 16:22:00
15254.0,Potential Loyalists,1088.35,3,711,2011-08-04 15:04:00
15255.0,Champions,3706.02,9,2214,2011-10-04 12:43:00
15256.0,At Risk,170.4,2,92,2011-07-14 11:47:00
15257.0,Potential Loyalists,685.9,2,71,2011-03-01 12:58:00
15258.0,Potential Loyalists,623.16,2,142,2011-06-24 12:30:00
15259.0,Potential Loyalists,1182.3799999999999,4,631,2010-07-15 08:47:00
15260.0,Champions,8767.73,25,4468,2011-08-31 13:55:00
15261.0,Loyal Customers,1508.0,4,806,2011-07-27 15:20:00
15262.0,Potential Loyalists,418.82,3,218,2011-01-20 12:16:00
15263.0,At Risk,156.51,1,89,2011-08-25 10:26:00
15264.0,Potential Loyalists,848.4,2,443,2011-10-06 13:49:00
15265.0,Loyal Customers,3345.64,4,1570,2011-07-11 14:46:00
15266.0,Potential Loyalists,852.21,5,236,2011-01-05 13:40:00
15267.0,Loyal Customers,1717.36,5,944,2011-11-17 15:59:00
15268.0,Potential Loyalists,961.9000000000001,3,428,2010-08-18 10:33:00
15269.0,Loyal Customers,1225.3600000000001,3,372,2011-11-16 09:32:00
15270.0,Champions,8524.86,21,4010,2011-11-24 09:24:00
15271.0,Champions,4528.54,24,2412,2011-12-02 14:11:00
15272.0,Loyal Customers,2030.95,6,665,2011-10-13 12:59:00
15273.0,Lost,228.96,1,216,2010-04-19 11:31:00
15274.0,Loyal Customers,716.57,2,619,2011-12-05 16:57:00
15275.0,Potential Loyalists,615.14,1,498,2011-11-02 11:20:00
15276.0,Potential Loyalists,619.8,4,317,2011-10-04 16:39:00
15277.0,Potential Loyalists,476.34000000000003,2,373,2011-10-24 10:08:00
15278.0,At Risk,496.16,4,458,2010-05-27 10:03:00
15279.0,Loyal Customers,1580.54,5,802,2010-12-20 10:48:00
15280.0,Potential Loyalists,397.52,3,507,2011-06-20 17:14:00
15281.0,Champions,8543.57,16,5233,2011-10-12 09:10:00
15282.0,Lost,348.59,1,395,2010-05-18 16:27:00
15283.0,At Risk,148.32999999999998,3,27,2010-11-14 14:54:00
15284.0,Lost,24.75,1,5,2010-07-27 13:25:00
15285.0,Lost,94.92,1,120,2010-10-28 09:46:00
15286.0,At Risk,240.55,1,55,2011-10-21 11:08:00
15287.0,Loyal Customers,856.03,5,1010,2011-11-17 15:34:00
15288.0,Champions,3715.38,10,1336,2011-10-27 16:58:00
15289.0,Loyal Customers,1593.09,5,1627,2011-11-10 13:49:00
15290.0,Champions,10496.28,26,6567,2011-12-05 11:39:00
15291.0,Champions,13517.76,40,4905,2011-11-14 11:02:00
15292.0,Lost,178.39,1,55,2011-05-22 15:00:00
15293.0,Lost,247.5,1,178,2010-02-12 11:54:00
15294.0,Lost,233.35,1,97,2010-10-25 11:45:00
15295.0,Lost,207.04,1,139,2010-02-23 13:03:00
15296.0,Champions,10323.03,12,5452,2011-10-20 11:47:00
15297.0,Loyal Customers,641.94,3,292,2011-11-29 16:32:00
15298.0,Champions,9061.77,23,6000,2011-12-07 17:17:00
15299.0,Champions,6156.53,10,3356,2011-10-03 14:19:00
15300.0,At Risk,496.44,1,292,2011-10-06 17:08:00
15301.0,Champions,6909.67,17,3763,2011-10-20 09:57:00
15302.0,Lost,308.0,1,102,2009-12-09 13:11:00
15303.0,Potential Loyalists,1224.18,3,514,2011-02-22 13:59:00
15304.0,Loyal Customers,796.4,9,112,2011-10-10 10:23:00
15305.0,Lost,93.6,1,40,2010-06-02 13:50:00
15306.0,Champions,3484.73,9,3074,2011-10-06 12:56:00
15307.0,At Risk,205.3,1,37,2011-09-05 11:38:00
15308.0,At Risk,310.47,1,175,2011-03-10 13:08:00
15309.0,Potential Loyalists,797.96,4,440,2010-04-08 11:11:00
15310.0,At Risk,1634.64,1,1476,2010-08-18 11:38:00
15311.0,Champions,114966.42,208,70149,2011-12-09 12:00:00
15312.0,Champions,2930.19,12,1693,2011-09-25 13:10:00
15313.0,At Risk,52.0,1,25,2011-08-21 16:02:00
15314.0,Potential Loyalists,820.45,3,750,2011-05-24 14:39:00
15315.0,Potential Loyalists,570.5,2,862,2011-10-06 12:51:00
15316.0,Lost,165.0,1,100,2011-01-17 11:34:00
15317.0,Lost,129.75,1,45,2010-01-31 15:55:00
15318.0,Potential Loyalists,312.62,1,642,2011-12-06 11:30:00
15319.0,Lost,204.5,1,175,2011-03-01 12:48:00
15320.0,At Risk,267.13,1,326,2011-10-26 13:27:00
15321.0,Champions,6709.7300000000005,12,3653,2011-09-30 09:40:00
15322.0,Potential Loyalists,1390.86,2,971,2011-09-15 09:34:00
15323.0,At Risk,434.6,3,188,2010-05-26 10:01:00
15324.0,Lost,140.22000000000003,1,74,2010-01-07 14:37:00
15325.0,Loyal Customers,1601.46,8,1382,2011-08-28 11:55:00
15326.0,Loyal Customers,1700.52,5,1351,2011-01-10 11:38:00
15327.0,At Risk,208.75,1,116,2011-10-18 11:55:00
15328.0,Lost,107.24,1,88,2010-10-28 09:05:00
15329.0,Champions,2958.83,11,1217,2011-10-31 15:36:00
15330.0,Potential Loyalists,714.9599999999999,2,1312,2011-11-07 17:50:00
15331.0,Potential Loyalists,767.91,3,701,2010-07-28 09:42:00
15332.0,Loyal Customers,4892.68,6,2306,2010-12-08 14:43:00
15333.0,At Risk,1028.56,1,344,2011-05-15 13:27:00
15334.0,Potential Loyalists,350.82,3,273,2011-07-06 11:22:00
15335.0,At Risk,170.22,1,79,2011-10-17 12:50:00
15336.0,Lost,240.5,1,84,2010-11-03 12:39:00
15337.0,Lost,373.02,1,200,2010-10-24 15:29:00
15338.0,Lost,277.93,1,148,2010-01-31 14:25:00
15339.0,Loyal Customers,1821.02,7,1138,2011-10-04 12:51:00
15340.0,Lost,105.5,1,76,2010-05-27 10:27:00
15341.0,Potential Loyalists,2402.72,2,1008,2011-09-20 09:40:00
15342.0,At Risk,406.09000000000003,1,283,2011-08-02 10:19:00
15343.0,At Risk,364.5,1,84,2011-09-13 13:55:00
15344.0,Loyal Customers,563.94,3,116,2011-12-09 10:45:00
15345.0,Potential Loyalists,393.54,1,81,2011-10-25 11:28:00
15346.0,Potential Loyalists,596.12,3,260,2011-01-11 11:18:00
15347.0,Potential Loyalists,1162.0,4,542,2010-12-08 15:25:00
15348.0,At Risk,158.04,1,84,2011-09-28 13:17:00
15349.0,Potential Loyalists,463.91,2,321,2011-07-04 16:06:00
15350.0,At Risk,547.6,2,272,2010-12-01 13:33:00
15351.0,Champions,3430.22,10,1350,2011-11-27 12:52:00
15352.0,Lost,111.15,1,40,2010-06-09 11:28:00
15353.0,Loyal Customers,2794.47,7,1391,2011-03-30 12:15:00
15354.0,At Risk,284.4,3,3,2010-04-15 16:24:00
15355.0,Potential Loyalists,277.05,2,45,2011-11-10 13:44:00
15356.0,Champions,3239.57,13,1892,2011-11-08 13:11:00
15358.0,Champions,16425.86,42,14902,2011-12-05 09:04:00
15359.0,At Risk,181.35,8,145,2010-02-15 10:47:00
15360.0,Potential Loyalists,427.93,1,223,2011-10-31 09:35:00
15361.0,Potential Loyalists,689.07,4,373,2010-12-13 09:52:00
15362.0,At Risk,613.08,2,368,2010-09-17 10:37:00
15363.0,Potential Loyalists,678.11,2,383,2010-12-02 12:28:00
15364.0,Potential Loyalists,913.19,2,493,2011-09-05 09:46:00
15365.0,Champions,4557.13,13,2131,2011-11-14 08:29:00
15366.0,Loyal Customers,2389.08,7,2447,2011-09-25 15:01:00
15367.0,Champions,5081.33,11,2944,2011-10-13 14:13:00
15368.0,Potential Loyalists,722.74,2,406,2011-11-18 14:42:00
15369.0,Loyal Customers,6251.26,11,3288,2010-08-04 13:54:00
15370.0,Champions,3739.01,8,1397,2011-10-30 10:58:00
15371.0,Lost,59.400000000000006,1,12,2010-02-15 13:14:00
15372.0,Loyal Customers,6017.0599999999995,8,6410,2011-07-25 16:39:00
15373.0,Champions,3084.54,17,726,2011-12-01 15:05:00
15374.0,Potential Loyalists,307.32,2,290,2011-08-03 09:59:00
15375.0,Lost,60.959999999999994,1,84,2010-01-18 15:38:00
15376.0,Loyal Customers,1221.56,3,615,2011-10-30 15:04:00
15377.0,Potential Loyalists,1211.75,4,253,2010-11-22 08:55:00
15378.0,Lost,246.5,2,130,2010-09-03 11:30:00
15379.0,Loyal Customers,4877.84,8,3000,2011-06-23 13:13:00
15380.0,Champions,3248.96,11,954,2011-12-01 12:13:00
15381.0,Loyal Customers,1890.57,5,802,2011-05-10 11:55:00
15382.0,Champions,13733.550000000001,12,9178,2011-11-25 10:58:00
15384.0,Loyal Customers,2027.79,4,1767,2011-06-23 10:57:00
15385.0,Loyal Customers,942.08,3,428,2011-10-30 15:11:00
15386.0,At Risk,394.14,1,446,2011-06-06 13:47:00
15387.0,Lost,468.65,1,335,2010-08-04 16:05:00
15388.0,Lost,140.54,1,88,2011-03-14 13:53:00
15389.0,Loyal Customers,2733.8,5,3940,2011-06-20 16:18:00
15390.0,Potential Loyalists,1216.66,2,894,2010-11-08 15:19:00
15391.0,Lost,289.87,1,109,2010-05-04 15:04:00
15392.0,Champions,2911.62,7,2144,2011-12-05 11:01:00
15393.0,Loyal Customers,891.34,5,378,2011-11-23 16:48:00
15394.0,Champions,5286.8,11,2372,2011-11-30 11:49:00
15395.0,Lost,107.45,1,17,2011-01-18 12:40:00
15396.0,Potential Loyalists,796.38,2,278,2011-08-19 10:56:00
15397.0,Lost,94.0,1,20,2011-02-23 09:25:00
15398.0,Loyal Customers,1345.53,2,769,2011-11-23 16:47:00
15399.0,Loyal Customers,815.77,3,611,2011-12-08 13:04:00
15400.0,Loyal Customers,1302.3,8,662,2011-09-08 13:57:00
15401.0,Lost,216.95,2,93,2010-09-13 13:42:00
15402.0,Loyal Customers,1830.54,6,2034,2011-07-14 12:17:00
15403.0,Lost,170.88,2,492,2010-08-05 12:21:00
15404.0,Lost,257.06,1,334,2010-11-29 11:03:00
15405.0,Potential Loyalists,659.84,2,348,2011-06-03 14:44:00
15406.0,Loyal Customers,975.87,4,547,2011-11-08 13:22:00
15407.0,Loyal Customers,1046.74,4,552,2011-11-06 11:55:00
15408.0,Lost,267.18,1,106,2011-03-20 15:02:00
15409.0,Lost,131.25,1,59,2009-12-18 15:35:00
15410.0,Champions,4685.72,10,1902,2011-09-16 14:47:00
15411.0,Loyal Customers,1348.93,4,529,2011-11-13 15:19:00
15412.0,At Risk,190.53,1,108,2011-06-21 15:24:00
15413.0,Loyal Customers,6798.72,5,2694,2010-01-17 11:33:00
15414.0,Loyal Customers,774.9000000000001,3,443,2011-11-30 09:50:00
15415.0,At Risk,559.61,1,551,2011-01-30 14:13:00
15416.0,Loyal Customers,4572.82,7,2420,2011-10-06 09:38:00
15417.0,At Risk,508.8,1,284,2011-09-15 15:26:00
15418.0,At Risk,449.42,2,264,2010-10-10 13:38:00
15419.0,At Risk,135.86,1,230,2011-11-15 09:23:00
15420.0,Potential Loyalists,743.0,6,844,2010-10-01 15:46:00
15421.0,Champions,3805.34,10,1927,2011-10-12 09:20:00
15422.0,Loyal Customers,1619.97,7,710,2011-01-20 16:17:00
15423.0,Potential Loyalists,266.89,3,198,2011-11-01 14:01:00
15424.0,Potential Loyalists,597.78,3,873,2011-03-30 13:02:00
15425.0,Potential Loyalists,1941.1200000000001,4,1041,2010-11-04 18:13:00
15426.0,Champions,2156.35,9,1041,2011-11-20 15:36:00
15427.0,Loyal Customers,1430.54,3,967,2011-11-06 14:29:00
15428.0,Loyal Customers,762.75,4,347,2011-11-24 16:54:00
15429.0,Potential Loyalists,397.35,2,380,2011-11-13 12:28:00
15430.0,At Risk,954.75,2,309,2010-08-29 10:42:00
15431.0,Lost,153.24,1,84,2010-07-25 12:44:00
15432.0,Potential Loyalists,320.76,2,92,2011-11-16 16:30:00
15433.0,At Risk,533.3,2,534,2011-05-10 10:45:00
15434.0,Champions,2567.06,11,1423,2011-12-01 13:33:00
15435.0,At Risk,149.29,1,54,2011-11-17 16:39:00
15436.0,Loyal Customers,1067.75,3,574,2011-11-27 16:05:00
15437.0,At Risk,393.45,2,177,2011-03-22 13:11:00
15438.0,At Risk,156.57999999999998,1,59,2011-07-31 14:19:00
15439.0,Potential Loyalists,1269.05,4,572,2010-10-31 10:38:00
15440.0,Potential Loyalists,383.68,3,197,2011-10-16 12:16:00
15441.0,Potential Loyalists,1254.21,3,587,2010-11-08 15:50:00
15442.0,At Risk,594.0,1,120,2011-04-05 12:24:00
15443.0,Champions,5114.2300000000005,14,2699,2011-12-08 10:40:00
15444.0,Loyal Customers,1411.21,2,759,2011-11-30 17:37:00
15445.0,At Risk,284.5,2,118,2011-03-20 15:06:00
15446.0,Potential Loyalists,399.75,3,265,2010-11-28 11:59:00
15447.0,Potential Loyalists,492.88,5,228,2011-01-13 11:26:00
15448.0,Potential Loyalists,788.8100000000001,2,487,2011-01-31 10:42:00
15449.0,Loyal Customers,974.52,3,812,2011-11-13 15:02:00
15450.0,Potential Loyalists,429.84,1,376,2011-11-09 17:11:00
15451.0,Lost,226.86,2,76,2010-10-01 13:40:00
15452.0,Loyal Customers,1785.1100000000001,6,1087,2011-11-10 12:13:00
15453.0,Champions,1371.77,7,837,2011-12-08 10:59:00
15454.0,At Risk,305.99,2,146,2010-12-12 14:21:00
15455.0,Lost,38.25,1,3,2010-04-21 12:43:00
15456.0,Loyal Customers,2091.52,10,2727,2011-03-01 13:51:00
15457.0,Lost,237.07,1,132,2011-03-22 15:31:00
15458.0,Potential Loyalists,370.44,2,300,2011-11-14 13:08:00
15459.0,Lost,202.83,2,121,2010-10-18 15:25:00
15460.0,Lost,214.26,1,107,2010-12-20 16:08:00
15461.0,At Risk,429.7,2,230,2010-09-05 12:31:00
15462.0,Potential Loyalists,737.05,4,495,2011-09-06 13:11:00
15463.0,At Risk,126.14,1,106,2011-11-10 12:57:00
15464.0,At Risk,1044.65,1,348,2011-01-05 15:56:00
15465.0,Champions,12100.4,32,2638,2011-11-20 10:11:00
15466.0,Loyal Customers,1560.46,4,941,2011-09-15 14:08:00
15467.0,Loyal Customers,524.88,3,310,2011-11-30 14:17:00
15468.0,Loyal Customers,1430.48,3,1400,2011-10-19 13:49:00
15469.0,Loyal Customers,874.25,3,287,2011-10-20 16:21:00
15470.0,Lost,63.419999999999995,1,232,2010-05-13 09:35:00
15471.0,Loyal Customers,1292.01,3,670,2011-12-07 14:12:00
15472.0,At Risk,371.56,1,251,2011-08-18 15:17:00
15473.0,Champions,2046.0,8,776,2011-11-25 15:15:00
15474.0,Lost,150.35,1,55,2010-04-23 11:14:00
15475.0,At Risk,454.11,1,319,2011-09-23 15:20:00
15476.0,Potential Loyalists,2209.98,4,1174,2010-11-24 15:17:00
15477.0,Lost,368.4,1,216,2010-02-28 10:37:00
15478.0,Loyal Customers,1983.48,3,894,2011-10-30 14:19:00
15479.0,Lost,147.4,1,38,2009-12-06 15:08:00
15480.0,Loyal Customers,6279.0,5,1852,2011-08-15 14:32:00
15481.0,Potential Loyalists,1993.34,1,1450,2010-11-03 14:52:00
15482.0,Champions,14417.36,19,6516,2011-11-24 10:46:00
15483.0,Loyal Customers,817.82,10,905,2011-07-01 13:07:00
15484.0,Champions,4652.1,6,4074,2011-12-08 15:03:00
15485.0,Champions,4810.92,7,2153,2011-11-09 14:31:00
15486.0,Lost,102.0,1,40,2010-06-30 13:15:00
15487.0,Lost,231.32,1,144,2010-01-29 12:07:00
15488.0,Potential Loyalists,431.92,5,251,2011-09-08 10:11:00
15489.0,Loyal Customers,2419.61,8,1264,2011-11-17 08:53:00
15490.0,Lost,210.85,1,82,2010-10-05 13:11:00
15491.0,Loyal Customers,3100.09,6,1646,2011-09-05 15:56:00
15492.0,Potential Loyalists,659.46,2,483,2011-11-11 14:53:00
15493.0,Champions,4121.68,9,1206,2011-11-07 12:04:00
15494.0,Champions,3702.6,5,3052,2011-11-18 14:51:00
15495.0,Lost,246.5,1,194,2010-11-25 13:46:00
15496.0,Lost,146.14,1,98,2010-03-18 13:16:00
15497.0,Champions,8657.39,9,2937,2011-11-22 11:51:00
15498.0,Champions,24972.86,44,12134,2011-12-07 12:48:00
15499.0,Lost,158.65,1,59,2009-12-16 12:17:00
15500.0,Loyal Customers,1131.56,4,572,2011-12-01 13:47:00
15501.0,At Risk,399.95,2,205,2010-10-31 11:15:00
15502.0,Champions,13003.87,14,5559,2011-11-24 12:48:00
15503.0,At Risk,257.3,2,130,2010-12-12 10:57:00
15504.0,Potential Loyalists,402.7,4,141,2011-09-19 13:45:00
15505.0,Champions,3610.96,5,2390,2011-10-18 07:56:00
15506.0,Loyal Customers,2030.33,6,1637,2011-11-17 12:11:00
15507.0,At Risk,475.86,1,160,2011-06-21 11:19:00
15508.0,Loyal Customers,1000.27,6,440,2011-06-03 15:43:00
15509.0,Lost,152.41,1,58,2010-11-24 14:48:00
15510.0,Lost,250.0,1,2,2011-01-13 12:10:00
15511.0,Loyal Customers,900.53,5,269,2011-11-28 09:43:00
15512.0,Potential Loyalists,331.58,4,235,2011-07-07 10:20:00
15513.0,Champions,26437.05,35,10477,2011-11-06 14:36:00
15514.0,Champions,6392.06,18,4087,2011-11-27 14:40:00
15515.0,Lost,171.81,1,131,2010-11-17 13:39:00
15516.0,Potential Loyalists,62.43,3,27,2011-10-26 10:51:00
15517.0,Lost,267.03,1,293,2011-04-20 14:02:00
15518.0,Champions,4189.99,15,2810,2011-10-06 13:05:00
15519.0,At Risk,344.61,2,116,2010-11-21 14:35:00
15520.0,Potential Loyalists,343.5,1,314,2011-12-08 10:58:00
15521.0,Champions,7098.24,16,4507,2011-10-30 13:42:00
15522.0,Potential Loyalists,397.99,2,572,2011-11-07 11:26:00
15523.0,Champions,17259.19,16,15633,2011-09-16 16:29:00
15524.0,Potential Loyalists,591.4,2,28,2011-11-15 12:09:00
15525.0,Loyal Customers,890.22,4,527,2011-12-07 14:43:00
15526.0,Potential Loyalists,148.44,2,24,2011-11-06 15:04:00
15527.0,Champions,5554.89,23,2211,2011-11-21 12:17:00
15528.0,Lost,229.33,1,123,2011-03-30 16:14:00
15529.0,Champions,4783.66,12,4271,2011-11-17 11:29:00
15530.0,Loyal Customers,1808.68,5,1328,2011-11-18 12:25:00
15531.0,Loyal Customers,1972.39,2,1085,2011-12-01 18:43:00
15532.0,Champions,3738.85,10,1337,2011-11-14 14:51:00
15533.0,Loyal Customers,807.57,3,289,2011-11-20 15:35:00
15534.0,Lost,162.25,1,63,2009-12-14 12:48:00
15535.0,Loyal Customers,1044.37,6,314,2011-06-19 16:02:00
15536.0,Lost,259.09,1,242,2010-10-26 16:31:00
15537.0,At Risk,110.92,1,29,2011-06-29 13:10:00
15538.0,Loyal Customers,3358.4,6,1016,2010-06-20 10:49:00
15539.0,Potential Loyalists,538.46,1,410,2011-12-02 13:36:00
15540.0,Potential Loyalists,460.68,2,444,2011-11-28 13:51:00
15541.0,At Risk,85.13000000000001,1,49,2011-08-17 14:58:00
15542.0,Potential Loyalists,855.71,3,418,2010-07-15 13:32:00
15543.0,At Risk,242.26,2,167,2011-02-24 15:26:00
15544.0,Champions,7807.89,20,6745,2011-11-30 16:43:00
15545.0,Potential Loyalists,288.96999999999997,2,162,2011-10-16 13:24:00
15546.0,At Risk,1079.1000000000001,2,198,2010-04-12 11:51:00
15547.0,Champions,10057.05,26,7278,2011-12-02 12:52:00
15548.0,Lost,158.09,1,64,2010-04-23 12:20:00
15549.0,Loyal Customers,2334.16,8,936,2011-09-23 16:22:00
15550.0,Champions,2211.05,12,1139,2011-12-05 15:38:00
15551.0,Loyal Customers,1679.81,7,796,2011-11-03 12:37:00
15552.0,At Risk,252.52,2,166,2011-05-06 14:47:00
15553.0,At Risk,428.93,1,449,2011-10-10 14:02:00
15554.0,Lost,217.2,1,74,2011-03-07 09:00:00
15555.0,Champions,11243.91,36,8511,2011-11-27 16:19:00
15556.0,At Risk,279.77,1,236,2011-11-15 16:08:00
15557.0,Potential Loyalists,468.91,1,213,2011-11-11 12:46:00
15558.0,Lost,202.68,1,73,2010-03-10 15:25:00
15559.0,At Risk,1109.4,1,526,2010-05-20 14:06:00
15560.0,At Risk,153.52,2,72,2010-11-07 10:15:00
15561.0,Champions,1934.3899999999999,8,1334,2011-11-28 11:07:00
15562.0,Potential Loyalists,671.4300000000001,3,560,2010-12-23 09:55:00
15563.0,Loyal Customers,2859.46,7,3005,2011-11-17 14:50:00
15564.0,Lost,70.74000000000001,2,42,2010-09-02 15:52:00
15565.0,Potential Loyalists,173.16000000000003,2,60,2011-10-20 14:33:00
15566.0,At Risk,227.87,2,153,2010-11-12 12:11:00
15567.0,Potential Loyalists,186.01,1,223,2011-11-21 10:48:00
15568.0,Loyal Customers,758.29,3,461,2011-12-07 11:27:00
15569.0,Champions,3583.45,10,1734,2011-08-28 10:15:00
15570.0,Champions,8736.49,25,4079,2011-12-02 14:47:00
15571.0,Champions,3892.35,14,2411,2011-11-28 10:02:00
15572.0,Champions,3965.2,10,2089,2011-12-05 10:09:00
15573.0,Loyal Customers,1188.42,5,770,2011-11-08 11:38:00
15574.0,Loyal Customers,1101.44,6,750,2011-06-15 12:01:00
15575.0,Lost,30.1,1,6,2010-03-30 12:50:00
15576.0,Potential Loyalists,921.37,1,394,2011-11-02 12:03:00
15577.0,Potential Loyalists,396.03,5,120,2011-07-11 17:03:00
15578.0,At Risk,127.1,1,52,2011-06-30 13:03:00
15579.0,Loyal Customers,1250.63,5,713,2011-10-02 12:45:00
15580.0,Loyal Customers,1375.39,8,955,2010-11-28 11:00:00
15581.0,Champions,7480.4,38,3028,2011-08-11 09:38:00
15582.0,Loyal Customers,682.9100000000001,3,453,2011-11-15 09:55:00
15583.0,Lost,95.96,1,56,2010-11-28 15:04:00
15584.0,Loyal Customers,1268.2,6,483,2011-11-16 10:55:00
15585.0,At Risk,455.3,1,320,2011-06-16 08:38:00
15586.0,Potential Loyalists,1139.1000000000001,3,1338,2010-04-26 11:00:00
15587.0,Loyal Customers,1522.08,7,528,2011-10-20 13:37:00
15588.0,Lost,579.6,1,96,2010-01-31 12:19:00
15589.0,Potential Loyalists,478.53,3,243,2011-03-29 09:54:00
15590.0,Loyal Customers,1496.6,5,832,2010-11-22 14:49:00
15591.0,At Risk,217.9,3,58,2010-05-06 09:23:00
15592.0,Potential Loyalists,388.58,1,354,2011-10-24 08:59:00
15593.0,At Risk,199.8,1,60,2011-09-30 11:46:00
15594.0,Champions,1771.78,5,983,2011-11-24 08:53:00
15595.0,Lost,357.59999999999997,1,144,2010-08-09 12:27:00
15596.0,Loyal Customers,2727.72,9,1208,2011-08-31 10:55:00
15597.0,Potential Loyalists,563.37,2,393,2011-11-04 13:26:00
15598.0,Potential Loyalists,548.02,2,404,2011-10-17 16:04:00
15599.0,Loyal Customers,1250.06,3,1098,2011-11-13 11:44:00
15600.0,Potential Loyalists,1199.31,4,657,2010-10-07 14:30:00
15601.0,Champions,14191.74,30,10395,2011-11-28 15:15:00
15602.0,Champions,3137.96,16,2292,2011-12-01 14:14:00
15603.0,At Risk,88.48,2,128,2011-09-22 10:04:00
15604.0,At Risk,216.39000000000001,1,159,2011-10-18 14:47:00
15605.0,Champions,1741.95,9,641,2011-11-03 14:17:00
15606.0,Champions,5230.99,17,1615,2011-10-09 15:47:00
15607.0,Loyal Customers,1708.97,9,1470,2011-01-07 12:44:00
15608.0,Loyal Customers,1785.98,5,1262,2011-11-11 13:20:00
15609.0,At Risk,298.48,1,148,2011-06-08 13:00:00
15610.0,At Risk,112.46000000000001,1,66,2011-10-19 10:36:00
15611.0,Champions,2997.28,26,747,2011-11-30 12:36:00
15612.0,Potential Loyalists,195.15,2,52,2011-11-03 14:52:00
15613.0,Lost,433.71999999999997,1,700,2010-04-08 12:51:00
15614.0,Potential Loyalists,3147.36,4,1632,2010-09-28 10:46:00
15615.0,Champions,21373.97,47,12090,2011-11-29 14:42:00
15616.0,Lost,317.11,1,137,2010-09-27 13:10:00
15617.0,Potential Loyalists,828.5500000000001,3,485,2010-11-08 16:07:00
15618.0,Loyal Customers,776.851,4,454,2011-11-07 08:34:00
15619.0,Potential Loyalists,336.4,1,136,2011-11-29 08:14:00
15620.0,Loyal Customers,1942.36,4,1249,2011-10-14 12:41:00
15621.0,Loyal Customers,1293.03,4,501,2011-12-05 14:01:00
15622.0,Champions,7852.610000000001,17,4091,2011-10-27 16:44:00
15623.0,Loyal Customers,2437.05,8,1087,2011-07-21 17:26:00
15624.0,Potential Loyalists,588.13,4,357,2011-08-15 11:38:00
15625.0,Champions,3236.4,9,3020,2011-08-28 10:21:00
15626.0,Potential Loyalists,1067.52,3,1138,2011-09-26 10:03:00
15627.0,At Risk,566.9,2,344,2010-09-08 14:14:00
15628.0,Champions,5333.08,17,3569,2011-12-05 10:24:00
15629.0,Potential Loyalists,2240.9,4,1518,2010-09-15 13:46:00
15630.0,Loyal Customers,1481.4,3,987,2011-10-25 15:36:00
15631.0,Lost,596.67,1,525,2010-03-07 14:52:00
15632.0,Champions,3285.31,8,2109,2011-11-24 09:51:00
15633.0,Loyal Customers,4335.96,13,2048,2010-07-18 13:54:00
15634.0,Potential Loyalists,554.65,2,227,2011-11-22 16:28:00
15635.0,Lost,100.35,1,5,2010-11-09 08:58:00
15636.0,Loyal Customers,1444.58,4,560,2011-09-11 11:17:00
15637.0,Loyal Customers,797.59,5,651,2011-10-18 08:28:00
15638.0,Loyal Customers,2265.2,6,1134,2010-11-26 11:52:00
15639.0,Potential Loyalists,1065.08,3,849,2011-07-28 14:30:00
15640.0,Champions,23494.31,29,12140,2011-12-05 14:35:00
15641.0,Champions,5345.55,12,4422,2011-08-26 14:04:00
15642.0,Lost,105.78,1,270,2009-12-10 11:51:00
15643.0,Potential Loyalists,664.0,3,246,2011-06-01 07:38:00
15644.0,Potential Loyalists,803.54,4,550,2011-06-26 14:54:00
15645.0,Loyal Customers,1055.17,3,396,2011-11-21 11:55:00
15646.0,Loyal Customers,784.8100000000001,5,821,2011-07-05 09:53:00
15647.0,Lost,169.0,1,124,2010-10-20 15:09:00
15648.0,Potential Loyalists,639.5,2,218,2011-05-19 15:53:00
15649.0,Potential Loyalists,1660.35,4,365,2011-01-07 13:34:00
15650.0,At Risk,553.88,2,210,2010-07-06 10:41:00
15651.0,Loyal Customers,1259.06,5,871,2011-11-03 08:41:00
15652.0,Loyal Customers,1405.94,5,657,2011-09-09 14:22:00
15653.0,Potential Loyalists,877.44,2,1200,2011-09-08 10:49:00
15654.0,Loyal Customers,922.53,2,475,2011-11-30 13:08:00
15655.0,At Risk,560.6700000000001,1,324,2011-04-10 15:25:00
15656.0,Loyal Customers,748.5,4,343,2011-10-25 14:56:00
15657.0,At Risk,30.0,1,24,2011-11-17 12:19:00
15658.0,Loyal Customers,2117.27,8,627,2011-06-02 15:22:00
15659.0,Potential Loyalists,532.49,3,161,2011-10-27 09:23:00
15660.0,Champions,2603.69,15,1783,2011-11-14 16:58:00
15661.0,Potential Loyalists,1215.95,8,779,2011-01-26 13:56:00
15662.0,Lost,283.73,2,145,2010-02-16 16:47:00
15663.0,At Risk,138.14,1,106,2011-08-25 15:50:00
15664.0,Loyal Customers,1254.03,4,530,2011-10-20 10:57:00
15665.0,Loyal Customers,3987.07,5,2777,2011-06-24 14:57:00
15666.0,At Risk,632.94,2,469,2010-08-24 16:14:00
15667.0,Potential Loyalists,301.32000000000005,1,240,2011-10-31 10:56:00
15668.0,Lost,76.32000000000001,1,72,2011-05-06 10:39:00
15669.0,Loyal Customers,684.34,4,342,2011-10-30 16:03:00
15670.0,At Risk,325.2,2,132,2011-02-16 10:50:00
15671.0,Champions,2657.13,7,1699,2011-11-21 12:43:00
15672.0,Lost,45.300000000000004,1,10,2009-12-14 16:52:00
15673.0,Champions,6204.32,9,3274,2011-09-12 16:12:00
15674.0,Champions,6948.2300000000005,13,3648,2011-09-27 15:17:00
15675.0,Potential Loyalists,542.04,4,624,2011-09-19 13:48:00
15676.0,Champions,3435.76,3,2252,2011-11-21 12:40:00
15677.0,Loyal Customers,1305.6299999999999,3,675,2011-10-21 15:36:00
15678.0,Loyal Customers,1825.94,3,1022,2011-10-18 09:25:00
15679.0,Loyal Customers,781.28,4,1170,2011-11-15 16:19:00
15680.0,Champions,4028.69,10,2743,2011-11-30 13:46:00
15681.0,Champions,2989.7000000000003,14,1392,2011-11-14 16:30:00
15682.0,At Risk,318.24,2,222,2010-04-19 15:30:00
15683.0,Potential Loyalists,524.54,2,332,2011-08-14 12:56:00
15684.0,At Risk,173.95,3,77,2010-06-10 18:51:00
15685.0,Lost,55.980000000000004,1,36,2010-09-15 13:43:00
15686.0,Lost,90.0,1,72,2010-10-15 13:50:00
15687.0,Champions,2993.1,9,1310,2011-12-01 08:33:00
15688.0,Lost,190.57,1,95,2010-10-17 12:06:00
15689.0,Potential Loyalists,521.03,3,207,2011-08-12 09:37:00
15690.0,Potential Loyalists,239.76,2,408,2011-12-05 15:59:00
15691.0,Potential Loyalists,571.3,4,212,2011-04-01 15:13:00
15692.0,At Risk,191.04,1,138,2011-11-11 14:12:00
15693.0,Lost,37.5,1,30,2010-02-18 14:37:00
15694.0,Champions,9978.48,24,2467,2011-12-09 09:44:00
15695.0,Potential Loyalists,1131.04,4,484,2011-03-18 08:32:00
15696.0,Champions,3881.2200000000003,13,1386,2011-11-06 14:02:00
15697.0,Lost,246.75,1,127,2010-01-19 09:10:00
15698.0,Lost,46.2,1,60,2010-03-25 17:38:00
15699.0,Potential Loyalists,309.65,1,113,2011-11-22 08:26:00
15700.0,Potential Loyalists,696.68,2,357,2011-06-20 16:53:00
15701.0,Loyal Customers,1529.0,4,912,2011-12-07 14:39:00
15702.0,Lost,140.39,2,103,2010-08-20 14:50:00
15703.0,Lost,211.5,1,66,2011-03-20 10:51:00
15704.0,Loyal Customers,3734.6600000000003,6,1709,2011-07-22 13:35:00
15705.0,Lost,143.1,1,62,2011-05-22 15:37:00
15706.0,Potential Loyalists,1060.56,4,321,2011-10-07 10:09:00
15707.0,Loyal Customers,916.98,4,594,2011-11-04 14:35:00
15708.0,Champions,3887.15,9,1465,2011-10-30 10:54:00
15709.0,At Risk,327.85,2,169,2011-03-01 10:38:00
15710.0,At Risk,898.87,1,641,2010-10-18 17:05:00
15711.0,At Risk,420.25,2,199,2010-06-01 12:14:00
15712.0,Champions,3472.41,12,1277,2011-11-30 14:09:00
15713.0,Potential Loyalists,839.64,4,451,2011-07-19 13:34:00
15714.0,Loyal Customers,783.96,5,361,2011-11-28 11:26:00
15715.0,Potential Loyalists,658.02,5,246,2010-06-02 09:56:00
15716.0,Loyal Customers,2485.26,11,1379,2011-07-17 11:59:00
15717.0,Potential Loyalists,607.0,5,224,2011-04-19 13:21:00
15718.0,Lost,293.79,1,95,2010-06-17 16:20:00
15719.0,Champions,10195.97,31,5356,2011-11-07 12:29:00
15720.0,Potential Loyalists,739.22,2,327,2011-11-15 14:48:00
15721.0,Potential Loyalists,471.40000000000003,1,388,2011-11-28 12:14:00
15722.0,Champions,5234.0,11,2279,2011-11-04 11:43:00
15723.0,Potential Loyalists,930.7,4,427,2010-12-10 11:12:00
15724.0,Potential Loyalists,310.85,3,117,2011-05-22 14:40:00
15725.0,Potential Loyalists,415.25,1,221,2011-11-24 14:51:00
15726.0,At Risk,321.91,1,123,2010-11-14 16:12:00
15727.0,Champions,9371.71,15,5908,2011-11-23 12:36:00
15728.0,At Risk,544.6,2,132,2010-11-25 10:39:00
15729.0,At Risk,192.55,3,47,2011-05-11 12:36:00
15730.0,Loyal Customers,1726.58,5,1061,2011-10-05 12:31:00
15731.0,Lost,125.3,1,122,2010-06-04 10:10:00
15732.0,Loyal Customers,1543.97,10,1264,2011-05-11 14:24:00
15733.0,Lost,162.3,1,62,2011-03-02 09:05:00
15734.0,Loyal Customers,2263.3,4,516,2011-08-17 10:50:00
15735.0,Lost,327.68,1,206,2010-10-14 13:38:00
15736.0,Potential Loyalists,1767.1200000000001,2,1208,2010-09-30 14:20:00
15737.0,Loyal Customers,1188.1200000000001,8,597,2011-11-25 11:21:00
15738.0,Champions,13043.32,41,9030,2011-11-21 08:26:00
15739.0,At Risk,449.12,1,472,2011-10-04 13:42:00
15740.0,At Risk,154.88,1,152,2011-10-21 14:29:00
15741.0,Lost,208.62,2,70,2010-09-07 16:21:00
15742.0,Lost,156.87,1,51,2010-03-30 15:25:00
15743.0,Loyal Customers,775.96,4,214,2011-11-23 17:19:00
15744.0,At Risk,34.8,1,120,2011-09-23 09:52:00
15745.0,Loyal Customers,1094.5900000000001,4,421,2011-11-20 13:45:00
15746.0,At Risk,196.88,1,178,2011-07-28 15:21:00
15747.0,Champions,2499.81,9,1344,2011-11-27 12:26:00
15748.0,Loyal Customers,609.81,3,261,2011-10-30 12:51:00
15749.0,Loyal Customers,44534.3,3,18028,2011-04-18 13:20:00
15750.0,Champions,6452.991,18,4281,2011-12-07 12:34:00
15751.0,Loyal Customers,1380.44,11,443,2010-09-05 12:44:00
15752.0,Champions,3924.91,9,2792,2011-10-31 11:37:00
15753.0,Lost,79.2,1,144,2011-02-08 12:41:00
15754.0,Champions,3037.61,9,1762,2011-10-19 14:40:00
15755.0,Champions,5993.12,17,4034,2011-11-29 14:57:00
15756.0,Potential Loyalists,528.01,4,241,2011-10-09 13:30:00
15757.0,Loyal Customers,2940.36,6,1757,2011-10-05 12:14:00
15758.0,At Risk,205.25,1,47,2011-11-15 10:48:00
15759.0,Potential Loyalists,830.9300000000001,7,523,2011-05-05 15:13:00
15760.0,Potential Loyalists,13916.34,2,2,2010-03-19 11:45:00
15761.0,Lost,143.05,1,31,2010-09-23 09:33:00
15762.0,Potential Loyalists,583.75,2,251,2011-10-05 16:15:00
15763.0,Potential Loyalists,1086.92,2,271,2011-11-08 09:44:00
15764.0,Loyal Customers,4503.08,8,2945,2011-09-12 17:58:00
15765.0,Lost,370.63,1,335,2010-02-11 10:25:00
15766.0,Potential Loyalists,831.0600000000001,3,334,2011-10-06 17:03:00
15768.0,Champions,15308.89,34,4215,2011-08-16 10:48:00
15769.0,Champions,88612.52,46,49068,2011-12-02 13:52:00
15770.0,Lost,321.45,1,67,2010-04-06 11:47:00
15771.0,Potential Loyalists,1006.54,3,512,2010-04-14 13:56:00
15772.0,Lost,280.88,1,110,2010-10-17 13:33:00
15773.0,Loyal Customers,774.52,2,410,2011-12-04 12:48:00
15774.0,Loyal Customers,1288.34,6,465,2011-10-02 12:04:00
15775.0,At Risk,150.5,2,260,2011-04-08 12:56:00
15776.0,At Risk,241.62,1,138,2011-07-29 13:46:00
15777.0,Loyal Customers,1762.6100000000001,7,599,2011-04-12 16:43:00
15778.0,Lost,307.95000000000005,1,101,2010-10-04 15:10:00
15779.0,Lost,124.08000000000001,2,20,2010-09-02 16:40:00
15780.0,Potential Loyalists,475.28000000000003,3,220,2011-06-09 12:01:00
15781.0,Potential Loyalists,345.46000000000004,3,180,2011-11-14 14:57:00
15782.0,Champions,4014.1,4,1844,2011-11-30 10:49:00
15783.0,Potential Loyalists,246.3,1,212,2011-11-29 09:50:00
15784.0,At Risk,848.33,2,381,2010-08-29 10:38:00
15785.0,Champions,5969.93,16,4479,2011-11-07 11:33:00
15786.0,Champions,8501.62,5,5957,2011-10-24 14:13:00
15787.0,Loyal Customers,933.26,3,534,2011-11-13 14:55:00
15788.0,Lost,221.83,1,115,2010-07-19 12:48:00
15789.0,Loyal Customers,1962.01,6,2499,2010-12-16 14:35:00
15790.0,Potential Loyalists,218.75,1,113,2011-11-29 14:53:00
15791.0,Champions,3608.34,5,1970,2011-10-27 10:14:00
15792.0,Potential Loyalists,933.84,2,606,2010-11-05 08:21:00
15793.0,Champions,2399.57,8,1685,2011-11-25 09:31:00
15794.0,At Risk,777.0,2,288,2009-12-03 13:04:00
15795.0,Loyal Customers,1979.8700000000001,8,1411,2011-07-13 10:43:00
15796.0,Champions,5171.63,17,1733,2011-12-08 19:55:00
15797.0,Loyal Customers,2821.08,6,1281,2011-08-18 17:04:00
15798.0,Potential Loyalists,1535.37,3,915,2010-08-04 09:13:00
15799.0,Loyal Customers,1421.34,4,1341,2011-09-25 12:46:00
15800.0,Loyal Customers,1227.07,7,575,2011-08-24 14:23:00
15801.0,Loyal Customers,1063.95,3,570,2011-10-24 13:52:00
15802.0,At Risk,451.42,1,1,2011-07-20 11:38:00
15803.0,Loyal Customers,1929.66,4,1030,2011-10-19 14:56:00
15804.0,Champions,4206.39,13,2565,2011-12-09 12:31:00
15805.0,Champions,10148.93,30,6205,2011-11-16 16:32:00
15806.0,Loyal Customers,784.58,3,602,2011-10-24 14:35:00
15807.0,Loyal Customers,1817.52,5,1532,2011-10-20 14:10:00
15808.0,Loyal Customers,17180.25,21,6753,2011-02-06 14:33:00
15809.0,Loyal Customers,1274.44,7,700,2011-11-03 16:40:00
15810.0,Loyal Customers,2999.04,8,1653,2011-09-22 09:38:00
15811.0,Champions,3486.15,7,1781,2011-11-17 15:31:00
15812.0,Champions,5201.47,12,3450,2011-08-24 14:19:00
15813.0,Potential Loyalists,1303.9099999999999,2,603,2011-05-16 08:13:00
15814.0,Champions,2634.44,6,1728,2011-11-23 08:17:00
15815.0,Loyal Customers,2100.6,5,1856,2011-10-07 12:42:00
15816.0,Lost,144.15,2,54,2010-06-15 13:36:00
15817.0,Potential Loyalists,2766.4,3,1596,2010-10-15 11:07:00
15818.0,Lost,340.5,1,284,2010-04-30 12:58:00
15819.0,Champions,3934.79,10,2928,2011-10-21 14:50:00
15820.0,Lost,206.98,1,128,2011-01-24 12:00:00
15821.0,Potential Loyalists,570.96,2,202,2011-10-26 15:48:00
15822.0,Champions,1840.06,6,950,2011-12-06 14:50:00
15823.0,Loyal Customers,3882.17,3,1774,2010-12-02 15:08:00
15824.0,At Risk,890.94,2,478,2010-09-12 13:20:00
15825.0,At Risk,532.94,1,220,2011-06-20 13:27:00
15826.0,Loyal Customers,2598.28,4,1824,2011-10-14 16:05:00
15827.0,Champions,3603.14,28,1715,2011-09-27 15:35:00
15828.0,At Risk,1108.82,1,367,2010-11-29 16:41:00
15829.0,Potential Loyalists,636.14,2,996,2011-09-01 16:45:00
15830.0,Potential Loyalists,576.0,1,415,2011-11-02 10:40:00
15831.0,Loyal Customers,794.64,3,1092,2011-10-12 13:14:00
15832.0,At Risk,836.79,1,465,2011-03-30 15:29:00
15833.0,Lost,80.4,1,24,2009-12-02 11:59:00
15834.0,Loyal Customers,3764.39,7,1815,2011-09-30 14:41:00
15835.0,Loyal Customers,954.09,4,439,2011-10-26 15:47:00
15836.0,At Risk,137.37,1,26,2011-10-20 17:13:00
15837.0,Potential Loyalists,777.01,2,405,2011-10-06 09:01:00
15838.0,Champions,73205.5,34,64114,2011-11-28 14:00:00
15839.0,Loyal Customers,1048.49,3,675,2011-11-06 13:54:00
15840.0,Potential Loyalists,355.56,2,396,2011-10-12 09:08:00
15841.0,Loyal Customers,2742.41,9,2391,2011-09-28 12:15:00
15842.0,At Risk,548.8000000000001,2,296,2010-11-11 14:08:00
15843.0,Lost,118.95,1,27,2011-02-09 10:19:00
15844.0,At Risk,130.73999999999998,1,134,2011-10-24 15:19:00
15845.0,Champions,4426.28,11,2128,2011-11-22 09:42:00
15846.0,Lost,107.01,1,79,2010-11-19 14:40:00
15847.0,Loyal Customers,822.57,5,643,2011-11-01 14:41:00
15848.0,Lost,137.99,1,45,2010-03-28 10:54:00
15850.0,Loyal Customers,1006.75,6,1334,2011-11-20 14:14:00
15851.0,Lost,109.73,1,67,2010-07-01 12:34:00
15852.0,Potential Loyalists,257.26,3,60,2011-06-06 11:22:00
15853.0,At Risk,110.8,1,135,2011-10-19 10:38:00
15854.0,Champions,5578.28,21,1691,2011-12-05 13:39:00
15855.0,Loyal Customers,1052.72,6,712,2011-07-26 10:20:00
15856.0,Champions,32275.95,52,19550,2011-12-05 17:09:00
15857.0,Potential Loyalists,570.48,2,584,2011-11-21 12:18:00
15858.0,Champions,3552.41,13,2715,2011-11-24 12:48:00
15859.0,Lost,438.46,1,174,2010-10-03 12:52:00
15860.0,Champions,2361.3,17,1259,2011-10-30 11:25:00
15861.0,Champions,4369.2,12,3837,2011-11-27 15:59:00
15862.0,Champions,2512.29,13,1520,2011-12-01 13:28:00
15863.0,Loyal Customers,355.1,5,162,2011-11-14 12:49:00
15864.0,Loyal Customers,2180.76,7,1486,2011-11-17 13:32:00
15865.0,Loyal Customers,2241.42,5,1141,2011-10-30 12:43:00
15866.0,At Risk,211.89,1,124,2011-08-30 14:09:00
15867.0,Champions,8923.3,31,5067,2011-12-04 13:32:00
15868.0,Lost,94.53,1,57,2010-05-05 14:11:00
15869.0,Potential Loyalists,321.11,3,273,2011-03-07 17:23:00
15870.0,Loyal Customers,857.46,4,504,2011-11-07 10:58:00
15871.0,Lost,33.099999999999994,1,5,2010-09-28 14:16:00
15872.0,Loyal Customers,729.25,4,467,2011-11-25 11:55:00
15873.0,At Risk,313.91999999999996,4,1152,2010-07-28 12:41:00
15874.0,Champions,11284.76,21,5102,2011-10-07 12:31:00
15875.0,Lost,108.52,1,74,2010-03-03 16:51:00
15876.0,Potential Loyalists,1449.14,2,886,2010-10-26 18:58:00
15877.0,Potential Loyalists,490.33,2,368,2011-12-08 11:53:00
15878.0,At Risk,330.77,2,243,2010-05-27 12:17:00
15879.0,Potential Loyalists,1137.8,4,639,2010-10-31 16:21:00
15880.0,At Risk,329.03,1,202,2010-12-05 13:00:00
15881.0,Potential Loyalists,501.39,5,260,2011-01-31 16:59:00
15882.0,Potential Loyalists,1124.66,8,650,2011-05-25 11:35:00
15883.0,Potential Loyalists,396.48,2,223,2011-12-07 17:05:00
15884.0,Lost,244.60000000000002,2,152,2010-10-03 15:55:00
15885.0,Loyal Customers,1951.82,15,622,2011-09-08 10:43:00
15886.0,Potential Loyalists,1052.8700000000001,4,667,2011-10-10 14:25:00
15887.0,Potential Loyalists,1027.15,3,605,2010-10-29 08:36:00
15888.0,Potential Loyalists,429.16,3,139,2011-09-20 12:30:00
15889.0,Loyal Customers,1427.6,8,800,2011-07-06 11:10:00
15890.0,Potential Loyalists,535.65,5,119,2010-11-10 12:46:00
15891.0,At Risk,511.68,1,418,2011-04-27 12:35:00
15892.0,Lost,128.2,1,46,2010-02-08 16:23:00
15893.0,Lost,305.28000000000003,1,288,2010-08-15 11:12:00
15894.0,At Risk,258.25,2,164,2011-03-31 13:50:00
15895.0,At Risk,179.17,1,94,2011-07-13 10:27:00
15897.0,At Risk,208.59,2,223,2011-05-29 13:50:00
15898.0,Champions,4996.45,25,2160,2011-12-08 15:23:00
15899.0,Lost,56.25,1,39,2010-12-06 10:36:00
15900.0,Loyal Customers,886.57,4,656,2011-11-16 12:19:00
15901.0,Loyal Customers,687.72,7,695,2011-11-23 12:43:00
15902.0,Lost,145.01,1,124,2010-11-24 16:57:00
15903.0,Champions,8939.84,12,3926,2011-11-30 08:08:00
15904.0,Potential Loyalists,164.68,1,84,2011-12-01 14:50:00
15905.0,Lost,114.69,1,82,2010-06-14 16:00:00
15906.0,Champions,2530.19,10,749,2011-11-20 12:24:00
15907.0,Loyal Customers,882.72,3,478,2011-12-06 12:21:00
15908.0,At Risk,758.62,2,173,2010-08-06 11:56:00
15909.0,At Risk,191.94,1,98,2011-06-19 10:38:00
15910.0,Champions,2661.17,15,2158,2011-12-09 10:51:00
15911.0,Potential Loyalists,1700.24,8,810,2010-03-26 12:06:00
15912.0,Loyal Customers,1074.7,9,759,2011-06-14 14:29:00
15913.0,Lost,6.300000000000001,1,3,2010-06-23 16:31:00
15914.0,At Risk,205.99,2,149,2010-11-26 16:10:00
15915.0,At Risk,364.45,1,414,2010-11-03 11:13:00
15916.0,Champions,3145.2400000000002,13,1618,2011-11-23 13:46:00
15917.0,Potential Loyalists,530.17,5,248,2011-04-06 10:40:00
15918.0,Potential Loyalists,582.88,3,240,2011-06-02 11:42:00
15919.0,Potential Loyalists,525.69,2,385,2011-11-20 11:28:00
15920.0,Loyal Customers,569.14,9,238,2011-07-08 15:31:00
15921.0,Potential Loyalists,775.26,4,335,2011-06-20 11:03:00
15922.0,At Risk,369.5,1,138,2010-12-01 13:51:00
15923.0,Lost,127.08,1,122,2010-12-02 12:16:00
15924.0,Lost,102.82,1,103,2009-12-08 15:00:00
15925.0,Lost,207.15,1,93,2011-05-29 15:35:00
15926.0,Lost,134.44,1,155,2010-06-15 15:23:00
15927.0,Lost,106.54,1,66,2010-03-02 13:25:00
15928.0,Lost,293.53,1,164,2010-02-21 15:16:00
15929.0,Lost,594.0,1,120,2010-03-05 14:56:00
15930.0,At Risk,426.63,1,139,2011-10-03 14:52:00
15931.0,Lost,239.9,1,118,2010-10-07 16:46:00
15932.0,Champions,2495.87,8,2325,2011-12-05 17:13:00
15933.0,Loyal Customers,1107.46,3,885,2011-11-18 13:14:00
15934.0,Potential Loyalists,2190.66,2,2166,2010-10-18 10:13:00
15935.0,At Risk,416.86,2,115,2011-04-14 13:27:00
15936.0,At Risk,282.79,2,211,2010-11-25 16:39:00
15937.0,At Risk,145.35000000000002,1,73,2011-10-06 15:48:00
15938.0,Loyal Customers,734.8100000000001,9,449,2011-08-19 12:56:00
15939.0,Champions,9060.39,16,6260,2011-09-11 11:30:00
15940.0,Lost,35.8,1,4,2011-02-01 16:18:00
15941.0,Lost,405.0,1,60,2010-03-12 14:45:00
15942.0,At Risk,337.44,1,232,2011-07-29 09:01:00
15943.0,Lost,271.28999999999996,2,183,2010-02-28 12:49:00
15944.0,Potential Loyalists,2164.24,4,859,2011-03-08 10:33:00
15945.0,Potential Loyalists,646.27,4,345,2010-12-09 13:14:00
15946.0,Potential Loyalists,2304.18,3,1614,2010-07-25 12:18:00
15947.0,Potential Loyalists,1708.24,1,898,2011-09-18 10:46:00
15948.0,Loyal Customers,1509.0900000000001,3,852,2011-12-01 15:32:00
15949.0,Potential Loyalists,364.72,2,284,2011-11-23 09:09:00
15950.0,Champions,7120.91,10,3354,2011-11-08 11:09:00
15951.0,Loyal Customers,1013.1700000000001,3,420,2011-12-01 08:34:00
15952.0,Loyal Customers,781.91,4,391,2011-11-06 11:18:00
15953.0,Champions,3440.34,18,1741,2011-11-24 15:32:00
15954.0,Lost,190.75,1,119,2010-04-29 13:35:00
15955.0,Champions,8085.9800000000005,22,3967,2011-11-15 14:15:00
15956.0,At Risk,617.6,2,278,2010-06-06 13:06:00
15957.0,Loyal Customers,921.25,3,453,2011-11-08 12:14:00
15958.0,Potential Loyalists,462.12,4,154,2011-09-26 13:41:00
15959.0,At Risk,542.89,3,269,2010-01-26 16:38:00
15960.0,Potential Loyalists,410.95,4,258,2010-11-30 15:57:00
15961.0,At Risk,451.28999999999996,1,154,2010-11-25 15:59:00
15962.0,Lost,289.48,1,228,2010-09-16 13:48:00
15963.0,Potential Loyalists,470.76,2,298,2011-11-20 11:33:00
15964.0,Lost,269.21000000000004,1,93,2010-02-14 15:30:00
15965.0,Champions,2771.94,13,1313,2011-11-22 16:44:00
15966.0,Lost,426.53,1,275,2010-09-15 10:44:00
15967.0,Champions,2966.0,12,1183,2011-11-16 15:41:00
15968.0,At Risk,404.55,1,247,2010-11-16 13:04:00
15969.0,Loyal Customers,1127.05,5,223,2011-12-07 11:06:00
15970.0,Potential Loyalists,1017.3199999999999,2,498,2011-02-09 12:08:00
15971.0,Champions,5902.83,18,2251,2011-11-22 12:50:00
15972.0,Potential Loyalists,1769.33,5,468,2010-09-09 13:20:00
15973.0,Potential Loyalists,680.62,3,195,2010-12-08 11:42:00
15974.0,Champions,3442.15,7,2262,2011-10-31 13:13:00
15975.0,At Risk,371.01,1,243,2011-09-16 13:33:00
15976.0,Loyal Customers,1694.41,6,1053,2011-06-27 13:00:00
15977.0,Loyal Customers,1054.73,2,1016,2011-11-22 13:29:00
15978.0,Loyal Customers,3279.42,3,2444,2011-09-23 15:21:00
15979.0,Lost,329.21999999999997,1,450,2010-04-16 11:35:00
15980.0,Loyal Customers,6543.68,7,4822,2011-09-12 09:41:00
15981.0,Champions,9362.77,21,4827,2011-11-15 08:00:00
15982.0,Lost,324.51,1,131,2010-04-13 15:47:00
15983.0,Champions,3110.37,8,1872,2011-11-17 17:34:00
15984.0,Champions,8393.02,30,5730,2011-12-07 12:16:00
15985.0,Loyal Customers,2715.28,7,2750,2011-08-08 16:31:00
15986.0,Potential Loyalists,354.42,2,368,2011-11-09 15:17:00
15987.0,Champions,1535.99,8,1599,2011-11-27 15:38:00
15988.0,Loyal Customers,738.89,3,476,2011-11-20 13:23:00
15989.0,At Risk,368.31,2,169,2010-11-29 12:03:00
15990.0,Loyal Customers,1997.75,7,1086,2011-10-26 15:58:00
15991.0,Lost,150.55,1,41,2010-06-23 15:50:00
15992.0,Loyal Customers,896.6,3,514,2011-12-06 11:00:00
15993.0,Champions,2777.67,7,2037,2011-12-01 10:45:00
15994.0,Loyal Customers,1175.68,3,462,2011-10-16 12:28:00
15995.0,At Risk,694.54,1,352,2010-10-21 13:57:00
15996.0,Loyal Customers,1386.4,7,643,2011-09-12 15:14:00
15998.0,Champions,8274.14,16,5350,2011-11-03 12:45:00
15999.0,Lost,20.4,1,24,2009-12-04 12:31:00
16000.0,Champions,12393.7,3,5110,2011-12-07 12:17:00
16001.0,At Risk,583.39,1,337,2010-11-23 17:10:00
16002.0,Lost,169.21,1,70,2010-03-24 13:08:00
16003.0,Champions,5613.83,10,2210,2011-11-10 09:57:00
16004.0,Potential Loyalists,2146.39,5,1076,2010-08-22 11:48:00
16005.0,Champions,2365.4900000000002,10,1269,2011-11-27 13:47:00
16006.0,At Risk,332.82,2,205,2011-05-12 13:12:00
16007.0,Champions,3053.06,7,2631,2011-10-23 11:05:00
16008.0,Champions,5339.13,15,3237,2011-11-16 10:32:00
16009.0,Loyal Customers,972.11,4,366,2011-11-17 16:51:00
16010.0,Loyal Customers,1694.86,11,919,2011-04-08 10:14:00
16011.0,Champions,5601.01,29,3323,2011-12-01 16:31:00
16012.0,Champions,2978.59,5,1760,2011-11-04 13:25:00
16013.0,Champions,56078.44,84,25520,2011-12-06 10:36:00
16014.0,Loyal Customers,1100.28,5,462,2011-11-02 12:04:00
16015.0,Loyal Customers,704.55,3,907,2011-12-06 10:58:00
16016.0,Champions,2083.4,11,881,2011-12-06 14:35:00
16017.0,Loyal Customers,1545.58,5,635,2011-10-23 12:56:00
16018.0,Loyal Customers,698.13,4,503,2011-10-31 14:13:00
16019.0,Champions,17329.16,27,6959,2011-10-24 11:51:00
16020.0,Loyal Customers,851.01,3,487,2011-11-23 11:18:00
16021.0,At Risk,487.03,2,276,2010-11-09 14:48:00
16022.0,At Risk,602.63,1,255,2011-03-24 13:16:00
16023.0,Loyal Customers,719.81,3,358,2011-10-24 16:34:00
16024.0,Loyal Customers,483.99,3,504,2011-11-27 13:26:00
16025.0,Potential Loyalists,439.65999999999997,1,338,2011-11-10 11:45:00
16026.0,At Risk,236.09,1,243,2011-10-27 13:53:00
16027.0,Loyal Customers,2048.36,15,2099,2011-09-09 10:47:00
16028.0,Lost,82.2,1,18,2010-04-23 11:45:00
16029.0,Champions,117763.62,107,54450,2011-11-01 10:27:00
16030.0,At Risk,331.24,1,283,2011-02-03 11:28:00
16031.0,Potential Loyalists,547.9,2,421,2011-09-08 13:07:00
16032.0,Potential Loyalists,1965.72,6,1467,2010-09-09 18:00:00
16033.0,Champions,10608.81,27,4200,2011-12-04 12:44:00
16034.0,Potential Loyalists,911.32,6,585,2011-05-27 16:17:00
16035.0,Lost,217.73,1,33,2010-05-28 15:09:00
16036.0,Loyal Customers,2556.84,4,1369,2011-09-13 14:53:00
16037.0,Loyal Customers,1509.3400000000001,5,766,2011-03-15 09:13:00
16038.0,Loyal Customers,471.78,3,244,2011-12-02 12:40:00
16039.0,At Risk,456.4,2,409,2010-10-12 10:44:00
16040.0,Loyal Customers,2416.9,7,1185,2011-10-05 13:47:00
16041.0,Loyal Customers,3166.4,3,1584,2011-11-09 12:25:00
16042.0,Loyal Customers,2245.32,8,1430,2011-11-17 17:50:00
16043.0,Loyal Customers,1856.5900000000001,8,1011,2011-11-02 12:50:00
16044.0,Lost,340.84000000000003,1,170,2010-09-30 18:12:00
16045.0,Loyal Customers,3434.93,8,2108,2011-08-12 12:41:00
16046.0,Lost,235.78,1,248,2010-05-26 13:18:00
16047.0,Lost,107.14,1,1,2010-01-26 16:34:00
16048.0,Potential Loyalists,818.7900000000001,4,425,2010-12-01 15:28:00
16049.0,Loyal Customers,1852.15,6,1132,2011-10-30 13:19:00
16050.0,Potential Loyalists,300.7,3,388,2011-06-19 11:44:00
16051.0,Lost,188.44,1,80,2010-01-27 09:38:00
16052.0,Potential Loyalists,362.06,1,282,2011-10-16 15:13:00
16053.0,Champions,3634.84,6,3067,2011-11-07 11:21:00
16054.0,Loyal Customers,2111.88,4,791,2011-07-17 13:08:00
16055.0,Lost,134.8,1,22,2011-05-03 09:26:00
16056.0,Potential Loyalists,650.75,1,345,2011-10-25 15:19:00
16057.0,Champions,3854.85,10,1691,2011-11-23 15:23:00
16058.0,Lost,62.7,1,18,2010-10-29 16:48:00
16059.0,Champions,3053.57,12,1431,2011-10-05 09:56:00
16060.0,Potential Loyalists,541.95,3,243,2010-11-04 12:10:00
16061.0,Lost,89.65,1,19,2010-10-04 15:29:00
16062.0,Champions,2863.45,8,2035,2011-11-30 12:15:00
16063.0,At Risk,335.32,1,262,2011-03-24 14:56:00
16064.0,Lost,109.31,1,55,2009-12-14 16:11:00
16065.0,Loyal Customers,1992.13,8,1207,2010-12-09 13:03:00
16066.0,Champions,1521.04,5,935,2011-11-23 11:54:00
16067.0,Potential Loyalists,3269.11,3,1236,2010-05-26 12:33:00
16068.0,Lost,115.73,1,48,2010-04-25 11:52:00
16069.0,Lost,457.7,1,138,2010-10-18 10:32:00
16070.0,Potential Loyalists,852.15,2,457,2011-11-17 15:50:00
16071.0,Loyal Customers,1076.8,4,697,2011-10-26 11:14:00
16072.0,Loyal Customers,4180.09,4,1580,2011-02-24 14:32:00
16073.0,Lost,122.4,1,48,2011-02-15 15:41:00
16074.0,Lost,252.5,1,38,2010-11-14 13:19:00
16075.0,At Risk,736.9300000000001,2,271,2010-07-25 11:31:00
16076.0,Champions,2234.73,10,1435,2011-12-06 14:59:00
16077.0,At Risk,2300.4,1,840,2010-03-24 10:42:00
16078.0,At Risk,362.99,2,200,2011-03-01 09:47:00
16079.0,Loyal Customers,1352.0,3,864,2011-11-23 12:48:00
16080.0,Potential Loyalists,602.5600000000001,4,298,2011-09-19 10:42:00
16081.0,Champions,4278.96,8,2177,2011-10-14 13:06:00
16082.0,Lost,106.75,1,39,2010-02-07 15:16:00
16083.0,Loyal Customers,2351.42,4,1514,2011-08-31 10:47:00
16084.0,At Risk,436.18,1,216,2011-02-13 16:05:00
16085.0,Champions,2341.03,12,1382,2011-11-16 13:24:00
16086.0,Champions,2687.73,10,1450,2011-10-11 13:09:00
16087.0,Loyal Customers,1739.92,5,664,2010-11-15 16:44:00
16088.0,Potential Loyalists,1437.43,2,373,2010-05-13 10:16:00
16089.0,At Risk,263.49,2,119,2010-11-18 13:51:00
16090.0,Lost,180.56,1,58,2010-03-25 13:05:00
16091.0,Potential Loyalists,315.06,2,154,2011-07-08 08:45:00
16092.0,Loyal Customers,1587.94,6,1188,2011-08-17 10:46:00
16093.0,At Risk,17.0,1,20,2011-08-25 11:09:00
16094.0,Champions,3695.56,11,2020,2011-11-28 12:45:00
16095.0,Lost,447.05,1,265,2010-09-09 16:54:00
16096.0,Loyal Customers,1584.97,4,700,2011-03-20 13:38:00
16097.0,Lost,185.04999999999998,1,87,2011-04-13 13:47:00
16098.0,Champions,4010.7,14,2008,2011-09-13 09:59:00
16099.0,Loyal Customers,1573.2,7,960,2011-10-20 13:13:00
16100.0,Lost,582.64,1,438,2010-09-03 11:39:00
16101.0,Loyal Customers,3229.16,4,1844,2011-09-30 10:18:00
16102.0,Loyal Customers,1842.14,3,942,2011-10-28 13:19:00
16103.0,Champions,6191.71,22,2639,2011-12-02 14:16:00
16104.0,Loyal Customers,2774.46,9,1047,2011-10-09 10:23:00
16105.0,Loyal Customers,2386.19,5,2125,2011-04-05 10:13:00
16106.0,At Risk,108.38,1,74,2011-10-05 10:37:00
16107.0,Champions,3204.1600000000003,7,1176,2011-11-22 09:40:00
16108.0,Loyal Customers,2235.92,4,1473,2011-09-16 11:48:00
16109.0,Potential Loyalists,939.48,3,1092,2011-05-05 09:17:00
16110.0,Loyal Customers,1781.59,4,880,2011-10-25 14:35:00
16111.0,Lost,549.33,1,233,2010-10-07 19:51:00
16112.0,Potential Loyalists,195.74,4,574,2011-07-19 14:28:00
16113.0,At Risk,161.38,1,176,2011-06-09 16:16:00
16114.0,At Risk,135.75000000000003,1,43,2011-06-22 10:13:00
16115.0,Champions,2553.8,12,1589,2011-11-30 11:32:00
16116.0,At Risk,612.78,1,248,2011-05-12 12:01:00
16117.0,Potential Loyalists,654.4,3,321,2011-06-03 11:42:00
16118.0,Potential Loyalists,4376.25,1,2851,2010-02-25 09:40:00
16119.0,Champions,1720.81,8,811,2011-12-01 15:11:00
16120.0,Champions,2967.51,6,2161,2011-10-11 14:22:00
16121.0,Loyal Customers,1450.04,5,879,2011-10-13 12:59:00
16122.0,Loyal Customers,895.62,6,1280,2011-09-27 15:34:00
16123.0,Potential Loyalists,307.78000000000003,1,170,2011-10-19 09:18:00
16124.0,Loyal Customers,1772.49,4,797,2011-01-26 14:45:00
16125.0,Loyal Customers,4292.35,14,1819,2010-12-07 15:48:00
16126.0,Champions,14644.6,15,6140,2011-11-10 16:03:00
16127.0,Potential Loyalists,801.3100000000001,2,391,2011-10-31 13:58:00
16128.0,Champions,3801.05,11,2445,2011-11-22 11:14:00
16129.0,Potential Loyalists,1396.05,3,1261,2010-10-28 14:29:00
16130.0,Potential Loyalists,987.48,4,296,2010-10-13 15:14:00
16131.0,Champions,9957.42,12,4768,2011-10-19 11:53:00
16132.0,At Risk,664.1999999999999,2,280,2010-06-13 13:49:00
16133.0,Champions,22992.26,56,13653,2011-12-06 11:24:00
16134.0,Loyal Customers,2145.34,5,1637,2011-11-18 10:05:00
16135.0,Potential Loyalists,819.45,2,395,2011-03-22 12:30:00
16136.0,Loyal Customers,946.8000000000001,4,674,2011-10-11 09:10:00
16137.0,Lost,422.7,1,210,2010-01-28 15:04:00
16138.0,Potential Loyalists,910.35,3,774,2010-11-26 12:13:00
16139.0,Loyal Customers,1111.15,5,602,2011-11-21 08:37:00
16140.0,Loyal Customers,1433.46,3,1272,2011-10-05 12:15:00
16141.0,Potential Loyalists,955.94,2,410,2011-09-12 13:11:00
16142.0,At Risk,535.34,1,422,2011-04-04 10:16:00
16143.0,Champions,4555.08,12,1866,2011-12-06 14:13:00
16144.0,Lost,175.2,1,16,2011-04-07 10:09:00
16145.0,Champions,6805.4400000000005,19,5270,2011-12-01 10:33:00
16146.0,Loyal Customers,946.38,4,544,2011-07-05 14:20:00
16147.0,Loyal Customers,2398.91,5,1395,2011-07-29 09:57:00
16148.0,At Risk,386.62,2,250,2011-02-16 14:01:00
16149.0,Loyal Customers,422.21999999999997,3,598,2011-12-05 11:29:00
16150.0,Champions,4002.17,10,1990,2011-10-28 12:39:00
16152.0,Potential Loyalists,1829.04,1,642,2011-03-16 09:47:00
16153.0,Champions,5133.49,11,3693,2011-10-21 10:50:00
16155.0,Potential Loyalists,796.9,5,495,2010-11-23 12:03:00
16156.0,Champions,6188.18,20,3205,2011-12-01 12:42:00
16157.0,Loyal Customers,656.69,3,347,2011-11-24 11:41:00
16158.0,Potential Loyalists,628.32,9,182,2010-07-05 13:55:00
16159.0,Loyal Customers,1232.79,4,635,2011-03-03 12:27:00
16160.0,Potential Loyalists,1025.44,2,1162,2011-10-05 14:19:00
16161.0,Champions,12580.06,43,6255,2011-12-08 12:10:00
16162.0,Lost,37.4,1,4,2011-04-01 15:03:00
16163.0,Loyal Customers,2407.98,6,676,2011-04-21 15:15:00
16164.0,Loyal Customers,822.48,3,433,2011-11-22 15:04:00
16165.0,Lost,79.9,1,2,2010-07-22 14:17:00
16166.0,At Risk,435.83,2,173,2010-10-07 15:44:00
16167.0,Potential Loyalists,1386.12,5,1494,2010-10-21 15:33:00
16168.0,Champions,10360.67,66,4975,2011-11-29 12:45:00
16169.0,Champions,1822.97,4,1325,2011-12-01 15:28:00
16170.0,Champions,6869.0,20,6056,2011-10-20 08:21:00
16171.0,At Risk,73.19999999999999,1,24,2011-10-11 14:51:00
16172.0,Loyal Customers,1884.55,8,1419,2011-09-05 13:22:00
16173.0,Champions,1418.32,6,575,2011-11-24 10:53:00
16174.0,Loyal Customers,2246.75,7,1431,2011-08-05 13:26:00
16175.0,Loyal Customers,1836.44,7,932,2011-09-06 14:32:00
16176.0,Potential Loyalists,2052.69,4,952,2010-10-14 13:54:00
16177.0,Champions,2247.31,8,1021,2011-10-20 12:57:00
16178.0,Potential Loyalists,612.6,2,304,2011-07-24 16:05:00
16179.0,At Risk,215.83,1,99,2011-10-10 09:41:00
16180.0,Champions,16249.87,13,9813,2011-08-31 16:28:00
16181.0,At Risk,305.54,1,152,2011-09-27 13:38:00
16182.0,Champions,9971.65,9,5887,2011-09-28 13:23:00
16183.0,Loyal Customers,1077.81,4,351,2011-10-03 14:59:00
16184.0,Loyal Customers,1158.79,6,561,2011-10-06 17:43:00
16185.0,Loyal Customers,644.72,3,321,2011-11-23 09:41:00
16186.0,Champions,8718.43,26,6594,2011-11-17 12:43:00
16187.0,Champions,6911.4400000000005,15,5048,2011-11-08 09:50:00
16188.0,Loyal Customers,1087.66,5,838,2011-10-26 12:19:00
16189.0,Potential Loyalists,215.48,2,134,2011-11-24 11:47:00
16190.0,Champions,2723.55,8,1231,2011-10-30 15:59:00
16191.0,Champions,15677.820000000002,24,9348,2011-12-07 11:26:00
16192.0,Lost,351.3,1,208,2009-12-04 12:28:00
16193.0,Potential Loyalists,630.4300000000001,2,379,2011-04-17 11:45:00
16194.0,At Risk,308.6,1,140,2010-11-29 13:28:00
16195.0,Lost,323.25,1,123,2009-12-16 14:09:00
16196.0,Lost,93.3,1,26,2010-08-08 11:40:00
16197.0,Loyal Customers,2016.71,9,1420,2010-08-27 12:56:00
16198.0,Potential Loyalists,1030.0410000000002,2,384,2011-09-25 14:58:00
16199.0,Potential Loyalists,942.75,7,321,2010-11-12 12:55:00
16200.0,Champions,5608.1,12,3068,2011-12-05 14:40:00
16201.0,Champions,2112.12,5,1421,2011-12-06 16:02:00
16202.0,Loyal Customers,2501.9900000000002,9,1307,2010-12-14 10:43:00
16203.0,Loyal Customers,943.84,6,537,2011-10-12 12:31:00
16204.0,Loyal Customers,918.71,3,671,2011-11-16 13:40:00
16205.0,Loyal Customers,1820.11,7,1452,2011-11-09 09:32:00
16206.0,Champions,2589.87,13,1379,2011-10-16 10:41:00
16207.0,Potential Loyalists,394.38,1,140,2011-11-14 13:51:00
16208.0,Champions,3440.4500000000003,10,1541,2011-10-26 11:36:00
16209.0,Champions,4146.78,9,1895,2011-09-12 11:58:00
16210.0,Champions,33750.97,35,12397,2011-12-08 12:36:00
16211.0,Potential Loyalists,1090.59,3,519,2011-09-12 12:11:00
16212.0,Champions,1293.71,4,571,2011-11-20 13:00:00
16213.0,At Risk,159.0,1,48,2011-09-22 10:03:00
16214.0,Loyal Customers,2038.25,4,1308,2011-06-22 11:30:00
16215.0,At Risk,242.35,1,104,2011-09-20 10:18:00
16216.0,At Risk,914.9300000000001,1,254,2011-03-17 15:34:00
16217.0,At Risk,304.25,2,91,2011-04-18 13:31:00
16218.0,Champions,3968.67,13,2799,2011-11-10 09:59:00
16219.0,Lost,40.8,1,48,2010-07-27 11:44:00
16221.0,Champions,2019.92,9,1449,2011-11-03 11:43:00
16222.0,Potential Loyalists,1272.05,2,463,2011-01-25 13:38:00
16223.0,Potential Loyalists,1087.05,2,643,2010-11-30 11:50:00
16224.0,Loyal Customers,1616.54,5,1555,2011-10-13 17:51:00
16225.0,Champions,2859.31,15,1281,2011-10-26 08:30:00
16226.0,Potential Loyalists,672.17,5,521,2011-05-20 14:41:00
16227.0,Potential Loyalists,1027.22,3,436,2011-04-28 13:33:00
16228.0,Potential Loyalists,885.71,3,555,2010-11-19 14:20:00
16229.0,Loyal Customers,2867.86,6,1292,2011-09-13 17:16:00
16230.0,At Risk,542.03,2,365,2011-06-03 10:06:00
16231.0,Potential Loyalists,1074.47,4,563,2010-11-25 15:00:00
16232.0,Loyal Customers,2712.97,7,1849,2011-10-27 12:16:00
16233.0,Loyal Customers,1818.31,9,677,2011-09-29 17:27:00
16234.0,At Risk,333.18,3,170,2010-08-20 14:33:00
16235.0,Champions,2053.71,9,788,2011-10-30 10:56:00
16236.0,At Risk,432.2,1,184,2011-09-22 14:10:00
16237.0,Lost,136.65,1,57,2010-09-28 17:02:00
16238.0,Lost,63.66,1,85,2010-10-13 12:36:00
16239.0,Loyal Customers,1492.2,6,692,2011-10-14 08:29:00
16240.0,Loyal Customers,3718.8,2,1641,2011-11-15 14:30:00
16241.0,Champions,3992.86,16,2258,2011-11-30 11:08:00
16242.0,Champions,7404.650000000001,14,3921,2011-12-01 15:12:00
16243.0,Potential Loyalists,409.1,2,110,2011-11-06 12:32:00
16244.0,Potential Loyalists,1522.75,2,855,2011-05-12 10:18:00
16245.0,Loyal Customers,1413.66,3,1014,2011-11-16 10:14:00
16246.0,At Risk,821.35,2,336,2010-09-06 12:04:00
16247.0,At Risk,114.56,1,182,2011-06-22 14:23:00
16248.0,At Risk,152.94,1,78,2011-10-09 11:32:00
16249.0,Loyal Customers,1800.07,5,950,2011-10-18 10:07:00
16250.0,Potential Loyalists,565.24,3,268,2011-03-23 15:07:00
16251.0,Lost,128.31,1,44,2010-07-15 14:55:00
16252.0,At Risk,295.09000000000003,1,158,2010-11-22 11:57:00
16253.0,Loyal Customers,7272.2,7,6030,2011-10-04 09:09:00
16254.0,Potential Loyalists,967.44,3,543,2010-11-26 13:22:00
16255.0,Champions,4530.0,15,2876,2011-11-23 12:40:00
16256.0,Potential Loyalists,1629.37,3,1590,2011-03-18 12:18:00
16257.0,At Risk,46.95,1,2,2011-06-16 10:11:00
16258.0,Champions,11942.52,15,7200,2011-10-25 13:30:00
16259.0,Potential Loyalists,340.94,3,143,2010-10-25 14:27:00
16260.0,Potential Loyalists,1035.45,1,311,2011-10-20 09:40:00
16261.0,Loyal Customers,1041.16,6,454,2011-11-22 17:23:00
16262.0,At Risk,755.15,1,446,2010-11-26 13:22:00
16263.0,Lost,348.16,1,197,2010-10-12 14:52:00
16264.0,At Risk,823.53,2,616,2010-09-27 15:00:00
16265.0,Champions,6935.17,12,3214,2011-11-30 16:41:00
16266.0,Loyal Customers,1757.95,14,791,2011-09-27 12:08:00
16267.0,Lost,186.66,1,198,2010-04-27 14:10:00
16268.0,Potential Loyalists,667.65,2,533,2011-09-29 18:30:00
16269.0,At Risk,717.57,1,579,2010-09-28 11:50:00
16270.0,At Risk,1141.24,1,688,2010-12-21 14:26:00
16271.0,Champions,3397.82,10,2359,2011-12-07 12:45:00
16272.0,At Risk,411.7,1,224,2011-08-15 10:54:00
16273.0,At Risk,318.34000000000003,2,40,2010-03-01 13:24:00
16274.0,At Risk,351.75,1,153,2010-12-01 15:35:00
16275.0,Potential Loyalists,2151.11,3,1268,2011-05-27 12:41:00
16276.0,Loyal Customers,2629.3900000000003,3,1467,2011-06-16 09:34:00
16277.0,Lost,188.69,1,33,2009-12-06 11:27:00
16278.0,Potential Loyalists,1117.84,3,342,2011-08-31 17:12:00
16279.0,Champions,5698.28,9,3683,2011-11-18 15:00:00
16280.0,Lost,238.05,1,101,2009-12-14 15:49:00
16281.0,Loyal Customers,3424.02,3,1570,2011-09-28 14:57:00
16282.0,Potential Loyalists,1307.5800000000002,3,790,2011-01-04 11:42:00
16283.0,Champions,4350.32,8,2867,2011-12-04 12:08:00
16284.0,Loyal Customers,1018.48,3,674,2011-11-08 16:12:00
16285.0,Lost,176.9,1,60,2010-03-03 16:03:00
16286.0,At Risk,328.95,2,101,2010-08-19 14:48:00
16287.0,Loyal Customers,1006.98,5,1426,2011-06-23 09:08:00
16288.0,Lost,129.85,1,19,2010-08-26 14:45:00
16289.0,Lost,136.31,1,97,2010-09-03 14:02:00
16290.0,Potential Loyalists,1957.7,4,957,2010-09-01 11:52:00
16291.0,Lost,117.72,1,1,2010-01-26 16:26:00
16292.0,Loyal Customers,1253.76,5,688,2011-08-10 12:24:00
16293.0,Champions,4279.2,15,1833,2011-11-18 09:58:00
16294.0,Lost,126.05000000000001,1,54,2010-08-20 12:01:00
16295.0,Champions,1328.55,4,841,2011-11-30 08:17:00
16296.0,Potential Loyalists,1313.67,4,645,2010-03-23 13:11:00
16297.0,At Risk,301.9,1,206,2011-03-16 08:29:00
16298.0,Loyal Customers,1085.7,7,308,2011-11-17 11:59:00
16299.0,Lost,193.65,1,107,2010-08-19 17:46:00
16300.0,Potential Loyalists,1367.32,3,643,2010-10-05 13:14:00
16301.0,Lost,107.33,1,41,2009-12-03 10:20:00
16302.0,At Risk,233.22,1,158,2011-08-05 09:44:00
16303.0,Champions,7928.27,7,3859,2011-11-14 10:49:00
16304.0,Lost,381.66,1,228,2010-01-14 08:30:00
16305.0,At Risk,361.22,1,256,2011-07-24 12:18:00
16306.0,Potential Loyalists,1124.72,7,712,2011-05-10 12:12:00
16307.0,Potential Loyalists,1194.92,3,1123,2010-10-06 14:31:00
16308.0,Champions,5120.0,7,16000,2011-11-02 11:24:00
16309.0,Potential Loyalists,706.57,2,467,2011-08-25 15:35:00
16310.0,At Risk,460.08,2,270,2010-10-21 14:47:00
16311.0,Loyal Customers,616.26,2,394,2011-11-22 08:54:00
16312.0,Lost,171.15,1,53,2010-10-03 14:15:00
16313.0,Potential Loyalists,274.15000000000003,2,165,2011-12-06 13:02:00
16314.0,Potential Loyalists,1491.4,3,636,2010-11-15 12:06:00
16315.0,At Risk,402.71,2,143,2011-01-13 11:57:00
16316.0,Champions,5744.91,13,3057,2011-10-06 13:48:00
16317.0,Loyal Customers,2192.51,5,1236,2011-08-12 12:46:00
16318.0,Potential Loyalists,328.15000000000003,1,199,2011-11-04 13:05:00
16319.0,At Risk,404.40000000000003,1,72,2011-05-06 11:27:00
16320.0,Loyal Customers,5628.99,6,3319,2011-06-20 15:25:00
16321.0,Potential Loyalists,604.5500000000001,7,259,2011-09-28 14:55:00
16322.0,Potential Loyalists,326.75,2,231,2011-12-08 15:41:00
16323.0,At Risk,353.66,2,146,2011-05-27 14:48:00
16324.0,Potential Loyalists,408.59000000000003,3,270,2011-08-03 12:58:00
16325.0,Champions,3597.5,12,2464,2011-10-24 08:48:00
16326.0,Champions,4721.25,24,1083,2011-12-04 10:11:00
16327.0,Champions,10159.64,16,8124,2011-11-25 13:23:00
16328.0,Lost,310.83,1,141,2010-05-25 14:02:00
16329.0,Potential Loyalists,1664.92,4,797,2010-10-08 12:44:00
16330.0,Loyal Customers,625.38,7,326,2011-11-22 12:24:00
16331.0,Potential Loyalists,2037.7,6,756,2010-10-03 13:47:00
16332.0,Champions,2000.01,11,1128,2011-11-11 14:22:00
16333.0,Champions,26626.8,22,32184,2011-12-02 12:19:00
16334.0,Lost,263.73,1,206,2010-08-04 16:38:00
16335.0,Potential Loyalists,2753.52,7,1004,2010-06-06 11:35:00
16336.0,Loyal Customers,3517.69,4,1473,2010-10-15 12:32:00
16337.0,At Risk,151.05,1,87,2011-11-03 10:03:00
16338.0,At Risk,214.8,1,94,2011-07-05 13:56:00
16339.0,Lost,94.05,1,21,2011-02-28 13:41:00
16340.0,Loyal Customers,1496.24,3,1319,2011-08-24 14:53:00
16341.0,Champions,3850.79,7,3022,2011-11-15 09:12:00
16342.0,Potential Loyalists,322.41,4,157,2011-09-25 14:36:00
16343.0,Loyal Customers,614.12,3,345,2011-11-23 17:45:00
16344.0,Loyal Customers,842.42,4,706,2011-07-04 15:50:00
16345.0,Potential Loyalists,1178.79,2,611,2011-10-26 16:03:00
16346.0,Lost,224.51,1,289,2010-11-19 15:55:00
16347.0,Champions,3442.96,11,1715,2011-11-28 13:14:00
16348.0,Champions,1744.42,8,1164,2011-11-07 15:44:00
16349.0,Lost,53.5,1,9,2011-02-22 12:40:00
16350.0,Champions,2253.89,9,1077,2011-11-18 15:53:00
16351.0,Loyal Customers,3330.03,13,2165,2011-01-11 10:26:00
16352.0,Potential Loyalists,494.44,2,300,2011-11-22 10:32:00
16353.0,Champions,9795.460000000001,38,3483,2011-12-06 12:23:00
16354.0,Loyal Customers,1119.46,5,592,2011-10-07 14:28:00
16355.0,At Risk,416.35,1,179,2010-11-29 14:21:00
16356.0,Potential Loyalists,415.87,6,190,2011-05-26 11:51:00
16357.0,Loyal Customers,868.37,4,389,2011-11-06 16:04:00
16358.0,Champions,2919.65,5,2065,2011-12-08 15:09:00
16359.0,Champions,2697.75,16,1764,2011-12-02 17:04:00
16360.0,Champions,3450.41,6,2110,2011-12-05 12:16:00
16361.0,Loyal Customers,891.21,4,418,2011-11-30 12:32:00
16362.0,Loyal Customers,922.16,6,467,2011-11-07 13:01:00
16363.0,At Risk,109.36000000000001,1,52,2011-10-17 14:14:00
16364.0,Loyal Customers,705.79,2,279,2011-11-28 11:27:00
16365.0,Champions,3167.34,15,1034,2011-11-22 11:24:00
16366.0,Champions,1548.13,4,882,2011-11-21 08:19:00
16367.0,Loyal Customers,1350.48,3,1103,2011-11-02 13:13:00
16368.0,Loyal Customers,621.44,3,307,2011-12-07 13:12:00
16369.0,Champions,2656.56,7,1589,2011-11-21 16:25:00
16370.0,Loyal Customers,1301.91,4,640,2011-09-18 15:55:00
16371.0,Lost,157.2,1,108,2010-09-17 12:09:00
16372.0,Loyal Customers,1290.31,5,722,2011-11-06 13:08:00
16373.0,At Risk,309.49,2,119,2010-11-22 15:50:00
16374.0,Loyal Customers,1723.4,5,771,2011-10-04 15:21:00
16375.0,Lost,104.0,2,74,2010-08-26 14:25:00
16376.0,Loyal Customers,974.96,2,691,2011-12-01 11:38:00
16377.0,Potential Loyalists,1308.48,2,2928,2011-03-17 15:41:00
16378.0,Potential Loyalists,362.95,3,267,2011-04-06 15:07:00
16379.0,Champions,2157.4,4,1410,2011-12-05 15:38:00
16380.0,Potential Loyalists,1743.1499999999999,1,1428,2011-10-09 15:40:00
16381.0,At Risk,247.85,2,108,2010-11-09 09:56:00
16382.0,At Risk,353.1,2,167,2010-10-27 16:23:00
16383.0,Loyal Customers,2896.69,7,1596,2011-09-26 12:45:00
16384.0,Loyal Customers,1358.95,4,861,2011-09-11 11:19:00
16385.0,Loyal Customers,881.35,5,476,2011-10-10 13:12:00
16386.0,Loyal Customers,1068.16,3,700,2011-11-11 12:28:00
16387.0,Potential Loyalists,882.46,5,448,2011-01-21 11:34:00
16388.0,Lost,186.05,1,83,2010-02-24 10:20:00
16389.0,Loyal Customers,1382.0700000000002,4,1242,2011-10-17 14:41:00
16390.0,At Risk,467.5,3,122,2010-06-21 10:11:00
16391.0,Potential Loyalists,1052.26,4,715,2010-11-04 12:27:00
16392.0,Potential Loyalists,756.7,3,604,2011-03-15 12:11:00
16393.0,Champions,5297.77,23,3001,2011-12-07 12:51:00
16394.0,Loyal Customers,1555.34,5,2604,2011-10-14 09:48:00
16395.0,Champions,3518.41,14,2901,2011-10-10 12:50:00
16396.0,Lost,137.8,1,80,2010-08-20 14:17:00
16397.0,Lost,123.13,1,43,2010-03-21 15:36:00
16398.0,Potential Loyalists,1705.8,2,758,2011-07-08 15:16:00
16399.0,Loyal Customers,630.22,3,452,2011-11-20 16:12:00
16400.0,Champions,3059.85,9,2066,2011-09-06 12:27:00
16401.0,Champions,6849.15,23,6035,2011-12-08 18:15:00
16402.0,At Risk,293.45,2,146,2011-03-20 12:25:00
16403.0,Lost,177.5,1,114,2011-01-31 13:39:00
16404.0,At Risk,443.05,1,157,2011-09-30 14:55:00
16405.0,At Risk,167.25,2,187,2011-02-10 15:24:00
16406.0,Loyal Customers,528.36,3,257,2011-11-21 11:57:00
16407.0,Champions,2761.65,14,1448,2011-11-27 11:05:00
16408.0,Lost,231.93,1,227,2010-04-27 14:08:00
16409.0,Champions,5652.74,12,3664,2011-11-03 16:45:00
16410.0,Lost,130.32,1,348,2009-12-05 14:51:00
16411.0,Loyal Customers,756.39,4,461,2011-11-20 13:23:00
16412.0,Loyal Customers,593.19,5,288,2011-10-17 12:35:00
16413.0,Potential Loyalists,522.03,2,283,2011-10-14 12:08:00
16414.0,Loyal Customers,551.21,5,201,2011-11-18 09:42:00
16415.0,Loyal Customers,696.76,3,508,2011-10-26 13:35:00
16416.0,Champions,2957.88,9,2198,2011-11-13 12:50:00
16417.0,Lost,35.7,1,6,2010-08-04 09:08:00
16418.0,Loyal Customers,1028.74,5,564,2011-10-26 12:39:00
16419.0,Loyal Customers,1463.7,8,701,2011-08-19 12:33:00
16420.0,Lost,75.0,1,120,2010-11-08 15:15:00
16421.0,Potential Loyalists,526.27,3,123,2010-11-28 13:31:00
16422.0,Champions,61920.87,109,64225,2011-11-22 14:00:00
16423.0,Potential Loyalists,346.12,1,230,2011-11-15 09:21:00
16424.0,At Risk,443.06,2,212,2011-06-01 13:40:00
16425.0,At Risk,302.7,1,199,2011-02-10 14:30:00
16426.0,Champions,1863.76,10,1215,2011-12-07 14:01:00
16427.0,At Risk,241.06,2,156,2011-03-21 17:10:00
16428.0,Potential Loyalists,638.49,3,575,2010-10-22 12:22:00
16429.0,At Risk,284.55,1,9,2011-08-25 13:54:00
16430.0,Loyal Customers,1117.94,7,307,2011-10-13 14:47:00
16431.0,Potential Loyalists,623.28,3,442,2011-05-10 14:09:00
16432.0,At Risk,287.40000000000003,1,276,2011-10-06 13:59:00
16433.0,Potential Loyalists,384.52,2,214,2011-11-11 14:09:00
16434.0,Champions,2673.69,12,1310,2011-11-10 14:28:00
16435.0,Potential Loyalists,1003.0699999999999,3,608,2010-07-15 18:22:00
16436.0,At Risk,319.14,3,227,2010-02-09 13:19:00
16437.0,At Risk,301.25,2,197,2010-11-23 16:59:00
16438.0,Loyal Customers,798.35,5,463,2011-12-04 10:51:00
16439.0,Lost,310.70000000000005,1,74,2009-12-17 14:22:00
16440.0,Champions,3856.97,6,2108,2011-12-02 12:02:00
16441.0,Loyal Customers,1019.13,5,478,2011-10-03 17:48:00
16442.0,Loyal Customers,891.98,5,580,2011-12-08 11:43:00
16443.0,Lost,162.24,1,96,2010-07-07 11:57:00
16444.0,Champions,3625.88,17,1945,2011-10-24 13:50:00
16445.0,Loyal Customers,583.16,4,287,2011-11-06 12:32:00
16446.0,Loyal Customers,168472.5,2,80997,2011-12-09 09:15:00
16447.0,Potential Loyalists,727.1,3,315,2011-07-27 12:45:00
16448.0,At Risk,361.12,2,176,2011-05-25 16:28:00
16449.0,Potential Loyalists,707.69,2,367,2011-05-26 10:25:00
16450.0,Loyal Customers,1505.73,3,681,2011-07-13 11:47:00
16451.0,Potential Loyalists,1013.15,3,524,2011-09-13 09:17:00
16452.0,At Risk,332.17,2,199,2010-03-19 12:39:00
16453.0,Lost,251.71,2,139,2010-06-27 12:46:00
16454.0,Potential Loyalists,30.950000000000003,4,9,2011-10-26 11:40:00
16455.0,Champions,3995.57,11,2851,2011-10-07 12:17:00
16456.0,Champions,6000.94,13,3296,2011-09-01 13:50:00
16457.0,Lost,208.36,1,140,2011-05-05 13:19:00
16458.0,Champions,5690.89,30,3395,2011-12-07 09:34:00
16459.0,Lost,71.78999999999999,1,59,2009-12-10 12:42:00
16460.0,Loyal Customers,811.23,3,876,2011-11-11 13:46:00
16461.0,Loyal Customers,1545.83,3,933,2011-06-15 12:07:00
16462.0,Potential Loyalists,136.0,3,16,2011-09-27 10:24:00
16463.0,Loyal Customers,1422.4,4,1163,2011-11-18 14:01:00
16464.0,Loyal Customers,1298.66,3,952,2011-11-20 12:11:00
16465.0,At Risk,746.24,2,504,2010-10-15 09:27:00
16466.0,Champions,3767.09,15,1777,2011-11-06 11:35:00
16467.0,Potential Loyalists,2869.16,7,7384,2010-07-19 11:49:00
16468.0,Potential Loyalists,787.52,3,371,2011-09-26 14:13:00
16469.0,Loyal Customers,803.9,5,332,2011-11-16 12:25:00
16470.0,Champions,2416.85,11,1335,2011-10-19 12:11:00
16471.0,Potential Loyalists,1189.98,4,670,2011-03-10 09:41:00
16472.0,At Risk,789.6,2,252,2010-10-01 13:56:00
16473.0,Potential Loyalists,470.83,4,296,2011-06-28 09:10:00
16474.0,Champions,1810.65,7,909,2011-12-02 13:02:00
16475.0,Potential Loyalists,544.3,4,319,2011-09-12 14:37:00
16476.0,Lost,350.35,1,187,2010-10-04 10:29:00
16477.0,Champions,4094.37,11,2507,2011-10-07 09:44:00
16478.0,Potential Loyalists,331.0,3,224,2011-11-14 15:51:00
16479.0,Potential Loyalists,300.83,2,102,2011-11-29 13:40:00
16480.0,Potential Loyalists,769.29,1,455,2011-09-25 11:40:00
16481.0,Lost,453.38,1,201,2010-01-26 13:09:00
16482.0,Potential Loyalists,220.62,1,346,2011-11-24 12:33:00
16483.0,Lost,139.35,1,44,2011-05-31 13:08:00
16484.0,Potential Loyalists,404.3,2,200,2011-06-19 12:06:00
16485.0,Loyal Customers,2287.19,5,1153,2011-09-23 15:50:00
16486.0,Lost,134.36,1,24,2010-06-20 12:16:00
16487.0,Lost,209.4,2,163,2010-05-11 13:38:00
16488.0,Potential Loyalists,498.8,3,728,2011-11-06 13:42:00
16489.0,At Risk,303.7,2,38,2010-11-24 14:40:00
16490.0,Lost,205.41000000000003,1,113,2010-09-29 16:30:00
16491.0,Loyal Customers,1533.16,2,1060,2011-10-24 10:18:00
16492.0,Lost,385.56,1,235,2010-06-17 08:20:00
16493.0,Loyal Customers,2132.09,7,1988,2011-09-21 11:10:00
16494.0,At Risk,826.53,1,675,2011-02-16 12:49:00
16495.0,Loyal Customers,648.26,3,328,2011-12-06 13:20:00
16496.0,Champions,2330.77,6,1764,2011-12-01 10:31:00
16497.0,Champions,6695.28,23,3050,2011-10-21 10:55:00
16498.0,At Risk,100.97,2,45,2011-07-01 15:07:00
16499.0,Loyal Customers,2578.34,8,1364,2010-12-14 13:31:00
16500.0,Champions,843.9100000000001,9,386,2011-12-05 12:04:00
16501.0,At Risk,1191.23,1,628,2010-11-21 14:10:00
16502.0,Lost,258.55,2,220,2010-03-29 13:44:00
16503.0,Champions,3614.34,11,1535,2011-08-25 11:46:00
16504.0,Potential Loyalists,465.88,1,510,2011-11-14 15:18:00
16505.0,Potential Loyalists,777.6,1,576,2011-11-08 12:14:00
16506.0,Potential Loyalists,90.30000000000001,2,42,2011-11-20 12:17:00
16507.0,Lost,142.71,1,111,2010-05-16 12:56:00
16508.0,Lost,240.95,1,103,2010-03-19 13:41:00
16509.0,At Risk,363.70000000000005,1,64,2011-02-16 09:25:00
16510.0,Loyal Customers,1777.5,6,930,2010-12-02 13:39:00
16511.0,Loyal Customers,1760.49,6,769,2011-11-18 10:41:00
16513.0,Loyal Customers,874.59,4,407,2011-12-05 10:18:00
16515.0,Champions,3179.06,10,1573,2011-10-18 13:10:00
16516.0,At Risk,101.69999999999999,1,58,2011-11-09 14:59:00
16517.0,Lost,162.70000000000002,1,96,2011-03-07 13:50:00
16518.0,Loyal Customers,959.37,4,524,2011-10-09 15:04:00
16519.0,Loyal Customers,439.06,4,150,2011-11-14 15:41:00
16520.0,Loyal Customers,2148.38,6,1045,2011-06-06 13:24:00
16521.0,Potential Loyalists,1140.11,3,1014,2010-10-20 13:09:00
16522.0,At Risk,433.36,2,212,2010-09-30 10:54:00
16523.0,Champions,11916.33,28,4979,2011-12-08 09:06:00
16524.0,At Risk,306.19,2,259,2010-09-19 13:37:00
16525.0,Champions,24151.3,48,14430,2011-12-07 15:07:00
16526.0,Potential Loyalists,717.21,2,279,2011-06-21 12:02:00
16527.0,Potential Loyalists,1232.94,2,708,2011-09-19 16:21:00
16528.0,Potential Loyalists,244.41,1,171,2011-12-06 12:45:00
16529.0,Loyal Customers,1986.8,4,739,2011-06-02 17:23:00
16530.0,Lost,48.35,1,17,2010-02-09 15:30:00
16531.0,Champions,2298.33,11,1863,2011-11-17 16:29:00
16532.0,Champions,8756.64,5,2544,2011-11-22 11:08:00
16533.0,Loyal Customers,1082.81,3,611,2011-11-20 13:08:00
16534.0,At Risk,635.9,1,168,2010-03-07 15:47:00
16535.0,Loyal Customers,972.04,3,664,2011-12-04 15:18:00
16536.0,At Risk,548.12,1,250,2011-08-21 15:54:00
16537.0,Lost,23.35,1,59,2010-03-08 13:41:00
16538.0,At Risk,395.07,3,254,2010-06-16 16:59:00
16539.0,Champions,3289.66,10,1014,2011-12-07 08:41:00
16540.0,Lost,205.75,1,105,2010-10-21 17:22:00
16541.0,Lost,424.03,1,173,2009-12-04 13:22:00
16542.0,Potential Loyalists,257.32,2,142,2011-10-17 10:47:00
16543.0,Lost,292.21,1,317,2010-04-27 11:38:00
16544.0,Potential Loyalists,376.70000000000005,4,150,2010-07-08 11:11:00
16545.0,Potential Loyalists,689.8199999999999,2,322,2011-06-28 10:37:00
16546.0,Loyal Customers,5307.07,5,4211,2011-02-22 11:20:00
16547.0,Lost,104.25999999999999,1,108,2010-06-11 13:02:00
16548.0,Lost,30.15,1,6,2010-04-19 16:15:00
16549.0,Champions,12781.8,34,7087,2011-11-29 15:06:00
16550.0,Champions,8813.58,18,5405,2011-08-23 11:12:00
16551.0,Loyal Customers,2237.12,7,2076,2011-09-05 09:38:00
16552.0,At Risk,379.73,2,219,2011-04-11 10:04:00
16553.0,Champions,16584.01,33,16427,2011-06-29 15:42:00
16554.0,Champions,2841.7200000000003,8,1346,2011-10-28 14:51:00
16555.0,Loyal Customers,1915.68,6,1816,2011-11-04 14:31:00
16556.0,Champions,8012.58,17,4353,2011-10-04 11:36:00
16557.0,Potential Loyalists,281.85,2,111,2011-11-15 14:04:00
16558.0,Champions,13304.11,38,7813,2011-12-09 10:20:00
16559.0,Lost,175.0,1,61,2010-11-07 13:52:00
16560.0,Champions,3048.38,8,1603,2011-11-13 10:35:00
16561.0,Potential Loyalists,511.12,2,244,2011-12-04 11:50:00
16562.0,Lost,223.86,1,264,2010-08-20 11:45:00
16563.0,Champions,4412.56,6,2584,2011-10-17 11:51:00
16564.0,Lost,87.80000000000001,1,40,2010-05-19 14:41:00
16565.0,Potential Loyalists,773.05,4,211,2010-12-10 15:21:00
16566.0,Loyal Customers,614.66,5,362,2011-11-24 16:34:00
16567.0,Potential Loyalists,865.6,2,996,2011-05-29 13:57:00
16568.0,At Risk,1020.9,2,366,2010-10-08 10:54:00
16569.0,Champions,1455.23,5,988,2011-12-06 15:32:00
16570.0,Champions,7434.31,20,4292,2011-11-24 17:02:00
16571.0,Champions,4248.74,10,3703,2011-11-13 11:46:00
16572.0,Potential Loyalists,1009.6,3,532,2011-08-04 16:34:00
16573.0,Potential Loyalists,663.61,2,360,2011-09-16 09:13:00
16574.0,Loyal Customers,1301.78,3,1002,2011-09-29 13:39:00
16576.0,At Risk,540.87,2,323,2010-10-15 13:37:00
16577.0,Lost,380.0,1,142,2010-02-11 09:45:00
16578.0,Lost,156.6,1,108,2010-03-23 15:11:00
16579.0,Lost,295.05,1,119,2010-10-10 11:58:00
16581.0,At Risk,105.84,1,134,2011-06-10 10:05:00
16582.0,At Risk,313.62,1,164,2011-08-18 17:02:00
16583.0,At Risk,297.95,2,153,2010-12-01 12:03:00
16584.0,Loyal Customers,3156.17,5,1913,2011-09-20 13:45:00
16585.0,At Risk,341.59000000000003,2,151,2010-04-25 10:34:00
16586.0,Potential Loyalists,1462.78,3,348,2011-04-05 09:32:00
16587.0,Lost,225.15,1,71,2011-04-21 15:51:00
16588.0,Loyal Customers,1361.28,4,882,2010-11-18 17:56:00
16589.0,Loyal Customers,612.36,4,536,2011-09-29 14:50:00
16590.0,At Risk,605.9,2,240,2010-11-04 09:06:00
16591.0,At Risk,213.5,1,41,2011-10-02 10:43:00
16592.0,Champions,7807.91,28,5504,2011-12-05 13:49:00
16593.0,Loyal Customers,1071.14,8,377,2011-10-20 12:41:00
16594.0,At Risk,181.09,1,64,2011-09-25 14:08:00
16595.0,Loyal Customers,1757.75,5,1331,2011-10-09 13:15:00
16596.0,Loyal Customers,458.98,4,180,2011-11-24 10:02:00
16597.0,Potential Loyalists,90.04,1,184,2011-12-05 15:44:00
16598.0,Lost,145.05,1,73,2011-02-27 11:42:00
16599.0,Lost,172.8,1,159,2010-11-19 12:45:00
16600.0,Champions,2153.41,13,2420,2011-12-05 16:00:00
16601.0,Loyal Customers,677.0,3,391,2011-10-30 11:09:00
16602.0,Potential Loyalists,763.33,2,429,2011-11-03 15:54:00
16603.0,Potential Loyalists,482.47,2,480,2011-09-26 10:06:00
16604.0,At Risk,432.45000000000005,2,175,2010-05-26 09:10:00
16605.0,Lost,60.48,1,144,2009-12-15 19:03:00
16606.0,At Risk,357.66,2,148,2010-10-31 13:57:00
16607.0,Champions,5706.87,25,4436,2011-11-22 10:24:00
16608.0,Potential Loyalists,1286.6200000000001,2,612,2010-09-12 11:44:00
16609.0,Champions,5493.46,7,2420,2011-11-24 13:32:00
16610.0,Lost,75.66,1,66,2011-05-04 13:13:00
16611.0,Loyal Customers,1785.13,6,874,2011-06-06 15:46:00
16612.0,Champions,3245.4300000000003,9,1419,2011-11-07 07:38:00
16613.0,Potential Loyalists,618.59,1,293,2011-09-30 15:52:00
16614.0,Potential Loyalists,1179.79,3,349,2011-06-10 11:36:00
16615.0,Lost,291.5,1,211,2010-03-23 15:13:00
16616.0,Potential Loyalists,500.42,2,370,2011-11-24 16:31:00
16617.0,Lost,151.85,1,91,2011-04-18 10:35:00
16618.0,Loyal Customers,2647.59,5,1363,2011-11-08 13:52:00
16619.0,Loyal Customers,1938.3300000000002,4,1055,2011-03-21 08:18:00
16620.0,Champions,1758.93,6,1146,2011-12-06 12:19:00
16621.0,Loyal Customers,813.48,4,302,2011-10-19 11:38:00
16622.0,Lost,225.4,1,44,2010-06-14 10:44:00
16623.0,Potential Loyalists,1015.24,4,442,2011-04-08 10:09:00
16624.0,Potential Loyalists,810.57,2,488,2011-09-20 12:39:00
16625.0,Loyal Customers,1654.03,5,1057,2011-03-10 12:50:00
16626.0,Champions,4413.1,17,2690,2011-12-09 11:56:00
16627.0,At Risk,322.8,1,162,2011-09-21 14:38:00
16628.0,Loyal Customers,2318.1,7,1260,2011-11-10 12:45:00
16629.0,Potential Loyalists,408.63,2,489,2011-09-27 10:34:00
16630.0,Lost,106.80000000000001,1,72,2010-10-28 14:30:00
16631.0,Potential Loyalists,1892.52,7,775,2010-08-15 11:20:00
16632.0,At Risk,406.4,2,256,2010-08-11 11:39:00
16633.0,Champions,2883.1,6,1138,2011-11-22 13:41:00
16634.0,Loyal Customers,1649.81,6,1257,2011-05-01 12:09:00
16635.0,At Risk,473.0,1,277,2010-10-29 09:41:00
16636.0,Loyal Customers,3802.04,4,2186,2010-09-27 13:13:00
16637.0,Loyal Customers,1154.47,4,927,2011-11-07 13:17:00
16638.0,Champions,2380.13,15,1627,2011-11-17 11:09:00
16639.0,Loyal Customers,1747.98,4,751,2011-11-08 13:20:00
16640.0,Lost,179.4,1,146,2010-11-07 10:48:00
16641.0,Potential Loyalists,554.5,2,454,2011-08-26 12:49:00
16642.0,Loyal Customers,1077.45,3,775,2011-12-05 11:31:00
16643.0,Potential Loyalists,923.11,2,553,2011-04-08 08:24:00
16644.0,Potential Loyalists,833.78,2,826,2011-06-15 12:39:00
16645.0,Lost,160.39,1,117,2009-12-04 09:49:00
16646.0,At Risk,678.8,1,1072,2010-09-16 13:28:00
16647.0,Potential Loyalists,541.9,4,396,2011-06-23 11:47:00
16648.0,Loyal Customers,672.8,3,503,2011-10-28 08:58:00
16649.0,Lost,306.58,1,82,2010-07-07 15:41:00
16650.0,Loyal Customers,1916.11,7,1511,2011-09-29 09:51:00
16651.0,Lost,136.2,1,60,2010-05-02 11:46:00
16652.0,Champions,17550.39,16,7477,2011-10-12 09:38:00
16653.0,Loyal Customers,1212.66,2,733,2011-11-23 14:51:00
16654.0,Loyal Customers,1484.07,8,640,2011-07-21 15:23:00
16655.0,Champions,6423.26,13,3938,2011-11-22 11:25:00
16656.0,Champions,16833.170000000002,30,15433,2011-11-17 14:43:00
16657.0,Loyal Customers,874.43,4,1130,2011-11-30 11:48:00
16658.0,Potential Loyalists,690.83,6,277,2010-12-06 13:47:00
16659.0,At Risk,39.12,1,72,2011-06-03 15:03:00
16660.0,Champions,1879.55,7,991,2011-11-23 14:53:00
16661.0,Potential Loyalists,932.76,4,364,2010-06-17 15:24:00
16662.0,Lost,151.05,1,35,2010-11-10 16:56:00
16663.0,Lost,165.0,1,100,2009-12-10 13:12:00
16664.0,Lost,109.2,1,24,2010-05-19 17:11:00
16665.0,At Risk,135.4,1,59,2010-12-12 14:03:00
16666.0,Potential Loyalists,217.71,2,354,2011-11-20 14:01:00
16667.0,Potential Loyalists,567.1800000000001,2,236,2011-10-02 15:26:00
16668.0,Champions,862.42,13,773,2011-11-24 17:43:00
16669.0,Loyal Customers,1348.88,3,881,2011-11-16 12:26:00
16670.0,Champions,8030.150000000001,20,4534,2011-11-23 09:34:00
16671.0,Loyal Customers,1692.27,3,875,2011-11-11 13:40:00
16672.0,Champions,8134.9400000000005,20,2832,2011-12-07 16:29:00
16673.0,Lost,171.13,1,95,2010-01-29 14:22:00
16674.0,Potential Loyalists,304.24,2,181,2011-10-16 11:31:00
16675.0,At Risk,608.86,2,296,2010-09-24 12:15:00
16676.0,Loyal Customers,2361.9,6,927,2011-11-06 12:01:00
16677.0,At Risk,880.62,2,457,2010-10-24 14:53:00
16678.0,Champions,3109.99,12,2397,2011-12-07 12:17:00
16679.0,Potential Loyalists,663.31,3,247,2010-12-08 13:51:00
16680.0,Loyal Customers,821.45,3,377,2011-10-27 17:35:00
16681.0,Loyal Customers,1921.8400000000001,7,1492,2011-09-28 11:11:00
16682.0,Loyal Customers,1028.0,5,1040,2011-12-05 12:13:00
16683.0,At Risk,320.25,1,190,2010-06-24 10:36:00
16684.0,Champions,147142.77,55,104810,2011-12-05 14:06:00
16685.0,Potential Loyalists,324.24,2,396,2011-10-09 13:58:00
16686.0,Champions,4881.07,16,3419,2011-10-23 13:49:00
16687.0,At Risk,157.63,1,141,2010-11-14 11:46:00
16688.0,Champions,1260.8600000000001,4,804,2011-12-08 15:24:00
16689.0,Potential Loyalists,422.6,2,330,2011-09-25 11:39:00
16690.0,Potential Loyalists,353.03000000000003,4,209,2011-09-28 15:02:00
16691.0,Lost,178.83,2,92,2010-10-17 15:03:00
16692.0,Loyal Customers,1914.6999999999998,4,878,2011-03-28 14:46:00
16693.0,Loyal Customers,1179.48,5,658,2011-10-02 11:10:00
16694.0,Lost,98.30000000000001,1,26,2009-12-16 15:45:00
16695.0,Lost,191.9,2,184,2010-05-27 12:36:00
16696.0,Loyal Customers,657.9,4,146,2011-07-27 14:23:00
16697.0,At Risk,112.75,1,27,2011-04-12 17:12:00
16698.0,Potential Loyalists,1998.0,2,840,2011-04-27 10:52:00
16699.0,Potential Loyalists,994.6,7,640,2010-11-24 14:38:00
16700.0,Champions,8830.77,25,6644,2011-12-01 11:00:00
16701.0,Champions,9916.73,26,11046,2011-12-01 11:10:00
16702.0,Potential Loyalists,1110.83,4,692,2010-10-20 14:10:00
16704.0,At Risk,664.16,2,433,2010-03-31 14:02:00
16705.0,Champions,43515.051,42,22302,2011-12-09 12:08:00
16706.0,Potential Loyalists,531.35,3,249,2011-11-02 13:50:00
16707.0,Potential Loyalists,533.41,4,396,2010-11-04 14:39:00
16708.0,Potential Loyalists,656.63,1,285,2011-10-25 12:20:00
16709.0,Champions,9056.01,14,3261,2011-09-16 10:56:00
16710.0,Champions,5921.35,22,4174,2011-11-20 14:50:00
16711.0,Champions,2868.48,9,1212,2011-12-06 16:32:00
16712.0,Champions,4232.87,13,2074,2011-11-30 13:48:00
16713.0,Champions,14115.56,32,8482,2011-11-21 12:36:00
16714.0,Loyal Customers,1497.33,4,828,2011-05-05 11:09:00
16715.0,Potential Loyalists,625.52,2,1174,2011-09-22 18:15:00
16716.0,Potential Loyalists,2149.6800000000003,3,912,2011-03-18 10:03:00
16717.0,Champions,6663.68,14,3145,2011-11-16 12:16:00
16718.0,Loyal Customers,3006.08,5,1924,2010-12-05 13:03:00
16719.0,Champions,3513.62,14,2356,2011-11-25 09:27:00
16720.0,Loyal Customers,758.74,3,460,2011-11-13 16:22:00
16721.0,At Risk,292.47,1,172,2011-03-22 16:08:00
16722.0,Champions,8189.56,22,7986,2011-11-22 13:28:00
16723.0,Loyal Customers,1231.3600000000001,4,958,2011-09-09 13:01:00
16724.0,At Risk,147.35,1,69,2010-10-31 11:40:00
16725.0,Loyal Customers,1688.26,14,700,2011-02-10 16:52:00
16726.0,Loyal Customers,2063.88,7,1323,2011-11-13 14:53:00
16727.0,Loyal Customers,1377.77,4,1066,2010-12-10 13:48:00
16728.0,Loyal Customers,1048.28,4,671,2011-10-24 14:36:00
16729.0,Champions,7205.33,21,5722,2011-11-01 14:29:00
16730.0,Loyal Customers,743.11,3,994,2011-10-18 14:11:00
16731.0,Lost,170.3,1,124,2010-03-01 15:05:00
16732.0,Champions,4387.64,4,2414,2011-11-08 09:54:00
16733.0,Lost,259.68,1,112,2010-06-28 10:12:00
16734.0,Loyal Customers,646.76,3,345,2011-10-18 13:44:00
16735.0,Champions,6217.41,14,4240,2011-09-22 11:49:00
16736.0,Loyal Customers,2956.56,5,1050,2010-07-22 10:09:00
16737.0,Potential Loyalists,835.2,2,576,2011-10-17 13:03:00
16738.0,At Risk,3.75,1,3,2011-02-15 09:46:00
16739.0,Potential Loyalists,786.4300000000001,2,391,2011-06-16 09:17:00
16740.0,At Risk,226.91,1,110,2010-11-09 13:34:00
16741.0,Lost,173.06,1,81,2010-03-24 15:15:00
16742.0,Champions,2799.87,14,2558,2011-10-24 12:02:00
16743.0,Champions,4212.15,14,3707,2011-11-10 13:13:00
16744.0,Champions,1291.91,7,798,2011-11-28 13:06:00
16745.0,Champions,7180.7,17,6719,2011-09-14 11:58:00
16746.0,Champions,18046.75,42,11900,2011-12-05 12:33:00
16747.0,Potential Loyalists,836.0600000000001,2,583,2011-11-02 11:37:00
16748.0,Champions,3637.33,14,2127,2011-11-22 10:17:00
16749.0,Potential Loyalists,4157.88,2,1910,2010-04-27 13:06:00
16750.0,Loyal Customers,623.93,5,214,2011-10-26 12:48:00
16751.0,Loyal Customers,1764.72,1,1031,2011-11-09 10:48:00
16752.0,At Risk,207.5,1,54,2010-12-02 12:18:00
16753.0,Potential Loyalists,223.92000000000002,1,189,2011-10-12 13:14:00
16754.0,Loyal Customers,65500.07,29,63551,2010-12-02 17:38:00
16755.0,Loyal Customers,2864.68,7,1985,2011-08-17 13:21:00
16756.0,Loyal Customers,1312.3700000000001,7,707,2011-05-09 09:33:00
16757.0,At Risk,270.48,2,180,2011-01-25 11:59:00
16758.0,Potential Loyalists,369.34000000000003,1,203,2011-10-05 14:47:00
16759.0,Loyal Customers,789.79,3,609,2011-12-02 12:42:00
16760.0,Lost,228.0,1,168,2010-10-05 15:55:00
16761.0,Potential Loyalists,316.62,1,341,2011-09-04 11:15:00
16762.0,Loyal Customers,1207.24,3,480,2011-11-20 11:43:00
16763.0,Potential Loyalists,964.6999999999999,2,492,2011-05-25 11:52:00
16764.0,Champions,2790.9500000000003,13,1253,2011-12-06 11:41:00
16765.0,At Risk,454.75,2,311,2011-02-18 15:41:00
16766.0,Potential Loyalists,1145.6,2,536,2011-03-11 15:22:00
16767.0,Champions,8056.76,15,7102,2011-11-09 09:42:00
16768.0,Champions,1698.57,9,774,2011-10-23 10:38:00
16769.0,Potential Loyalists,1117.05,4,295,2011-03-24 13:41:00
16770.0,Champions,1778.93,9,1052,2011-10-13 12:21:00
16771.0,Champions,3949.6,10,2308,2011-11-06 13:28:00
16772.0,Potential Loyalists,3698.05,3,687,2010-10-12 13:19:00
16773.0,Potential Loyalists,421.24,3,252,2011-10-13 14:37:00
16774.0,Loyal Customers,1567.48,8,774,2011-10-03 12:41:00
16775.0,Champions,2820.84,16,957,2011-11-29 15:22:00
16776.0,Potential Loyalists,592.51,2,435,2011-10-10 13:04:00
16777.0,Loyal Customers,1292.18,5,470,2011-09-20 13:41:00
16778.0,At Risk,245.94,2,194,2011-09-26 13:48:00
16779.0,Champions,32809.03,53,19411,2011-12-07 14:54:00
16780.0,Potential Loyalists,596.4,3,352,2011-08-31 16:09:00
16781.0,Potential Loyalists,623.0,2,192,2010-12-02 14:26:00
16782.0,Champions,9636.12,38,4027,2011-11-29 13:20:00
16783.0,At Risk,391.95,1,163,2010-09-29 11:53:00
16784.0,Loyal Customers,892.33,5,494,2011-11-20 12:20:00
16785.0,At Risk,533.78,1,313,2010-10-26 10:36:00
16786.0,At Risk,51.84,1,72,2010-11-11 08:25:00
16787.0,Potential Loyalists,1017.53,4,472,2010-11-07 11:01:00
16788.0,Loyal Customers,1928.93,5,965,2011-08-08 14:53:00
16789.0,Potential Loyalists,80.80000000000001,1,32,2011-12-01 15:12:00
16790.0,Champions,1545.6200000000001,6,898,2011-12-06 11:53:00
16791.0,Champions,3957.63,15,1854,2011-11-10 19:12:00
16792.0,Potential Loyalists,623.46,5,324,2011-03-02 14:41:00
16793.0,Potential Loyalists,243.84,1,146,2011-10-13 15:08:00
16794.0,Champions,2052.7,15,1576,2011-12-08 17:54:00
16795.0,Potential Loyalists,2062.41,3,1214,2010-12-09 14:08:00
16796.0,Potential Loyalists,305.62,1,186,2011-09-11 14:01:00
16797.0,Loyal Customers,1802.02,5,898,2010-11-11 19:14:00
16798.0,Potential Loyalists,841.16,3,205,2010-06-03 19:01:00
16799.0,At Risk,452.78000000000003,2,162,2010-10-03 14:28:00
16800.0,Loyal Customers,1162.65,1,524,2011-11-28 14:06:00
16801.0,Loyal Customers,1594.23,4,493,2011-06-29 15:33:00
16802.0,At Risk,582.61,2,369,2010-01-29 13:44:00
16803.0,Potential Loyalists,332.3,1,245,2011-10-05 14:28:00
16804.0,Potential Loyalists,536.99,3,246,2011-11-16 16:43:00
16805.0,Loyal Customers,1091.34,5,1120,2011-06-19 11:23:00
16806.0,Loyal Customers,762.16,4,356,2011-08-28 15:27:00
16807.0,Loyal Customers,2123.88,6,1433,2011-07-20 12:00:00
16808.0,Potential Loyalists,288.42,2,196,2011-09-01 19:34:00
16809.0,Champions,1727.43,9,1093,2011-11-16 15:45:00
16810.0,Potential Loyalists,842.04,2,372,2011-05-31 15:32:00
16811.0,Potential Loyalists,547.07,2,477,2011-12-05 11:39:00
16812.0,Loyal Customers,2392.0,4,1116,2010-12-14 12:35:00
16813.0,Champions,1652.18,10,1501,2011-12-01 14:03:00
16814.0,Champions,11924.85,36,4844,2011-11-25 13:27:00
16815.0,At Risk,406.02,2,237,2010-09-12 10:59:00
16816.0,Potential Loyalists,417.06,4,274,2011-08-28 14:16:00
16817.0,Champions,2560.7000000000003,13,1401,2011-12-07 11:03:00
16818.0,Champions,3349.57,11,2164,2011-11-29 10:41:00
16819.0,Lost,182.59,2,253,2010-08-31 17:37:00
16820.0,Potential Loyalists,497.61,1,307,2011-09-05 12:06:00
16821.0,At Risk,113.35,1,13,2010-11-23 10:04:00
16822.0,Lost,181.39,1,171,2010-01-22 14:22:00
16823.0,Loyal Customers,2243.09,7,1166,2011-04-26 15:00:00
16824.0,Loyal Customers,686.24,3,390,2011-11-24 12:38:00
16825.0,Loyal Customers,1826.89,5,1297,2011-11-01 11:51:00
16826.0,Potential Loyalists,341.7,1,158,2011-10-19 14:05:00
16827.0,Potential Loyalists,392.13,5,125,2010-11-11 14:04:00
16828.0,At Risk,128.5,2,59,2011-09-07 15:10:00
16829.0,Potential Loyalists,513.32,2,215,2011-07-06 10:48:00
16830.0,Loyal Customers,1207.5,4,699,2011-11-01 11:35:00
16831.0,Lost,91.8,1,48,2010-05-24 09:08:00
16832.0,Potential Loyalists,417.61,5,179,2011-06-08 15:36:00
16833.0,Champions,2409.04,6,878,2011-12-08 14:39:00
16834.0,Potential Loyalists,898.96,2,760,2011-04-26 09:37:00
16835.0,Loyal Customers,1456.66,6,496,2011-08-03 13:50:00
16836.0,Loyal Customers,782.37,4,539,2011-10-31 10:05:00
16837.0,Champions,3170.98,11,1563,2011-11-08 14:27:00
16838.0,Potential Loyalists,1159.6100000000001,4,509,2011-05-26 13:13:00
16839.0,Champions,21758.25,44,11295,2011-12-01 09:03:00
16840.0,At Risk,139.85,2,117,2010-04-15 15:48:00
16841.0,Champions,4006.06,12,3478,2011-11-03 11:51:00
16842.0,Loyal Customers,1264.19,3,693,2011-08-31 10:42:00
16843.0,Champions,19571.43,35,18502,2011-10-28 09:06:00
16844.0,Potential Loyalists,614.34,2,281,2010-05-26 10:29:00
16845.0,Lost,253.88,1,167,2010-03-31 13:09:00
16846.0,Loyal Customers,842.41,3,517,2011-10-20 13:55:00
16847.0,Loyal Customers,614.89,2,255,2011-10-27 13:29:00
16848.0,Loyal Customers,1411.62,4,780,2011-10-18 08:42:00
16849.0,At Risk,124.57,1,33,2011-06-06 09:16:00
16850.0,At Risk,332.41,1,249,2011-01-10 11:09:00
16851.0,Loyal Customers,342.45,3,271,2011-12-05 13:32:00
16852.0,Potential Loyalists,144.91,2,56,2011-11-29 13:22:00
16854.0,Potential Loyalists,1408.96,2,997,2010-10-18 16:31:00
16855.0,Potential Loyalists,328.40000000000003,2,164,2011-11-16 12:03:00
16856.0,Loyal Customers,358.49,3,171,2011-11-25 08:59:00
16857.0,At Risk,352.8,1,168,2010-09-23 10:49:00
16858.0,Loyal Customers,4292.59,10,1423,2010-12-06 09:52:00
16859.0,Loyal Customers,1932.41,7,1899,2011-07-18 12:19:00
16860.0,Potential Loyalists,1610.62,3,625,2010-09-13 10:05:00
16861.0,Loyal Customers,946.59,5,616,2011-10-11 09:05:00
16862.0,Potential Loyalists,662.33,4,513,2010-06-10 13:05:00
16863.0,Loyal Customers,834.27,3,640,2011-11-08 15:26:00
16864.0,At Risk,409.25,2,283,2010-10-01 16:16:00
16865.0,At Risk,130.95,1,157,2010-11-03 11:34:00
16866.0,Potential Loyalists,207.74,3,60,2011-07-22 10:06:00
16867.0,Lost,76.74000000000001,1,58,2010-01-19 09:11:00
16868.0,Potential Loyalists,384.56,3,112,2010-11-10 13:17:00
16869.0,Loyal Customers,817.12,4,583,2011-11-17 12:02:00
16870.0,At Risk,450.16,1,278,2010-08-27 13:53:00
16871.0,Loyal Customers,2812.34,6,1253,2011-11-17 19:27:00
16872.0,Loyal Customers,1213.13,6,1079,2011-09-23 16:05:00
16873.0,Champions,14617.39,12,8601,2011-12-05 12:05:00
16874.0,At Risk,209.89000000000001,1,78,2010-11-25 13:08:00
16875.0,Champions,4234.53,11,2099,2011-10-03 13:39:00
16876.0,At Risk,136.01,1,181,2010-11-01 11:59:00
16877.0,Loyal Customers,846.62,6,458,2011-11-27 13:47:00
16878.0,At Risk,13.3,1,12,2011-09-16 17:39:00
16880.0,Champions,1813.21,8,904,2011-11-09 11:33:00
16881.0,Potential Loyalists,432.0,1,600,2011-10-04 10:33:00
16882.0,Potential Loyalists,705.12,3,424,2011-10-04 10:42:00
16883.0,Loyal Customers,2246.06,19,1016,2011-06-05 12:51:00
16884.0,Loyal Customers,1070.97,4,520,2011-11-02 11:52:00
16885.0,Loyal Customers,684.6,4,358,2011-11-24 13:40:00
16886.0,Lost,134.0,1,48,2010-09-09 15:08:00
16887.0,Loyal Customers,658.17,3,423,2011-11-04 14:07:00
16888.0,Potential Loyalists,434.2,3,145,2010-11-04 12:39:00
16889.0,Loyal Customers,2526.65,6,1611,2011-05-29 11:05:00
16890.0,At Risk,285.41,3,243,2010-08-20 11:23:00
16891.0,Champions,1727.94,11,652,2011-12-08 11:15:00
16892.0,Loyal Customers,754.75,7,367,2011-12-08 13:18:00
16893.0,At Risk,249.89000000000001,2,117,2010-12-08 12:06:00
16894.0,Potential Loyalists,1306.96,3,503,2010-07-25 15:43:00
16895.0,Loyal Customers,1102.9,5,421,2011-10-06 12:15:00
16896.0,Lost,103.95,1,18,2010-06-02 15:40:00
16897.0,Potential Loyalists,289.78,2,73,2011-02-13 15:02:00
16898.0,Loyal Customers,885.21,5,695,2011-11-13 15:44:00
16899.0,Champions,1695.77,8,811,2011-12-02 12:03:00
16900.0,Loyal Customers,887.11,3,833,2011-11-23 10:32:00
16901.0,Lost,204.26,1,42,2009-12-10 16:30:00
16902.0,Potential Loyalists,1706.88,1,629,2011-08-15 14:17:00
16903.0,Loyal Customers,1041.75,3,717,2011-11-10 15:32:00
16904.0,Champions,4675.36,21,2607,2011-12-05 13:10:00
16905.0,Champions,4706.77,17,1913,2011-12-04 14:01:00
16906.0,Loyal Customers,1410.92,7,590,2011-09-19 11:49:00
16907.0,Champions,1470.89,9,451,2011-11-10 18:04:00
16908.0,Lost,252.59,1,61,2009-12-17 13:35:00
16909.0,Potential Loyalists,379.14,1,436,2011-09-28 16:45:00
16910.0,Champions,1508.96,8,884,2011-12-05 12:51:00
16911.0,At Risk,255.25,2,161,2010-03-14 12:18:00
16912.0,Champions,4460.51,15,1689,2011-11-11 12:18:00
16913.0,Potential Loyalists,423.91,3,229,2011-02-22 12:56:00
16914.0,Potential Loyalists,183.76,1,112,2011-11-03 15:27:00
16915.0,Champions,1543.18,11,190,2011-11-30 16:39:00
16916.0,Loyal Customers,902.02,4,649,2011-11-16 12:08:00
16917.0,Potential Loyalists,1851.88,2,792,2011-03-08 11:55:00
16918.0,Champions,3206.54,16,2066,2011-10-21 12:50:00
16919.0,Champions,4909.66,24,2333,2011-07-06 13:35:00
16920.0,At Risk,355.45,1,81,2010-10-24 14:07:00
16921.0,Potential Loyalists,409.21,3,275,2011-10-09 16:22:00
16922.0,At Risk,611.08,1,281,2010-05-16 11:24:00
16923.0,Champions,13157.130000000001,32,6190,2011-11-27 13:00:00
16924.0,Loyal Customers,829.89,3,467,2011-11-18 12:53:00
16925.0,Lost,125.65,1,123,2010-06-17 15:03:00
16926.0,Potential Loyalists,1169.6100000000001,5,197,2010-12-03 13:42:00
16927.0,Potential Loyalists,543.05,3,993,2011-08-16 11:10:00
16928.0,Champions,3897.5299999999997,29,2587,2011-09-20 15:10:00
16929.0,Champions,1295.39,7,929,2011-12-06 08:37:00
16930.0,Potential Loyalists,378.89,3,339,2011-11-13 16:13:00
16931.0,Champions,5032.22,23,3357,2011-12-04 13:15:00
16932.0,Potential Loyalists,412.55,3,217,2011-10-17 14:12:00
16933.0,Champions,3099.3,9,1533,2011-12-08 12:54:00
16934.0,Loyal Customers,2083.14,6,936,2011-10-16 12:40:00
16935.0,Potential Loyalists,530.86,3,273,2010-11-23 09:16:00
16936.0,Potential Loyalists,548.29,2,339,2011-11-14 11:04:00
16937.0,Lost,196.25,1,123,2010-07-28 17:56:00
16938.0,Champions,6995.360000000001,9,5041,2011-12-01 10:20:00
16939.0,At Risk,433.84999999999997,3,229,2010-08-08 12:24:00
16940.0,Champions,6427.66,8,4503,2011-10-18 13:15:00
16941.0,Lost,33.0,1,12,2010-04-07 11:13:00
16942.0,Champions,1904.99,9,805,2011-11-27 12:40:00
16943.0,Loyal Customers,1299.49,5,147,2011-05-12 11:57:00
16944.0,Lost,101.36,1,27,2010-04-09 11:03:00
16945.0,Champions,8548.16,33,5889,2011-11-18 11:39:00
16946.0,Loyal Customers,1222.04,5,509,2010-11-21 14:06:00
16947.0,Potential Loyalists,955.21,5,655,2011-04-18 09:38:00
16948.0,Loyal Customers,868.77,7,2091,2011-07-24 12:46:00
16949.0,Champions,1286.27,6,791,2011-12-06 11:07:00
16950.0,Champions,3541.77,10,2432,2011-10-14 09:06:00
16951.0,Loyal Customers,1277.75,3,1318,2011-07-28 12:05:00
16952.0,Loyal Customers,795.83,5,343,2011-08-22 13:03:00
16953.0,Potential Loyalists,20.8,1,10,2011-11-09 15:54:00
16954.0,Champions,6081.88,20,4086,2011-12-09 09:46:00
16955.0,Loyal Customers,1120.31,6,723,2011-06-08 10:36:00
16956.0,Potential Loyalists,308.74,1,114,2011-11-22 08:56:00
16957.0,Potential Loyalists,416.64,2,172,2011-04-14 13:56:00
16958.0,At Risk,778.49,1,514,2010-09-30 14:25:00
16959.0,At Risk,117.35000000000001,1,49,2011-09-13 15:03:00
16960.0,Champions,1990.88,8,1492,2011-11-01 11:35:00
16961.0,Potential Loyalists,794.56,3,482,2011-08-15 13:46:00
16962.0,At Risk,251.04,1,158,2010-10-26 11:36:00
16963.0,At Risk,110.55000000000001,1,35,2011-06-05 13:48:00
16964.0,At Risk,207.85,2,49,2009-12-06 12:53:00
16965.0,At Risk,201.19,1,291,2011-04-27 12:08:00
16966.0,Champions,2154.97,7,1981,2011-12-01 13:40:00
16967.0,Potential Loyalists,319.02,1,333,2011-06-03 14:24:00
16968.0,Loyal Customers,439.43,2,326,2011-12-05 15:02:00
16969.0,Loyal Customers,650.41,3,816,2011-10-31 13:12:00
16970.0,Lost,71.4,1,12,2010-03-23 13:50:00
16971.0,Potential Loyalists,357.21,1,72,2011-11-01 15:06:00
16972.0,Potential Loyalists,749.0,2,183,2010-11-22 10:59:00
16973.0,At Risk,127.0,1,60,2010-11-18 13:56:00
16974.0,At Risk,365.5,2,70,2010-07-05 10:18:00
16975.0,Potential Loyalists,926.12,3,586,2010-10-12 17:53:00
16976.0,At Risk,251.51999999999998,1,88,2011-03-17 16:33:00
16977.0,Potential Loyalists,496.0,4,142,2010-11-09 13:17:00
16978.0,Potential Loyalists,768.88,3,285,2011-09-23 12:50:00
16979.0,Champions,2859.74,9,1451,2011-12-06 12:21:00
16980.0,Potential Loyalists,1422.83,3,990,2011-03-29 16:36:00
16982.0,Potential Loyalists,384.06,1,182,2011-10-10 12:28:00
16983.0,Champions,3490.53,11,2315,2011-11-27 12:10:00
16984.0,Champions,10350.53,9,5127,2011-09-12 13:43:00
16985.0,Champions,10923.16,23,3103,2011-11-22 13:33:00
16986.0,Champions,4888.75,11,2539,2011-11-10 11:55:00
16987.0,Champions,2521.4,11,671,2011-12-06 17:26:00
16988.0,Loyal Customers,382.67,2,158,2011-12-04 16:02:00
16989.0,Loyal Customers,1133.25,6,1233,2011-12-02 16:39:00
16990.0,Potential Loyalists,344.0,2,200,2011-05-05 08:30:00
16991.0,At Risk,1041.21,1,793,2010-10-14 14:08:00
16992.0,Champions,5476.5,13,2061,2011-11-29 11:50:00
16993.0,Potential Loyalists,1950.95,2,285,2010-09-02 12:16:00
16996.0,Champions,2123.61,9,919,2011-11-09 16:43:00
16997.0,Potential Loyalists,702.0,3,360,2011-02-24 17:28:00
16998.0,Potential Loyalists,402.0,5,104,2011-07-13 09:44:00
16999.0,Potential Loyalists,484.82,2,294,2011-11-16 13:53:00
17000.0,Potential Loyalists,406.3,2,305,2010-11-08 13:35:00
17001.0,Champions,6640.8,19,3782,2011-12-09 09:38:00
17002.0,Loyal Customers,2571.55,7,1265,2011-09-15 12:40:00
17003.0,Potential Loyalists,828.21,4,494,2010-11-02 13:15:00
17004.0,Loyal Customers,2324.36,4,1233,2011-10-24 14:25:00
17005.0,Potential Loyalists,622.36,2,691,2010-08-26 10:57:00
17006.0,Champions,1635.27,8,572,2011-12-05 12:09:00
17007.0,Loyal Customers,1120.1000000000001,7,717,2011-10-20 10:47:00
17008.0,Lost,81.36,1,24,2010-10-06 15:19:00
17009.0,Lost,242.06,1,336,2010-06-06 16:01:00
17010.0,Potential Loyalists,195.36,1,118,2011-11-21 14:49:00
17011.0,Loyal Customers,671.7,3,792,2011-11-09 13:30:00
17012.0,At Risk,360.61,1,251,2009-12-14 17:34:00
17014.0,Loyal Customers,583.4300000000001,3,243,2011-12-01 14:09:00
17015.0,Loyal Customers,1838.61,3,1978,2011-11-11 10:45:00
17016.0,At Risk,552.4,1,309,2010-05-12 12:32:00
17017.0,Champions,12576.99,29,9397,2011-12-07 09:32:00
17018.0,Loyal Customers,2287.7,6,456,2011-10-30 11:42:00
17019.0,Champions,3602.29,11,2396,2011-11-28 13:06:00
17020.0,Potential Loyalists,935.62,2,860,2010-06-15 13:06:00
17021.0,Potential Loyalists,1182.22,6,992,2010-09-23 20:01:00
17022.0,Potential Loyalists,260.0,2,180,2011-11-08 17:09:00
17023.0,Potential Loyalists,800.1800000000001,3,530,2010-10-18 15:37:00
17024.0,Potential Loyalists,95.85,3,69,2011-10-25 13:47:00
17025.0,Loyal Customers,1349.67,5,885,2011-10-10 09:06:00
17026.0,Potential Loyalists,175.83,3,107,2011-06-07 14:28:00
17027.0,Loyal Customers,1310.63,9,645,2011-09-22 12:24:00
17028.0,Potential Loyalists,1593.83,3,856,2010-05-07 15:33:00
17029.0,Loyal Customers,2137.3,7,1265,2011-08-21 11:06:00
17030.0,At Risk,146.87,1,146,2011-10-07 08:49:00
17031.0,Champions,2773.85,6,1595,2011-11-28 10:23:00
17032.0,Loyal Customers,2984.32,8,1667,2010-06-10 12:16:00
17033.0,Loyal Customers,1332.79,4,871,2011-09-14 14:34:00
17034.0,Champions,1276.42,5,694,2011-11-23 15:14:00
17035.0,Potential Loyalists,613.59,4,327,2011-04-08 11:23:00
17036.0,At Risk,176.9,1,76,2010-11-21 14:26:00
17037.0,Potential Loyalists,1267.32,1,656,2011-09-13 12:49:00
17038.0,Loyal Customers,743.17,2,535,2011-11-09 13:50:00
17039.0,Potential Loyalists,1954.99,1,689,2010-04-14 12:56:00
17040.0,Potential Loyalists,463.25,2,189,2011-07-25 10:19:00
17041.0,Loyal Customers,1655.2,6,1303,2011-11-13 11:21:00
17042.0,Loyal Customers,1036.58,5,990,2011-12-07 12:26:00
17043.0,Champions,2593.65,8,1616,2011-11-07 15:33:00
17044.0,Champions,11962.300000000001,12,5722,2011-11-14 14:28:00
17045.0,Loyal Customers,827.6800000000001,5,294,2011-08-18 17:09:00
17046.0,Loyal Customers,1906.07,5,1636,2011-07-05 14:24:00
17047.0,Loyal Customers,2289.23,6,1184,2011-09-15 13:27:00
17048.0,Loyal Customers,2071.68,7,1068,2011-08-14 11:49:00
17049.0,Champions,9942.53,19,4273,2011-12-07 10:48:00
17050.0,Champions,4648.59,11,2432,2011-09-04 13:48:00
17051.0,Potential Loyalists,706.49,4,507,2011-05-29 14:13:00
17052.0,Potential Loyalists,399.09,1,251,2011-11-11 14:50:00
17053.0,Potential Loyalists,498.48,1,122,2011-08-01 10:23:00
17054.0,Loyal Customers,1356.33,5,804,2011-11-11 12:56:00
17055.0,Lost,232.85000000000002,1,83,2010-09-20 12:21:00
17056.0,Lost,128.60000000000002,1,26,2009-12-01 12:55:00
17057.0,At Risk,294.74,1,129,2010-04-22 19:21:00
17058.0,Potential Loyalists,1179.89,3,592,2011-09-19 10:13:00
17059.0,Champions,4864.57,9,3107,2011-11-10 12:27:00
17060.0,At Risk,234.24,1,216,2011-03-18 13:27:00
17061.0,Champions,5232.2300000000005,11,1526,2011-09-27 11:24:00
17062.0,Potential Loyalists,889.75,6,644,2011-01-30 11:01:00
17063.0,Champions,3638.53,13,1899,2011-11-18 16:19:00
17064.0,Loyal Customers,855.45,3,316,2011-10-12 10:18:00
17065.0,At Risk,194.7,2,82,2010-03-12 11:41:00
17066.0,Lost,228.34,1,93,2009-12-13 13:24:00
17067.0,At Risk,454.54,3,322,2009-12-15 08:39:00
17068.0,Champions,8987.68,47,4351,2011-11-27 13:14:00
17069.0,Champions,5517.2300000000005,14,3230,2011-11-11 17:13:00
17070.0,Potential Loyalists,437.42,2,232,2011-08-17 17:01:00
17071.0,Champions,3793.71,13,1934,2011-11-11 16:31:00
17072.0,Lost,273.35,1,212,2010-03-24 16:33:00
17073.0,Champions,1446.09,4,759,2011-11-22 11:47:00
17074.0,Lost,203.05,1,19,2010-05-26 12:04:00
17075.0,Champions,2236.63,10,785,2011-11-22 11:58:00
17076.0,Loyal Customers,1242.75,6,514,2011-11-03 17:53:00
17077.0,At Risk,306.0,1,36,2010-05-10 16:36:00
17078.0,Potential Loyalists,378.2,2,788,2011-11-03 19:17:00
17079.0,At Risk,118.80000000000001,1,24,2011-09-22 15:34:00
17080.0,Loyal Customers,957.53,7,569,2011-11-17 12:59:00
17081.0,Loyal Customers,949.39,6,381,2011-11-14 12:56:00
17082.0,Champions,4732.03,6,2526,2011-11-06 15:17:00
17083.0,Champions,4049.79,9,1955,2011-08-22 15:43:00
17084.0,Loyal Customers,5001.21,3,3178,2011-11-04 14:54:00
17085.0,Champions,7847.67,28,3583,2011-08-08 14:15:00
17086.0,Champions,2050.08,6,1859,2011-12-02 13:54:00
17087.0,Lost,221.53,1,113,2009-12-02 10:41:00
17088.0,Loyal Customers,1991.01,4,868,2011-11-11 14:23:00
17089.0,At Risk,128.45,1,35,2010-11-18 15:33:00
17090.0,Champions,3080.1800000000003,13,1344,2011-12-05 13:44:00
17091.0,Champions,7495.75,19,3732,2011-12-07 10:43:00
17092.0,Champions,5511.41,11,3768,2011-10-20 19:51:00
17093.0,Lost,235.88,1,114,2010-04-26 10:22:00
17094.0,Potential Loyalists,402.20000000000005,2,212,2011-01-21 13:09:00
17095.0,Loyal Customers,2572.25,7,1695,2011-11-17 12:21:00
17096.0,Champions,3697.9300000000003,11,1559,2011-11-24 15:01:00
17097.0,Champions,1143.36,9,582,2011-12-07 17:05:00
17098.0,Potential Loyalists,591.07,3,125,2010-11-23 12:13:00
17099.0,At Risk,582.17,1,317,2010-06-24 16:25:00
17100.0,Loyal Customers,971.74,2,800,2011-11-21 16:36:00
17101.0,Champions,2507.05,7,1175,2011-11-29 13:57:00
17102.0,At Risk,25.5,1,2,2011-03-23 10:08:00
17103.0,At Risk,424.3,1,471,2009-12-17 14:08:00
17104.0,At Risk,474.03000000000003,1,149,2010-10-12 12:21:00
17105.0,Potential Loyalists,665.78,2,693,2011-07-03 15:53:00
17106.0,At Risk,481.58000000000004,1,153,2010-11-15 14:11:00
17107.0,Champions,16052.72,10,7530,2011-11-06 14:14:00
17108.0,Lost,174.95,1,31,2010-02-14 12:22:00
17109.0,Champions,1291.71,8,788,2011-11-10 16:59:00
17110.0,Potential Loyalists,499.9,3,136,2011-06-27 12:58:00
17111.0,Potential Loyalists,459.58,2,581,2011-10-23 15:59:00
17112.0,Lost,197.57,1,130,2010-07-25 11:14:00
17113.0,Potential Loyalists,2305.59,6,913,2010-05-14 13:59:00
17114.0,Champions,801.12,8,215,2011-12-04 12:17:00
17115.0,Champions,2761.4900000000002,7,885,2011-12-01 14:30:00
17116.0,At Risk,389.78,1,392,2010-03-01 16:29:00
17117.0,At Risk,116.2,1,68,2011-02-24 13:54:00
17118.0,At Risk,157.02,1,154,2011-01-26 12:19:00
17119.0,Loyal Customers,606.91,2,334,2011-12-06 14:40:00
17120.0,At Risk,307.46,1,120,2011-04-20 15:21:00
17121.0,At Risk,314.74,1,106,2010-11-02 11:47:00
17122.0,Potential Loyalists,570.5,4,368,2011-08-12 14:33:00
17123.0,Potential Loyalists,977.1700000000001,3,676,2011-07-01 10:47:00
17124.0,Potential Loyalists,294.24,1,129,2011-06-07 14:02:00
17125.0,Potential Loyalists,230.5,1,281,2011-10-20 14:41:00
17126.0,Loyal Customers,2016.43,9,1426,2011-07-10 13:52:00
17127.0,Potential Loyalists,1155.0300000000002,5,340,2010-10-07 09:54:00
17128.0,At Risk,157.09,1,76,2011-01-09 12:02:00
17129.0,Lost,31.85,1,5,2010-07-07 13:46:00
17131.0,Champions,2463.17,5,983,2011-12-04 12:52:00
17132.0,Potential Loyalists,1220.91,2,963,2010-09-13 16:31:00
17133.0,Champions,14622.33,12,10107,2011-11-24 12:27:00
17134.0,Potential Loyalists,625.3,3,144,2011-08-25 09:53:00
17135.0,Champions,1722.18,10,1686,2011-11-23 16:48:00
17136.0,Lost,231.68,1,256,2010-02-15 13:13:00
17137.0,Potential Loyalists,1099.81,6,680,2010-10-19 14:51:00
17138.0,Loyal Customers,4417.27,7,2024,2011-03-09 11:54:00
17139.0,Champions,19566.76,25,9853,2011-11-24 10:12:00
17140.0,At Risk,454.12,1,296,2011-04-06 13:33:00
17141.0,Potential Loyalists,727.58,4,423,2010-10-17 14:54:00
17142.0,Loyal Customers,1275.25,4,322,2011-04-14 18:22:00
17143.0,Potential Loyalists,880.97,2,314,2010-10-18 15:27:00
17144.0,Loyal Customers,984.57,2,483,2011-12-08 17:57:00
17145.0,Loyal Customers,3120.91,4,2591,2010-07-15 09:02:00
17146.0,Champions,5852.64,13,2188,2011-08-26 12:44:00
17147.0,Champions,3199.95,9,1308,2011-11-17 12:32:00
17148.0,Potential Loyalists,124.88,1,82,2011-10-19 09:59:00
17149.0,Lost,143.10000000000002,1,18,2010-09-14 14:56:00
17150.0,Loyal Customers,1357.95,6,397,2010-11-28 11:27:00
17151.0,Lost,231.90000000000003,1,42,2009-12-04 14:56:00
17152.0,Loyal Customers,2016.5,4,577,2011-05-29 12:19:00
17153.0,Potential Loyalists,213.78,1,104,2011-11-15 13:42:00
17154.0,Potential Loyalists,329.34,1,490,2011-09-25 13:42:00
17155.0,Loyal Customers,892.46,7,987,2011-11-22 12:38:00
17156.0,At Risk,591.87,1,391,2010-08-05 11:30:00
17157.0,Champions,5151.900000000001,19,2092,2011-12-02 09:10:00
17158.0,Loyal Customers,1980.0,5,1147,2011-11-07 15:15:00
17159.0,Loyal Customers,2099.59,5,1348,2011-11-18 10:52:00
17160.0,Champions,10209.16,17,8390,2011-11-08 14:05:00
17161.0,At Risk,856.01,1,537,2010-09-21 16:44:00
17162.0,Champions,1715.46,10,1001,2011-11-11 11:34:00
17163.0,Loyal Customers,699.78,4,531,2011-11-18 08:57:00
17164.0,Loyal Customers,2467.35,7,1501,2011-11-07 09:14:00
17165.0,Loyal Customers,1794.32,6,788,2011-02-28 16:39:00
17166.0,Potential Loyalists,206.34,2,78,2011-11-01 09:46:00
17167.0,Potential Loyalists,867.11,3,429,2010-11-25 10:05:00
17168.0,At Risk,400.2,1,220,2010-07-29 12:33:00
17169.0,Loyal Customers,1156.73,3,671,2011-10-13 10:25:00
17170.0,At Risk,178.68,2,152,2010-11-30 15:55:00
17171.0,Potential Loyalists,384.59000000000003,2,225,2011-02-23 16:37:00
17172.0,Potential Loyalists,956.5699999999999,3,1215,2011-09-22 09:36:00
17173.0,Champions,3766.6,8,1122,2011-12-04 14:40:00
17174.0,At Risk,59.9,1,41,2011-05-06 11:47:00
17175.0,Loyal Customers,1443.69,4,866,2011-10-26 15:31:00
17176.0,Potential Loyalists,902.3199999999999,3,576,2011-05-22 12:41:00
17177.0,Lost,119.5,1,40,2010-07-22 14:53:00
17178.0,At Risk,432.96000000000004,1,100,2009-12-08 16:20:00
17179.0,Loyal Customers,1507.26,6,625,2011-06-14 16:48:00
17180.0,Champions,2236.77,11,1809,2011-10-14 15:46:00
17181.0,Potential Loyalists,309.85,3,268,2011-10-13 14:48:00
17182.0,At Risk,321.3,2,54,2010-10-13 10:09:00
17183.0,Champions,3347.31,6,1296,2011-12-02 10:07:00
17184.0,At Risk,198.41000000000003,2,73,2010-05-19 14:24:00
17185.0,At Risk,229.46,3,119,2010-04-27 12:15:00
17186.0,Potential Loyalists,144.0,2,200,2011-10-24 10:20:00
17187.0,Potential Loyalists,467.71,2,426,2011-04-27 12:39:00
17188.0,Champions,4592.93,13,2569,2011-11-28 13:53:00
17189.0,Loyal Customers,953.63,5,601,2011-08-25 19:39:00
17190.0,Loyal Customers,1726.57,7,2218,2011-10-12 11:33:00
17191.0,Champions,4310.34,15,2208,2011-11-11 16:58:00
17192.0,Lost,75.28,1,45,2010-06-21 16:07:00
17193.0,Champions,2310.04,9,1668,2011-11-04 12:47:00
17194.0,Potential Loyalists,812.5,3,420,2011-03-11 12:05:00
17195.0,At Risk,562.98,1,486,2010-02-22 13:05:00
17196.0,At Risk,327.75,1,154,2010-10-08 11:31:00
17197.0,Potential Loyalists,1013.01,1,191,2011-11-10 10:32:00
17198.0,Loyal Customers,692.22,3,357,2011-11-16 10:39:00
17199.0,Lost,135.04000000000002,1,232,2010-05-06 13:53:00
17200.0,Potential Loyalists,356.71,4,367,2010-11-17 13:04:00
17201.0,Loyal Customers,1143.1,4,1004,2011-10-17 11:55:00
17202.0,Lost,160.65,1,55,2010-10-15 11:25:00
17203.0,Champions,5564.09,10,4597,2011-11-04 12:27:00
17204.0,Champions,5504.6900000000005,9,2651,2011-06-17 14:46:00
17205.0,Loyal Customers,999.35,3,2214,2011-10-17 12:46:00
17206.0,Potential Loyalists,204.24,1,76,2011-10-17 13:25:00
17207.0,At Risk,292.62,1,233,2010-02-25 19:08:00
17208.0,At Risk,111.15,1,101,2010-11-09 12:50:00
17209.0,At Risk,595.7,3,723,2010-02-28 16:01:00
17210.0,At Risk,251.72,1,242,2010-11-12 12:15:00
17211.0,Champions,3773.35,13,2141,2011-11-13 12:03:00
17212.0,Potential Loyalists,794.41,3,727,2011-03-31 19:42:00
17213.0,Champions,4869.400000000001,13,2087,2011-10-30 14:53:00
17214.0,Loyal Customers,1059.1200000000001,6,272,2011-10-10 13:17:00
17215.0,Lost,186.15,1,104,2010-09-01 13:39:00
17216.0,Lost,63.6,1,21,2010-06-03 13:03:00
17217.0,At Risk,210.1,2,93,2011-04-19 17:19:00
17218.0,Champions,3891.39,18,2066,2011-12-05 13:52:00
17219.0,Potential Loyalists,259.13,2,188,2011-11-08 11:25:00
17220.0,Champions,4457.31,21,2663,2011-11-15 13:47:00
17221.0,Loyal Customers,976.62,5,713,2011-12-02 13:35:00
17222.0,Loyal Customers,1579.51,6,857,2011-10-05 13:58:00
17223.0,Potential Loyalists,558.04,3,155,2011-02-02 15:57:00
17224.0,Lost,100.86000000000001,1,65,2010-07-26 13:30:00
17225.0,Lost,131.15,1,36,2010-05-07 11:38:00
17226.0,Potential Loyalists,895.47,3,853,2011-02-04 11:52:00
17227.0,Champions,1878.93,12,1681,2011-11-21 10:51:00
17228.0,Champions,2820.03,13,2354,2011-11-24 10:24:00
17229.0,Potential Loyalists,318.76,2,185,2011-09-04 13:56:00
17230.0,Loyal Customers,9388.49,18,3753,2011-03-20 16:12:00
17231.0,Champions,7064.8,25,3681,2011-11-27 15:18:00
17232.0,Loyal Customers,417.77,2,202,2011-12-07 12:21:00
17233.0,Potential Loyalists,560.86,3,298,2011-11-04 14:06:00
17234.0,At Risk,149.89,1,55,2011-06-10 11:20:00
17235.0,Champions,1562.98,8,845,2011-11-14 15:51:00
17236.0,Champions,1929.26,12,804,2011-11-27 12:00:00
17237.0,Loyal Customers,994.13,4,414,2011-11-28 15:02:00
17238.0,Champions,7331.67,32,3555,2011-12-07 11:35:00
17239.0,Potential Loyalists,1189.45,4,515,2011-01-31 09:41:00
17240.0,Lost,130.60000000000002,1,108,2010-04-22 15:44:00
17241.0,Loyal Customers,2736.64,12,859,2010-11-19 13:01:00
17242.0,Loyal Customers,2889.2799999999997,5,1459,2011-08-23 14:55:00
17243.0,Champions,20203.58,69,7932,2011-12-08 13:26:00
17244.0,Loyal Customers,1826.04,5,1419,2011-10-17 15:19:00
17245.0,Potential Loyalists,371.63,2,307,2011-05-19 10:43:00
17246.0,At Risk,38.92,2,36,2010-06-11 12:36:00
17247.0,Potential Loyalists,280.09000000000003,1,105,2011-11-24 15:21:00
17248.0,Potential Loyalists,500.54,2,276,2011-08-11 13:34:00
17249.0,Lost,68.03,1,79,2010-10-07 11:33:00
17250.0,Loyal Customers,381.97,2,167,2011-12-06 12:15:00
17251.0,Potential Loyalists,798.98,3,377,2010-12-12 11:06:00
17252.0,Potential Loyalists,348.90999999999997,2,192,2011-08-15 09:45:00
17253.0,Potential Loyalists,178.26,1,43,2011-11-21 12:59:00
17254.0,Loyal Customers,469.48,3,397,2011-12-05 12:46:00
17255.0,Loyal Customers,781.7,4,583,2011-10-30 12:18:00
17256.0,Potential Loyalists,498.93,5,299,2011-08-24 13:30:00
17257.0,At Risk,189.78,2,187,2010-09-29 12:51:00
17258.0,Potential Loyalists,417.3,2,188,2010-11-08 12:37:00
17259.0,Loyal Customers,1452.39,6,844,2011-07-14 15:01:00
17260.0,Lost,120.95,1,23,2010-10-24 13:21:00
17261.0,Lost,221.59,1,95,2010-07-18 11:49:00
17262.0,Champions,2488.76,11,635,2011-10-18 12:56:00
17263.0,At Risk,63.440000000000005,1,36,2011-05-15 14:32:00
17264.0,Lost,268.28,1,217,2010-10-11 12:52:00
17265.0,Potential Loyalists,550.01,2,389,2011-07-24 10:49:00
17266.0,Loyal Customers,501.72,5,243,2011-12-07 14:12:00
17267.0,Potential Loyalists,317.2,2,158,2011-08-04 17:22:00
17268.0,Loyal Customers,1733.8899999999999,11,1395,2011-08-24 10:06:00
17269.0,At Risk,491.81,1,314,2010-11-19 11:12:00
17270.0,At Risk,601.45,2,420,2010-08-27 14:09:00
17271.0,Lost,204.3,1,113,2009-12-03 13:49:00
17272.0,Loyal Customers,2148.63,4,1778,2011-10-28 16:37:00
17273.0,Lost,141.12,1,133,2010-10-11 15:57:00
17274.0,Potential Loyalists,573.22,2,271,2011-11-04 13:16:00
17275.0,At Risk,114.1,1,71,2010-11-21 13:26:00
17276.0,At Risk,502.49,1,187,2010-11-02 16:20:00
17277.0,Potential Loyalists,1065.3500000000001,2,430,2011-04-26 12:47:00
17278.0,At Risk,271.24,2,195,2011-04-12 13:10:00
17279.0,Potential Loyalists,187.82999999999998,1,48,2011-10-13 11:58:00
17280.0,Lost,118.86,1,74,2010-09-27 16:46:00
17281.0,Potential Loyalists,797.85,6,295,2010-11-30 18:05:00
17282.0,Loyal Customers,2308.54,5,2332,2011-08-01 14:29:00
17283.0,At Risk,188.46,1,179,2010-11-26 11:53:00
17284.0,Loyal Customers,2788.06,8,2069,2011-10-10 14:38:00
17285.0,At Risk,407.94,2,134,2010-03-21 13:38:00
17286.0,Potential Loyalists,389.18,3,368,2011-11-18 12:47:00
17287.0,Champions,3826.86,21,1955,2011-11-13 13:27:00
17288.0,Champions,2468.43,11,1699,2011-11-30 16:09:00
17289.0,Champions,2041.8,9,1237,2011-11-08 12:01:00
17290.0,Champions,1487.96,8,1139,2011-12-06 12:38:00
17291.0,At Risk,550.8000000000001,1,72,2011-02-04 13:04:00
17292.0,At Risk,271.75,2,131,2010-08-24 17:14:00
17293.0,Champions,3750.63,17,2228,2011-12-01 14:37:00
17294.0,At Risk,467.79,2,297,2010-02-08 16:12:00
17295.0,Potential Loyalists,547.0,3,293,2011-11-11 10:49:00
17296.0,At Risk,338.13,1,216,2009-12-09 14:01:00
17297.0,Potential Loyalists,128.18,1,65,2011-11-22 14:43:00
17298.0,Loyal Customers,954.26,5,852,2011-08-30 16:43:00
17299.0,Loyal Customers,993.23,6,919,2011-11-28 12:01:00
17300.0,Potential Loyalists,393.64,2,467,2010-11-14 10:56:00
17301.0,Potential Loyalists,294.39,2,216,2011-11-18 13:43:00
17302.0,Loyal Customers,1135.63,5,575,2011-11-25 09:36:00
17303.0,At Risk,250.04,1,144,2010-12-13 13:32:00
17304.0,Lost,111.5,1,73,2010-06-23 16:23:00
17305.0,Potential Loyalists,2135.46,1,1006,2010-03-01 12:47:00
17306.0,Champions,9782.35,21,13747,2011-11-29 12:14:00
17307.0,Loyal Customers,3999.8900000000003,11,3667,2010-11-09 13:40:00
17308.0,Loyal Customers,4511.76,2,5148,2010-11-11 13:19:00
17309.0,Potential Loyalists,320.39,3,181,2011-09-05 15:20:00
17310.0,Potential Loyalists,1025.1,2,402,2010-11-17 16:00:00
17311.0,Loyal Customers,3566.56,6,2755,2011-09-22 14:11:00
17312.0,Potential Loyalists,644.3,3,372,2011-07-24 11:52:00
17313.0,Loyal Customers,2328.84,1,1402,2011-11-08 15:45:00
17314.0,Champions,4904.43,17,3663,2011-11-15 09:41:00
17315.0,Champions,9599.58,43,5088,2011-12-08 12:15:00
17316.0,Lost,124.45,1,44,2010-10-15 14:35:00
17317.0,Loyal Customers,2600.34,3,1146,2011-10-24 17:19:00
17318.0,Lost,157.32999999999998,1,59,2009-12-14 13:11:00
17319.0,Lost,29.099999999999998,1,14,2010-02-08 15:47:00
17320.0,Loyal Customers,2444.85,6,1182,2011-08-31 13:31:00
17321.0,Champions,1665.21,6,790,2011-12-01 13:41:00
17322.0,Potential Loyalists,922.59,5,631,2010-11-28 14:41:00
17323.0,Champions,1551.04,12,1426,2011-11-24 17:29:00
17324.0,Champions,2171.07,12,1485,2011-11-22 10:34:00
17325.0,Potential Loyalists,609.5699999999999,3,465,2011-03-04 13:09:00
17326.0,Potential Loyalists,312.35,2,136,2010-10-27 15:38:00
17327.0,At Risk,152.35,2,59,2010-10-26 09:54:00
17328.0,Lost,104.7,1,86,2010-02-04 17:11:00
17329.0,Loyal Customers,998.53,5,430,2011-11-25 14:24:00
17330.0,Loyal Customers,423.8,4,122,2011-11-17 08:56:00
17331.0,At Risk,175.2,1,16,2011-08-08 11:55:00
17332.0,Potential Loyalists,838.27,5,794,2010-06-29 16:10:00
17333.0,Potential Loyalists,494.25,1,375,2011-09-15 10:11:00
17334.0,Potential Loyalists,635.1500000000001,3,566,2011-02-10 14:59:00
17335.0,Potential Loyalists,497.04,2,210,2010-11-21 10:17:00
17336.0,Lost,81.12,1,48,2010-08-24 15:37:00
17337.0,Loyal Customers,1981.06,4,1247,2011-07-11 14:55:00
17338.0,Champions,11889.33,17,5780,2011-11-22 14:23:00
17339.0,Potential Loyalists,302.36,3,172,2011-09-06 13:29:00
17340.0,Champions,19617.95,18,9497,2011-11-10 10:45:00
17341.0,Loyal Customers,1272.21,5,831,2011-07-06 12:33:00
17342.0,Loyal Customers,1227.54,4,521,2010-11-25 11:07:00
17343.0,Loyal Customers,1259.94,6,454,2010-12-19 15:07:00
17344.0,Potential Loyalists,457.36,2,200,2011-10-24 12:56:00
17345.0,Champions,1586.63,10,2008,2011-11-24 15:03:00
17346.0,Champions,4998.61,26,3439,2011-12-06 12:18:00
17347.0,At Risk,228.96,1,216,2011-09-14 13:12:00
17348.0,Champions,2442.29,9,2766,2011-11-25 11:25:00
17349.0,Loyal Customers,772.41,5,772,2011-06-13 14:29:00
17350.0,Champions,1893.701,7,1178,2011-12-01 15:47:00
17351.0,Champions,1988.23,12,383,2011-11-03 18:45:00
17352.0,Lost,36.25,1,15,2010-01-12 16:13:00
17353.0,Loyal Customers,3242.0,4,2168,2011-08-02 17:19:00
17354.0,Champions,3133.96,4,2531,2011-10-20 10:34:00
17355.0,At Risk,273.31,1,249,2010-11-18 13:18:00
17356.0,Potential Loyalists,946.47,5,925,2011-02-01 11:07:00
17357.0,Potential Loyalists,384.39,2,152,2011-11-15 16:30:00
17358.0,Potential Loyalists,861.01,5,430,2011-02-09 16:57:00
17359.0,Potential Loyalists,284.46,2,237,2011-11-28 14:37:00
17360.0,Loyal Customers,1200.51,6,624,2011-11-22 13:11:00
17361.0,Loyal Customers,871.7900000000001,5,380,2011-10-21 15:43:00
17362.0,Potential Loyalists,1024.04,7,549,2011-04-14 14:43:00
17363.0,Potential Loyalists,920.46,3,499,2010-11-09 17:11:00
17364.0,Champions,11972.92,28,7464,2011-12-09 09:00:00
17365.0,Champions,8184.49,15,8015,2011-11-27 12:13:00
17366.0,Potential Loyalists,1077.24,2,504,2010-10-03 16:04:00
17367.0,At Risk,167.55,1,149,2011-04-15 14:21:00
17368.0,Champions,2758.29,14,2319,2011-11-16 15:26:00
17369.0,At Risk,979.2,1,1152,2010-09-10 09:49:00
17370.0,Potential Loyalists,446.18,4,540,2011-09-28 10:14:00
17371.0,Loyal Customers,655.37,6,281,2011-11-22 13:30:00
17372.0,Champions,4347.31,28,1863,2011-10-30 11:37:00
17373.0,Loyal Customers,1167.5,7,738,2011-10-30 15:28:00
17374.0,Potential Loyalists,727.11,3,155,2011-05-05 09:05:00
17375.0,Potential Loyalists,660.55,4,480,2011-05-24 15:45:00
17376.0,Potential Loyalists,453.64,4,244,2011-09-30 12:36:00
17377.0,Champions,17644.27,78,7335,2011-11-16 11:17:00
17378.0,At Risk,10.95,1,1,2010-11-30 18:46:00
17379.0,Potential Loyalists,389.71999999999997,1,623,2011-11-28 13:56:00
17380.0,Potential Loyalists,645.0,3,252,2010-10-01 16:42:00
17381.0,Champions,36398.65,38,42879,2011-12-01 11:59:00
17382.0,Loyal Customers,902.28,8,457,2011-10-05 13:05:00
17383.0,Loyal Customers,304.09000000000003,2,160,2011-12-05 17:36:00
17384.0,Loyal Customers,507.55,3,121,2011-11-20 15:48:00
17385.0,Potential Loyalists,256.11,1,197,2011-11-25 11:02:00
17386.0,Champions,2812.77,7,1955,2011-12-02 11:28:00
17387.0,Loyal Customers,746.81,2,522,2011-11-20 11:00:00
17388.0,Loyal Customers,2675.37,11,2555,2011-09-23 10:31:00
17389.0,Champions,57215.33,61,17880,2011-12-09 09:38:00
17390.0,Lost,149.3,1,49,2010-10-15 11:29:00
17391.0,Potential Loyalists,508.8,2,480,2011-06-29 09:58:00
17392.0,Potential Loyalists,585.92,3,450,2011-02-06 12:48:00
17393.0,At Risk,381.15000000000003,2,238,2010-10-25 11:10:00
17394.0,At Risk,203.86999999999998,1,241,2011-05-04 13:22:00
17395.0,Lost,97.5,1,66,2010-07-19 15:34:00
17396.0,Champions,8409.6,14,2313,2011-10-31 14:12:00
17397.0,Loyal Customers,1198.28,3,691,2011-11-17 14:08:00
17398.0,Potential Loyalists,653.38,3,310,2011-08-17 09:48:00
17400.0,Champions,4623.28,8,2185,2011-08-05 15:38:00
17401.0,Lost,114.85,1,34,2010-06-16 16:54:00
17402.0,Champions,4635.5599999999995,23,1450,2011-12-05 10:15:00
17403.0,Potential Loyalists,382.87,2,188,2011-11-03 15:18:00
17404.0,Champions,47781.12,23,50679,2011-12-05 16:26:00
17405.0,Loyal Customers,1031.41,3,726,2011-12-08 17:12:00
17406.0,Loyal Customers,4186.95,13,1847,2011-01-10 15:07:00
17407.0,At Risk,552.9,1,426,2010-10-24 11:57:00
17408.0,Potential Loyalists,316.09000000000003,3,163,2011-06-29 12:53:00
17409.0,Champions,7793.51,10,4089,2011-06-08 10:36:00
17410.0,Loyal Customers,1214.72,5,616,2011-11-23 15:46:00
17411.0,Champions,1425.38,5,608,2011-11-27 14:25:00
17412.0,Champions,4220.22,16,2554,2011-12-07 11:36:00
17413.0,Potential Loyalists,560.14,2,302,2010-10-31 12:33:00
17414.0,Loyal Customers,2249.52,6,6256,2011-10-27 12:13:00
17415.0,Potential Loyalists,507.84,1,114,2011-09-21 12:50:00
17416.0,Champions,17298.45,22,8769,2011-11-10 12:47:00
17417.0,Lost,164.18,1,76,2010-06-09 10:00:00
17418.0,Loyal Customers,670.0600000000001,3,521,2011-10-28 13:00:00
17419.0,Champions,6126.25,18,2884,2011-11-28 13:47:00
17420.0,Loyal Customers,953.58,6,446,2011-10-20 14:52:00
17421.0,Potential Loyalists,1059.41,3,807,2010-11-18 16:57:00
17422.0,Champions,3594.76,11,3538,2011-11-23 13:27:00
17423.0,Loyal Customers,1118.95,3,790,2011-10-24 13:36:00
17425.0,Loyal Customers,759.1700000000001,2,407,2011-11-20 15:30:00
17426.0,Champions,8077.77,13,5187,2011-12-01 18:07:00
17427.0,At Risk,100.8,1,34,2011-09-29 11:29:00
17428.0,Champions,31466.760000000002,45,17356,2011-12-09 09:45:00
17429.0,Loyal Customers,1357.46,5,1286,2011-08-03 13:22:00
17430.0,Loyal Customers,622.57,4,455,2011-11-07 09:24:00
17431.0,At Risk,403.3,1,292,2011-01-30 14:36:00
17432.0,Champions,1728.99,9,1008,2011-11-21 17:33:00
17433.0,Potential Loyalists,569.96,2,305,2011-09-12 14:24:00
17434.0,Champions,2373.82,7,1693,2011-12-07 13:16:00
17435.0,At Risk,331.35,1,195,2010-10-24 13:55:00
17436.0,Loyal Customers,534.0600000000001,5,178,2011-12-08 12:30:00
17437.0,At Risk,369.68,1,283,2010-06-28 11:11:00
17438.0,Loyal Customers,1422.77,5,553,2011-03-31 10:26:00
17439.0,At Risk,325.74,1,370,2010-02-22 12:48:00
17440.0,Potential Loyalists,323.58,4,282,2011-07-06 11:54:00
17441.0,At Risk,293.35,1,245,2009-12-07 13:32:00
17442.0,Champions,4620.3,15,3134,2011-11-03 09:17:00
17443.0,At Risk,534.24,1,504,2011-05-04 10:47:00
17444.0,Loyal Customers,2940.04,3,2119,2011-07-15 12:05:00
17446.0,Potential Loyalists,120.89999999999999,2,198,2011-06-16 10:42:00
17447.0,Potential Loyalists,541.53,2,443,2011-10-30 14:18:00
17448.0,Loyal Customers,14523.67,46,11534,2010-07-30 14:07:00
17449.0,Champions,4868.15,13,2483,2011-12-07 16:56:00
17450.0,Champions,244784.25,51,83914,2011-12-01 13:29:00
17451.0,Champions,1721.4,7,1203,2011-12-08 15:02:00
17453.0,Loyal Customers,486.72,2,219,2011-11-22 09:42:00
17454.0,Loyal Customers,1547.94,10,727,2011-05-31 13:58:00
17455.0,At Risk,131.7,1,66,2011-05-20 12:31:00
17456.0,Potential Loyalists,975.5600000000001,2,508,2010-12-09 15:23:00
17457.0,Champions,5984.81,14,2695,2011-08-05 12:48:00
17458.0,Loyal Customers,529.58,2,282,2011-11-24 13:01:00
17459.0,Loyal Customers,657.3,2,537,2011-10-27 13:25:00
17460.0,Loyal Customers,2157.9700000000003,16,954,2011-09-06 15:04:00
17461.0,Loyal Customers,735.82,3,770,2011-11-17 10:21:00
17462.0,Potential Loyalists,675.69,2,227,2011-10-10 13:56:00
17463.0,Champions,2535.26,7,1480,2011-11-23 13:40:00
17464.0,Potential Loyalists,907.1400000000001,3,608,2011-07-04 13:19:00
17465.0,Potential Loyalists,2542.79,7,1477,2010-10-10 11:56:00
17466.0,Loyal Customers,763.28,2,306,2011-11-29 13:15:00
17467.0,At Risk,102.6,1,20,2010-11-09 12:58:00
17468.0,Potential Loyalists,194.8,3,184,2011-11-29 15:33:00
17469.0,Champions,5051.25,17,2304,2011-11-23 13:15:00
17470.0,Champions,2626.47,11,2731,2011-10-26 12:42:00
17471.0,At Risk,321.65000000000003,1,153,2010-08-22 11:53:00
17472.0,Potential Loyalists,922.35,4,551,2011-06-01 14:57:00
17473.0,Potential Loyalists,607.0,2,270,2010-10-27 11:45:00
17474.0,At Risk,1047.0,1,200,2010-04-19 10:43:00
17475.0,At Risk,194.37,1,178,2011-09-21 14:55:00
17476.0,Potential Loyalists,489.86,2,224,2010-11-09 10:21:00
17477.0,Potential Loyalists,1144.3,2,225,2010-04-06 10:06:00
17478.0,Potential Loyalists,1272.8000000000002,2,516,2010-10-27 15:01:00
17479.0,At Risk,389.26000000000005,1,266,2010-03-17 09:26:00
17480.0,Potential Loyalists,882.23,2,581,2011-09-23 11:39:00
17481.0,Champions,1255.59,4,1061,2011-12-06 12:28:00
17482.0,Potential Loyalists,775.64,2,240,2010-08-09 15:33:00
17483.0,Potential Loyalists,591.73,4,265,2011-10-05 13:10:00
17484.0,At Risk,209.57,2,339,2010-05-12 15:41:00
17486.0,At Risk,396.87,1,191,2011-03-23 14:00:00
17487.0,Lost,160.55,1,37,2009-12-11 15:06:00
17488.0,At Risk,336.5,1,136,2010-03-08 14:07:00
17489.0,Potential Loyalists,376.64,2,428,2011-10-12 08:56:00
17490.0,Champions,2750.5,9,1531,2011-12-09 09:08:00
17491.0,Champions,5653.67,17,3362,2011-12-08 16:18:00
17492.0,Potential Loyalists,1122.42,3,450,2011-04-05 15:21:00
17493.0,At Risk,100.91,1,62,2010-11-19 16:57:00
17494.0,Lost,54.7,1,26,2010-07-26 10:06:00
17495.0,Loyal Customers,806.72,3,367,2011-12-02 12:08:00
17496.0,Loyal Customers,1412.89,4,675,2010-12-16 08:39:00
17497.0,Potential Loyalists,287.25,2,59,2010-11-14 14:17:00
17498.0,At Risk,272.21999999999997,1,394,2011-09-25 12:25:00
17499.0,Potential Loyalists,1341.3899999999999,2,1086,2011-02-23 09:14:00
17500.0,Loyal Customers,1138.0,3,17,2011-11-22 14:25:00
17501.0,Potential Loyalists,288.6,2,160,2011-05-03 09:47:00
17502.0,Loyal Customers,689.1,4,376,2011-11-30 13:13:00
17503.0,Loyal Customers,558.96,2,486,2011-12-07 09:18:00
17504.0,Loyal Customers,9490.17,18,5420,2011-05-17 12:59:00
17505.0,Loyal Customers,2435.48,5,1242,2011-07-01 12:50:00
17506.0,Potential Loyalists,302.2,1,139,2011-09-25 11:39:00
17507.0,Potential Loyalists,605.58,2,359,2011-03-23 11:48:00
17508.0,Loyal Customers,4579.23,8,2891,2011-03-04 08:10:00
17509.0,Champions,6083.64,8,3512,2011-10-13 10:26:00
17510.0,Potential Loyalists,514.56,2,422,2011-11-15 10:00:00
17511.0,Champions,172132.87,60,117174,2011-12-07 10:12:00
17512.0,Champions,5467.820000000001,18,5434,2011-11-11 12:11:00
17513.0,Potential Loyalists,1158.8,3,440,2011-09-28 16:42:00
17514.0,Potential Loyalists,522.0,2,284,2011-08-03 15:45:00
17515.0,Champions,1602.51,9,527,2011-11-08 14:04:00
17516.0,Loyal Customers,947.5,6,522,2011-11-24 16:51:00
17517.0,At Risk,153.94,1,102,2011-02-04 11:48:00
17518.0,At Risk,329.42,2,267,2010-10-10 12:40:00
17519.0,Champions,4774.17,15,3230,2011-11-22 16:43:00
17520.0,Potential Loyalists,546.81,1,365,2011-10-17 12:04:00
17521.0,Loyal Customers,1278.06,5,806,2011-11-10 11:22:00
17522.0,Loyal Customers,1070.71,5,1034,2011-12-08 12:31:00
17523.0,Loyal Customers,652.74,4,872,2011-11-28 13:20:00
17524.0,Potential Loyalists,539.14,3,362,2010-12-13 14:32:00
17525.0,Potential Loyalists,1161.9,3,338,2010-12-15 12:05:00
17526.0,Champions,3939.24,12,1442,2011-12-05 11:05:00
17527.0,Loyal Customers,939.37,4,488,2011-10-17 12:32:00
17528.0,Champions,3628.5,8,2138,2011-12-08 13:27:00
17529.0,Potential Loyalists,1240.25,2,790,2010-04-08 17:51:00
17530.0,Champions,2791.69,12,1741,2011-12-08 18:42:00
17531.0,Potential Loyalists,1266.82,3,472,2011-06-02 19:17:00
17532.0,At Risk,65.34,1,30,2010-11-19 08:13:00
17533.0,Lost,34.8,1,24,2010-10-01 09:14:00
17534.0,Loyal Customers,1668.83,5,860,2011-10-17 12:47:00
17535.0,At Risk,164.4,1,136,2011-03-04 15:20:00
17536.0,Potential Loyalists,364.83,3,201,2011-06-15 13:23:00
17537.0,Loyal Customers,887.6700000000001,2,699,2011-11-10 10:56:00
17538.0,Potential Loyalists,98.42,1,134,2011-11-14 12:12:00
17539.0,Potential Loyalists,1176.84,4,708,2010-04-01 12:07:00
17540.0,Loyal Customers,1590.6000000000001,6,588,2011-11-15 11:56:00
17541.0,Lost,119.86,1,44,2010-07-18 11:36:00
17542.0,Potential Loyalists,340.85,3,323,2011-03-15 11:45:00
17543.0,Lost,120.05,1,62,2010-06-08 12:41:00
17544.0,Potential Loyalists,944.82,3,410,2010-11-14 15:08:00
17545.0,Loyal Customers,1409.8600000000001,6,682,2011-10-27 14:04:00
17547.0,Potential Loyalists,727.85,2,223,2010-11-29 09:41:00
17548.0,Potential Loyalists,731.26,4,494,2011-04-20 12:01:00
17549.0,Potential Loyalists,148.86,2,210,2011-11-16 09:59:00
17550.0,Loyal Customers,2506.64,9,968,2011-05-26 14:09:00
17551.0,At Risk,290.34,1,142,2010-12-15 14:12:00
17552.0,Loyal Customers,2786.77,12,1951,2011-10-10 17:00:00
17553.0,Loyal Customers,3757.6,4,2288,2011-08-02 10:00:00
17554.0,Champions,1952.45,5,1763,2011-12-08 14:15:00
17555.0,Loyal Customers,1045.74,5,739,2011-11-20 12:22:00
17556.0,Potential Loyalists,300.67,2,184,2011-05-18 10:48:00
17557.0,Loyal Customers,575.46,4,310,2011-11-25 12:57:00
17558.0,At Risk,259.17,1,54,2010-11-11 14:36:00
17559.0,Lost,167.62,1,270,2010-07-15 12:02:00
17560.0,Loyal Customers,1895.8,8,1588,2011-09-06 09:18:00
17561.0,Loyal Customers,703.02,4,381,2011-11-20 12:53:00
17562.0,Loyal Customers,1122.38,7,817,2011-11-25 14:21:00
17563.0,At Risk,392.38,2,256,2010-05-10 14:54:00
17564.0,Potential Loyalists,454.01,3,146,2011-11-15 13:27:00
17565.0,Lost,131.83,1,67,2010-05-02 11:54:00
17566.0,Loyal Customers,869.77,2,497,2011-12-01 19:54:00
17567.0,Champions,4838.08,9,2908,2011-12-02 15:48:00
17568.0,At Risk,374.45,1,275,2010-03-16 16:45:00
17569.0,At Risk,344.14,1,159,2011-01-11 14:15:00
17570.0,At Risk,100.0,1,1,2010-11-23 11:56:00
17571.0,Loyal Customers,1630.91,5,991,2011-10-20 15:57:00
17572.0,Loyal Customers,652.21,10,327,2011-09-29 17:53:00
17573.0,Potential Loyalists,380.6,3,308,2011-11-10 13:01:00
17574.0,At Risk,185.65,1,77,2011-04-11 09:47:00
17575.0,Lost,171.7,1,72,2010-02-10 13:48:00
17576.0,Champions,8711.95,41,4583,2011-12-01 17:56:00
17577.0,At Risk,348.75,2,179,2010-03-04 13:01:00
17578.0,Potential Loyalists,1047.33,7,529,2011-05-05 18:38:00
17579.0,Loyal Customers,753.28,4,375,2011-12-05 12:28:00
17580.0,Potential Loyalists,541.02,5,223,2011-04-01 12:41:00
17581.0,Champions,17951.17,43,9519,2011-12-09 12:21:00
17582.0,Loyal Customers,1446.95,5,603,2011-04-17 13:18:00
17583.0,Lost,135.95,1,55,2010-05-28 14:24:00
17584.0,Champions,5309.42,6,2464,2011-12-02 17:12:00
17585.0,Loyal Customers,2064.71,7,2510,2011-08-22 13:30:00
17586.0,Lost,167.4,1,68,2010-03-30 13:12:00
17587.0,Lost,176.71,1,67,2010-03-21 14:16:00
17588.0,Loyal Customers,2939.55,7,1379,2011-08-31 13:37:00
17589.0,Champions,13837.94,18,8704,2011-10-10 16:58:00
17590.0,Loyal Customers,1468.02,3,822,2011-12-07 12:55:00
17591.0,Loyal Customers,2339.32,8,1028,2011-09-27 13:42:00
17592.0,Lost,148.3,1,38,2009-12-01 10:49:00
17593.0,Champions,8092.32,11,5595,2011-12-06 10:30:00
17594.0,Loyal Customers,2497.88,4,1368,2011-09-15 16:34:00
17595.0,Loyal Customers,386.69,2,228,2011-11-27 16:08:00
17596.0,Champions,4491.46,13,7010,2011-11-16 14:11:00
17597.0,Loyal Customers,3484.09,5,2215,2011-05-10 11:54:00
17598.0,At Risk,409.98,1,126,2010-11-23 17:43:00
17599.0,Lost,52.05,1,11,2010-08-19 12:50:00
17600.0,Potential Loyalists,161.67000000000002,1,144,2011-11-22 09:43:00
17601.0,Potential Loyalists,413.08,2,295,2011-04-14 18:02:00
17602.0,Champions,7354.43,14,5880,2011-12-07 13:53:00
17603.0,Loyal Customers,1788.38,4,638,2011-09-22 14:18:00
17604.0,Potential Loyalists,942.38,6,614,2011-05-06 13:43:00
17605.0,Lost,160.75,1,71,2010-04-28 14:45:00
17606.0,Lost,87.30000000000001,1,42,2009-12-02 13:32:00
17607.0,At Risk,333.81,1,269,2010-11-28 13:11:00
17608.0,Loyal Customers,488.06,4,528,2011-11-06 13:06:00
17609.0,Champions,1887.8999999999999,11,1321,2011-10-30 12:28:00
17610.0,Potential Loyalists,1511.94,5,893,2010-06-17 16:34:00
17611.0,Champions,8337.53,28,5341,2011-12-02 13:29:00
17612.0,Champions,5394.86,18,3521,2011-10-17 14:59:00
17613.0,Champions,4544.55,14,2490,2011-11-17 10:51:00
17614.0,Potential Loyalists,386.32,1,235,2011-10-13 16:01:00
17615.0,Loyal Customers,721.8000000000001,6,378,2011-08-01 14:06:00
17616.0,Loyal Customers,734.4,4,288,2011-06-19 10:11:00
17617.0,At Risk,385.19,1,249,2010-05-30 12:48:00
17618.0,Champions,4001.64,11,1798,2011-12-04 11:50:00
17619.0,At Risk,214.37,1,124,2011-01-31 14:18:00
17620.0,At Risk,81.44,1,60,2011-10-11 12:08:00
17621.0,Champions,3175.12,6,1110,2011-11-18 17:11:00
17622.0,Potential Loyalists,1130.21,2,379,2010-04-21 12:36:00
17623.0,Loyal Customers,2365.77,7,799,2011-11-07 11:32:00
17624.0,Champions,1568.63,4,958,2011-11-25 10:52:00
17625.0,Champions,5978.9,8,3505,2011-11-21 13:36:00
17626.0,Lost,254.0,1,202,2010-04-16 12:15:00
17627.0,At Risk,296.36,1,676,2010-08-18 11:27:00
17628.0,At Risk,75.75,1,79,2011-09-19 15:21:00
17629.0,Champions,2455.52,10,1903,2011-12-04 10:56:00
17630.0,Potential Loyalists,503.6,2,158,2011-06-23 11:58:00
17631.0,Loyal Customers,998.49,7,591,2011-12-08 09:47:00
17633.0,Loyal Customers,2057.39,7,899,2011-11-08 13:25:00
17634.0,Champions,2358.59,9,838,2011-11-03 13:09:00
17635.0,Potential Loyalists,1265.58,3,770,2010-10-11 15:12:00
17636.0,Potential Loyalists,285.56,1,182,2011-11-20 14:40:00
17637.0,Potential Loyalists,547.0600000000001,2,280,2011-11-08 12:51:00
17638.0,Potential Loyalists,842.4000000000001,2,432,2010-03-02 14:32:00
17639.0,Potential Loyalists,615.17,6,576,2011-03-08 15:22:00
17640.0,Loyal Customers,3168.94,6,1692,2011-09-14 09:13:00
17642.0,Loyal Customers,1824.49,5,1475,2011-08-12 09:11:00
17643.0,Potential Loyalists,439.7,2,226,2010-12-01 14:38:00
17644.0,Champions,6028.6,20,3469,2011-12-08 13:43:00
17646.0,Loyal Customers,3898.79,12,1308,2011-05-04 13:17:00
17647.0,Potential Loyalists,331.65999999999997,3,82,2011-10-05 15:38:00
17648.0,Loyal Customers,2216.37,5,954,2011-10-10 09:41:00
17649.0,Loyal Customers,1578.89,3,723,2011-07-24 15:53:00
17650.0,Potential Loyalists,166.07999999999998,1,150,2011-11-18 14:52:00
17651.0,Champions,5703.52,16,4086,2011-11-28 10:29:00
17652.0,Champions,4867.72,12,2509,2011-11-14 12:55:00
17653.0,Loyal Customers,1207.56,4,1409,2011-11-03 12:46:00
17654.0,At Risk,117.55,1,41,2011-03-07 13:17:00
17655.0,Champions,2976.38,9,1268,2011-11-29 11:34:00
17656.0,Loyal Customers,1674.69,5,1399,2011-09-27 13:04:00
17657.0,Lost,126.0,1,60,2010-10-05 14:52:00
17658.0,Potential Loyalists,595.42,2,616,2011-11-14 12:07:00
17659.0,Champions,3586.9900000000002,14,1752,2011-11-22 13:29:00
17660.0,Potential Loyalists,342.22,2,259,2011-07-21 13:37:00
17662.0,At Risk,412.92,2,184,2010-02-16 09:38:00
17663.0,Champions,5175.83,17,2297,2011-11-14 08:56:00
17664.0,Loyal Customers,1166.23,4,1058,2011-11-21 11:29:00
17665.0,At Risk,563.1,1,690,2010-08-03 13:12:00
17666.0,Champions,2047.8,5,1552,2011-12-06 09:06:00
17667.0,Champions,3950.7,9,2192,2011-10-04 14:32:00
17668.0,Loyal Customers,347.75,2,93,2011-12-08 13:25:00
17669.0,Champions,6142.35,10,3505,2011-10-28 08:53:00
17670.0,At Risk,205.7,1,110,2011-04-26 09:12:00
17671.0,Champions,2009.16,5,987,2011-11-24 12:21:00
17672.0,Champions,5778.63,7,2758,2011-10-20 14:18:00
17673.0,Champions,4173.88,13,3284,2011-12-08 12:50:00
17674.0,Potential Loyalists,551.04,2,672,2011-09-26 13:35:00
17675.0,Champions,37642.48,70,16180,2011-12-08 18:03:00
17676.0,Champions,2448.64,10,1764,2011-12-05 15:16:00
17677.0,Champions,35058.46,54,20921,2011-12-08 09:56:00
17678.0,Potential Loyalists,599.76,2,368,2011-03-21 11:52:00
17679.0,Champions,3577.61,7,1755,2011-10-18 07:43:00
17680.0,Potential Loyalists,497.45000000000005,3,155,2011-11-16 12:42:00
17681.0,Potential Loyalists,731.2,5,450,2010-04-21 17:22:00
17682.0,Champions,4065.28,11,2281,2011-11-29 15:59:00
17683.0,Potential Loyalists,819.01,3,781,2010-11-19 10:11:00
17684.0,Potential Loyalists,239.41,1,145,2011-10-27 11:10:00
17685.0,Champions,5454.95,12,3474,2011-11-23 11:36:00
17686.0,Champions,8296.81,9,3583,2011-12-02 15:39:00
17687.0,At Risk,432.68,1,210,2010-10-15 12:30:00
17688.0,At Risk,304.2,1,114,2010-11-11 10:41:00
17689.0,Potential Loyalists,317.08,2,300,2010-11-16 13:22:00
17690.0,Champions,6963.8,20,2939,2011-11-09 15:17:00
17691.0,Potential Loyalists,637.55,4,315,2010-12-16 17:20:00
17692.0,Champions,2975.8,12,2338,2011-08-04 14:01:00
17693.0,At Risk,200.47,1,231,2011-07-25 15:48:00
17694.0,Loyal Customers,1695.97,3,1493,2011-07-21 12:00:00
17695.0,Loyal Customers,1746.04,5,1809,2011-07-31 10:40:00
17696.0,Champions,7679.59,27,5891,2011-11-01 13:43:00
17697.0,At Risk,338.95,1,93,2011-04-17 15:40:00
17698.0,At Risk,154.95,1,93,2011-03-24 11:34:00
17699.0,At Risk,442.0,2,208,2010-08-20 09:39:00
17700.0,Champions,6679.97,14,3469,2011-11-23 11:51:00
17701.0,At Risk,417.95,1,109,2011-04-01 12:25:00
17702.0,Champions,3144.04,6,2153,2011-11-09 16:03:00
17703.0,Loyal Customers,1094.84,4,897,2011-11-04 15:51:00
17704.0,Potential Loyalists,885.19,2,343,2011-06-24 09:40:00
17705.0,Champions,2083.9,11,1301,2011-12-06 13:45:00
17706.0,Champions,20272.15,31,7824,2011-12-05 13:34:00
17707.0,Loyal Customers,609.3,8,546,2011-06-07 15:03:00
17708.0,Loyal Customers,884.1800000000001,4,387,2011-06-05 10:12:00
17709.0,Loyal Customers,671.01,5,295,2011-06-23 11:55:00
17710.0,At Risk,293.5,1,158,2010-10-12 07:49:00
17711.0,Loyal Customers,385.1,2,246,2011-11-29 11:40:00
17712.0,Potential Loyalists,522.91,1,215,2011-10-26 12:28:00
17713.0,Potential Loyalists,1198.09,4,989,2010-11-22 16:50:00
17714.0,Loyal Customers,1410.18,5,608,2011-01-23 10:32:00
17715.0,Potential Loyalists,489.59999999999997,2,576,2011-05-23 12:32:00
17716.0,Champions,15956.970000000001,24,8819,2011-11-17 12:00:00
17717.0,At Risk,376.92,1,344,2010-10-14 12:54:00
17718.0,Potential Loyalists,439.18,2,274,2011-04-21 13:39:00
17719.0,Champions,5396.04,15,2466,2011-11-02 10:36:00
17720.0,Champions,2666.91,10,1589,2011-11-13 15:04:00
17721.0,At Risk,307.21000000000004,1,107,2010-02-18 15:18:00
17722.0,Loyal Customers,3520.2200000000003,5,2412,2011-09-04 15:22:00
17723.0,Loyal Customers,3378.4000000000005,7,912,2011-08-04 18:37:00
17724.0,Potential Loyalists,1033.0,3,300,2011-09-29 15:26:00
17725.0,Champions,3439.08,11,2162,2011-11-23 16:34:00
17726.0,Potential Loyalists,1092.06,7,444,2010-11-09 13:37:00
17727.0,Loyal Customers,1060.25,1,645,2011-11-24 17:06:00
17728.0,Champions,4238.76,5,2146,2011-12-06 08:52:00
17729.0,At Risk,438.65000000000003,1,247,2010-04-22 15:03:00
17730.0,Champions,7773.8,20,5300,2011-12-06 15:43:00
17731.0,Loyal Customers,1708.99,6,707,2011-09-21 15:02:00
17732.0,Loyal Customers,2166.42,8,1058,2010-12-02 09:29:00
17733.0,Loyal Customers,692.19,2,463,2011-11-01 08:16:00
17734.0,Loyal Customers,1442.32,6,741,2011-10-17 12:33:00
17735.0,Champions,16790.33,26,10683,2011-12-07 16:47:00
17736.0,Loyal Customers,377.44,3,238,2011-11-30 15:36:00
17737.0,Potential Loyalists,168.24,2,108,2011-11-30 15:16:00
17738.0,Champions,4183.56,13,2776,2011-11-20 15:05:00
17739.0,Champions,7730.59,18,2335,2011-11-28 09:12:00
17740.0,Potential Loyalists,426.90000000000003,6,222,2010-11-15 16:33:00
17741.0,At Risk,101.1,2,114,2010-10-29 11:59:00
17742.0,Loyal Customers,2098.48,11,653,2011-08-18 15:28:00
17743.0,Lost,229.2,1,96,2010-09-17 14:54:00
17744.0,Champions,2649.14,7,3826,2011-12-06 12:11:00
17745.0,At Risk,600.34,2,164,2010-08-19 12:30:00
17746.0,Potential Loyalists,904.1800000000001,4,688,2011-04-13 14:31:00
17747.0,At Risk,71.4,1,12,2011-08-19 08:13:00
17748.0,At Risk,358.15,1,111,2010-06-30 13:49:00
17749.0,Potential Loyalists,1026.18,3,446,2011-06-14 15:45:00
17750.0,Champions,1710.45,9,3747,2011-12-04 14:09:00
17751.0,Lost,157.85999999999999,1,147,2010-10-14 13:57:00
17752.0,At Risk,80.64,1,192,2010-12-15 16:19:00
17753.0,Potential Loyalists,382.06,4,124,2010-09-01 15:49:00
17754.0,Champions,4451.22,13,4366,2011-12-09 11:20:00
17756.0,Potential Loyalists,728.75,3,399,2010-11-29 12:20:00
17757.0,Champions,9074.05,56,5011,2011-12-08 15:31:00
17758.0,Champions,4964.03,12,3199,2011-11-20 14:45:00
17759.0,Champions,1261.88,5,965,2011-11-22 16:02:00
17760.0,Loyal Customers,746.39,6,531,2011-11-18 10:56:00
17761.0,Potential Loyalists,712.78,1,398,2011-11-07 10:23:00
17762.0,Lost,129.75,1,129,2010-09-09 17:40:00
17763.0,Potential Loyalists,86.15,4,41,2011-03-21 14:25:00
17764.0,Loyal Customers,1513.57,5,674,2011-10-20 11:03:00
17765.0,Potential Loyalists,524.0,4,195,2011-07-04 12:41:00
17766.0,Potential Loyalists,299.61,2,155,2010-11-23 14:29:00
17767.0,Loyal Customers,413.05,2,198,2011-11-24 14:42:00
17768.0,Champions,3292.73,7,2339,2011-12-01 13:22:00
17769.0,Champions,7053.38,17,3157,2011-11-27 11:18:00
17770.0,Potential Loyalists,1143.27,5,365,2011-05-25 12:34:00
17771.0,Loyal Customers,387.41,4,373,2011-10-14 11:43:00
17772.0,Loyal Customers,360.75,3,113,2011-11-29 11:05:00
17773.0,At Risk,575.37,2,254,2010-07-13 14:07:00
17774.0,Champions,3273.83,9,1585,2011-09-04 12:49:00
17775.0,At Risk,56.4,1,72,2011-03-30 10:50:00
17776.0,Potential Loyalists,330.56,2,273,2010-11-18 12:14:00
17777.0,Loyal Customers,647.56,3,501,2011-11-15 12:02:00
17778.0,Lost,197.70000000000002,1,214,2010-02-16 12:44:00
17779.0,Loyal Customers,650.32,3,396,2011-11-18 14:15:00
17780.0,At Risk,346.56,3,156,2010-02-10 13:43:00
17781.0,Potential Loyalists,188.02,2,34,2011-07-03 16:00:00
17782.0,Potential Loyalists,679.02,2,538,2010-11-22 11:15:00
17783.0,Potential Loyalists,376.96,3,438,2011-09-28 16:07:00
17784.0,Lost,112.86,1,72,2010-06-07 16:08:00
17785.0,Potential Loyalists,403.38,3,227,2011-10-17 13:43:00
17786.0,Potential Loyalists,266.85,2,195,2011-09-15 12:51:00
17787.0,Loyal Customers,1817.54,4,896,2011-07-10 11:24:00
17788.0,Potential Loyalists,1117.9,2,211,2011-09-27 10:09:00
17789.0,Potential Loyalists,397.15,2,199,2011-03-03 13:14:00
17790.0,Champions,2779.41,20,1387,2011-11-13 11:30:00
17791.0,Potential Loyalists,106.1,1,46,2011-11-10 12:09:00
17792.0,At Risk,368.35,2,149,2010-08-29 14:30:00
17793.0,Potential Loyalists,300.34,1,226,2011-11-14 14:24:00
17794.0,At Risk,147.3,2,46,2010-01-22 10:18:00
17795.0,Potential Loyalists,342.83,2,305,2011-06-13 12:36:00
17796.0,Loyal Customers,1236.39,7,347,2011-10-30 15:38:00
17797.0,Champions,1971.8700000000001,8,1086,2011-11-17 13:21:00
17798.0,Lost,178.07,1,138,2010-05-07 11:42:00
17799.0,Champions,6246.93,20,3674,2011-11-17 15:16:00
17800.0,Loyal Customers,1187.21,9,732,2011-11-02 12:57:00
17801.0,Potential Loyalists,770.03,3,820,2010-09-14 14:32:00
17802.0,Champions,4946.22,10,2705,2011-09-18 14:56:00
17803.0,At Risk,184.66,1,98,2010-11-12 13:53:00
17804.0,Potential Loyalists,383.78000000000003,3,194,2010-11-28 14:01:00
17805.0,Potential Loyalists,927.03,2,1126,2011-09-27 11:49:00
17806.0,Potential Loyalists,546.04,1,727,2011-11-28 14:12:00
17807.0,Potential Loyalists,437.87,3,262,2010-11-09 16:21:00
17808.0,At Risk,262.64,4,143,2010-06-09 10:44:00
17809.0,Champions,10085.89,20,2995,2011-11-23 12:59:00
17810.0,At Risk,373.16,2,118,2010-02-09 10:47:00
17811.0,Champions,9519.8,47,5278,2011-12-05 13:46:00
17812.0,Loyal Customers,911.99,7,444,2011-11-27 11:47:00
17813.0,Champions,1698.07,5,752,2011-11-25 16:13:00
17814.0,Potential Loyalists,1609.37,2,1435,2010-11-29 14:21:00
17815.0,At Risk,591.96,1,612,2010-11-11 14:39:00
17816.0,Potential Loyalists,96.11,6,80,2011-11-03 11:34:00
17817.0,Loyal Customers,788.15,6,353,2011-12-05 14:39:00
17818.0,Lost,124.78,1,86,2009-12-02 11:34:00
17819.0,Champions,6021.05,12,1610,2011-09-29 10:52:00
17820.0,At Risk,180.60999999999999,1,111,2010-11-30 17:43:00
17821.0,At Risk,334.62,1,162,2010-10-29 13:20:00
17822.0,Potential Loyalists,2162.93,5,1375,2010-10-15 13:47:00
17823.0,At Risk,449.25,2,252,2010-10-14 16:24:00
17824.0,Potential Loyalists,298.4,1,408,2011-10-19 14:14:00
17825.0,Potential Loyalists,701.96,4,516,2010-04-20 12:01:00
17826.0,At Risk,133.34,1,84,2010-11-30 13:23:00
17827.0,Champions,2376.17,6,1582,2011-12-04 15:00:00
17828.0,Loyal Customers,1820.09,4,667,2011-11-17 08:41:00
17829.0,Loyal Customers,4756.74,5,3009,2011-02-14 12:46:00
17830.0,Loyal Customers,398.7,3,92,2011-12-08 12:28:00
17831.0,Potential Loyalists,35.400000000000006,1,12,2011-11-06 15:09:00
17832.0,Potential Loyalists,155.37,1,208,2011-10-21 11:43:00
17833.0,At Risk,338.46000000000004,1,143,2009-12-16 13:40:00
17834.0,Potential Loyalists,689.6700000000001,2,639,2010-10-21 12:09:00
17835.0,Loyal Customers,342.24,3,344,2011-12-07 11:48:00
17836.0,Potential Loyalists,110.21000000000001,1,88,2011-10-23 16:13:00
17837.0,Champions,1541.23,8,510,2011-10-28 16:13:00
17838.0,Champions,5604.64,13,3491,2011-11-13 11:20:00
17839.0,Potential Loyalists,318.15,1,257,2011-10-28 17:27:00
17840.0,Lost,175.9,1,128,2010-09-22 12:24:00
17841.0,Champions,68545.25,211,36584,2011-12-08 12:07:00
17842.0,At Risk,430.69,1,89,2010-04-16 14:23:00
17843.0,Potential Loyalists,320.4,2,251,2011-02-09 15:33:00
17844.0,At Risk,51.559999999999995,1,52,2011-08-25 11:27:00
17845.0,Potential Loyalists,596.09,4,195,2010-06-02 15:20:00
17846.0,Potential Loyalists,2033.1,1,1,2011-09-15 15:20:00
17847.0,At Risk,129.69,2,29,2010-07-12 10:00:00
17848.0,Champions,3559.11,30,1404,2011-09-19 16:49:00
17849.0,Loyal Customers,1063.76,8,224,2011-05-05 13:46:00
17850.0,Loyal Customers,51208.87,155,21052,2010-12-02 15:27:00
17851.0,Potential Loyalists,1552.35,6,933,2010-10-13 15:13:00
17852.0,Loyal Customers,657.8100000000001,5,372,2011-11-28 12:36:00
17853.0,Potential Loyalists,1596.29,3,625,2010-10-28 15:29:00
17854.0,Loyal Customers,1068.5,6,607,2011-06-07 16:21:00
17855.0,At Risk,208.97,1,197,2010-12-02 09:44:00
17856.0,Champions,1418.03,4,842,2011-12-08 09:40:00
17857.0,Champions,27347.04,24,19906,2011-12-05 13:13:00
17858.0,Champions,12518.65,30,5383,2011-12-04 11:56:00
17859.0,At Risk,141.92,1,102,2011-02-08 10:32:00
17860.0,Potential Loyalists,717.39,4,696,2010-12-06 12:41:00
17861.0,Champions,5088.29,18,4541,2011-12-06 16:21:00
17862.0,Loyal Customers,1254.89,4,440,2011-01-20 12:23:00
17863.0,Champions,5360.4800000000005,12,4676,2011-10-11 13:45:00
17864.0,Loyal Customers,876.57,5,1015,2011-11-27 11:15:00
17865.0,Champions,26312.190000000002,46,12950,2011-11-09 12:08:00
17866.0,Potential Loyalists,1134.95,3,535,2011-07-20 11:07:00
17867.0,Champions,1582.0500000000002,15,638,2011-11-09 14:15:00
17868.0,At Risk,227.15,1,85,2010-11-18 18:55:00
17869.0,Loyal Customers,813.64,7,491,2011-08-24 16:16:00
17870.0,Champions,2753.29,13,1699,2011-12-07 15:07:00
17871.0,Potential Loyalists,1068.95,5,665,2011-05-19 11:32:00
17872.0,At Risk,235.87,1,176,2010-11-23 12:02:00
17873.0,Champions,6265.33,18,4159,2011-09-20 16:41:00
17874.0,Loyal Customers,683.46,6,221,2011-06-07 12:54:00
17875.0,Lost,167.1,1,98,2010-01-20 15:30:00
17876.0,Loyal Customers,3424.02,3,1958,2010-11-05 10:52:00
17877.0,At Risk,237.61,1,98,2011-06-22 13:00:00
17878.0,Loyal Customers,1378.93,3,1014,2011-10-27 11:24:00
17879.0,At Risk,178.52,1,45,2011-06-19 12:36:00
17880.0,Potential Loyalists,824.9200000000001,3,466,2010-12-10 10:21:00
17881.0,At Risk,133.35,1,32,2011-02-08 17:16:00
17882.0,Potential Loyalists,291.56,2,130,2010-11-25 14:40:00
17883.0,Loyal Customers,988.42,7,476,2011-12-06 17:49:00
17884.0,Champions,2698.47,20,2749,2011-12-06 11:33:00
17885.0,Potential Loyalists,156.34,1,110,2011-11-27 14:40:00
17886.0,Loyal Customers,1572.55,6,711,2011-11-08 10:09:00
17887.0,At Risk,111.35,1,30,2011-08-02 17:29:00
17888.0,Champions,1807.44,25,1536,2011-11-18 13:45:00
17889.0,Potential Loyalists,746.42,7,403,2011-05-11 16:26:00
17890.0,Potential Loyalists,586.89,2,402,2011-01-21 11:19:00
17891.0,At Risk,203.85999999999999,1,393,2011-06-30 20:08:00
17892.0,Potential Loyalists,244.1,3,109,2011-10-14 16:49:00
17893.0,At Risk,107.21,1,149,2011-04-28 13:50:00
17894.0,Loyal Customers,2304.58,18,938,2011-09-29 09:23:00
17895.0,Potential Loyalists,95.45,1,127,2011-10-26 17:00:00
17896.0,Potential Loyalists,256.32,1,288,2011-11-16 13:59:00
17897.0,Loyal Customers,2099.89,9,864,2011-06-20 11:23:00
17898.0,Potential Loyalists,299.18,4,251,2011-09-15 14:56:00
17899.0,At Risk,154.55,1,170,2011-07-03 14:58:00
17900.0,At Risk,112.19999999999999,2,73,2011-06-02 14:38:00
17901.0,Potential Loyalists,260.08,3,38,2011-11-10 17:29:00
17902.0,Lost,216.4,1,526,2010-06-11 12:25:00
17903.0,At Risk,381.09000000000003,1,142,2010-11-10 15:39:00
17904.0,Potential Loyalists,181.07,1,59,2011-11-18 12:57:00
17905.0,Loyal Customers,2178.87,13,1299,2011-09-29 17:33:00
17906.0,At Risk,72.9,1,26,2011-04-06 17:25:00
17907.0,At Risk,291.76,1,1046,2010-03-09 12:33:00
17908.0,Potential Loyalists,1142.47,5,670,2010-12-01 11:45:00
17909.0,Lost,110.05,1,35,2009-12-02 13:10:00
17910.0,Lost,261.7,1,121,2009-12-13 16:04:00
17911.0,Potential Loyalists,366.23,1,223,2011-11-30 14:52:00
17912.0,Potential Loyalists,374.55,6,215,2011-02-02 14:25:00
17913.0,Champions,3429.29,14,1725,2011-10-12 10:45:00
17914.0,Potential Loyalists,329.36,1,457,2011-12-06 11:58:00
17915.0,Lost,225.78,1,184,2010-06-06 13:22:00
17916.0,At Risk,43.87,2,90,2010-03-21 12:26:00
17917.0,Potential Loyalists,335.03,3,184,2011-10-25 13:20:00
17918.0,At Risk,396.39,3,352,2010-07-27 11:51:00
17919.0,Loyal Customers,1840.3200000000002,2,1452,2011-09-12 13:41:00
17920.0,Champions,23581.78,54,12265,2011-12-05 14:29:00
17921.0,Loyal Customers,2394.36,10,991,2011-10-06 18:56:00
17922.0,Lost,170.4,1,49,2010-06-14 16:32:00
17923.0,Potential Loyalists,497.0,3,140,2011-03-02 15:15:00
17924.0,Champions,3257.7000000000003,8,1208,2011-11-28 09:11:00
17925.0,At Risk,244.08,1,72,2010-12-02 10:10:00
17926.0,Loyal Customers,1035.49,5,572,2011-07-29 14:39:00
17927.0,At Risk,294.0,1,108,2009-12-18 11:03:00
17928.0,Potential Loyalists,341.24,3,222,2011-10-25 13:52:00
17929.0,Champions,3082.1,12,434,2011-11-28 16:01:00
17930.0,Champions,4275.22,13,3795,2011-11-04 10:23:00
17931.0,Champions,3402.2400000000002,14,1919,2011-07-28 18:33:00
17932.0,Loyal Customers,1331.57,3,789,2011-11-10 19:49:00
17933.0,Lost,114.69,1,63,2010-03-17 15:11:00
17934.0,Loyal Customers,1049.15,3,628,2011-10-19 11:16:00
17935.0,Loyal Customers,686.14,7,244,2011-07-24 13:18:00
17936.0,Potential Loyalists,380.13,1,257,2011-12-04 13:32:00
17937.0,Champions,4301.22,7,1754,2011-12-01 11:45:00
17938.0,Lost,144.29,1,53,2010-10-15 14:27:00
17939.0,At Risk,99.14,1,40,2011-07-03 12:27:00
17940.0,Champions,30306.79,16,85148,2011-10-21 13:27:00
17941.0,Loyal Customers,1433.28,4,1108,2011-08-01 08:30:00
17942.0,Potential Loyalists,77.50000000000001,1,38,2011-12-02 10:45:00
17944.0,Lost,74.99,1,84,2010-10-12 16:25:00
17945.0,At Risk,360.35,3,244,2010-01-12 11:40:00
17946.0,At Risk,149.57999999999998,2,75,2011-04-20 17:00:00
17947.0,Potential Loyalists,176.68,1,168,2011-11-02 13:05:00
17948.0,Potential Loyalists,358.56000000000006,1,144,2011-07-15 12:58:00
17949.0,Champions,117314.08,118,60538,2011-12-08 18:46:00
17950.0,Loyal Customers,1166.29,7,659,2011-09-28 15:18:00
17951.0,Loyal Customers,1340.5800000000002,4,780,2011-10-31 12:30:00
17952.0,Potential Loyalists,788.46,4,477,2010-11-26 13:54:00
17953.0,Lost,159.17000000000002,1,98,2010-06-17 15:08:00
17954.0,Champions,3804.38,19,3180,2011-12-04 14:15:00
17955.0,Potential Loyalists,949.9,6,681,2011-05-25 12:00:00
17956.0,At Risk,12.75,1,1,2011-04-04 13:47:00
17957.0,At Risk,111.68,1,287,2011-10-04 14:58:00
17958.0,Potential Loyalists,973.88,2,284,2011-08-15 12:19:00
17959.0,Lost,140.75,1,49,2010-04-26 14:12:00
17960.0,Potential Loyalists,135.08,3,60,2011-06-21 14:15:00
17961.0,Champions,2866.74,100,1491,2011-11-18 16:55:00
17962.0,Loyal Customers,666.96,4,633,2011-07-20 14:16:00
17963.0,Potential Loyalists,643.16,4,341,2010-08-25 15:58:00
17964.0,Potential Loyalists,463.21,2,294,2011-11-08 10:44:00
17965.0,Champions,7006.65,29,4383,2011-11-02 09:31:00
17966.0,Champions,1963.92,10,3918,2011-11-02 10:26:00
17967.0,At Risk,223.42,2,111,2010-12-03 11:19:00
17968.0,Potential Loyalists,590.44,4,352,2010-12-01 12:23:00
17969.0,Loyal Customers,2354.29,20,1014,2011-06-26 13:00:00
17970.0,At Risk,562.79,1,513,2011-05-12 20:03:00
17971.0,Lost,161.94,1,62,2010-06-09 14:04:00
17972.0,At Risk,135.19,1,36,2011-04-12 12:16:00
17973.0,Potential Loyalists,337.04,1,176,2011-10-19 10:34:00
17974.0,Loyal Customers,1739.09,6,1189,2011-11-15 11:37:00
17975.0,Champions,6696.33,24,2179,2011-11-24 13:27:00
17976.0,At Risk,321.79,1,93,2010-12-02 13:49:00
17977.0,Loyal Customers,1511.45,2,1948,2011-11-10 13:28:00
17978.0,Potential Loyalists,1159.99,4,1297,2010-12-09 14:05:00
17979.0,Loyal Customers,732.41,4,383,2011-11-04 12:05:00
17980.0,Loyal Customers,1012.72,4,771,2011-06-27 12:01:00
17981.0,Lost,239.12,1,260,2010-10-25 10:40:00
17982.0,Lost,138.18,1,117,2010-01-28 09:38:00
17983.0,At Risk,171.71,1,108,2010-11-09 13:24:00
17984.0,Loyal Customers,1152.19,5,939,2011-07-17 15:59:00
17985.0,Potential Loyalists,631.35,1,171,2011-11-17 14:24:00
17986.0,Potential Loyalists,20.8,1,10,2011-10-14 14:22:00
17987.0,Loyal Customers,965.4399999999999,5,981,2011-06-07 14:22:00
17988.0,Loyal Customers,489.54,14,186,2011-11-28 11:00:00
17989.0,At Risk,207.33,1,300,2010-11-25 13:49:00
17990.0,Loyal Customers,1527.6100000000001,6,777,2011-04-17 11:44:00
17991.0,Potential Loyalists,300.3,3,93,2011-04-28 15:58:00
17992.0,At Risk,252.88,1,130,2010-11-15 13:04:00
17993.0,Lost,225.99,1,108,2010-04-01 14:23:00
17994.0,Loyal Customers,2270.0299999999997,11,2181,2011-08-10 11:41:00
17995.0,Potential Loyalists,495.48,3,263,2011-03-03 12:30:00
17996.0,Potential Loyalists,482.33,3,587,2010-11-25 11:00:00
17997.0,Loyal Customers,1962.46,8,2273,2011-09-26 16:13:00
17998.0,Potential Loyalists,639.24,3,561,2010-11-24 15:31:00
17999.0,Potential Loyalists,528.46,3,286,2011-11-02 15:56:00
18000.0,Lost,124.25,1,109,2010-05-24 17:34:00
18001.0,Loyal Customers,924.14,6,874,2011-11-27 16:02:00
18002.0,Potential Loyalists,244.37,4,71,2010-11-29 10:57:00
18003.0,At Risk,353.51,1,297,2010-11-28 15:09:00
18004.0,At Risk,157.92,1,75,2010-12-12 13:47:00
18005.0,Potential Loyalists,226.47,2,86,2011-12-06 11:51:00
18006.0,Loyal Customers,969.51,4,395,2011-11-16 16:52:00
18007.0,At Risk,215.22,1,246,2010-11-12 11:08:00
18008.0,Champions,19759.079999999998,23,7825,2011-09-30 15:17:00
18009.0,Loyal Customers,2144.23,8,651,2011-04-18 13:36:00
18010.0,At Risk,174.8,1,60,2011-03-28 12:27:00
18011.0,Potential Loyalists,410.79,2,125,2010-12-01 17:35:00
18012.0,Lost,115.3,1,63,2009-12-16 13:16:00
18013.0,Potential Loyalists,187.29,2,285,2011-07-07 14:11:00
18014.0,Potential Loyalists,162.22,1,66,2011-11-11 15:28:00
18015.0,Potential Loyalists,120.03,1,157,2011-12-05 14:49:00
18016.0,Loyal Customers,1954.56,7,1207,2011-11-07 13:25:00
18017.0,Loyal Customers,688.0,4,400,2011-09-19 16:15:00
18018.0,Potential Loyalists,297.99,4,186,2011-08-23 17:37:00
18019.0,Potential Loyalists,38.45,1,7,2011-10-19 12:10:00
18020.0,Lost,190.48000000000002,1,67,2010-06-14 12:31:00
18021.0,At Risk,216.41,2,168,2010-07-18 10:52:00
18022.0,Loyal Customers,1507.25,5,1311,2011-11-04 12:45:00
18024.0,Potential Loyalists,389.78,2,184,2011-07-10 12:40:00
18025.0,Potential Loyalists,1177.72,6,1053,2010-11-25 12:37:00
18026.0,Potential Loyalists,2074.07,2,530,2010-07-27 10:37:00
18027.0,At Risk,115.31,1,78,2011-09-02 10:38:00
18028.0,Lost,192.05,1,133,2010-05-05 13:28:00
18029.0,At Risk,433.77,1,253,2010-03-07 15:30:00
18030.0,Potential Loyalists,230.64999999999998,2,67,2011-12-05 16:37:00
18031.0,At Risk,451.3,1,298,2010-11-26 11:00:00
18032.0,At Risk,73.5,1,42,2011-01-09 15:32:00
18033.0,At Risk,93.82000000000001,1,252,2011-10-05 17:28:00
18034.0,Loyal Customers,754.2,3,951,2011-11-18 12:22:00
18035.0,Loyal Customers,1260.23,5,1134,2011-11-04 12:39:00
18036.0,Champions,1545.49,11,741,2011-11-07 14:40:00
18037.0,Potential Loyalists,167.42,15,37,2011-07-08 13:39:00
18038.0,Lost,141.48,1,80,2010-06-01 15:59:00
18039.0,Potential Loyalists,548.22,4,555,2010-11-30 13:07:00
18040.0,Loyal Customers,357.20000000000005,2,148,2011-11-20 14:20:00
18041.0,Champions,8018.7699999999995,38,7316,2011-11-28 11:39:00
18042.0,Potential Loyalists,281.15,2,69,2011-10-17 11:49:00
18043.0,Potential Loyalists,529.29,3,265,2011-11-15 12:48:00
18044.0,Champions,3505.61,18,1598,2011-12-05 14:26:00
18045.0,Potential Loyalists,178.34,1,138,2011-10-25 13:07:00
18046.0,Lost,189.63,1,44,2010-02-28 11:36:00
18047.0,Potential Loyalists,326.09,2,130,2010-11-23 13:11:00
18048.0,Potential Loyalists,394.93,3,256,2011-05-20 14:58:00
18049.0,At Risk,500.92,2,402,2010-09-28 14:26:00
18050.0,Potential Loyalists,412.06,2,250,2010-12-15 14:25:00
18051.0,Potential Loyalists,2282.28,7,1661,2010-03-15 13:58:00
18052.0,Potential Loyalists,10877.18,1,17766,2010-05-24 11:11:00
18053.0,Potential Loyalists,571.07,3,409,2011-09-30 09:05:00
18054.0,At Risk,176.5,1,96,2010-11-12 08:18:00
18055.0,Champions,10142.64,14,3534,2011-12-02 14:25:00
18056.0,Potential Loyalists,554.6,2,334,2011-02-24 14:27:00
18057.0,Potential Loyalists,1188.46,3,970,2010-11-11 16:55:00
18058.0,Loyal Customers,774.06,3,394,2011-11-30 08:38:00
18059.0,Potential Loyalists,306.46,3,258,2011-11-16 16:49:00
18060.0,Potential Loyalists,1185.46,2,902,2010-10-27 16:41:00
18061.0,Champions,6083.81,28,3359,2011-11-18 11:20:00
18062.0,Loyal Customers,1632.67,6,831,2011-06-19 14:47:00
18063.0,At Risk,186.60000000000002,2,48,2010-11-14 10:46:00
18064.0,Champions,4481.83,11,2685,2011-07-29 16:39:00
18065.0,Champions,5866.63,29,2265,2011-12-04 10:30:00
18066.0,Loyal Customers,1440.4,3,535,2011-09-25 15:30:00
18067.0,Potential Loyalists,396.33,1,189,2011-10-30 15:58:00
18068.0,At Risk,101.7,1,6,2011-02-23 14:50:00
18069.0,Champions,4464.92,11,3168,2011-11-13 16:03:00
18070.0,At Risk,314.1,1,86,2010-02-08 13:28:00
18071.0,Potential Loyalists,1169.68,6,678,2011-03-27 11:59:00
18072.0,At Risk,247.44,1,288,2011-06-07 10:44:00
18073.0,Champions,3859.82,12,3102,2011-08-17 14:02:00
18074.0,Potential Loyalists,1019.44,2,361,2010-12-01 09:53:00
18075.0,Champions,5783.29,20,3281,2011-11-16 15:21:00
18076.0,At Risk,151.49,1,164,2010-11-24 14:02:00
18077.0,Champions,4078.79,18,3020,2011-12-01 13:32:00
18078.0,Potential Loyalists,725.53,4,370,2011-05-06 14:32:00
18079.0,Champions,4203.93,5,8730,2011-10-25 15:27:00
18080.0,Loyal Customers,1231.5,2,642,2011-11-21 08:02:00
18081.0,Potential Loyalists,343.45,3,195,2011-11-03 16:30:00
18082.0,Potential Loyalists,680.84,1,608,2011-11-14 12:45:00
18083.0,At Risk,463.53,1,268,2010-11-07 11:44:00
18084.0,Loyal Customers,795.23,3,755,2011-11-23 13:57:00
18085.0,Loyal Customers,1341.8500000000001,4,507,2011-01-13 15:17:00
18086.0,At Risk,101.34,1,106,2011-03-10 13:34:00
18087.0,Champions,14761.52,17,7775,2011-09-02 15:12:00
18088.0,At Risk,166.03,1,107,2011-10-09 13:41:00
18089.0,At Risk,428.45,1,95,2010-09-19 11:57:00
18090.0,At Risk,321.9,1,307,2010-10-14 12:32:00
18091.0,At Risk,360.85,1,539,2010-04-25 13:18:00
18092.0,Champions,14693.720000000001,18,8298,2011-12-07 13:14:00
18093.0,Champions,4452.71,8,3429,2011-09-07 15:43:00
18094.0,Champions,6391.52,13,4164,2011-09-19 09:28:00
18095.0,Loyal Customers,2303.09,5,1623,2011-01-31 12:50:00
18096.0,Champions,1657.87,6,1409,2011-11-28 12:44:00
18097.0,Champions,4627.92,11,2716,2011-12-02 11:16:00
18098.0,At Risk,527.94,1,215,2010-11-08 16:31:00
18099.0,At Risk,168.31,1,149,2011-08-04 15:52:00
18100.0,At Risk,451.56,1,440,2010-06-07 14:19:00
18101.0,Loyal Customers,622.01,5,247,2011-11-28 13:37:00
18102.0,Champions,580987.04,145,181645,2011-12-09 11:50:00
18103.0,Lost,105.8,1,23,2010-06-08 13:36:00
18104.0,Potential Loyalists,754.64,1,362,2011-11-02 14:07:00
18105.0,Potential Loyalists,113.48000000000002,1,46,2011-11-02 12:04:00
18106.0,Loyal Customers,1441.06,6,506,2011-01-14 12:23:00
18107.0,Lost,165.88,1,65,2010-09-23 13:03:00
18108.0,Potential Loyalists,848.8100000000001,3,261,2011-03-30 13:56:00
18109.0,Champions,9555.71,38,4822,2011-12-08 11:36:00
18110.0,Potential Loyalists,392.28000000000003,2,169,2011-11-20 12:34:00
18111.0,At Risk,405.85,1,232,2010-04-29 12:58:00
18112.0,Loyal Customers,773.36,4,443,2011-11-27 14:43:00
18113.0,At Risk,76.32000000000001,1,72,2010-12-06 12:31:00
18114.0,At Risk,220.1,1,55,2011-02-22 13:20:00
18115.0,Lost,9.700000000000001,1,3,2010-01-11 11:57:00
18116.0,Loyal Customers,2134.4900000000002,13,1267,2011-10-03 11:00:00
18117.0,Potential Loyalists,315.65,1,605,2011-11-14 12:47:00
18118.0,Champions,6221.02,29,3184,2011-11-29 11:32:00
18119.0,At Risk,180.7,1,124,2010-12-07 11:59:00
18120.0,At Risk,111.15,1,31,2011-05-09 13:45:00
18121.0,Potential Loyalists,653.3000000000001,2,438,2011-07-13 12:53:00
18122.0,Champions,1793.06,6,1225,2011-12-01 13:08:00
18123.0,Loyal Customers,666.64,3,616,2011-11-15 14:23:00
18124.0,Lost,102.65,1,47,2010-08-24 17:21:00
18125.0,Loyal Customers,1131.75,4,800,2011-11-10 12:29:00
18126.0,At Risk,200.92,1,135,2011-10-10 12:19:00
18127.0,Loyal Customers,556.13,4,250,2011-11-20 14:05:00
18128.0,At Risk,399.29,1,216,2010-06-20 13:19:00
18129.0,At Risk,112.55000000000001,1,48,2011-04-10 14:16:00
18130.0,Loyal Customers,1059.39,3,824,2011-11-24 14:40:00
18131.0,Lost,222.95999999999998,1,552,2010-03-18 08:48:00
18132.0,Lost,220.13,1,212,2010-07-23 16:54:00
18133.0,Potential Loyalists,931.5,1,1350,2011-05-11 14:14:00
18134.0,At Risk,445.0,2,128,2010-04-20 14:02:00
18135.0,Champions,1249.6200000000001,10,753,2011-11-10 19:32:00
18136.0,Loyal Customers,1631.3600000000001,5,860,2011-10-07 15:40:00
18137.0,At Risk,145.99,2,59,2010-06-06 14:18:00
18138.0,At Risk,152.65,1,38,2011-02-17 14:51:00
18139.0,Champions,8438.34,6,5557,2011-11-22 10:44:00
18140.0,At Risk,536.41,1,395,2010-08-23 11:58:00
18141.0,Potential Loyalists,882.47,2,433,2010-11-03 11:44:00
18142.0,Potential Loyalists,1019.52,2,1276,2011-07-05 13:19:00
18143.0,Potential Loyalists,1000.16,2,570,2011-08-15 12:07:00
18144.0,Champions,4892.95,19,2144,2011-12-02 12:46:00
18145.0,Champions,5609.74,11,5104,2011-11-27 11:22:00
18146.0,Potential Loyalists,160.35,2,153,2011-07-22 12:08:00
18147.0,Potential Loyalists,179.34,2,203,2011-10-25 11:46:00
18148.0,Lost,112.85000000000001,1,63,2010-03-03 11:40:00
18149.0,Loyal Customers,1553.96,7,869,2011-10-20 12:04:00
18150.0,Potential Loyalists,566.58,3,332,2011-11-07 16:49:00
18151.0,Loyal Customers,1879.44,6,986,2011-07-28 11:35:00
18152.0,At Risk,426.69,1,75,2010-03-03 15:26:00
18153.0,Lost,246.22,1,200,2010-02-18 15:50:00
18154.0,Loyal Customers,932.6,5,626,2011-12-06 16:41:00
18155.0,Potential Loyalists,371.62,3,266,2011-09-25 13:32:00
18156.0,Loyal Customers,675.64,2,283,2011-11-27 12:24:00
18157.0,Lost,213.9,1,145,2010-05-17 14:09:00
18158.0,Loyal Customers,453.4,2,354,2011-11-30 16:19:00
18159.0,At Risk,530.15,1,139,2011-02-11 14:26:00
18160.0,Loyal Customers,1003.88,3,519,2011-10-13 15:50:00
18161.0,Champions,1803.1000000000001,6,965,2011-11-24 16:40:00
18162.0,At Risk,371.51,1,332,2009-12-07 13:24:00
18163.0,At Risk,728.84,1,452,2010-05-04 14:51:00
18164.0,Potential Loyalists,399.65,1,184,2011-11-02 12:56:00
18165.0,Potential Loyalists,302.46,1,254,2011-06-15 13:23:00
18166.0,Lost,175.5,1,90,2010-03-26 12:26:00
18167.0,Loyal Customers,1384.8600000000001,3,382,2011-11-16 15:56:00
18168.0,Champions,3435.5,16,1995,2011-06-16 19:21:00
18169.0,At Risk,202.65,1,61,2011-10-10 12:18:00
18170.0,Champions,2878.0,9,1184,2011-11-06 14:35:00
18171.0,Champions,2437.31,9,991,2011-10-12 09:13:00
18172.0,Champions,17467.24,52,7407,2011-11-25 11:12:00
18173.0,Loyal Customers,2696.36,5,1730,2011-09-14 11:26:00
18174.0,Potential Loyalists,162.5,2,80,2011-12-02 16:56:00
18175.0,Lost,176.10000000000002,1,70,2010-02-02 10:25:00
18176.0,At Risk,476.35,1,283,2010-12-16 15:45:00
18177.0,Champions,2216.32,9,1238,2011-11-08 14:44:00
18178.0,Champions,6103.74,11,3850,2011-08-03 09:30:00
18179.0,Champions,2547.55,8,1811,2011-11-30 16:23:00
18180.0,Champions,1843.75,6,1721,2011-12-05 08:39:00
18181.0,Loyal Customers,1188.34,5,510,2011-11-15 15:08:00
18182.0,At Risk,291.13,1,167,2010-09-02 14:25:00
18183.0,Potential Loyalists,632.07,2,371,2011-04-26 15:26:00
18184.0,Potential Loyalists,49.8,1,60,2011-11-24 15:28:00
18185.0,At Risk,304.25,1,183,2011-04-04 13:42:00
18186.0,At Risk,329.58000000000004,1,338,2009-12-17 10:22:00
18187.0,At Risk,724.89,1,310,2010-03-18 09:49:00
18188.0,Champions,3280.59,6,1888,2011-11-24 16:46:00
18189.0,Loyal Customers,1403.73,3,836,2011-09-23 12:40:00
18190.0,Potential Loyalists,745.62,5,490,2011-05-31 14:48:00
18191.0,Potential Loyalists,529.4,2,332,2011-03-23 12:08:00
18192.0,Potential Loyalists,957.97,1,339,2011-09-29 09:53:00
18193.0,Potential Loyalists,1207.3500000000001,3,926,2011-06-27 13:58:00
18194.0,Loyal Customers,4162.04,6,1774,2011-09-18 13:29:00
18195.0,At Risk,101.16,1,60,2010-11-17 15:03:00
18196.0,Loyal Customers,1457.19,4,1038,2011-09-05 16:22:00
18197.0,Lost,230.1,1,166,2010-05-13 10:46:00
18198.0,Champions,5425.56,17,4074,2011-12-05 14:49:00
18199.0,At Risk,344.75,1,99,2010-01-25 11:32:00
18200.0,At Risk,150.35,1,104,2011-08-25 18:45:00
18201.0,At Risk,447.53000000000003,1,191,2009-12-17 08:55:00
18202.0,Potential Loyalists,1396.99,3,581,2011-05-24 12:12:00
18203.0,Potential Loyalists,492.52,4,111,2011-07-05 13:07:00
18204.0,Loyal Customers,1975.3500000000001,3,1190,2011-09-29 16:44:00
18205.0,Potential Loyalists,517.36,2,192,2011-11-03 13:22:00
18206.0,At Risk,314.65999999999997,1,246,2010-06-04 13:47:00
18207.0,At Risk,544.47,1,325,2010-07-28 14:26:00
18208.0,At Risk,360.08,1,82,2010-05-23 11:54:00
18209.0,Potential Loyalists,139.10000000000002,1,58,2011-11-11 12:07:00
18210.0,Champions,2768.83,7,1499,2011-12-08 11:02:00
18211.0,Loyal Customers,600.07,5,359,2011-11-14 08:10:00
18212.0,Potential Loyalists,514.37,2,158,2011-01-17 16:14:00
18213.0,At Risk,232.48000000000002,1,232,2011-04-17 10:21:00
18214.0,Potential Loyalists,1780.34,4,989,2010-06-27 11:21:00
18215.0,Loyal Customers,2232.4900000000002,5,1131,2011-09-11 16:05:00
18216.0,Potential Loyalists,481.75,1,200,2011-11-08 16:55:00
18217.0,Loyal Customers,945.04,4,740,2011-11-10 13:18:00
18218.0,Potential Loyalists,1121.84,4,1028,2011-05-12 12:53:00
18219.0,Champions,3352.7000000000003,17,1586,2011-12-07 11:43:00
18220.0,Loyal Customers,1921.76,6,1352,2011-04-27 09:03:00
18221.0,Loyal Customers,1424.94,6,1000,2011-11-17 14:40:00
18222.0,Potential Loyalists,443.0,1,335,2011-09-08 10:45:00
18223.0,Champions,14000.85,26,6644,2011-12-05 09:11:00
18224.0,At Risk,158.95000000000002,1,69,2011-03-21 10:30:00
18225.0,Champions,13014.8,26,7282,2011-12-06 13:27:00
18226.0,Champions,11878.88,26,7883,2011-10-26 13:36:00
18227.0,Potential Loyalists,388.75,2,22,2011-05-06 12:23:00
18228.0,Loyal Customers,779.9,2,238,2011-10-14 09:21:00
18229.0,Champions,10150.51,28,3071,2011-11-28 09:48:00
18230.0,Champions,4291.06,9,1996,2011-11-30 13:22:00
18231.0,Loyal Customers,6854.17,28,2915,2011-05-31 14:18:00
18232.0,Potential Loyalists,592.97,4,302,2011-09-19 11:49:00
18233.0,At Risk,440.0,1,4,2011-01-18 08:44:00
18234.0,Lost,179.6,1,80,2010-06-06 11:22:00
18235.0,Loyal Customers,1796.48,3,1578,2011-09-29 08:27:00
18236.0,Champions,1795.3500000000001,12,696,2011-11-10 08:06:00
18237.0,Loyal Customers,987.1,5,622,2011-12-07 12:49:00
18238.0,Lost,270.92,1,114,2010-07-12 12:51:00
18239.0,Loyal Customers,1712.26,6,844,2011-05-05 12:38:00
18240.0,Potential Loyalists,422.58,1,126,2011-10-24 13:06:00
18241.0,Champions,2986.9900000000002,21,1471,2011-11-30 12:10:00
18242.0,Champions,3605.21,8,2021,2011-09-28 13:43:00
18243.0,At Risk,515.78,1,221,2010-10-21 14:29:00
18244.0,At Risk,568.64,2,856,2010-10-05 11:15:00
18245.0,Champions,6324.9800000000005,20,5098,2011-12-02 14:48:00
18246.0,Loyal Customers,758.8199999999999,3,214,2011-11-16 11:49:00
18247.0,Potential Loyalists,839.73,3,335,2010-10-21 09:49:00
18248.0,Potential Loyalists,804.02,2,511,2011-08-09 10:19:00
18249.0,Potential Loyalists,95.34,1,128,2011-11-22 15:07:00
18250.0,At Risk,349.27,1,199,2011-02-02 13:16:00
18251.0,Champions,26278.86,9,39639,2011-09-13 15:03:00
18252.0,Loyal Customers,1533.69,7,932,2011-10-20 12:43:00
18253.0,At Risk,317.88,1,128,2010-03-07 12:38:00
18254.0,Lost,267.9,1,188,2010-05-07 14:37:00
18255.0,Potential Loyalists,303.15,2,201,2011-09-11 13:16:00
18256.0,At Risk,110.69999999999999,1,180,2010-11-17 08:53:00
18257.0,Champions,4600.15,12,2369,2011-10-31 14:48:00
18258.0,Potential Loyalists,2059.67,6,1981,2010-09-01 14:20:00
18259.0,Champions,3941.9,7,1274,2011-11-15 12:34:00
18260.0,Champions,9947.26,23,5244,2011-06-20 12:37:00
18261.0,Potential Loyalists,324.24,2,146,2011-10-27 15:36:00
18262.0,Potential Loyalists,577.54,3,552,2011-07-22 16:04:00
18263.0,Loyal Customers,1213.16,3,1468,2011-11-14 09:00:00
18264.0,At Risk,603.25,1,241,2010-07-29 10:02:00
18265.0,Potential Loyalists,801.51,2,311,2011-09-28 14:10:00
18266.0,Lost,251.1,1,138,2010-10-01 15:33:00
18267.0,Lost,269.37,1,135,2010-02-05 08:43:00
18268.0,Loyal Customers,1490.23,6,711,2011-07-28 19:13:00
18269.0,At Risk,168.60000000000002,1,76,2010-12-08 13:53:00
18270.0,Potential Loyalists,444.55,3,209,2011-11-01 13:57:00
18271.0,Potential Loyalists,680.85,2,319,2010-04-09 09:26:00
18272.0,Champions,4385.9800000000005,9,2880,2011-12-07 12:43:00
18273.0,Loyal Customers,357.0,4,140,2011-12-07 13:16:00
18274.0,Potential Loyalists,175.92,1,88,2011-11-09 17:03:00
18275.0,Potential Loyalists,741.85,2,417,2010-05-10 15:46:00
18276.0,Loyal Customers,1656.52,6,1246,2011-10-27 10:54:00
18277.0,Loyal Customers,1180.05,5,449,2011-10-12 15:22:00
18278.0,Potential Loyalists,414.20000000000005,2,140,2011-09-27 11:58:00
18279.0,Lost,231.34,1,630,2010-07-08 14:48:00
18280.0,Potential Loyalists,488.15000000000003,2,194,2011-03-07 09:52:00
18281.0,Potential Loyalists,201.14,2,146,2011-06-12 10:53:00
18282.0,Potential Loyalists,178.05,2,103,2011-12-02 11:43:00
18283.0,Champions,2664.9,22,1679,2011-12-06 12:02:00
18284.0,At Risk,461.68,1,494,2010-10-04 11:33:00
18285.0,At Risk,427.0,1,145,2010-02-17 10:24:00
18286.0,Potential Loyalists,1296.43,2,608,2010-08-20 11:57:00
18287.0,Champions,4182.99,7,3013,2011-10-28 09:29:00
