stockcode,description,revenue,quantity,orders,customers,average_price,revenue_share
M,Manual,339599.81,9630,785,438,35.26477777777778,1.6584747752070705
22423,REGENCY CAKESTAND 3 TIER,330590.32,26478,3918,1314,12.485471712364982,1.6144758933982724
DOT,DOTCOM POSTAGE,309854.11,1415,1415,1,218.9781696113074,1.5132082242014118
85123A,WHITE HANGING HEART T-LIGHT HOLDER,257546.2,94142,5356,1490,2.7357205073187316,1.2577565227449192
23843,"PAPER CRAFT , LITTLE BIRDIE",168469.6,80995,1,1,2.08,0.822740689958646
47566,PARTY BUNTING,148318.28,28200,2674,894,5.259513475177305,0.7243293984236897
85099B,JUMBO BAG RED RETROSPOT,145961.83,77280,3245,860,1.8887400362318838,0.7128214035162816
84879,ASSORTED COLOUR BIRD ORNAMENT,129324.49,80082,2807,1010,1.6149008516270824,0.6315710379270207
POST,POSTAGE,125682.42,5363,1851,405,23.435096028342347,0.6137845697174583
22086,PAPER CHAIN KIT 50'S CHRISTMAS,117760.29000000001,35084,2018,896,3.3565240565499948,0.5750959356722533
23166,MEDIUM CERAMIC TOP STORAGE JAR,81700.92000000001,78033,247,138,1.047004728768598,0.39899585023681516
79321,CHILLI LIGHTS,80540.88,15841,1135,304,5.084330534688467,0.393330661324515
84347,ROTATING SILVER ANGELS T-LIGHT HLDR,71300.4,31409,756,300,2.2700627208761817,0.3482037132534738
85099F,JUMBO BAG STRAWBERRY,67985.77,36860,1830,549,1.8444321758003257,0.3320163359868476
23084,RABBIT NIGHT LIGHT,66870.03,30739,994,450,2.1754133185855102,0.3265674912254517
21137,BLACK RECORD COVER FRAME,65189.29,18739,634,198,3.4788030311115854,0.3183594039073771
21931,JUMBO STORAGE BAG SUKI,61537.55,29182,2329,546,2.1087502570077445,0.3005257111393668
21621,VINTAGE UNION JACK BUNTING,60286.04,6900,1292,583,8.737107246376812,0.2944138179497935
22114,HOT WATER BOTTLE TEA AND SYMPATHY,59189.14,11677,1583,626,5.068865290742485,0.2890569804977212
85099C,JUMBO  BAG BAROQUE BLACK WHITE,59057.61,30640,1868,506,1.927467689295039,0.2884146385977567
22910,PAPER CHAIN KIT VINTAGE CHRISTMAS,58652.700000000004,18634,1427,701,3.1476172587742837,0.2864372139895713
22112,CHOCOLATE HOT WATER BOTTLE,57981.94,11065,1721,631,5.2401211025756895,0.2831614802952035
15056N,EDWARDIAN PARASOL NATURAL,57975.450000000004,11286,1033,347,5.1369351408825095,0.2831297856329153
22411,JUMBO SHOPPER VINTAGE RED PAISLEY,57318.71,27281,2192,658,2.101048715223049,0.2799225202228743
82484,WOOD BLACK BOARD ANT WHITE FINISH,56745.73,9831,1176,451,5.772121859424271,0.277124306417342
22470,HEART OF WICKER LARGE,53506.130000000005,17773,1952,827,3.010528892139763,0.2613033467950123
22178,VICTORIAN GLASS HANGING T-LIGHT,52382.82,40081,1816,593,1.3069239789426412,0.2558175330669721
21733,RED HANGING HEART T-LIGHT HOLDER,50346.490000000005,17575,1760,744,2.8646651493598867,0.245872881039642
22386,JUMBO BAG PINK POLKADOT,50081.96,25235,1443,432,1.9846229443233603,0.24458101832545046
22111,SCOTTIE DOG HOT WATER BOTTLE,49771.94,9776,1689,717,5.091237725040917,0.2430669999583327
21929,JUMBO BAG PINK VINTAGE PAISLEY,49651.99,25608,1619,504,1.9389249453295845,0.24248121032174225
22189,CREAM HEART CARD HOLDER,49300.94,16186,1299,536,3.0459001606326455,0.24076681722524307
22469,HEART OF WICKER SMALL,48935.11,27908,2151,886,1.7534438153934355,0.2389802442969072
21843,RED RETROSPOT CAKE STAND,48564.29,4635,1187,502,10.477732470334413,0.23716930212899995
21731,RED TOADSTOOL LED NIGHT LIGHT,48315.84,28910,1537,415,1.671250086475268,0.235955967946333
22457,NATURAL SLATE HEART CHALKBOARD,47288.23,15373,2046,874,3.0760573733168544,0.23093751618762756
15056BL,EDWARDIAN PARASOL BLACK,47267.450000000004,9504,857,321,4.973426978114478,0.23083603466492356
21232,STRAWBERRY CERAMIC TRINKET BOX,47169.35,36628,2310,683,1.2877948563940154,0.23035695201924178
21754,HOME BUILDING BLOCK WORD,46516.99,7595,2066,682,6.124685977616853,0.227171076843534
21181,PLEASE ONE PERSON METAL SIGN,46249.07000000001,22865,1632,562,2.022701508856331,0.22586265867400243
22138,BAKING SET 9 PIECE RETROSPOT,45882.01,9366,1914,1137,4.898783899209908,0.22407007889903874
20727,LUNCH BAG  BLACK SKULL.,45655.27,26678,2351,705,1.7113453032461203,0.22296276800116027
21623,VINTAGE UNION JACK MEMOBOARD,45402.18,6165,530,311,7.364506082725061,0.22172677384422254
22326,ROUND SNACK BOXES SET OF4 WOODLAND,44063.04,15380,1388,439,2.864957087126138,0.21518692945953105
84078A,SET/4 WHITE RETRO STORAGE CUBES,43844.96,1128,328,151,38.86964539007092,0.21412191066880454
82494L,WOODEN FRAME ANTIQUE WHITE,43811.16,15301,1973,631,2.863287366838769,0.2139568444769183
84029E,RED WOOLLY HOTTIE WHITE HEART.,42994.24,10628,1145,500,4.045374482499059,0.209967321593021
22197,SMALL POPCORN HOLDER,42699.89,48561,1407,426,0.8793041741315047,0.2085298294752186
21915,RED  HARMONICA IN BOX,42664.54,36289,1025,467,1.1756879495163823,0.20835719367985825
21175,GIN + TONIC DIET METAL SIGN,42613.98,20178,1609,543,2.1119030627416,0.20811027809814914
23298,SPOTTY BUNTING,42513.48,8320,1140,571,5.10979326923077,0.20761947477612044
20728,LUNCH BAG CARS BLUE,42270.3,24596,2067,702,1.7185843226540902,0.20643187724526535
48138,DOORMAT UNION FLAG,42239.5,6302,991,467,6.702554744525547,0.20628146189881277
82482,WOODEN PICTURE FRAME WHITE FINISH,41837.6,16914,2006,601,2.473548539671278,0.20431873697221245
22355,CHARLOTTE BAG SUKI DESIGN,41580.97,27550,1403,344,1.50929110707804,0.20306545481766303
71477,COLOUR GLASS. STAR T-LIGHT HOLDER,41099.79,14077,757,298,2.9196412587909357,0.20071555688240167
20725,LUNCH BAG RED RETROSPOT,41043.02,22232,1837,605,1.84612360561353,0.20043831405064474
20713,JUMBO BAG OWLS,40667.05,20814,1314,371,1.9538315556836745,0.19860222126474306
22502,PICNIC BASKET WICKER 60 PIECES,39619.5,61,2,1,649.5,0.19348639022005498
85066,CREAM SWEETHEART MINI CHEST,38599.979999999996,3091,929,471,12.487861533484308,0.18850744690786903
20726,LUNCH BAG WOODLAND,38506.74,22118,1926,585,1.7409684419929468,0.18805209863178987
48194,DOORMAT HEARTS,38428.12,6026,1033,448,6.377052771324262,0.18766814880912427
22960,JAM MAKING SET WITH JARS,38380.11,9019,1159,583,4.255472890564365,0.18743368644603375
21166,COOK WITH WINE METAL SIGN,38138.86,19932,1425,475,1.9134487256672688,0.18625551429240766
23284,DOORMAT KEEP CALM AND COME IN,38133.64,5487,728,378,6.949815928558411,0.18623002182135304
22720,SET OF 3 CAKE TINS PANTRY DESIGN,38108.89,7483,1385,640,5.09272885206468,0.1861091523465251
22629,SPACEBOY LUNCH BOX,37955.5,20807,1368,456,1.8241697505647139,0.18536005461950042
22699,ROSES REGENCY TEACUP AND SAUCER,37682.8,12860,1410,521,2.9302332814930017,0.18402829276957783
20712,JUMBO BAG WOODLAND ANIMALS,37499.37,17710,1415,387,2.1174121964991532,0.18313249124361045
22727,ALARM CLOCK BAKELIKE RED,36543.77,9234,1363,473,3.9575232835174354,0.178465708611465
22328,ROUND SNACK BOXES SET OF 4 FRUITS,35922.51,12875,1154,400,2.79009786407767,0.17543171386675316
20685,DOORMAT RED RETROSPOT,35198.96,5038,900,416,6.986693132195316,0.17189817412890385
21755,LOVE BUILDING BLOCK WORD,34836.020000000004,5643,1696,661,6.173315612262981,0.1701257148483358
22379,RECYCLING BAG RETROSPOT,34640.84,15765,1570,423,2.1973257215350457,0.16917253084441974
22197,POPCORN HOLDER,34288.67,36749,803,295,0.9330504231407657,0.16745266809895865
48185,DOORMAT FAIRY CAKE,34191.53,5095,597,219,6.710800785083415,0.16697827372381568
22666,RECIPE BOX PANTRY YELLOW DESIGN,33682.62,10706,1657,701,3.146144218195405,0.16449295314059562
21523,DOORMAT FANCY FONT HOME SWEET HOME,33466.26,5075,713,271,6.594336945812809,0.16343633416791775
22630,DOLLY GIRL LUNCH BOX,33380.83,18058,1333,423,1.848534167681914,0.16301912692611764
48187,DOORMAT NEW ENGLAND,33203.79,5291,818,389,6.275522585522586,0.16215453170092403
22382,LUNCH BAG SPACEBOY DESIGN,33049.37,19604,2108,774,1.6858482962660684,0.16140040385030044
15036,ASSORTED COLOURS SILK FAN,32967.03,44272,991,303,0.744647406938923,0.16099828697929702
22726,ALARM CLOCK BAKELIKE GREEN,32609.32,7671,1273,404,4.2509868335288745,0.159251369005935
22385,JUMBO BAG SPACEBOY DESIGN,32433.5,17057,1248,412,1.901477399308202,0.1583927317912178
82486,WOOD S/3 CABINET ANT WHITE FINISH,31594.39,3994,1072,320,7.910463194792188,0.15429484148726264
22139,RETROSPOT TEA SET CERAMIC 11 PC,31527.12,6168,1321,652,5.1114007782101165,0.15396632069648783
22077,6 RIBBONS RUSTIC CHARM,31513.11,17238,1751,685,1.8281186912634877,0.15389790124831249
85152,HAND OVER THE CHOCOLATE   SIGN,31483.7,16373,1460,486,1.9229035607402432,0.15375427412691087
22865,HAND WARMER OWL DESIGN,31416.04,14537,1212,566,2.161108894544954,0.15342384872622966
23245,SET OF 3 REGENCY CAKE TINS,31118.550000000003,6345,873,472,4.904420803782506,0.1519710220568733
21479,WHITE SKULL HOT WATER BOTTLE,31079.8,6219,930,410,4.997555877150667,0.15178178197002146
23199,JUMBO BAG APPLES,30450.690000000002,14908,978,344,2.0425737858867725,0.14870945084642478
22501,PICNIC BASKET WICKER LARGE,30339.36,2612,762,346,11.615375191424196,0.14816575797238046
20725,LUNCH BAG RED SPOTTY,30063.27,18085,1219,499,1.6623317666574509,0.14681744066711777
20679,EDWARDIAN PARASOL RED,30020.97,6149,715,271,4.8822523987640265,0.1466108637465027
22697,GREEN REGENCY TEACUP AND SAUCER,29952.550000000003,9621,1340,475,3.1132470637147907,0.14627672679831163
84946,ANTIQUE SILVER TEA GLASS ETCHED,29828.78,22032,1080,413,1.3538843500363107,0.14567228175186894
22659,LUNCH BOX I LOVE LONDON,29561.86,15941,1074,293,1.8544545511573929,0.14436874719748188
84029G,KNITTED UNION FLAG HOT WATER BOTTLE,29533.87,6830,1009,386,4.324139092240117,0.14423205480958556
20914,SET/5 RED SPOTTY LID GLASS BOWLS,29468.52,10706,883,357,2.752523818419578,0.1439129105598883
22622,BOX OF VINTAGE ALPHABET BLOCKS,29450.11,2945,571,346,10.000037351443124,0.14382300320507688
47590B,PINK HAPPY BIRTHDAY BUNTING,29363.86,5738,872,428,5.117438131753224,0.14340179139885822
22158,3 HEARTS HANGING DECORATION RUSTIC,29198.280000000002,8985,718,374,3.249669449081803,0.1425931624032213
82483,WOOD 2 DRAWER CABINET WHITE FINISH,29003.370000000003,4878,1123,361,5.945750307503076,0.14164129697539435
21928,JUMBO BAG SCANDINAVIAN PAISLEY,28962.829999999998,15857,880,333,1.8265012297408083,0.1414433152174337
23355,HOT WATER BOTTLE KEEP CALM,28718.8,5816,782,474,4.937895460797799,0.14025156661370575
20971,PINK BLUE FELT CRAFT TRINKET BOX,28580.97,22260,1148,490,1.2839609164420485,0.13957845793833049
84978,HANGING HEART JAR T-LIGHT HOLDER,28475.96,21689,1425,525,1.3129217575729633,0.1390656295119998
22866,HAND WARMER SCOTTY DOG DESIGN,28266.870000000003,12778,1083,530,2.2121513538894977,0.13804451442142293
22752,SET 7 BABUSHKA NESTING BOXES,28139.45,3459,692,323,8.135140213934664,0.13742224417970256
22188,BLACK HEART CARD HOLDER,28112.030000000002,10353,566,292,2.7153511059596256,0.13728833545243863
21977,PACK OF 60 PINK PAISLEY CAKE CASES,28081.73,56061,1993,767,0.5009138260109524,0.13714036191355833
22467,GUMBALL COAT RACK,28059.480000000003,11868,1095,398,2.3642972699696667,0.1370317014765918
82583,HOT BATHS METAL SIGN,27981.99,12877,1176,323,2.1730208899588415,0.13665327013903952
23201,JUMBO BAG ALPHABET,27850.83,13366,906,396,2.0837071674397727,0.1360127351766785
21212,PACK OF 72 RETROSPOT CAKE CASES,27770.72,48156,1708,772,0.5766824487083645,0.13562150876744747
20719,WOODLAND CHARLOTTE BAG,27598.42,24479,1573,365,1.1274324931574002,0.13478006187803906
21930,JUMBO STORAGE BAG SKULLS,27368.08,13390,1321,386,2.0439193427931293,0.1336551699656402
22624,IVORY KITCHEN SCALES,27282.73,3152,1219,579,8.65568845177665,0.13323835341305165
72741,GRAND CHOCOLATECANDLE,27239.46,19712,920,510,1.381871956168831,0.13302703938574637
22835,HOT WATER BOTTLE I AM SO POORLY,27082.84,5302,1011,451,5.108042248208223,0.13226216758180476
22492,MINI PAINT SET VINTAGE,27056.19,42286,714,356,0.6398380078512983,0.13213201923820214
84991,60 TEATIME FAIRY CAKE CASES,27041.21,54028,2127,822,0.5005036277485748,0.13205886268333655
22961,JAM MAKING SET PRINTED,26888.43,17252,1200,558,1.558568861581266,0.13131274396155004
22734,SET OF 6 RIBBONS VINTAGE CHRISTMAS,26763.75,9772,756,444,2.738820098239869,0.13070385482532582
22386,JUMBO BAG PINK WITH WHITE SPOTS,26242.66,14202,802,358,1.847814392339107,0.12815905180964493
22149,FELTCRAFT 6 FLOWER FRIENDS,26218.97,12674,1382,684,2.0687210036294776,0.12804335896687022
22867,HAND WARMER BIRD DESIGN,26117.63,11872,1054,521,2.199935141509434,0.1275484534081201
22551,PLASTERS IN TIN SPACEBOY,25912.87,15441,1299,616,1.678185998316171,0.12654848437111918
47566B,TEA TIME PARTY BUNTING,25803.49,5801,761,350,4.44811067057404,0.12601431454660675
20711,JUMBO BAG TOYS,25719.13,12643,1052,326,2.034258482954995,0.12560233277301133
21481,FAWN BLUE HOT WATER BOTTLE,25613.45,8174,1050,439,3.1335270369464157,0.1250862323245338
22507,MEMO BOARD RETROSPOT  DESIGN,25603.46,5455,900,445,4.6935765352887255,0.1250374450092396
22090,PAPER BUNTING RETROSPOT,25497.960000000003,8406,920,374,3.0333047822983588,0.12452222361148811
37503,TEA TIME CAKE STAND IN GIFT BOX,25428.33,2465,522,256,10.315752535496959,0.12418217748897212
21485,RETROSPOT HEART HOT WATER BOTTLE,25408.010000000002,5168,930,502,4.91641060371517,0.12408294242923458
21108,FAIRY CAKE FLANNEL ASSORTED COLOUR,25407.27,12962,613,325,1.9601350100293164,0.12407932855402759
22087,PAPER BUNTING WHITE LACE,25389.100000000002,8475,847,314,2.99576401179941,0.12399059326685087
84755,COLOUR GLASS T-LIGHT HOLDER HANGING,25205.13,40439,1259,524,0.6232876678453968,0.12309215458870541
22084,PAPER CHAIN KIT EMPIRE,25163.56,8803,811,464,2.858520958764058,0.12288914270714589
85099B,JUMBO BAG RED WHITE SPOTTY,25043.62,14060,534,321,1.7811963015647225,0.12230340190670687
20724,RED RETROSPOT CHARLOTTE BAG,24958.77,20663,1255,390,1.2078967236122538,0.12188902716169063
22090,PAPER BUNTING RETRO SPOTS,24933.940000000002,8292,783,367,3.006987457790642,0.1217677669976511
23173,REGENCY TEAPOT ROSES,24879.13,2766,416,248,8.994624005784527,0.12150009605157754
20972,PINK CREAM FELT CRAFT TRINKET BOX,24785.31,20496,1397,568,1.209275468384075,0.12104191527871455
48138,DOOR MAT UNION FLAG,24770.81,3775,673,389,6.561803973509934,0.12097110285911837
21314,SMALL GLASS HEART TRINKET POT,24641.390000000003,11426,1066,369,2.156606861543848,0.1203390653871089
23203,JUMBO BAG VINTAGE DOILY,24489.08,11448,711,363,2.139157931516422,0.11959524196444034
22722,SET OF 6 SPICE TINS PANTRY DESIGN,24459.960000000003,5972,835,394,4.095773610180844,0.11945303109143066
84077,WORLD WAR 2 GLIDERS ASSTD DESIGNS,24445.61,106139,1019,482,0.23031694287679363,0.11938295121410614
71459,HANGING JAM JAR T-LIGHT HOLDER,24440.74,30176,925,421,0.8099396871686109,0.11935916800835211
84836,ZINC METAL HEART DECORATION,24289.33,19847,1408,662,1.2238287902453773,0.11861973983931368
22728,ALARM CLOCK BAKELIKE PINK,24257.31,6215,969,357,3.9030265486725666,0.11846336648238473
47590A,BLUE HAPPY BIRTHDAY BUNTING,24174.010000000002,4752,689,355,5.0871233164983165,0.11805656134084255
21231,SWEETHEART CERAMIC TRINKET BOX,24128.86,19428,1482,500,1.2419631459748817,0.11783606611706547
21212,PACK OF 72 RETRO SPOT CAKE CASES,24054.43,46728,1410,632,0.5147755093305941,0.11747257864185556
22698,PINK REGENCY TEACUP AND SAUCER,23990.620000000003,8049,1024,400,2.9805714995651638,0.11716095515948097
22383,LUNCH BAG SUKI  DESIGN,23893.29,14347,1279,463,1.6653857949397086,0.11668563289746053
23344,JUMBO BAG 50'S CHRISTMAS,23772.07,10285,716,391,2.311333981526495,0.11609364106963647
22171,3 HOOK PHOTO SHELF ANTIQUE WHITE,23709.46,3141,661,269,7.548379496975485,0.11578787792543531
21790,VINTAGE SNAP CARDS,23506.17,27244,1888,793,0.8628017178094258,0.11479508780269689
23243,SET OF TEA COFFEE SUGAR TINS PANTRY,23489.42,4800,470,275,4.893629166666666,0.11471328724902545
22605,WOODEN CROQUET GARDEN SET,23426.82,1827,642,377,12.82256157635468,0.11440757294097574
82600,NO SINGING METAL SIGN,23096.77,11450,1152,375,2.017185152838428,0.11279573576251237
84406B,CREAM CUPID HEARTS COAT HANGER,23080.13,7131,841,318,3.236590940961997,0.11271447240650684
20914,SET/5 RED RETROSPOT LID GLASS BOWLS,23040.04,7964,1147,442,2.8930236062280263,0.11251868827536127
22625,RED KITCHEN SCALES,22911.55,2627,950,440,8.721564522268748,0.11189119256543621
22607,WOODEN ROUNDERS GARDEN SET,22906.54,2533,744,419,9.043245163837348,0.11186672565356197
21791,VINTAGE HEADS AND TAILS CARD GAME,22858.600000000002,17604,1313,641,1.2984889797773234,0.11163260514353156
22554,PLASTERS IN TIN WOODLAND ANIMALS,22853.72,13588,1275,587,1.6819046217250515,0.11160877310162609
22556,PLASTERS IN TIN CIRCUS PARADE,22334.08,13585,1196,591,1.6440250276039752,0.10907105132790483
37449,CERAMIC CAKE STAND + HANGING CAKES,22333.3,2382,477,205,9.375860621326616,0.10906724210809206
20749,ASSORTED COLOUR MINI CASES,22097.61,3062,766,426,7.216724363161332,0.10791622285466977
22113,GREY HEART HOT WATER BOTTLE,22025.93,5759,996,488,3.8246101753776696,0.10756616532110744
22585,PACK OF 6 BIRDY GIFT TAGS,21977.3,17557,1084,612,1.2517685253744946,0.10732867511662728
22499,WOODEN UNION JACK BUNTING,21826.52,3584,774,452,6.089988839285715,0.1065923236251299
23202,JUMBO BAG VINTAGE LEAF,21810.43,10941,879,377,1.993458550406727,0.10651374625745387
84970S,HANGING HEART ZINC T-LIGHT HOLDER,21794.26,26444,1425,616,0.8241665406141279,0.10643477820056627
22941,CHRISTMAS LIGHTS 10 REINDEER,21727.58,2615,483,315,8.308826003824093,0.10610913874272675
22456,NATURAL SLATE CHALKBOARD LARGE,21583.2,4416,835,385,4.8875,0.10540404238815458
22969,HOMEMADE JAM SCENTED CANDLES,21501.989999999998,14461,709,472,1.4868950971578727,0.10500744400226453
21524,DOORMAT SPOTTY HOME SWEET HOME,21414.04,2817,744,355,7.601718139865105,0.10457793005030014
21213,PACK OF 72 SKULL CAKE CASES,21390.76,40263,1481,528,0.5312758612125276,0.10446423948973467
21258,VICTORIAN SEWING BOX LARGE,21386.559999999998,1505,526,186,14.210338870431892,0.1044437283061275
48184,DOORMAT ENGLISH ROSE,21326.3,3234,526,268,6.594403215831787,0.10414944165751606
22139,RETRO SPOT TEA SET CERAMIC 11 PC,21301.04,4438,771,465,4.7996935556557005,0.1040260815389644
22502,PICNIC BASKET WICKER SMALL,21260.8,3705,922,335,5.738407557354925,0.10382956486554715
85048,15CM CHRISTMAS GLASS BALL 20 LIGHTS,21201.13,2685,517,309,7.896137802607076,0.103538159549871
22083,PAPER CHAIN KIT RETRO SPOT,21151.79,7579,591,324,2.7908417997097246,0.10329720197863822
22570,FELTCRAFT CUSHION RABBIT,20901.1,5631,807,351,3.7117918664535603,0.10207292849804744
22424,ENAMEL BREAD BIN CREAM,20886.89,1529,739,310,13.660490516677566,0.10200353232684319
23206,LUNCH BAG APPLE DESIGN,20852.58,12147,1036,401,1.7166856013830576,0.10183597549123322
21218,RED SPOTTY BISCUIT TIN,20800.31,5256,897,313,3.9574410197869105,0.10158070892762686
22294,HEART FILIGREE DOVE  SMALL,20629.38,16671,861,414,1.2374410653230161,0.10074595259096653
22617,BAKING SET SPACEBOY DESIGN,20546.99,4251,942,600,4.833448600329334,0.10034359153920588
22693,GROW A FLYTRAP OR SUNFLOWER IN TIN,20469.08,17875,350,197,1.1451233566433567,0.09996310908329291
AMAZONFEE,AMAZON FEE,20467.8,3,3,0,6822.599999999999,0.09995685805590784
20723,STRAWBERRY CHARLOTTE BAG,20401.05,18296,1379,356,1.1150552033231307,0.0996308767450082
22568,FELTCRAFT CUSHION OWL,20244.97,5479,875,389,3.695011863478737,0.09886864209324465
85150,LADIES & GENTLEMEN METAL SIGN,20237.72,8361,1110,369,2.420490371965076,0.09883323588344656
48188,DOORMAT WELCOME PUPPIES,20209.4,3414,428,220,5.919566490919743,0.09869493190255252
22273,FELTCRAFT DOLL MOLLY,20150.99,7355,810,423,2.739767505098573,0.09840967994195852
22569,FELTCRAFT CUSHION BUTTERFLY,20104.43,5521,784,360,3.6414472015939143,0.09818229882082762
21622,VINTAGE UNION JACK CUSHION COVER,19936.94,3699,626,329,5.389818869964855,0.09736434212026458
22900,SET 2 TEA TOWELS I LOVE LONDON,19834.04,6156,723,252,3.22190383365822,0.09686181812188895
22413,METAL SIGN TAKE IT OR LEAVE IT,19728.24,6976,881,446,2.8280160550458717,0.09634513163959407
21174,POTTERING IN THE SHED METAL SIGN,19593.81,9696,1135,402,2.0208137376237625,0.09568862725571033
21936,RED RETROSPOT PICNIC BAG,19576.72,6680,935,359,2.9306467065868267,0.09560516627288973
22561,WOODEN SCHOOL COLOURING SET,19524.27,11642,904,556,1.6770546297886961,0.09534902065855735
22558,CLOTHES PEGS RETROSPOT PACK 24,19513.17,13809,1202,541,1.4130762546165543,0.09529481253045267
22169,FAMILY ALBUM WHITE PICTURE FRAME,19507.6,2275,701,276,8.57476923076923,0.09526761079409746
22384,LUNCH BAG PINK POLKADOT,19500.66,11751,1281,508,1.659489405157008,0.0952337185049942
84946,ANTIQUE SILVER T-LIGHT GLASS,19381.62,14664,689,348,1.3217144026186578,0.09465237295818528
22427,ENAMEL FLOWER JUG CREAM,19273.280000000002,3210,798,460,6.004137071651091,0.09412328209342322
22083,PAPER CHAIN KIT RETROSPOT,19261.030000000002,6137,810,376,3.1385090435065996,0.09406345780790232
21340,CLASSIC METAL BIRDCAGE PLANT HOLDER,19194.13,1758,419,249,10.91816268486917,0.09373674395473097
21908,CHOCOLATE THIS WAY METAL SIGN,19125.980000000003,9678,974,382,1.9762326927051046,0.09340392558262896
22061,LARGE CAKE STAND  HANGING STRAWBERY,19121.37,2171,520,219,8.807632427452786,0.09338141211681249
84949,SILVER HANGING T-LIGHT HOLDER,19015.8,11945,693,330,1.5919464210966932,0.09286584886600087
84947,ANTIQUE SILVER TEA GLASS ENGRAVED,18744.170000000002,15810,680,312,1.1855895003162558,0.09153931248428294
22383,LUNCH BAG SUKI DESIGN,18699.43,10301,1084,399,1.8153023978254539,0.09132081954271515
22041,"RECORD FRAME 7"" SINGLE SIZE",18650.87,7540,555,101,2.473590185676392,0.09108367119129511
71053,WHITE METAL LANTERN,18525.22,4700,701,290,3.9415361702127663,0.09047004494838064
22555,PLASTERS IN TIN STRONGMAN,18323.32,11321,956,514,1.6185248652945852,0.08948404305069316
21484,CHICK GREY HOT WATER BOTTLE,18171.14,4584,864,367,3.9640357766143106,0.0887408544979934
79323W,WHITE CHERRY LIGHTS,18048.72,3004,349,174,6.008229027962717,0.08814300233199589
21430,SET/3 RED GINGHAM ROSE STORAGE BOX,18044.97,4621,814,323,3.904992425881844,0.08812468877520377
22505,MEMO BOARD COTTAGE DESIGN,18034.63,3773,744,397,4.779917837264776,0.08807419219460898
22147,FELTCRAFT BUTTERFLY HEARTS,17893.579999999998,12828,1132,582,1.3948846273776114,0.0873853582784682
22560,TRADITIONAL MODELLING CLAY,17861.71,14836,742,420,1.2039437853868966,0.08722971746381095
84945,MULTI COLOUR SILVER T-LIGHT HOLDER,17746.71,21605,653,344,0.821416801666281,0.08666810172218609
21914,BLUE HARMONICA IN BOX,17725.36,12957,963,446,1.3680142008180907,0.08656383653884965
22297,HEART IVORY TRELLIS SMALL,17702.62,13715,969,391,1.2907488151658768,0.08645278313046226
22847,BREAD BIN DINER STYLE IVORY,17669.989999999998,1112,472,259,15.890278776978416,0.08629343076829513
22633,HAND WARMER UNION JACK,17576.670000000002,8541,858,473,2.057917105725325,0.08583769180300443
84467,ENGLISH ROSE DESIGN QUILTED THROW,17477.66,816,83,40,21.418700980392156,0.08535416506754114
21136,PAINTED METAL PEARS ASSORTED,17451.45,10496,739,449,1.6626762576219514,0.08522616551460212
22557,PLASTERS IN TIN VINTAGE PAISLEY,17401.3,10369,1126,580,1.6782042627061433,0.08498125221510222
23203,JUMBO BAG DOILEY PATTERNS,17268.69,8893,514,299,1.94182952884291,0.08433363601078159
84992,72 SWEETHEART FAIRY CAKE CASES,17259.85,34797,1460,614,0.4960154611029686,0.08429046485290363
21928,JUMBO BAG SCANDINAVIAN BLUE PAISLEY,17239.69,8411,662,232,2.0496599690880988,0.08419201117158923
84970L,SINGLE HEART ZINC T-LIGHT HOLDER,17177.04,17400,1080,463,0.9871862068965518,0.08388605268278229
21889,WOODEN BOX OF DOMINOES,17095.66,12805,1123,595,1.335076923076923,0.08348862408231766
21527,RED RETROSPOT TRADITIONAL TEAPOT,17030.56,2337,570,280,7.287359863072315,0.08317070073640656
22654,DELUXE SEWING KIT,16971.27,2534,597,300,6.697423046566693,0.08288115119448536
21559,STRAWBERRY LUNCH BOX WITH CUTLERY,16891.44,6779,1038,353,2.4917303437085114,0.0824912921974948
22652,TRAVEL SEWING KIT,16794.05,9910,830,440,1.694656912209889,0.0820156769185657
22952,60 CAKE CASES VINTAGE CHRISTMAS,16770.31,27970,1039,520,0.5995820521987845,0.08189973989503377
21164,HOME SWEET HOME METAL SIGN,16626.41,5981,721,356,2.7798712589867915,0.081196987675731
22993,SET OF 4 PANTRY JELLY MOULDS,16478.48,12649,1073,431,1.302749624476243,0.08047455448739563
72760B,VINTAGE CREAM 3 BASKET CAKE STAND,16409.02,1699,494,301,9.658045909358446,0.08013533857945422
22487,WHITE WOOD GARDEN PLANT LADDER,16373.699999999999,1632,898,611,10.032904411764704,0.07996284929254821
21843,RETRO SPOT CAKE STAND,16354.009999999998,1493,340,207,10.953791024782316,0.07986669091035174
23301,GARDENERS KNEELING PAD KEEP CALM,16327.35,8807,913,405,1.853905983876462,0.07973649373059767
22662,LUNCH BAG DOLLY GIRL DESIGN,16213.61,9951,994,426,1.6293447894683952,0.07918103134405496
48173C,DOORMAT BLACK FLOCK,16032.710000000001,2844,320,166,5.6373804500703235,0.07829758536440333
22296,HEART IVORY TRELLIS LARGE,16027.56,9719,833,428,1.6490955859656342,0.07827243474640881
22692,DOORMAT WELCOME TO OUR HOME,15965.95,2135,606,293,7.478196721311476,0.07797155521735223
21877,HOME SWEET HOME MUG,15954.75,14054,755,323,1.1352461932545894,0.07791685872773312
22634,CHILDS BREAKFAST SET SPACEBOY,15946.55,1688,499,322,9.447008293838863,0.07787681308354769
20685,DOOR MAT RED SPOT,15889.75,2485,412,245,6.394265593561368,0.07759942374333645
35004C,SET OF 3 COLOURED  FLYING DUCKS,15874.38,3035,355,112,5.230438220757825,0.0775243625785645
22759,SET OF 3 NOTEBOOKS IN PARCEL,15866.56,9380,795,472,1.6915309168443495,0.077486172708134
22837,HOT WATER BOTTLE BABUSHKA,15837.18,3398,436,210,4.660735726898175,0.07734269209518672
22690,DOORMAT HOME SWEET HOME BLUE,15836.35,2530,437,278,6.259426877470356,0.07733863869461673
23313,VINTAGE CHRISTMAS BUNTING,15798.66,2990,401,254,5.283832775919732,0.07715457523981811
22635,CHILDS BREAKFAST SET DOLLY GIRL,15795.01,1660,485,325,9.515066265060241,0.07713675004454046
84997D,PINK 3 PIECE MINI DOTS CUTLERY SET,15759.53,4353,447,238,3.6203836434642778,0.07696347937921133
84375,SET OF 20 KIDS COOKIE CUTTERS,15753.18,7575,796,389,2.0796277227722775,0.07693246842304334
22632,HAND WARMER RED RETROSPOT,15664.130000000001,7698,733,421,2.0348311249675244,0.07649758249441992
22193,RED DINER WALL CLOCK,15658.98,1850,616,265,8.464313513513513,0.07647243187642541
22170,PICTURE FRAME WOOD TRIPLE PORTRAIT,15645.27,2385,575,279,6.559861635220126,0.07640547751279345
22619,SET OF 6 SOLDIER SKITTLES,15560.09,3992,705,419,3.8978181362725453,0.07598949117477946
21891,TRADITIONAL WOODEN SKIPPING ROPE,15547.75,12142,835,483,1.2804933289408664,0.07592922736389555
48111,DOORMAT 3 SMILEY CATS,15437.73,2419,436,173,6.381864406779661,0.07539193202569061
22173,METAL 4 HOOK HANGER FRENCH CHATEAU,15411.9,5026,997,383,3.066434540389972,0.07526578824650652
85014B,RED/WHITE DOTS RUFFLED UMBRELLA,15400.28,3456,416,247,4.456099537037037,0.0752090406385267
84378,SET OF 3 HEART COOKIE CUTTERS,15388.44,11637,1248,601,1.3223717452951793,0.07515121863521505
85014B,RED RETROSPOT UMBRELLA,15376.300000000001,2699,484,273,5.697035939236755,0.07509193154736006
22749,FELTCRAFT PRINCESS CHARLOTTE DOLL,15354.35,3759,685,383,4.084690077148178,0.07498473619493687
21094,SET/6 RED SPOTTY PAPER PLATES,15334.029999999999,19633,984,328,0.7810334640656038,0.07488550113519932
84997B,RED 3 PIECE MINI DOTS CUTLERY SET,15324.35,4205,493,268,3.6443162901307966,0.07483822774059995
22940,FELTCRAFT CHRISTMAS FAIRY,15282.81,3491,586,392,4.377774276711544,0.07463536236749474
22909,SET OF 20 VINTAGE CHRISTMAS NAPKINS,15275.82,17144,1086,578,0.8910300979934671,0.07460122589763424
21975,PACK OF 60 DINOSAUR CAKE CASES,15236.619999999999,31332,1303,543,0.48629579982126897,0.07440978818396733
21165,BEWARE OF THE CAT METAL SIGN,15167.38,9360,966,321,1.6204465811965811,0.07407164667135771
21217,RED RETROSPOT ROUND CAKE TINS,15123.2,1420,465,219,10.650140845070423,0.07385588855427089
20750,RED RETROSPOT MINI CASES,15118.47,2066,508,307,7.3177492739593415,0.0738327890546371
82582,AREA PATROLLED METAL SIGN,15110.980000000001,7479,796,258,2.0204546062307798,0.07379621077720433
35970,ZINC FOLKART SLEIGH BELLS,15072.58,8375,692,415,1.7997110447761193,0.07360867995565305
22946,WOODEN ADVENT CALENDAR CREAM,15060.57,976,275,152,15.430911885245902,0.07355002773776684
22606,WOODEN SKITTLES GARDEN SET,14881.94,1069,374,269,13.921365762394762,0.07267766756449337
22730,ALARM CLOCK BAKELIKE IVORY,14867.27,3702,746,289,4.016010264721772,0.07260602493032262
21770,OPEN CLOSED METAL SIGN,14807.300000000001,2991,651,423,4.950618522233367,0.07231315453010312
17003,BROCADE RING PURSE,14766.42,70369,456,215,0.20984268641020903,0.07211351234299333
22485,SET OF 2 WOODEN MARKET CRATES,14677.84,1101,419,280,13.331371480472297,0.07168092171348785
21912,VINTAGE SNAKES & LADDERS,14651.33,3734,828,447,3.9237627209426886,0.07155145707600545
21217,RED SPOTTY ROUND CAKE TINS,14646.039999999999,1484,463,277,9.869299191374662,0.07152562275189071
21380,WOODEN HAPPY BIRTHDAY GARLAND,14593.320000000002,5031,651,325,2.9006797853309485,0.0712681585614693
84050,PINK HEART SHAPE EGG FRYING PAN,14525.0,9853,715,308,1.4741703034608749,0.07093450997479267
84997D,CHILDRENS CUTLERY POLKADOT PINK,14493.640000000001,3666,358,208,3.9535297326786694,0.07078135980385916
22150,3 STRIPEY MICE FELTCRAFT,14486.55,7815,938,505,1.8536852207293666,0.0707467349724842
84997C,BLUE 3 PIECE MINI DOTS CUTLERY SET,14438.97,3970,476,271,3.637020151133501,0.07051437256390583
21672,WHITE SPOT RED CERAMIC DRAWER KNOB,14411.13,11120,815,278,1.2959649280575538,0.07037841271828116
22384,LUNCH BAG PINK RETROSPOT,14391.72,8914,810,375,1.614507516266547,0.07028362174832517
22352,LUNCH BOX WITH CUTLERY RETROSPOT,14348.82,5678,886,316,2.5270905248326874,0.07007411465862338
20748,KENSINGTON COFFEE SET,14266.98,1600,183,86,8.9168625,0.06967443959519226
21169,YOU'RE CONFUSING ME METAL SIGN,14262.61,8856,772,278,1.6105024841915085,0.06965309819701052
21955,DOORMAT UNION JACK GUNS AND ROSES,14236.9,2349,401,201,6.060834397616007,0.06952754045164378
23200,JUMBO BAG PEARS,14188.960000000001,7067,595,262,2.0077769916513373,0.0692934199416134
84380,SET OF 3 BUTTERFLY COOKIE CUTTERS,14076.34,10405,1114,490,1.3528438250840942,0.06874342720403256
22627,MINT KITCHEN SCALES,14016.8,1600,653,322,8.7605,0.06845265675832522
35400,WOODEN BOX ADVENT CALENDAR,13999.1,1435,419,241,9.755470383275261,0.06836621677026646
23343,JUMBO BAG VINTAGE CHRISTMAS,13972.710000000001,6078,476,286,2.298899308983218,0.06823733816660141
21257,VICTORIAN SEWING BOX MEDIUM,13968.48,1549,532,206,9.017740477727566,0.0682166804745399
22236,CAKE STAND 3 TIER MAGIC GARDEN,13965.519999999999,1127,421,251,12.391765749778171,0.06820222497371198
22271,FELTCRAFT DOLL ROSIE,13921.730000000001,4866,787,400,2.8610213727907934,0.06798837146653154
21668,RED STRIPE CERAMIC DRAWER KNOB,13912.17,10357,825,255,1.3432625277590036,0.0679416841057495
22366,DOORMAT AIRMAIL,13875.59,2085,429,200,6.654959232613909,0.06776304146376134
22295,HEART FILIGREE DOVE LARGE,13873.54,8411,706,381,1.6494519082154322,0.06775303005271499
21888,BINGO SET,13862.17,3520,825,444,3.9381164772727275,0.0676975033485213
22444,GROW YOUR OWN PLANT IN A CAN,13856.6,10132,453,249,1.3676075799447296,0.06767030161216607
21259,VICTORIAN SEWING BOX SMALL,13843.92,2293,655,300,6.03747056258177,0.067608377372133
21669,BLUE STRIPE CERAMIC DRAWER KNOB,13839.18,10578,805,262,1.308298355076574,0.06758522903634777
79323P,PINK CHERRY LIGHTS,13787.93,2281,265,132,6.044686540990794,0.06733494376018886
22621,TRADITIONAL KNITTING NANCY,13784.32,8726,875,507,1.5796837038734814,0.06731731390951698
22776,SWEETHEART CAKESTAND 3 TIER,13753.38,1378,526,347,9.980682148040637,0.06716621485694417
22109,FULL ENGLISH BREAKFAST PLATE,13750.11,3338,642,205,4.119266027561414,0.06715024543542146
23077,DOUGHNUT LIP GLOSS,13695.77,10395,344,217,1.3175343915343916,0.06688486978846583
47556B,TEA TIME TEA TOWELS,13691.02,5201,449,209,2.6323822341857337,0.06686167261652917
22191,IVORY DINER WALL CLOCK,13689.85,1659,500,282,8.251868595539483,0.06685595878681003
21871,SAVE THE PLANET MUG,13654.89,11492,779,299,1.1882083188304908,0.06668522760135605
48116,DOORMAT MULTICOLOUR STRIPE,13634.35,2350,257,112,5.801851063829788,0.06658491814628671
21390,FILIGRIS HEART WITH BUTTERFLY,13552.97,10937,588,280,1.2391853341867056,0.0661874895458221
22636,CHILDS BREAKFAST SET CIRCUS PARADE,13437.03,1618,489,312,8.304715698393078,0.06562128320596135
C2,CARRIAGE,13426.0,268,267,45,50.09701492537314,0.0655674169309168
23356,LOVE HOT WATER BOTTLE,13334.32,2359,476,316,5.652530733361594,0.06511968709446317
23207,LUNCH BAG ALPHABET DESIGN,13325.55,7830,740,377,1.7018582375478926,0.06507685778964534
22207,FRYING PAN UNION FLAG,13298.57,3103,480,189,4.285713825330325,0.064945097853045
23108,SET OF 10 LED DOLLY LIGHTS,13290.52,2219,372,271,5.989418657052727,0.06490578475113126
21673,WHITE SPOT BLUE CERAMIC DRAWER KNOB,13272.39,10050,763,263,1.3206358208955222,0.06481724480856031
23328,SET 6 SCHOOL MILK BOTTLES IN CRATE,13269.49,2841,405,195,4.670711017247448,0.06480308232464108
21098,CHRISTMAS TOILET ROLL,13263.93,8537,596,269,1.5536991917535434,0.0647759294244373
21704,BAG 250g SWIRLY MARBLES,13235.16,17175,568,287,0.7706061135371179,0.0646354278167282
21080,SET/20 RED RETROSPOT PAPER NAPKINS,13231.539999999999,15388,1181,493,0.859860930595269,0.06461774912990487
22846,BREAD BIN DINER STYLE RED,13213.97,822,344,189,16.07538929440389,0.06453194401181489
15044A,PINK PAPER PARASOL,13210.85,4964,250,116,2.6613315874294923,0.06451670713256384
48187,DOOR MAT NEW ENGLAND,13201.61,2023,464,253,6.525758774097874,0.06447158252862807
22356,CHARLOTTE BAG PINK POLKADOT,13172.0,11219,906,269,1.1740796862465461,0.06432697868419752
75049L,LARGE CIRCULAR MIRROR MOBILE,13153.8,13968,344,106,0.9417096219931271,0.06423809688856646
22580,ADVENT CALENDAR GINGHAM SACK,13141.08,2322,495,275,5.65937984496124,0.06417597730392761
21935,SUKI  SHOULDER BAG,13103.21,7127,921,234,1.8385309386838782,0.06399103479840297
22088,PAPER BUNTING COLOURED LACE,13076.880000000001,4399,619,266,2.972693794044101,0.0638624492116466
22553,PLASTERS IN TIN SKULLS,13013.15,7794,1090,507,1.6696369001796254,0.06355121641848353
22464,HANGING METAL HEART LANTERN,12985.31,7847,784,397,1.6548120300751878,0.06341525657285886
48129,DOORMAT TOPIARY,12927.53,2087,337,183,6.194312410158122,0.06313308128980596
84988,SET OF 72 PINK HEART PAPER DOILIES,12913.24,8305,1019,379,1.5548753762793497,0.06306329442939014
21906,PHARMACIE FIRST AID TIN,12879.460000000001,1786,424,214,7.211343784994401,0.06289832590980678
22766,PHOTO FRAME CORNICE,12864.25,4367,640,343,2.945786581177009,0.06282404612345795
22655,VINTAGE RED KITCHEN CABINET,12845.0,76,53,45,169.01315789473685,0.06273003653192509
22838,3 TIER CAKE TIN RED AND CREAM,12837.46,894,263,177,14.359574944071587,0.06269321407373507
21216,"SET 3 RETROSPOT TEA,COFFEE,SUGAR",12764.91,2384,498,174,5.3544085570469795,0.06233890779499695
22584,PACK OF 6 PANNETONE GIFT BOXES,12739.15,4989,571,408,2.55344758468631,0.06221310586887298
22947,WOODEN ADVENT CALENDAR RED,12704.15,1011,209,124,12.565924826904055,0.062042179338813244
22303,COFFEE MUG APPLES DESIGN,12701.630000000001,5439,540,266,2.3352877367163085,0.06202987262864895
22646,CERAMIC STRAWBERRY CAKE MONEY BANK,12654.71,8913,880,404,1.4198036575788173,0.061800733406066
22365,DOORMAT RESPECTABLE HOUSE,12524.1,1950,320,146,6.422615384615384,0.06116288443203449
22616,PACK OF 12 LONDON TISSUES,12460.16,39147,825,319,0.3182915676807929,0.060850626079691064
21535,RED RETROSPOT SMALL MILK JUG,12456.39,5057,814,379,2.4631975479533317,0.060832214850596054
62018,SOMBRERO,12450.85,9567,127,70,1.3014372321521899,0.06080515962269518
22623,BOX OF VINTAGE JIGSAW BLOCKS,12432.28,2312,541,334,5.3772837370242215,0.06071447088946062
22804,CANDLEHOLDER PINK HANGING HEART,12411.640000000001,4381,594,325,2.833060944989729,0.06061367307287682
22144,CHRISTMAS CRAFT LITTLE FRIENDS,12382.47,5134,704,392,2.4118562524347484,0.06047121801910988
85014A,BLACK/BLUE DOTS RUFFLED UMBRELLA,12363.970000000001,2967,302,184,4.167162116616111,0.06038087113893546
23174,REGENCY SUGAR BOWL GREEN,12342.43,3055,322,190,4.040075286415712,0.06027567806872155
21671,RED SPOT CERAMIC DRAWER KNOB,12339.32,9488,727,265,1.3005185497470488,0.06026049002562195
21156,RETROSPOT CHILDRENS APRON,12324.05,6631,634,335,1.8585507464937414,0.060185917222364445
22631,CIRCUS PARADE LUNCH BOX,12239.9,6271,662,270,1.9518258650932865,0.05977496100794939
85042,ANTIQUE LILY FAIRY LIGHTS,12234.56,2685,292,142,4.556633147113594,0.059748882503077416
15056P,EDWARDIAN PARASOL PINK,12228.92,2473,344,186,4.94497371613425,0.05972133891366208
22082,RIBBON REEL STRIPES DESIGN,12192.05,7267,957,512,1.6777280858676207,0.05954128002328199
21080,SET/20 RED SPOTTY PAPER NAPKINS,12185.39,15688,942,481,0.7767331718510964,0.0595087551464192
22301,COFFEE MUG CAT + BIRD DESIGN,12124.78,5009,643,273,2.420598921940507,0.059212759232507184
22192,BLUE DINER WALL CLOCK,12104.8,1426,543,260,8.488639551192145,0.05911518460191878
21670,BLUE SPOT CERAMIC DRAWER KNOB,12074.4,8845,767,260,1.365110231769361,0.05896672270152404
20969,RED FLORAL FELTCRAFT SHOULDER BAG,12066.52,3237,613,285,3.7276861291319126,0.05892823981418488
21937,STRAWBERRY   PICNIC BAG,12038.82,4100,657,286,2.9362975609756097,0.058792963674680454
84212,"ASSORTED FLOWER COLOUR ""LEIS""",11961.49,24794,277,140,0.4824348632733726,0.05841531371555132
84987,SET OF 36 TEATIME PAPER DOILIES,11864.15,8138,812,406,1.4578704841484393,0.05793994261737945
22729,ALARM CLOCK BAKELIKE ORANGE,11864.0,2999,612,236,3.9559853284428144,0.05793921007510777
22488,NATURAL SLATE RECTANGLE CHALKBOARD,11788.06,6905,808,426,1.7071774076755972,0.05756834834102957
23300,GARDENERS KNEELING PAD CUP OF TEA,11785.99,6809,758,351,1.7309428697312381,0.057558239257680326
21428,SET3 BOOK BOX GREEN GINGHAM FLOWER,11762.93,2883,465,228,4.080100589663545,0.05744562309244668
20750,RED/WHITE DOT MINI CASES,11748.16,1622,401,246,7.243008631319359,0.057373492096761465
22791,T-LIGHT GLASS FLUTED ANTIQUE,11728.69,9458,434,226,1.240081412560795,0.0572784081098968
22750,FELTCRAFT PRINCESS LOLA DOLL,11697.6,3125,647,362,3.7432320000000003,0.05712657651505232
22943,CHRISTMAS LIGHTS 10 VINTAGE BAUBLES,11696.64,2381,356,215,4.912490550188996,0.05712188824451353
47567B,TEA TIME KITCHEN APRON,11683.27,2166,348,179,5.393938134810711,0.05705659431003071
21485,RED SPOT HEART HOT WATER BOTTLE,11670.66,2425,455,282,4.812643298969072,0.05699501192305775
22151,PLACE SETTING WHITE HEART,11609.19,27562,716,361,0.42120274290690085,0.056694816100121406
21326,AGED GLASS SILVER T-LIGHT HOLDER,11593.86,17770,643,307,0.6524400675295442,0.05661995027995524
23581,JUMBO BAG PAISLEY PARK,11581.83,5020,338,230,2.3071374501992032,0.056561200389766135
21260,FIRST AID TIN,11564.43,3512,534,303,3.292833143507973,0.05647622548625072
22508,DOORSTOP RETROSPOT HEART,11561.95,2880,697,400,4.014565972222223,0.05646411412069221
22468,BABUSHKA LIGHTS STRING OF 10,11542.6,1736,413,196,6.648963133640553,0.05636961616764488
48185,DOOR MAT FAIRY CAKE,11532.31,1727,386,181,6.677654892877823,0.056319363767807315
22637,PIGGY BANK RETROSPOT,11492.82,4478,598,329,2.566507369361322,0.05612650980574849
22663,JUMBO BAG DOLLY GIRL DESIGN,11465.29,5764,688,268,1.9891204024982652,0.05599206388081865
22649,STRAWBERRY FAIRY CAKE TEAPOT,11462.58,2286,482,198,5.014251968503937,0.055978829283776864
21172,PARTY METAL SIGN,11382.16,7685,971,420,1.4810878334417696,0.055586088953851025
22367,CHILDRENS APRON SPACEBOY DESIGN,11365.8,5734,846,450,1.9821764911056852,0.05550619301008596
21429,RED GINGHAM ROSE JEWELLERY BOX,11342.25,6359,997,418,1.7836530901085077,0.05539118387343148
22988,SOLDIERS EGG CUP,11238.45,9363,446,207,1.200304389618712,0.05488426462142573
22844,VINTAGE CREAM DOG FOOD CONTAINER,11199.64,1181,489,221,9.483183742591024,0.0546947315176652
21922,UNION STRIPE WITH FRINGE  HAMMOCK,11199.18,1443,388,204,7.761039501039501,0.05469248505469871
72351B,SET/6 PINK  BUTTERFLY T-LIGHTS,11184.890000000001,5785,499,208,1.9334295592048403,0.054622698194282886
22968,ROSE COTTAGE KEEPSAKE BOX,11184.82,1127,306,182,9.924418811002662,0.05462235634122277
47599A,PINK PARTY BAGS,11180.57,5967,369,202,1.8737338696162225,0.05460160097685836
22795,SWEETHEART RECIPE BOOK STAND,11175.81,1597,498,227,6.998002504696306,0.05457835496877023
21868,POTTING SHED TEA MUG,11163.64,9075,881,377,1.2301531680440771,0.05451892137246089
22417,PACK OF 60 SPACEBOY CAKE CASES,11159.9,21451,1103,521,0.5202508041583143,0.054500656651820224
21735,TWO DOOR CURIO CABINET,11112.85,853,262,139,13.027960140679953,0.054270882559268485
47591D,PINK FAIRY CAKE CHILDRENS APRON,11103.119999999999,5952,751,393,1.8654435483870966,0.05422336498391188
23170,REGENCY TEA PLATE ROSES,11097.25,6857,445,224,1.618382674639055,0.0541946981630133
22620,4 TRADITIONAL SPINNING TOPS,11073.45,8181,841,449,1.3535570223689037,0.054078468122572665
22834,HAND WARMER BABUSHKA DESIGN,11072.83,6792,592,297,1.630275323910483,0.05407544028118304
22768,FAMILY PHOTO FRAME CORNICE,11064.72,1158,354,243,9.55502590673575,0.054035834162360616
22198,LARGE POPCORN HOLDER,11063.4,6323,554,212,1.7497074173651748,0.054029387790369796
B,Adjust bad debt,11062.06,1,1,0,11062.06,0.05402284374607608
21155,RED RETROSPOT PEG BAG,11060.2,4003,605,247,2.762977766674994,0.054013760221907195
22130,PARTY CONE CHRISTMAS DECORATION,10991.21,9737,424,298,1.1288086679675464,0.05367683961308372
21844,RED RETROSPOT MUG,10986.43,3893,340,195,2.8220986385820703,0.0536534959326927
22694,WICKER STAR,10958.6,4893,858,484,2.239648477416718,0.053517584923219494
21210,SET OF 72 RETRO SPOT PAPER  DOILIES,10949.4,7671,554,292,1.427375831052014,0.05347265566388949
20828,GLITTER BUTTERFLY CLIPS,10940.48,4423,607,261,2.4735428442233776,0.053429093816799986
22668,PINK BABY BUNTING,10898.05,3587,579,296,3.0382074156676886,0.053221882026216125
22667,RECIPE BOX RETROSPOT,10891.7,3886,670,338,2.802804940813176,0.053190871070048155
21907,I'M ON HOLIDAY METAL SIGN,10866.220000000001,5163,771,381,2.1046329653302345,0.053066436556164664
22950,36 DOILIES VINTAGE CHRISTMAS,10823.97,7851,342,251,1.3786740542606037,0.052860103816306826
37370,RETRO COFFEE MUGS ASSORTED,10821.29,7145,492,184,1.514526242127362,0.0528470157277194
23209,LUNCH BAG VINTAGE DOILY,10797.0,6548,601,319,1.6489004276114845,0.052728392715857934
21086,SET/6 RED SPOTTY PAPER CUPS,10781.81,16658,843,311,0.6472451674870933,0.052654210601812
21210,SET OF 72 RETROSPOT PAPER  DOILIES,10777.789999999999,7447,607,313,1.4472660131596615,0.052634578468930854
22274,FELTCRAFT DOLL EMILY,10770.070000000002,3773,656,344,2.854510999204877,0.05259687696001484
22904,CALENDAR PAPER CUT DESIGN,10755.050000000001,3467,463,269,3.1021199884626482,0.05252352506054348
21035,SET/2 RED RETROSPOT TEA TOWELS,10684.210000000001,3335,503,191,3.2036611694152928,0.052177569763702566
21833,CAMOUFLAGE LED TORCH,10681.67,6239,444,210,1.7120804616124379,0.05216516538123537
21624,VINTAGE UNION JACK DOORSTOP,10641.15,1771,403,281,6.0085544889892715,0.05196728129557763
21974,SET OF 36 PAISLEY FLOWER DOILIES,10622.15,7046,808,355,1.5075432869713312,0.05187449260783091
22064,PINK DOUGHNUT TRINKET POT,10592.66,6606,693,213,1.60349076597033,0.05173047479721773
21524,DOOR MAT SPOTTY HOME SWEET HOME,10563.06,1772,286,170,5.96109480812641,0.051585919788938624
48111,DOOR MAT 3 SMILEY CATS,10532.27,1829,284,125,5.758485511208311,0.0514355532786375
22179,SET 10 LIGHTS NIGHT OWL,10509.880000000001,1518,396,165,6.923504611330699,0.051326209135550714
23209,LUNCH BAG DOILEY PATTERN,10502.19,6551,492,290,1.6031430315982294,0.05128865413508902
22302,COFFEE MUG PEARS  DESIGN,10492.45,4926,396,212,2.130014210312627,0.051241087723580964
22812,PACK 3 BOXES CHRISTMAS PANNETONE,10485.949999999999,4803,438,266,2.1832084114095354,0.051209344225141284
21121,SET/10 RED POLKADOT PARTY CANDLES,10451.93,8654,485,301,1.2077571065403283,0.05104320363792322
21890,S/6 WOODEN SKITTLES IN COTTON BAG,10451.6,3489,547,335,2.995586127830324,0.05104159204492552
23208,LUNCH BAG VINTAGE LEAF DESIGN,10441.91,6308,668,305,1.6553440076093848,0.05099426981417469
22418,10 COLOUR SPACEBOY PEN,10397.33,12290,585,331,0.8459991863303499,0.05077655825103003
21982,PACK OF 12 SUKI TISSUES,10395.88,32086,718,335,0.32400049865985164,0.050769477009070405
22174,PHOTO CUBE,10374.33,5122,557,178,2.0254451386177275,0.05066423510270505
22992,REVOLVER WOODEN RULER,10373.99,5233,348,217,1.9824173514236576,0.05066257467355591
22725,ALARM CLOCK BAKELIKE CHOCOLATE,10324.92,2518,549,217,4.100444797458301,0.05042293567841215
84997B,CHILDRENS CUTLERY RETROSPOT RED,10316.86,2634,262,157,3.916803340926348,0.050383573740346965
22120,WELCOME  WOODEN BLOCK LETTERS,10314.19,1018,367,196,10.131817288801573,0.05037053448791098
22089,PAPER BUNTING VINTAGE PAISLEY,10303.35,3506,552,290,2.938776383342841,0.0503175960997439
48194,DOOR MAT HEARTS,10298.44,1700,316,188,6.057905882352942,0.050293617549384086
22740,POLKADOT PEN,10293.71,12049,275,142,0.8543206905137355,0.0502705180497503
20724,RED SPOTTY CHARLOTTE BAG,10231.44,11534,780,282,0.887067799549159,0.049966415334698304
22380,TOY TIDY SPACEBOY,10217.66,4964,688,300,2.058352135374698,0.04989911911800621
23582,VINTAGE DOILY JUMBO BAG RED,10206.41,4802,259,186,2.1254498125780925,0.04984417844762985
22748,POPPY'S PLAYHOUSE KITCHEN,10161.4,4142,742,410,2.453259295026557,0.049624366929973025
21892,TRADITIONAL WOODEN CATCH CUP GAME,10151.28,7826,818,447,1.2971224124712497,0.04957494474471005
84997C,CHILDRENS CUTLERY POLKADOT BLUE,10150.76,2582,233,150,3.93135553834237,0.04957240526483487
22970,LONDON BUS COFFEE MUG,10140.6,4334,317,180,2.339778495616059,0.0495227877349661
21033,JUMBO BAG CHARLIE AND LOLA TOYS,10132.11,4590,573,163,2.2074313725490198,0.04948132584238875
22966,GINGERBREAD MAN COOKIE CUTTER,10131.26,8219,732,422,1.232663341039056,0.04947717476951588
21781,MA CAMPAGNE CUTLERY BOX,10125.72,655,363,150,15.459114503816792,0.04945011954161499
84792,ENCHANTED BIRD COATHANGER 5 HOOK,10119.51,2297,519,248,4.405533304309969,0.04941979229156724
22771,CLEAR DRAWER KNOB ACRYLIC EDWARDIAN,10117.08,7465,511,201,1.3552685867381111,0.049407925106765956
22381,TOY TIDY PINK POLKADOT,10090.01,4712,589,177,2.14134337860781,0.049275725644802607
23171,REGENCY TEA PLATE GREEN,10051.99,6247,381,195,1.609090763566512,0.04909005059700628
21558,SKULL LUNCH BOX WITH CUTLERY,10014.54,3909,703,253,2.5619186492709134,0.048907159209842364
21756,BATH BUILDING BLOCK WORD,9944.65,1612,581,327,6.169137717121588,0.04856584334738878
22327,ROUND SNACK BOXES SET OF 4 SKULLS,9943.550000000001,3065,646,256,3.244225122349103,0.04856047137072976
23076,ICE CREAM SUNDAE LIP GLOSS,9935.76,8076,277,202,1.2302823179791977,0.0485224280087536
22131,FOOD CONTAINER SET 3 LOVE HEART,9914.89,5243,692,276,1.891071905397673,0.048420506960686546
84880,WHITE WIRE EGG HOLDER,9894.99,1729,375,185,5.722955465587044,0.04832332301930973
22300,COFFEE MUG DOG + BALL DESIGN,9891.4,4116,526,254,2.4031584062196307,0.048305790840940735
85232B,SET/3 RUSSIAN DOLL STACKING TINS,9867.14,1968,371,154,5.013790650406504,0.048187314337533614
22429,ENAMEL MEASURING JUG CREAM,9844.039999999999,2280,625,364,4.317561403508772,0.04807450282769418
20829,GLITTER HANGING BUTTERFLY STRING,9825.02,4820,481,207,2.0383858921161826,0.04798161646764459
48184,DOOR MAT ENGLISH ROSE,9816.33,1481,325,184,6.628176907494936,0.04793917785203832
21488,RED WHITE SCARF  HOT WATER BOTTLE,9784.58,2384,359,216,4.104270134228188,0.04778412307119841
22645,CERAMIC HEART FAIRY CAKE MONEY BANK,9765.529999999999,5440,736,338,1.7951341911764704,0.047691090202694464
22745,POPPY'S PLAYHOUSE BEDROOM,9764.64,3976,703,377,2.4558953722334,0.047686743785215806
79000,MOROCCAN TEA GLASS,9759.91,11973,436,195,0.8151599432055457,0.047663644285582014
23240,SET OF 4 KNICK KNACK TINS DOILY,9726.48,2352,353,230,4.135408163265306,0.04750038503129924
22549,PICTURE DOMINOES,9718.41,6521,711,403,1.4903251035117313,0.04746097425708261
47570B,TEA TIME TABLE CLOTH,9622.27,973,224,129,9.88928057553957,0.046991463497084225
84997D,PINK 3 PIECE POLKADOT CUTLERY SET,9621.970000000001,2634,280,172,3.652987851176918,0.04698999841254086
22840,ROUND CAKE TIN VINTAGE RED,9602.6,1264,392,273,7.596993670886076,0.04689540278719065
22665,RECIPE BOX BLUE SKETCHBOOK DESIGN,9589.84,2955,703,326,3.2452927241962777,0.04683308785794601
23175,REGENCY MILK JUG PINK,9587.15,3160,329,206,3.033908227848101,0.04681995093320713
22978,PANTRY ROLLING PIN,9564.98,2464,238,153,3.8818912337662335,0.046711681185452145
85099B,RED RETROSPOT JUMBO BAG,9563.89,5417,210,157,1.7655325826103008,0.04670635804494457
22381,TOY TIDY PINK RETROSPOT,9529.53,4553,511,241,2.093022183175928,0.04653855702857736
82552,WASHROOM METAL SIGN,9527.16,6955,794,346,1.3698289000718906,0.04652698286068473
35961,FOLKART ZINC HEART CHRISTMAS DEC,9514.78,11430,637,262,0.8324391951006125,0.04646652370519504
16014,SMALL CHINESE STYLE SCISSOR,9513.1,29355,93,46,0.3240708567535343,0.04645831923175217
22767,TRIPLE PHOTO FRAME CORNICE,9478.23,1004,295,197,9.440468127490039,0.04628802757166122
22942,CHRISTMAS LIGHTS 10 SANTAS,9466.41,1221,246,176,7.752997542997543,0.04623030324065247
82001S,VINYL RECORD FRAME SILVER,9463.64,2639,204,83,3.5860704812428947,0.046216775626702025
85014A,BLACK/BLUE POLKADOT UMBRELLA,9433.61,1656,382,238,5.696624396135266,0.04607012066391077
21539,RED RETROSPOT BUTTER DISH,9408.77,1856,536,235,5.069380387931035,0.0459488116637198
21716,BOYS VINTAGE TIN SEASIDE BUCKET,9397.07,3709,496,241,2.53358587220275,0.0458916733665284
20970,PINK FLORAL FELTCRAFT SHOULDER BAG,9387.29,2490,574,278,3.7699959839357433,0.045843911610414574
21385,IVORY HANGING DECORATION  HEART,9358.94,10832,690,320,0.8640084933530281,0.045705461121066174
22357,KINGS CHOICE BISCUIT TIN,9352.41,2073,462,259,4.511534008683068,0.04567357111417217
84692,BOX OF 24 COCKTAIL PARASOLS,9336.68,19085,1122,348,0.48921561435682476,0.045596751847948175
22656,VINTAGE BLUE KITCHEN CABINET,9290.0,45,37,30,206.44444444444446,0.04536878469299993
21658,GLASS  BEURRE DISH,9271.89,2225,519,166,4.167141573033708,0.04528034242273187
22219,LOVEBIRD HANGING DECORATION WHITE,9270.48,9771,1149,384,0.9487749462695731,0.045273456525378036
20747,PICCADILLY TEA SET,9224.92,683,108,48,13.506471449487554,0.0450509590193917
23319,BOX OF 6 MINI 50'S CRACKERS,9219.53,3720,403,300,2.4783682795698927,0.045024636333762504
21745,GAOLERS KEYS DECORATIVE GARDEN,9201.49,2699,486,236,3.409221934049648,0.04493653591655456
22741,FUNKY DIVA PEN,9173.029999999999,10652,292,132,0.8611556515208411,0.04479754822954027
22121,NOEL WOODEN BLOCK LETTERS,9167.61,1481,438,303,6.190148548278191,0.04477107903545674
23318,BOX OF 6 MINI VINTAGE CRACKERS,9162.41,3809,376,270,2.4054633762142292,0.044745684236705004
23080,RED METAL BOX TOP SECRET,9117.62,1074,257,148,8.489404096834265,0.04452694711437998
21933,PINK VINTAGE PAISLEY PICNIC BAG,9087.63,4116,625,294,2.2078790087463553,0.044380487496194505
21777,RECIPE BOX WITH METAL HEART,9075.51,1126,367,169,8.059955595026643,0.04432129808064239
84030E,ENGLISH ROSE HOT WATER BOTTLE,9042.15,2122,485,254,4.261145146088595,0.04415838067941973
22195,LARGE HEART MEASURING SPOONS,9005.64,5043,806,321,1.7857703747769185,0.04398007989049169
22989,SET 2 PANTRY DESIGN TEA TOWELS,8999.27,2811,372,241,3.2014478833155464,0.043948971262020825
21715,GIRLS VINTAGE TIN SEASIDE BUCKET,8987.24,3553,487,255,2.529479313256403,0.04389022137183172
21985,PACK OF 12 HEARTS DESIGN TISSUES,8972.11,25523,919,493,0.35153038435920547,0.043816332274694475
22371,AIRLINE BAG VINTAGE TOKYO 78,8936.8,1828,684,285,4.888840262582057,0.043643891823939907
22141,CHRISTMAS CRAFT TREE TOP ANGEL,8895.210000000001,3663,572,313,2.4283947583947585,0.04344078227007749
23322,LARGE WHITE HEART OF WICKER,8878.210000000001,3069,562,350,2.892867383512545,0.043357760812619904
22333,RETROSPOT PARTY BAG + STICKER SET,8857.32,5648,409,210,1.5682223796033994,0.04325574209224996
23439,HAND WARMER RED LOVE HEART,8855.51,3986,397,268,2.2216532865027596,0.0432469027488383
84997B,RED 3 PIECE RETROSPOT CUTLERY SET,8846.86,2418,264,169,3.6587510339123246,0.043204659477837824
22215,CAKE STAND WHITE TWO TIER LACE,8809.93,1085,359,245,8.119751152073732,0.04302430757054907
22839,3 TIER CAKE TIN GREEN AND CREAM,8794.42,566,256,138,15.537844522968198,0.042948562699656884
20718,RED SPOTTY SHOPPER BAG,8763.09,7058,517,237,1.2415826013034854,0.04279555903717769
84839,SWEETHEART KEY CABINET,8747.05,1523,393,219,5.7433026920551535,0.04271722585025888
20718,RED RETROSPOT SHOPPER BAG,8694.26,6295,696,280,1.3811374106433678,0.04245941980677735
20974,12 PENCILS SMALL TUBE SKULL,8686.54,13219,822,370,0.6571253498751797,0.042421718297861316
22895,SET OF 2 TEA TOWELS APPLE AND PEARS,8648.49,2847,411,232,3.037755532139094,0.04223589674161065
22212,FOUR HOOK  WHITE LOVEBIRDS,8642.300000000001,4024,828,323,2.147688866799205,0.042205667163865805
84032A,CHARLIE+LOLA PINK HOT WATER BOTTLE,8624.1,3234,662,227,2.66669758812616,0.04211678536823474
21381,MINI WOODEN HAPPY BIRTHDAY GARLAND,8568.0,5104,532,234,1.6786833855799372,0.041842814558624694
21135,VICTORIAN  METAL POSTCARD SPRING,8567.24,5985,405,251,1.4314519632414369,0.04183910301111482
22110,BIRD HOUSE HOT WATER BOTTLE,8563.76,2609,512,217,3.2823917209658875,0.04182210803041174
23082,SET 6 PAPER TABLE LANTERN HEARTS,8558.76,2328,297,205,3.676443298969072,0.04179768995468892
23078,ICE CREAM PEN LIP GLOSS,8553.34,6831,257,159,1.2521358512662861,0.04177122076060539
22283,6 EGG HOUSE PAINTED WOOD,8533.09,1032,382,196,8.268498062015505,0.04167232755392796
21186,WHITE DOVE HONEYCOMB PAPER GARLAND,8532.17,5272,369,187,1.6183933990895296,0.04166783462799496
23256,CHILDRENS CUTLERY SPACEBOY,8517.67,2077,360,225,4.100948483389504,0.04159702220839879
21932,SCANDINAVIAN PAISLEY PICNIC BAG,8498.61,3871,649,315,2.1954559545337125,0.0415039405037434
23493,VINTAGE DOILY TRAVEL SEWING KIT,8497.98,3964,415,282,2.143789101917255,0.041500863826202314
72807C,SET/3 VANILLA SCENTED CANDLE IN BOX,8489.17,1983,345,164,4.280973272818962,0.041457839176778706
79323LP,LIGHT PINK CHERRY LIGHTS,8481.19,1433,170,107,5.918485694347523,0.04141886792792509
22079,RIBBON REEL HEARTS DESIGN,8457.84,5028,684,397,1.682147971360382,0.04130483551429952
85049E,SCANDINAVIAN REDS RIBBONS,8453.47,6316,830,434,1.338421469284357,0.04128349411611777
22078,RIBBON REEL LACE DESIGN,8449.94,3984,480,246,2.120968875502008,0.041266254954657466
22751,FELTCRAFT PRINCESS OLIVIA DOLL,8445.97,2264,466,269,3.7305521201413425,0.041246867002533535
23321,SMALL WHITE HEART OF WICKER,8438.54,4716,629,378,1.789342663273961,0.041210581742009436
48188,DOOR MAT WELCOME PUPPIES,8429.7,1458,270,147,5.7816872427983546,0.04116741058413149
21533,RETRO SPOT LARGE MILK JUG,8420.28,1687,516,263,4.99127445168939,0.041121406929469695
22358,KINGS CHOICE TEA CADDY,8393.61,2651,605,295,3.166205205582799,0.040991160913564174
51008,AFGHAN SLIPPER SOCK PAIR,8378.8,2604,80,44,3.217665130568356,0.04091883457327317
22329,ROUND CONTAINER SET OF 5 RETROSPOT,8371.05,5123,607,259,1.6340132734725745,0.040880986555902804
22628,PICNIC BOXES SET OF 3 RETROSPOT,8367.8,1744,350,172,4.798050458715596,0.04086511480668297
22689,DOORMAT MERRY CHRISTMAS RED,8366.72,1092,264,182,7.661831501831501,0.040859840502326834
21411,GINGHAM HEART  DOORSTOP RED,8352.94,2090,624,358,3.996622009569378,0.04079254428563475
21787,RAIN PONCHO RETROSPOT,8333.11,10408,308,150,0.8006446963873943,0.04069570219731805
21934,SKULL SHOULDER BAG,8275.22,4597,725,164,1.8001348705677613,0.04041298971659923
21523,DOOR MAT FANCY FONT HOME SWEET HOME,8238.8,1178,245,123,6.993887945670628,0.04023512845303421
21874,GIN AND TONIC MUG,8209.17,6332,617,211,1.2964576753000632,0.04009042693630078
85067,CREAM SWEETHEART WALL CABINET,8201.99,496,175,110,16.53627016129032,0.04005536257956281
21533,RETROSPOT LARGE MILK JUG,8194.59,1656,438,251,4.948423913043478,0.04001922382749303
22055,MINI CAKE STAND  HANGING STRAWBERY,8179.19,4925,724,252,1.6607492385786802,0.039944016154266744
84997C,BLUE 3 PIECE POLKADOT CUTLERY SET,8150.63,2246,242,160,3.628953695458593,0.039804540105738
85049A,TRADITIONAL CHRISTMAS RIBBONS,8114.78,6151,667,387,1.3192619086327426,0.03962946250280538
82551,LAUNDRY 15C METAL SIGN,8081.139999999999,5641,751,306,1.4325722389647224,0.03946517768934224
22796,PHOTO FRAME 3 CLASSIC HANGING,8020.45,806,316,201,9.950930521091811,0.03916879108621865
22738,RIBBON REEL SNOWY VILLAGE,8012.57,4447,498,274,1.8017922194738025,0.039130308198879485
21121,SET/10 RED SPOTTY PARTY CANDLES,7990.77,6561,388,249,1.2179195244627343,0.03902384538872799
22504,CABIN BAG VINTAGE RETROSPOT,7985.03,366,115,55,21.817021857923496,0.03899581343779819
21122,SET/10 PINK POLKADOT PARTY CANDLES,7962.62,6543,420,261,1.2169677517958124,0.03888637162240851
21035,SET/2 RED SPOTTY TEA TOWELS,7960.570000000001,2659,426,192,2.993820985332832,0.03887636021136216
22592,CARDHOLDER HOLLY WREATH METAL,7956.84,1980,304,207,4.018606060606061,0.038858144326872936
21115,ROSE CARAVAN DOORSTOP,7955.84,1247,431,266,6.379983961507619,0.03885326071172837
21769,VINTAGE POST OFFICE CABINET,7954.87,123,48,42,64.67373983739837,0.03884852360503814
21527,RETRO SPOT TRADITIONAL TEAPOT,7937.910000000001,1008,261,150,7.874910714285715,0.03876569749218634
21154,RED RETROSPOT OVEN GLOVE,7916.58,5279,564,221,1.4996362947527941,0.038661529981152784
21116,OWL DOORSTOP,7900.01,1355,534,164,5.830265682656827,0.03858060847820736
21875,KINGS CHOICE MUG,7882.08,6818,414,218,1.1560692285127603,0.03849304525866533
22466,FAIRY TALE COTTAGE NIGHTLIGHT,7877.839999999999,4336,279,146,1.8168450184501843,0.03847233873045237
22275,WEEKEND BAG VINTAGE ROSE PAISLEY,7875.33,946,313,168,8.324873150105708,0.03846008085643952
22890,NOVELTY BISCUITS CAKE STAND 3 TIER,7821.96,800,260,148,9.77745,0.038199442316174136
21976,PACK OF 60 MUSHROOM CAKE CASES,7792.37,14570,950,404,0.5348229238160603,0.03805493614404649
21531,RED RETROSPOT SUGAR JAM BOWL,7791.88,3152,580,267,2.472043147208122,0.03805254317262565
84568,GIRLS ALPHABET IRON ON PATCHES,7788.67,37066,310,49,0.21012976852101656,0.0380368667680116
23238,SET OF 4 KNICK KNACK TINS LONDON,7771.61,1849,274,150,4.203142239048134,0.03795355229364533
20717,STRAWBERRY SHOPPER BAG,7767.48,6296,757,283,1.2337166454891995,0.03793338296309829
20685,DOORMAT RED SPOT,7765.42,1086,205,159,7.1504788213628,0.03792332271590049
23204,CHARLOTTE BAG APPLES DESIGN,7741.94,7976,583,199,0.9706544633901705,0.037808655432306125
23007,SPACEBOY BABY GIFT SET,7741.749999999999,498,184,110,15.545682730923692,0.037807727545428646
21110,LARGE CAKE TOWEL PINK SPOTS,7729.37,1640,329,173,4.713030487804878,0.03774726838993895
22784,LANTERN CREAM GAZEBO,7727.14,1551,369,234,4.982037395228885,0.03773637792816657
84032B,CHARLIE + LOLA RED HOT WATER BOTTLE,7699.25,3285,601,288,2.343759512937595,0.03760017390178468
22165,"DIAMANTE HEART SHAPED WALL MIRROR,",7673.7300000000005,976,272,82,7.862428278688525,0.03747554404329541
22550,HOLIDAY FUN LUDO,7669.64,2058,425,275,3.7267444120505346,0.03745557005735414
22809,SET OF 6 T-LIGHTS SANTA,7664.720000000001,2568,379,259,2.9847040498442374,0.03743154267084289
21870,I CAN ONLY PLEASE ONE PERSON MUG,7627.49,6083,630,243,1.2539026795988821,0.03724972567901077
22528,GARDENERS KNEELING PAD,7623.41,5824,554,284,1.3089646291208792,0.037229800529220945
22669,RED BABY BUNTING,7613.9400000000005,2386,438,263,3.1910896898575025,0.03718355269380193
22493,PAINT YOUR OWN CANVAS SET,7608.12,4738,418,244,1.605766146053187,0.037155130053660564
22991,GIRAFFE WOODEN RULER,7604.889999999999,3887,274,185,1.956493439670697,0.037139355976743615
20685,RED SPOTTY COIR DOORMAT,7563.34,1174,208,132,6.44236797274276,0.036936441767486984
22588,CARD HOLDER GINGHAM HEART,7559.94,2747,481,318,2.752071350564252,0.03691983747599546
22489,PACK OF 12 TRADITIONAL CRAYONS,7548.67,17916,785,417,0.4213367939272159,0.03686479913331623
22349,DOG BOWL CHASING BALL DESIGN,7537.37,1817,230,144,4.148249862410567,0.03680961428218266
22360,GLASS JAR ENGLISH CONFECTIONERY,7529.6,2501,424,208,3.0106357457017197,0.036771668592509396
22224,WHITE LOVEBIRD LANTERN,7527.9400000000005,2373,401,234,3.1723303834808263,0.03676356179136942
85065,CREAM SWEETHEART TRAYS,7524.44,620,256,162,12.136193548387096,0.036746469138363436
85064,CREAM SWEETHEART LETTER RACK,7493.06,1595,279,172,4.697843260188088,0.03659322129512702
21463,MIRRORED DISCO BALL,7484.81,1349,302,169,5.548413639733136,0.03655293147018437
82580,BATHROOM METAL SIGN,7458.52,13249,1336,443,0.562949656577855,0.036424541228033784
20676,RED RETROSPOT BOWL,7445.51,5846,544,227,1.273607594936709,0.036361005395003004
11001,ASSTD DESIGN RACING CAR PEN,7408.65,4829,251,118,1.534199627252019,0.03618099534077437
21216,"SET 3 RED SPOT TIN TEA,COFFEE,SUGAR",7404.09,1500,304,127,4.93606,0.036158726055715164
72351A,SET/6 TURQUOISE BUTTERFLY T-LIGHTS,7368.68,3728,399,174,1.9765772532188841,0.03598579724344615
22945,CHRISTMAS METAL TAGS ASSORTED,7365.7,7641,338,244,0.9639706844653841,0.03597124407031535
21737,SET 3 WICKER LOG BASKETS,7362.66,398,164,118,18.499145728643217,0.03595639788027587
21361,LOVE LARGE WOOD LETTERS,7361.74,556,286,181,13.240539568345323,0.035951904954342875
23382,BOX OF 6 CHRISTMAS CAKE DECORATIONS,7356.18,1875,220,136,3.923296,0.0359247520541391
21876,POTTERING MUG,7351.25,5663,623,239,1.2981193713579375,0.0359006758314764
22798,ANTIQUE GLASS DRESSING TABLE POT,7336.09,2367,356,173,3.0993198141106886,0.035826640225884804
21114,LAVENDER SCENTED FABRIC HEART,7306.14,5666,494,359,1.2894705259442287,0.03568037595230512
22282,12 EGG HOUSE PAINTED WOOD,7304.69,561,216,92,13.020837789661318,0.03567329471034549
22465,HANGING METAL STAR LANTERN,7284.24,4517,461,270,1.6126278503431482,0.03557342478063916
22907,PACK OF 20 NAPKINS PANTRY DESIGN,7279.03,8686,829,445,0.8380186507022795,0.035547981145735985
23083,SET 6 PAPER TABLE LANTERN STARS,7250.900000000001,1932,246,161,3.7530538302277434,0.0354106050517194
23240,SET OF 4 KNICK KNACK TINS DOILEY,7248.79,1819,182,142,3.9850412314458494,0.03540030062376437
22813,PACK 3 BOXES BIRD PANNETONE,7211.99,3741,342,216,1.9278241112002137,0.03522058358644441
85174,S/4 CACTI CANDLES,7193.46,1459,357,126,4.930404386566141,0.035130090197815635
22626,BLACK KITCHEN SCALES,7167.4800000000005,837,339,200,8.563297491039426,0.035003213876359865
21981,PACK OF 12 WOODLAND TISSUES,7129.46,26204,553,282,0.27207525568615476,0.03481753882856354
22577,WOODEN HEART CHRISTMAS SCANDINAVIAN,7123.929999999999,13987,831,516,0.5093250875813254,0.0347905324368141
48173C,DOOR MAT BLACK FLOCK,7100.21,1233,180,109,5.758483373884833,0.03467469308558504
48116,DOOR MAT MULTICOLOUR STRIPE,7078.28,1102,239,114,6.423121597096189,0.03456759540546475
22644,CERAMIC CHERRY CAKE MONEY BANK,7069.88,4857,610,304,1.4556063413629814,0.034526573038250415
22781,GUMBALL MAGAZINE RACK,7060.58,867,307,160,8.143690888119954,0.03448115541740596
23320,GIANT 50'S CHRISTMAS CRACKER,7053.57,2661,333,260,2.6507215332581735,0.03444692127524257
23215,JINGLE BELL HEART ANTIQUE SILVER,7038.400000000001,3564,210,162,1.9748597081930417,0.03437283683349954
21625,VINTAGE UNION JACK APRON,7037.62,984,334,186,7.1520528455284555,0.03436902761368678
21700,BIG DOUGHNUT FRIDGE MAGNETS,7028.51,6335,525,186,1.1094727703235991,0.0343245378797198
21984,PACK OF 12 PINK PAISLEY TISSUES,7023.95,25351,432,256,0.2770679657607195,0.03430226859466058
37450,CERAMIC CAKE BOWL + HANGING CAKES,7023.14,2444,391,138,2.8736252045826514,0.03429831286639349
23293,SET OF 12 FAIRY CAKE BAKING CASES,6989.54,8471,552,323,0.8251139180734269,0.03413422339753614
22618,COOKING SET RETROSPOT,6984.349999999999,718,242,180,9.7275069637883,0.03410887743493585
21497,FANCY FONTS BIRTHDAY WRAP,6978.0,17500,485,330,0.3987428571428571,0.03407786647876787
22567,20 DOLLY PEGS RETROSPOT,6955.83,5561,506,287,1.2508235928789786,0.03396959673101289
22243,5 HOOK HANGER RED MAGIC TOADSTOOL,6951.45,4526,213,111,1.5358926204153778,0.03394820649667969
84997A,GREEN 3 PIECE MINI DOTS CUTLERY SET,6948.650000000001,1918,238,154,3.622862356621481,0.03393453237427492
10002,INFLATABLE POLITICAL GLOBE,6942.26,8671,362,164,0.8006296851574213,0.033903326073501154
22498,WOODEN REGATTA BUNTING,6933.740000000001,1135,381,211,6.1090220264317185,0.03386171767246947
22029,SPACEBOY BIRTHDAY CARD,6931.64,16779,1034,405,0.41311401156207167,0.03385146208066588
22563,HAPPY STENCIL CRAFT,6923.85,5942,533,293,1.1652389767754965,0.03381341871868973
22377,BOTTLE BAG RETROSPOT,6920.11,3618,435,200,1.9126893311221669,0.033795153998049055
21903,MAN FLU METAL SIGN,6908.870000000001,3436,407,230,2.0107305005820724,0.03374026216382416
22938,CUPCAKE LACE PAPER SET 6,6891.249999999999,3687,273,237,1.8690669921345264,0.03365421286497693
22220,CAKE STAND LOVEBIRD 2 TIER WHITE,6885.44,745,270,190,9.242201342281879,0.03362583906098702
22085,PAPER CHAIN KIT SKULLS,6883.87,2538,230,141,2.7123207249802994,0.03361817178521006
21122,SET/10 PINK SPOTTY PARTY CANDLES,6882.16,5666,387,262,1.2146417225555948,0.03360982080331285
21563,RED HEART SHAPE LOVE BUCKET,6875.71,2786,362,180,2.467950466618808,0.03357832148563041
85220,SMALL FAIRY CAKE FRIDGE MAGNETS,6875.0,12236,5,4,0.5618666230794377,0.03357485411887778
84997A,CHILDRENS CUTLERY POLKADOT GREEN,6864.42,1728,186,114,3.972465277777778,0.03352318547064829
47502,POLKADOT CUTLERY 24 PCS IN TRAY,6855.75,640,79,40,10.712109375,0.03348084452734491
37448,CERAMIC CAKE DESIGN SPOTTED MUG,6827.21,4549,528,198,1.500815563860189,0.033341466151119055
22378,WALL TIDY RETROSPOT,6826.51,3749,546,167,1.8208882368631636,0.03333804762051786
22187,GREEN CHRISTMAS TREE CARD HOLDER,6820.7,2104,364,230,3.2417775665399238,0.03330967381652795
35004B,SET OF 3 BLACK FLYING DUCKS,6809.65,1474,275,64,4.619843962008141,0.03325570986918051
23297,SET 40 HEART SHAPE PETIT FOUR CASES,6792.23,4303,161,123,1.5784871020218452,0.033170637293362205
21989,PACK OF 20 SKULL PAPER NAPKINS,6790.7,8552,654,264,0.7940481758652946,0.03316316536219102
37500,TEA TIME TEAPOT IN GIFT BOX,6787.46,881,263,147,7.704267877412032,0.03314734244912264
20973,12 PENCIL SMALL TUBE WOODLAND,6773.95,9863,658,309,0.6868042177836358,0.03308136480851957
22431,WATERING CAN BLUE ELEPHANT,6771.5199999999995,3365,620,269,2.012338781575037,0.03306949762371829
23541,WALL ART CLASSIC PUDDINGS,6762.71,864,150,95,7.8272106481481485,0.033026472974294674
22430,ENAMEL WATERING CAN CREAM,6761.38,1397,356,230,4.839928418038654,0.03301997776615241
21768,WALL MOUNTED VINTAGE ORGANISER,6756.09,497,163,95,13.593742454728371,0.03299414344203766
22311,OFFICE MUG WARMER BLACK+SILVER,6755.56,2116,300,120,3.192608695652174,0.03299155512601104
23254,CHILDRENS CUTLERY DOLLY GIRL,6753.71,1667,291,197,4.051415716856629,0.0329825204379936
21992,VINTAGE PAISLEY STATIONERY SET,6744.8,3320,656,242,2.031566265060241,0.032939007427055536
22354,RETROSPOT PADDED SEAT CUSHION,6735.63,1753,224,125,3.842344552196235,0.03289422467617988
22810,SET OF 6 T-LIGHTS SNOWMEN,6729.130000000001,2199,328,213,3.0600864029104144,0.03286248117774022
23008,DOLLY GIRL BABY GIFT SET,6719.61,433,133,99,15.518729792147806,0.03281598916156397
23480,MINI LIGHTS WOODLAND MUSHROOMS,6719.14,1798,215,143,3.7370077864293663,0.03281369386244602
22221,CAKE STAND LOVEBIRD 2 TIER PINK,6702.33,905,156,108,7.405889502762431,0.0327316002918659
22575,METAL MERRY CHRISTMAS WREATH,6699.71,3113,330,207,2.1521715387086413,0.03271880522018714
22746,POPPY'S PLAYHOUSE LIVINGROOM,6699.25,2910,564,319,2.302147766323024,0.03271655875722064
22526,WHEELBARROW FOR CHILDREN,6689.67,544,207,153,12.2971875,0.032669773724135716
48129,DOOR MAT TOPIARY,6681.38,1040,206,114,6.424403846153846,0.032629288554587285
23247,BISCUIT TIN 50'S CHRISTMAS,6681.25,2194,309,231,3.045237010027347,0.032628653684618494
85014D,PINK/BROWN DOTS RUFFLED UMBRELLA,6664.45,1918,90,73,3.4746871741397287,0.03254660895018981
85047,WHITE BEADED GARLAND STRING 20LIGHT,6664.33,1051,236,137,6.340941960038059,0.03254602291637247
47599B,BLUE PARTY BAGS,6662.54,3492,286,170,1.9079438717067583,0.03253728124526369
85068,CREAM SWEETHEART SHELF + HOOKS,6647.24,960,197,130,6.9242083333333335,0.03246256193355187
22432,WATERING CAN PINK BUNNY,6636.82,3484,511,261,1.904942594718714,0.03241167466374551
22779,WOODEN OWLS LIGHT GARLAND,6631.35,1735,193,112,3.8221037463976946,0.03238496128890475
21107,CREAM SLICE FLANNEL PINK SPOT,6624.77,2302,313,167,2.877832319721981,0.03235282710125352
22661,CHARLOTTE BAG DOLLY GIRL DESIGN,6620.45,8199,631,246,0.8074704232223442,0.03233172988382899
85175,CACTI T-LIGHT CANDLES,6606.26,15566,442,199,0.4244031864319671,0.03226243138492763
20975,12 PENCILS SMALL TUBE RED RETROSPOT,6570.68,9880,535,317,0.6650485829959515,0.03208867235808405
ADJUST,Adjustment by john on 26/01/2010 17,6563.5,16,16,11,410.21875,0.03205360800134607
16156S,WRAP PINK FAIRY CAKES,6558.62,16661,419,271,0.39365104135406037,0.0320297759594406
23229,VINTAGE DONKEY TAIL GAME,6550.17,1815,252,182,3.608909090909091,0.03198850941146904
22332,SKULLS PARTY BAG + STICKER SET,6520.55,4158,381,233,1.5681938431938431,0.03184385673088705
21201,TROPICAL  HONEYCOMB PAPER GARLAND,6517.16,2741,235,109,2.3776577891280555,0.031827301275546976
22364,GLASS JAR DIGESTIVE BISCUITS,6498.610000000001,2054,340,164,3.1638802336903606,0.03173671021461532
23311,VINTAGE CHRISTMAS STOCKING,6488.2,2390,344,246,2.7147280334728032,0.0316858717809604
22845,VINTAGE CREAM CAT FOOD CONTAINER,6482.96,955,386,185,6.788439790575916,0.031660281637602886
22148,EASTER CRAFT 4 CHICKS,6480.29,3237,299,209,2.0019431572443622,0.031647242385166904
22596,CHRISTMAS STAR WISH LIST CHALKBOARD,6471.2,6331,438,309,1.0221450007897646,0.03160285032350281
23103,JINGLE BELL HEART DECORATION,6459.16,3820,356,223,1.6908795811518325,0.03154405159716226
82486,3 DRAWER ANTIQUE WHITE WOOD CABINET,6457.94,734,202,129,8.798283378746593,0.03153809358668589
21494,ROTATING LEAVES T-LIGHT HOLDER,6449.0,3833,501,147,1.6824941299243412,0.03149443406729349
22142,CHRISTMAS CRAFT WHITE FAIRY,6445.389999999999,4300,503,336,1.498927906976744,0.031476804216621614
15060B,FAIRY CAKE DESIGN UMBRELLA,6444.9800000000005,1414,449,174,4.557977369165489,0.03147480193441235
23553,LANDMARK FRAME CAMDEN TOWN,6444.65,568,68,50,11.346214788732393,0.03147319034141464
23134,LARGE ZINC HEART WALL ORGANISER,6431.110000000001,1065,38,29,6.038600938967137,0.031407066192357246
22414,DOORMAT NEIGHBOURHOOD WITCH,6419.7,1092,169,74,5.878846153846154,0.031351344143557766
23571,TRADITIONAL NAUGHTS & CROSSES,6406.91,2841,257,195,2.255160154875044,0.03128888270585879
21242,RED RETROSPOT PLATE,6394.53,3735,368,179,1.7120562248995983,0.03122842355036909
22979,PANTRY WASHING UP BRUSH,6391.82,4090,381,225,1.5627921760391197,0.03121518895332732
79067,CORONA MEXICAN TRAY,6380.2,1615,396,160,3.9505882352941177,0.031158441345347485
23307,SET OF 60 PANTRY DESIGN CAKE CASES,6371.889999999999,12049,629,366,0.5288314382936343,0.031117858503496156
22072,RED RETROSPOT TEA CUP AND SAUCER,6364.67,1705,374,167,3.7329442815249267,0.031082598802152406
85062,PEARL CRYSTAL PUMPKIN T-LIGHT HLDR,6363.28,3886,342,172,1.6374884199691198,0.031075810577101463
22578,WOODEN STAR CHRISTMAS SCANDINAVIAN,6358.04,13230,766,482,0.48057747543461826,0.031050220433743947
22063,CERAMIC BOWL WITH STRAWBERRY DESIGN,6356.06,2303,356,142,2.759904472427269,0.031040550875757713
21746,SMALL RED RETROSPOT WINDMILL,6351.9,5113,412,203,1.242303931155877,0.031020235036756324
23172,REGENCY TEA PLATE PINK,6344.41,3861,305,160,1.6432038332038332,0.03098365675932354
47591D,PINK FAIRY CAKE CHILD'S APRON,6339.17,3438,389,232,1.8438539848749274,0.030958066615966028
22582,PACK OF 6 SWEETIE GIFT BOXES,6324.77,2522,295,225,2.50783901665345,0.030887742557884304
84520B,PACK 20 ENGLISH ROSE PAPER NAPKINS,6321.62,7390,722,327,0.8554289580514208,0.030872359170178925
22783,SET 3 WICKER OVAL BASKETS W LIDS,6316.3,482,45,38,13.10435684647303,0.030846378337609844
47559B,TEA TIME OVEN GLOVE,6311.69,5116,701,303,1.233715793588741,0.030823864871793404
22460,EMBOSSED GLASS TEALIGHT HOLDER,6283.87,4771,376,206,1.3170970446447285,0.03068800269847163
22065,CHRISTMAS PUDDING TRINKET POT,6273.84,8640,456,249,0.7261388888888889,0.030639020038571656
20754,RETRO RED SPOTTY WASHING UP GLOVES,6257.39,3139,420,212,1.9934342147180633,0.030558684569443575
84884A,ANT WHITE WIRE HEART SPIRAL,6248.28,1708,312,195,3.6582435597189695,0.030514194835476596
22739,RIBBON REEL CHRISTMAS SOCK BAUBLE,6226.44,3321,555,296,1.8748690153568202,0.03040753668071932
22185,SLATE TILE NATURAL HANGING,6224.72,3896,462,298,1.5977207392197126,0.03039913686267067
22906,12 MESSAGE CARDS WITH ENVELOPES,6214.83,3370,445,274,1.8441632047477745,0.030350837908890933
22826,LOVE SEAT ANTIQUE WHITE METAL,6210.0,58,41,33,107.06896551724138,0.030327250047742685
21124,SET/10 BLUE POLKADOT PARTY CANDLES,6205.84,5128,308,227,1.2101872074882996,0.030306934208741303
22435,SET OF 9 HEART SHAPED BALLOONS,6185.22,4915,537,303,1.258437436419125,0.03020623406446039
23169,CLASSIC GLASS COOKIE JAR,6183.39,1437,300,191,4.302985386221295,0.03019729704874584
21714,CITRONELLA CANDLE GARDEN POT,6182.39,4283,522,230,1.4434718655148262,0.030192413433601278
21078,SET/20 STRAWBERRY PAPER NAPKINS,6181.25,7211,741,342,0.8571973374011926,0.03018684611233647
22780,LIGHT GARLAND BUTTERFILES PINK,6167.59,1623,179,110,3.800117067159581,0.030120135929461726
22222,CAKE PLATE LOVEBIRD WHITE,6160.84,1489,403,203,4.137568838146407,0.03008717152723592
84832,ZINC WILLIE WINKIE  CANDLE STICK,6134.7,6794,630,281,0.9029584927877539,0.029959513827357016
22196,SMALL HEART MEASURING SPOONS,6130.99,6574,980,303,0.9326118040766657,0.02994139561517068
21667,GLASS CAKE COVER AND PLATE,6126.25,354,163,119,17.305790960451976,0.029918247279385447
23192,BUNDLE OF 3 ALPHABET EXERCISE BOOKS,6114.24,3516,345,224,1.738976109215017,0.029859595061499235
23118,PARISIENNE JEWELLERY DRAWER,6102.18,813,258,154,7.505756457564576,0.029800698662855795
22849,BREAD BIN DINER STYLE MINT,6091.38,390,158,98,15.618923076923076,0.0297479556192945
22898,CHILDRENS APRON APPLES DESIGN,6079.45,2877,445,249,2.1131213069169275,0.029689694090619848
72802C,VANILLA SCENT CANDLE JEWELLED BOX,6047.5599999999995,2184,269,143,2.7690293040293037,0.029533955603659703
22361,GLASS JAR DAISY FRESH COTTON WOOL,6036.26,1845,496,189,3.2716856368563687,0.029478770752526133
23534,WALL ART STOP FOR TEA,6036.2,869,219,131,6.94614499424626,0.02947847773561746
85178,VICTORIAN SEWING KIT,6024.52,5478,313,177,1.0997663380795912,0.02942143711072895
20751,FUNKY WASHING UP GLOVES ASSORTED,6023.26,2839,471,264,2.1216132441000353,0.029415283755646796
20979,36 PENCILS TUBE RED RETROSPOT,6019.7,4761,434,214,1.264377231674018,0.02939789808573215
21586,KINGS CHOICE GIANT TUBE MATCHES,6018.75,2583,238,172,2.3301393728222997,0.029393258651344817
21918,SET 12 KIDS COLOUR  CHALK STICKS,6013.14,14598,788,369,0.41191533086724214,0.02936586157038381
22331,WOODLAND PARTY BAG + STICKER SET,6011.57,3660,437,225,1.6425054644808743,0.02935819429460684
21591,COSY HOUR CIGAR BOX MATCHES,6003.08,3978,365,264,1.509069884364002,0.029316732402029498
22848,BREAD BIN DINER STYLE PINK,6001.0,373,148,74,16.08847184986595,0.029306574482528804
23296,SET OF 6 TEA TIME BAKING CASES,5985.55,4979,378,243,1.202159068085961,0.02923112262854529
21980,PACK OF 12 RED SPOTTY TISSUES,5981.8099999999995,22721,271,186,0.26327230315567096,0.029212857907904618
22855,FINE WICKER HEART,5979.24,4795,427,271,1.2469739311783108,0.029200307016983087
21124,SET/10 BLUE SPOTTY PARTY CANDLES,5966.95,4901,321,242,1.217496429300143,0.029140287386856395
23312,VINTAGE CHRISTMAS GIFT SACK,5964.150000000001,1423,214,168,4.191250878425861,0.02912661326445162
22278,OVERNIGHT BAG VINTAGE ROSE PAISLEY,5959.53,1016,383,164,5.865679133858268,0.029104050962483727
23535,WALL ART BICYCLE SAFETY,5954.15,845,173,102,7.046331360946745,0.029077777113005975
22491,PACK OF 12 COLOURED PENCILS,5950.0,7423,390,264,0.8015627104944093,0.029057510110156035
23052,RECYCLED ACAPULCO MAT TURQUOISE,5949.34,654,278,147,9.0968501529052,0.029054286924160625
22348,TEA BAG PLATE RED SPOTTY,5934.19,7126,465,214,0.8327518944709514,0.02898030015472048
22827,RUSTIC  SEVENTEEN DRAWER SIDEBOARD,5910.0,38,29,24,155.52631578947367,0.028862165504373472
22772,PINK DRAWER KNOB ACRYLIC EDWARDIAN,5884.92,4353,313,105,1.351922811853894,0.028739684436547806
21407,BROWN CHECK CAT DOORSTOP,5883.33,1294,453,231,4.5466228748068005,0.028731919488467955
21561,DINOSAUR LUNCH BOX WITH CUTLERY,5874.01,2399,409,208,2.4485243851604834,0.028686404195320616
23113,PANTRY CHOPPING BOARD,5868.5,1154,57,39,5.085355285961872,0.02865949547587407
22971,QUEENS GUARD COFFEE MUG,5849.29,2431,272,164,2.406125051419169,0.028565681228946992
23485,BOTANICAL GARDENS WALL CLOCK,5843.92,262,83,70,22.305038167938932,0.028539456215620686
23154,SET OF 4 JAM JAR MAGNETS,5842.88,2701,235,141,2.1632284339133654,0.02853437725587034
22737,RIBBON REEL CHRISTMAS PRESENT,5840.43,3266,493,300,1.7882516840171465,0.028522412398766156
22660,DOORMAT I LOVE LONDON,5839.41,881,194,96,6.628161180476731,0.0285174311113187
21832,CHOCOLATE CALCULATOR,5836.76,3338,459,204,1.7485799880167765,0.028504489531185603
21988,PACK OF 6 SKULL PAPER PLATES,5820.099999999999,7829,416,209,0.7434027334270021,0.028423128502877166
85132C,CHARLIE AND LOLA FIGURES TINS,5818.94,2062,302,144,2.8219883608147427,0.02841746350930947
22841,ROUND CAKE TIN VINTAGE GREEN,5811.87,745,302,215,7.801167785234899,0.028382936350237406
85038,6 CHOCOLATE LOVE HEART T-LIGHTS,5803.58,2778,382,191,2.089121670266379,0.02834245118068897
22687,DOORMAT CHRISTMAS VILLAGE,5784.67,895,149,97,6.46331843575419,0.028250102018305266
21313,GLASS HEART T-LIGHT HOLDER,5771.11,6711,415,173,0.8599478468186559,0.028183880196944976
22964,3 PIECE SPACEBOY COOKIE CUTTER SET,5768.830000000001,2761,408,228,2.0893987685621154,0.028172745554415374
22200,FRYING PAN PINK POLKADOT,5750.95,1289,354,119,4.46155934833204,0.028085426515630563
21498,RED RETROSPOT WRAP,5736.42,14051,440,300,0.40825706355419544,0.02801446758758005
37495,FAIRY CAKE BIRTHDAY CANDLE SET,5732.6,1560,330,206,3.67474358974359,0.027995812177727817
21452,TOADSTOOL MONEY BOX,5731.330000000001,1875,408,228,3.056709333333334,0.027989609986494225
22441,GROW YOUR OWN BASIL IN ENAMEL MUG,5729.570000000001,2644,472,295,2.1670083207261728,0.027981014823839787
22241,GARLAND WOODEN HAPPY EASTER,5728.53,4244,463,234,1.3497950047125353,0.027975935864089436
21577,SAVE THE PLANET COTTON TOTE BAG,5716.5199999999995,2556,464,241,2.2365101721439746,0.027917283646203224
22341,LOVE GARLAND PAINTED ZINC,5698.889999999999,3467,240,128,1.6437525237957886,0.027831185511204556
22115,METAL SIGN EMPIRE TEA,5695.1,2889,500,244,1.971304949809623,0.02781267660980667
22060,LARGE CAKE STAND HANGING HEARTS,5691.41,733,158,112,7.764542974079126,0.02779465606992322
21528,DAIRY MAID TRADITIONAL TEAPOT,5680.15,899,257,145,6.31829810901001,0.027739666563395427
20676,RED SPOTTY BOWL,5660.1900000000005,4629,422,212,1.2227673363577447,0.027642189605109935
22045,SPACEBOY GIFT WRAP,5656.14,13767,446,279,0.4108476792329484,0.027622410963774453
21703,BAG 125g SWIRLY MARBLES,5646.47,14577,561,293,0.3873547369143171,0.027575186405326517
22335,HEART DECORATION PAINTED ZINC,5644.77,8666,510,242,0.6513697207477499,0.027566884259580753
22854,CREAM SWEETHEART EGG HOLDER,5624.5,1160,244,169,4.848706896551724,0.02746789338060044
22653,BUTTON BOX,5618.21,3031,381,156,1.8535829759155393,0.02743717544134113
84968B,S/16 VINTAGE IVORY CUTLERY,5617.66,423,130,49,13.280520094562647,0.027434489453011624
22073,RED RETROSPOT STORAGE JAR,5604.6,1395,319,173,4.0176344086021505,0.02737070943922362
21207,SKULL AND CROSSBONES  GARLAND,5597.42,3601,282,167,1.554407109136351,0.02733564508248565
84997A,GREEN 3 PIECE POLKADOT CUTLERY SET,5587.63,1539,165,107,3.6306887589343733,0.027287834490220365
21749,LARGE RED SPOT WINDMILL,5554.92,2945,52,30,1.886220713073005,0.027128091438841675
22119,PEACE WOODEN BLOCK LETTERS,5543.87,896,340,244,6.187354910714285,0.027074127491494245
22899,CHILDREN'S APRON DOLLY GIRL,5542.95,2666,404,236,2.079126031507877,0.027069634565561242
23531,WALL ART BIG LOVE,5538.26,976,112,77,5.674446721311476,0.027046730410533237
22156,HEART DECORATION WITH PEARLS,5537.57,6156,581,259,0.899540285899935,0.02704336071608349
21730,GLASS STAR FROSTED T-LIGHT HOLDER,5534.17,1115,293,155,4.963381165919283,0.02702675642459197
21900,"KEY FOB , SHED",5529.14,8323,835,361,0.6643205574912893,0.027002191840414816
23133,LARGE IVORY HEART WALL ORGANISER,5525.4,782,155,94,7.065728900255754,0.026983927119774143
21242,RED SPOTTY PLATE,5523.2,3350,289,160,1.6487164179104477,0.026973183166456104
23177,TREASURE ISLAND BOOK BOX,5521.29,2532,267,174,2.1806042654028435,0.026963855461529986
23158,SET OF 5 LUCKY CAT MAGNETS,5513.83,2633,255,96,2.0941245727307254,0.02692742369255154
22670,FRENCH WC SIGN BLUE METAL,5510.57,4432,425,218,1.2433596570397112,0.026911503107180258
21955,DOOR MAT UNION JACK GUNS AND ROSES,5510.39,797,226,114,6.913914680050189,0.02691062405645424
23583,LUNCH BAG PAISLEY PARK,5497.33,3385,325,233,1.62402658788774,0.026846844042666233
84971S,SMALL HEART FLOWERS HOOK,5493.3099999999995,6489,459,180,0.8465572507320079,0.026827211909785084
40016,CHINESE DRAGON PAPER LANTERNS,5487.3099999999995,15435,244,133,0.3555108519598315,0.026797910218917698
82599,FANNY'S REST STOPMETAL SIGN,5479.4400000000005,2505,506,185,2.1874011976047907,0.026759476167729987
79029,GLASS HONEYPOT WASP CATCHER,5473.82,2944,343,201,1.8593138586956521,0.02673203025061753
22203,MILK PAN RED RETROSPOT,5469.51,1402,392,166,3.901219686162625,0.02671098186934446
85232B,SET OF 3 BABUSHKA STACKING TINS,5465.39,1093,168,94,5.000356816102471,0.026690861374948856
72756,FAIRY CAKE CANDLES,5459.48,4012,129,114,1.3607876370887337,0.026661999209444478
22437,SET OF 9 BLACK SKULL BALLOONS,5457.97,6514,443,258,0.8378830211851397,0.026654624950576192
85061W,WHITE JEWELLED HEART DECORATION,5451.49,6306,469,201,0.8644925467808436,0.026622979124439415
22168,ORGANISER WOOD ANTIQUE WHITE,5450.43,656,310,249,8.30858231707317,0.02661780249238618
20677,PINK POLKADOT BOWL,5449.13,4208,412,163,1.2949453422053232,0.026611453792698244
84509A,SET OF 4 ENGLISH ROSE PLACEMATS,5442.61,1406,372,167,3.8709886201991464,0.026579612621955687
22483,RED GINGHAM TEDDY BEAR,5440.51,1877,349,223,2.8985135855087907,0.02656935703015211
20978,36 PENCILS TUBE SKULLS,5438.57,4117,557,253,1.3210031576390575,0.02655988281677165
21432,SET OF 3 CASES WOODLAND DESIGN,5435.91,942,237,152,5.770605095541401,0.026546892400487108
16161P,WRAP ENGLISH ROSE,5435.4,13198,440,289,0.41183512653432336,0.02654440175676338
22186,RED STAR CARD HOLDER,5431.400000000001,2004,345,234,2.710279441117765,0.02652486729618513
22763,KEY CABINET MA CAMPAGNE,5430.59,662,135,95,8.203308157099698,0.02652091156791803
22595,CHRISTMAS GINGHAM HEART,5429.91,6396,383,262,0.8489540337711069,0.026517590709619725
85063,CREAM SWEETHEART MAGAZINE RACK,5426.74,308,180,104,17.619285714285713,0.026502109649611454
21749,LARGE RED RETROSPOT WINDMILL,5426.06,2712,234,133,2.000759587020649,0.026498788791313153
23135,SMALL ZINC HEART WALL ORGANISER,5416.18,1541,45,31,3.5147177157689815,0.02645053867368486
23205,CHARLOTTE BAG VINTAGE ALPHABET,5405.88,5457,445,192,0.9906322155030236,0.026400237437695852
21069,VINTAGE BILLBOARD TEA MUG,5404.360000000001,5099,279,110,1.059886252206315,0.026392814342676117
84937,KASHMIR FOLKART TUMBLERS,5394.54,2542,124,50,2.1221636506687647,0.026344857241956492
22534,MAGIC DRAWING SLATE SPACEBOY,5393.83,12603,577,349,0.4279798460683964,0.026341389875203854
22443,GROW YOUR OWN HERBS SET OF 3,5393.43,683,264,193,7.896676427525622,0.02633943642914603
20682,RED RETROSPOT CHILDRENS UMBRELLA,5380.2699999999995,1585,342,190,3.3944921135646684,0.026275168053843563
22333,RETRO SPORT PARTY BAG + STICKER SET,5370.08,3444,254,159,1.5592566782810684,0.026225404015520457
21491,SET OF THREE VINTAGE GIFT WRAPS,5367.009999999999,2878,248,184,1.8648401667824877,0.026210411317026644
22218,CAKE STAND LACE WHITE,5365.66,1232,264,143,4.3552435064935064,0.026203818436581486
22350,ILLUSTRATED CAT BOWL,5362.2,1894,210,107,2.8311510031678986,0.026186921128181294
23494,VINTAGE DOILY DELUXE SEWING KIT,5354.01,809,205,145,6.618059332509271,0.026146924320147313
35832,WOOLLY HAT SOCK GLOVE ADVENT STRING,5341.85,1737,188,132,3.0753310305123778,0.02608753955998942
21041,RED RETROSPOT OVEN GLOVE DOUBLE,5334.06,1382,352,141,3.8596671490593346,0.026049496198013264
37446,MINI CAKE STAND WITH HANGING CAKES,5332.25,3691,410,168,1.4446626930371174,0.0260406568546016
22951,60 CAKE CASES DOLLY GIRL DESIGN,5314.12,10050,609,328,0.5287681592039801,0.025952116912030653
21363,HOME SMALL WOOD LETTERS,5296.4800000000005,984,401,224,5.38260162601626,0.025865969940880546
21155,RED SPOTTY PEG BAG,5282.89,2662,364,179,1.9845567242674682,0.025799601611065922
20975,12 PENCILS SMALL TUBE RED SPOTTY,5278.03,8219,367,220,0.6421742304416596,0.025775867241463336
22801,ANTIQUE GLASS PEDESTAL BOWL,5277.95,1300,299,173,4.059961538461538,0.025775476552251774
22998,TRAVEL CARD WALLET KEEP CALM,5262.82,12366,534,217,0.42558790231279314,0.025701587455114517
21718,RED METAL BEACH SPADE,5250.3,4030,467,223,1.3028039702233252,0.025640444593504577
22564,ALPHABET STENCIL CRAFT,5221.4,4570,343,208,1.1425382932166301,0.025499308115826676
22476,EMPIRE UNION JACK TV DINNER TRAY,5218.61,1332,269,145,3.9178753753753752,0.02548568282957334
21993,FLORAL FOLK STATIONERY SET,5216.88,2849,577,208,1.831126711126711,0.02547723417537325
22117,METAL SIGN HER DINNER IS SERVED,5207.7300000000005,1765,230,142,2.9505552407932014,0.025432549096800487
22691,DOORMAT WELCOME SUNRISE,5198.6,758,218,124,6.858311345646438,0.02538796169053062
22030,SWALLOWS GREETING CARD,5197.84,12735,685,353,0.40815390655673345,0.025384250143020745
21587,COSY HOUR GIANT TUBE MATCHES,5173.05,2071,260,207,2.4978512795750847,0.025263185323587005
22180,RETRO SPOT LAMP,5164.42,511,196,127,10.106497064579257,0.02522103972488942
21872,GLAMOROUS  MUG,5163.8,5092,330,169,1.0141005498821682,0.02521801188349979
22894,TABLECLOTH RED APPLES DESIGN,5160.78,561,192,125,9.199251336898396,0.0252032633657632
22775,PURPLE DRAWERKNOB ACRYLIC EDWARDIAN,5160.03,3609,283,98,1.4297672485453032,0.02519960065440478
85132A,CHARLIE + LOLA BISCUITS TINS,5152.07,1348,250,98,3.8220103857566765,0.025160727077854054
23263,SET OF 3 WOODEN HEART DECORATIONS,5147.19,3863,445,269,1.3324333419622054,0.02513689503594858
21713,CITRONELLA CANDLE FLOWERPOT,5145.4400000000005,2733,391,232,1.882707647274058,0.025128348709445594
23162,REGENCY TEA STRAINER,5143.6900000000005,1412,176,96,3.6428399433427767,0.025119802382942605
23157,SET OF 6 NATIVITY MAGNETS,5143.06,2557,163,111,2.0113648807195936,0.025116725705401535
23165,LARGE CERAMIC TOP STORAGE JAR,5141.0599999999995,3114,280,167,1.650950545921644,0.025106958475112403
22412,METAL SIGN NEIGHBOURHOOD WITCH,5140.820000000001,2401,402,166,2.1411162015826743,0.025105786407477713
23132,SMALL IVORY HEART WALL ORGANISER,5138.6,1020,152,115,5.037843137254902,0.025094944781856775
22571,ROCKING HORSE RED CHRISTMAS,5135.24,5780,511,294,0.8884498269896194,0.025078535834971036
22426,ENAMEL WASH BOWL CREAM,5133.3,1333,372,182,3.8509377344336087,0.025069061621590585
22472,TV DINNER TRAY DOLLY GIRL,5130.62,1093,249,130,4.694071363220494,0.025055973533003154
22509,SEWING BOX RETROSPOT DESIGN,5130.36,387,187,142,13.256744186046511,0.025054703793065562
22244,3 HOOK HANGER MAGIC GARDEN,5122.759999999999,2732,223,89,1.8750951683748167,0.025017588317966875
21498,RED SPOTS  WRAP,5115.5,12675,362,263,0.4035897435897436,0.024982133272017346
22595,GINGHAM HEART DECORATION,5114.41,6139,413,251,0.8331014823261117,0.024976810131509767
22610,PENS ASSORTED FUNNY FACE,5107.54,12680,287,157,0.4028028391167192,0.024943259695466614
22374,AIRLINE BAG VINTAGE JET SET RED,5099.84,1023,430,226,4.985180840664712,0.024905655858853473
23397,FOOT STOOL HOME SWEET HOME,5097.65,489,217,139,10.424642126789365,0.024894960741686876
21471,STRAWBERRY RAFFIA FOOD COVER,5095.63,1406,319,165,3.624203413940256,0.02488509583909486
22433,WATERING CAN GREEN DINOSAUR,5080.98,2724,417,207,1.8652643171806165,0.024813550877226993
23234,BISCUIT TIN VINTAGE CHRISTMAS,5079.78,1722,277,201,2.94993031358885,0.024807690539053517
22842,BISCUIT TIN VINTAGE RED,5078.03,781,230,177,6.501959026888604,0.024799144212550528
23295,SET OF 12 MINI LOAF BAKING CASES,5073.45,6134,444,250,0.8271030322791001,0.024776777255188426
20977,36 PENCILS TUBE WOODLAND,5069.99,3792,485,242,1.3370226793248945,0.024759879946788233
21578,WOODLAND DESIGN  COTTON TOTE BAG,5062.86,2205,380,184,2.296081632653061,0.024725059770807495
23198,PANTRY MAGNETIC  SHOPPING LIST,5062.599999999999,3342,475,259,1.5148414123279472,0.024723790030869903
23126,FELTCRAFT GIRL AMELIE KIT,5059.14,1007,275,187,5.023972194637538,0.024706892722469717
21544,SKULLS  WATER TRANSFER TATTOOS,5052.21,6064,503,229,0.8331480870712401,0.02467304926951789
48189,DOORMAT FRIENDSHIP,5050.04,853,95,52,5.920328253223915,0.024662451824654184
22175,PINK OWL SOFT TOY,5033.51,1728,362,160,2.9129108796296297,0.02458172566631454
46000S,POLYESTER FILLER PAD 40x40cm,5032.95,3471,380,240,1.45,0.024578990841833584
22957,SET 3 PAPER VINTAGE CHICK PAPER EGG,5014.650000000001,1775,214,179,2.825154929577465,0.024489620684688063
23314,VINTAGE CHRISTMAS TABLECLOTH,5012.96,407,117,87,12.316855036855037,0.02448136737509375
23109,PACK OF SIX LED TEA LIGHTS,5008.26,1752,203,132,2.858595890410959,0.024458414383914297
84796B,BLUE SAVANNAH PICNIC HAMPER FOR 2,4999.79,600,180,28,8.332983333333333,0.024417050163639844
21071,VINTAGE BILLBOARD DRINK ME MUG,4998.32,4269,472,163,1.1708409463574607,0.024409871249377327
23310,BUBBLEGUM RING ASSORTED,4997.28,12050,245,146,0.4147120331950207,0.024404792289626984
23543,WALL ART KEEP CALM,4994.790000000001,967,83,64,5.165243019648398,0.024392632087917025
22318,FIVE HEART HANGING DECORATION,4983.9800000000005,1583,389,204,3.148439671509792,0.024339840208204285
47568,ENGLISH ROSE DESIGN PEG BAG,4983.02,2384,410,179,2.0901929530201344,0.024335151937665504
21056,DOCTOR'S BAG SOFT TOY,4961.33,545,195,119,9.103357798165138,0.024229226325179907
22583,PACK OF 6 HANDBAG GIFT BOXES,4955.75,1873,349,250,2.6458889482114256,0.02420197575267324
21896,POTTING SHED TWINE,4944.04,2387,290,187,2.0712358609132804,0.024144788619330396
22180,RETROSPOT LAMP,4938.96,464,214,122,10.644310344827586,0.02411997985439601
23556,LANDMARK FRAME COVENT GARDEN,4937.01,436,53,46,11.323417431192661,0.024110456804864108
23570,TRADITIONAL PICK UP STICKS GAME,4931.87,2772,276,203,1.7791738816738816,0.02408535502302105
22604,SET OF 4 NAPKIN CHARMS CUTLERY,4911.72,1999,244,159,2.4570885442721364,0.023986950177858086
22243,"HOOK, 5 HANGER ,MAGIC TOADSTOOL RED",4908.8,3152,175,98,1.5573604060913706,0.023972690021635962
22199,FRYING PAN RED POLKADOT,4890.14,1210,188,90,4.041438016528926,0.023881561763038395
22276,WASH BAG VINTAGE ROSE PAISLEY,4884.860000000001,1889,373,213,2.5859502382212813,0.0238557762750751
23010,CIRCUS PARADE BABY GIFT SET,4879.599999999999,315,111,73,15.490793650793648,0.023830088459414686
22956,36 FOIL HEART CAKE CASES,4878.900000000001,2494,256,189,1.9562550120288695,0.023826669928813497
22632,HAND WARMER RED POLKA DOT,4876.2,2592,46,28,1.8812499999999999,0.023813484167923168
23351,ROLL WRAP 50'S CHRISTMAS,4875.65,3535,354,242,1.379250353606789,0.023810798179593657
23503,PLAYING CARDS KEEP CALM & CARRY ON,4860.55,3643,335,284,1.3342163052429317,0.023737055590910744
22107,PIZZA PLATE IN BOX,4840.59,1240,369,118,3.903701612903226,0.023639578632625245
84270,ASSTD DESIGN BUBBLE GUM RING,4824.3,22936,476,249,0.2103374607603767,0.0235600245419203
22593,CHRISTMAS GINGHAM STAR,4823.9,5420,415,247,0.8900184501845018,0.02355807109586247
22027,TEA PARTY BIRTHDAY CARD,4806.49,11297,845,335,0.42546605293440737,0.02347304735619561
23554,LANDMARK FRAME OXFORD STREET,4805.53,422,57,49,11.387511848341232,0.023468359085656827
22242,"HOOK, 5 HANGER , MAGIC TOADSTOOL",4795.95,2982,258,141,1.6082997987927565,0.023421574052571906
20682,RED SPOTTY CHILDS UMBRELLA,4791.04,1483,247,153,3.2306405933917732,0.023397595502212095
23555,LANDMARK FRAME NOTTING HILL,4780.57,421,50,45,11.355273159144893,0.02334646405164851
21534,DAIRY MAID LARGE MILK JUG,4768.64,938,342,199,5.083837953091685,0.023288202522973863
22442,GROW YOUR OWN FLOWERS SET OF 3,4765.32,866,172,140,5.502678983833718,0.023271988920693907
23184,BULL DOG BOTTLE OPENER,4764.5,874,264,129,5.451372997711671,0.02326798435627537
22128,PARTY CONES CANDY ASSORTED,4759.59,3923,195,143,1.2132526127963295,0.023244005805915558
22688,DOORMAT PEACE ON EARTH BLUE,4756.7,865,93,77,5.49907514450867,0.023229892158147768
21249,WOODLAND  HEIGHT CHART STICKERS,4752.830000000001,1655,258,155,2.8718006042296076,0.023210992567538308
21916,SET 12 RETRO WHITE CHALK STICKS,4751.06,11011,713,304,0.43148306239215334,0.023202348568732427
23286,BLUE VINTAGE SPOT BEAKER,4747.62,5048,222,125,0.9404952456418383,0.023185548932635126
22672,FRENCH BATHROOM SIGN BLUE METAL,4736.11,2850,370,227,1.6617929824561402,0.023129338522321193
22399,MAGNETS PACK OF 4 CHILDHOOD MEMORY,4734.6,4040,277,180,1.171930693069307,0.023121964263452904
22434,BALLOON PUMP WITH 10 BALLOONS,4733.49,2547,281,203,1.858457008244994,0.023116543450642436
84508A,CAMOUFLAGE DESIGN TEDDY,4722.56,2223,64,28,2.1244084570400363,0.02306316553711235
85049G,CHOCOLATE BOX RIBBONS,4718.62,3829,510,288,1.2323374249151213,0.023043924093442768
23569,TRADTIONAL ALPHABET STAMP SET,4717.66,954,192,152,4.945136268343815,0.02303923582290399
22474,SPACEBOY TV DINNER TRAY,4716.83,966,253,143,4.8828467908902695,0.023035182422334
21588,RETROSPOT GIANT TUBE MATCHES,4713.6,2056,182,127,2.292607003891051,0.02301940834541706
23159,SET OF 5 PANCAKE DAY MAGNETS,4713.52,2293,223,121,2.0556127344090713,0.023019017656205495
22305,COFFEE MUG PINK PAISLEY DESIGN,4711.53,2267,144,87,2.0783105425672694,0.02300929926206781
23558,LANDMARK FRAME LONDON BRIDGE,4703.87,415,52,43,11.334626506024096,0.02297189077006045
23389,SPACEBOY MINI BACKPACK,4697.54,1102,233,157,4.2627404718693285,0.02294097748619536
23176,ABC TREASURE BOOK BOX,4693.08,2165,226,159,2.1677043879907623,0.022919196562650603
48197,DOOR MAT BIRD ON THE WIRE,4691.77,667,202,70,7.034137931034484,0.022912799026811228
22304,COFFEE MUG BLUE PAISLEY DESIGN,4689.56,2380,167,98,1.970403361344538,0.022902006237341743
20961,STRAWBERRY BATH SPONGE,4687.65,3530,514,177,1.3279461756373936,0.022892678532415618
22562,MONSTERS STENCIL CRAFT,4682.3,3978,393,251,1.1770487682252389,0.022866551191392206
21156,RED SPOTTY CHILDS APRON,4678.23,2506,296,208,1.8668116520351155,0.022846674877753825
20963,APPLE BATH SPONGE,4676.15,3459,509,168,1.3518791558253829,0.022836516958253134
22721,SET OF 3 CAKE TINS SKETCHBOOK,4671.81,1020,297,183,4.580205882352941,0.02281532206852573
23241,TREASURE TIN GYMKHANA DESIGN,4669.55,2165,363,183,2.156836027713626,0.022804285098299012
22075,6 RIBBONS ELEGANT CHRISTMAS,4660.69,3079,358,201,1.5137025008119518,0.022761016268118172
82581,TOILET METAL SIGN,4649.0,8399,913,371,0.5535182759852363,0.022703926807078223
22348,TEA BAG PLATE RED RETROSPOT,4648.93,5327,496,196,0.8727107189787874,0.022703584954018103
72807B,SET/3 OCEAN SCENT CANDLE JEWEL BOX,4645.87,1059,225,112,4.3870349386213405,0.022688641091675732
21243,PINK  SPOTTY PLATE,4645.09,2864,239,128,1.621888966480447,0.022684831871862977
15044B,BLUE PAPER PARASOL,4644.13,1670,189,97,2.7809161676646705,0.022680143601324195
21042,RED SPOTTY APRON,4638.110000000001,794,204,120,5.841448362720404,0.02265074423815392
22574,HEART WOODEN CHRISTMAS DECORATION,4629.17,5074,415,253,0.9123314938904218,0.022607084718761515
21328,BALLOONS  WRITING SET,4612.63,2441,643,257,1.8896476853748465,0.022526309724270426
20675,BLUE POLKADOT BOWL,4611.89,3616,385,180,1.275412057522124,0.02252269584906345
21878,PACK OF 6 SANDCASTLE FLAGS ASSORTED,4586.48,5586,403,225,0.8210669530970282,0.022398603188240072
22800,ANTIQUE TALL SWIRLGLASS TRINKET POT,4586.4,1127,268,149,4.069565217391304,0.02239821249902851
23285,PINK VINTAGE SPOT BEAKER,4572.41,4807,191,108,0.951198252548367,0.02232989072315606
10135,COLOURING PENCILS BROWN TUBE,4566.21,4226,324,178,1.0805040227165168,0.022299612309259764
23404,HOME SWEET HOME BLACKBOARD,4561.76,1011,169,104,4.512126607319486,0.022277880221866456
15044D,RED PAPER PARASOL,4559.650000000001,1596,227,105,2.8569235588972433,0.022267575793911424
51014A,"FEATHER PEN,HOT PINK",4556.5,6671,376,161,0.6830310298306101,0.02225219240620605
22601,CHRISTMAS RETROSPOT ANGEL WOOD,4547.19,5250,417,257,0.8661314285714284,0.02220672594921015
85184D,S/4 BLUE ROUND DECOUPAGE BOXES,4546.78,8311,66,48,0.5470797737937673,0.02220472366700088
22743,MAKE YOUR OWN FLOWERPOWER CARD KIT,4542.500000000001,1502,351,199,3.0243009320905467,0.022183821794182153
37447,CERAMIC CAKE DESIGN SPOTTED PLATE,4540.849999999999,2891,364,141,1.5706848841231407,0.022175763829193618
21614,SET OF 12 ROSE BOTANICAL T-LIGHTS,4538.17,1627,194,123,2.789287031346036,0.022162675740606187
21506,"FANCY FONT BIRTHDAY CARD,",4534.49,10878,665,310,0.41684960470674753,0.022144704036874192
21990,MODERN FLORAL STATIONERY SET,4530.54,2453,497,170,1.846938442723196,0.022125413757053163
21564,PINK  HEART SHAPE LOVE BUCKET,4524.5,1951,294,134,2.3190671450538187,0.022095916721579997
22908,PACK OF 20 NAPKINS RED APPLES,4524.0,5610,485,266,0.8064171122994652,0.02209347491400772
23275,SET OF 3 HANGING OWLS OLLIE BEAK,4521.72,3720,325,171,1.215516129032258,0.02208234027147811
23163,REGENCY SUGAR TONGS,4515.22,1832,209,95,2.4646397379912663,0.022050596773038444
23112,PARISIENNE CURIO CABINET,4507.08,546,241,134,8.254725274725274,0.022010844145761693
22760,"TRAY, BREAKFAST IN BED",4506.889999999999,356,120,82,12.659803370786515,0.022009916258884224
23309,SET OF 60 I LOVE LONDON CAKE CASES,4495.849999999999,8275,407,178,0.5433051359516615,0.021956001147688236
22747,POPPY'S PLAYHOUSE BATHROOM,4487.2,2035,402,241,2.205012285012285,0.021913757876687756
84279P,CHERRY BLOSSOM  DECORATIVE FLASK,4476.67,1145,299,169,3.909755458515284,0.0218623334092155
23167,SMALL CERAMIC TOP STORAGE JAR,4476.01,5847,231,129,0.7655224901658971,0.02185911022322009
22070,SMALL RED RETROSPOT MUG IN BOX,4462.95,1511,236,156,2.953639973527465,0.02179533020943208
84968C,SET OF 16 VINTAGE PISTACHIO CUTLERY,4451.95,375,133,50,11.871866666666666,0.021741610442841876
23288,GREEN VINTAGE SPOT BEAKER,4444.2300000000005,4625,185,107,0.9609145945945947,0.021703908933925844
22736,RIBBON REEL MAKING SNOWMEN,4439.28,2467,403,228,1.7994649371706526,0.02167973503896025
21064,BOOM BOX SPEAKER BOYS,4432.92,884,171,75,5.014615384615385,0.02164867524664082
21864,UNION JACK FLAG PASSPORT COVER,4431.54,1853,411,166,2.391548839719374,0.021641935857741323
22299,PIG KEYRING WITH LIGHT & SOUND,4430.82,3912,202,103,1.132622699386503,0.02163841965483724
79341,WILLOW BRANCH LIGHTS.,4423.69,725,79,49,6.101641379310344,0.021603599478856494
21244,BLUE POLKADOT PLATE,4419.44,2641,241,128,1.6733964407421429,0.0215828441144921
22367,CHILDS APRON SPACEBOY DESIGN,4412.87,2325,310,231,1.8980086021505376,0.021550758762992315
23530,WALL ART ONLY ONE PERSON,4406.57,1050,86,59,4.196733333333333,0.021519991987581557
22548,HEADS AND TAILS SPORTING FUN,4404.31,3526,428,293,1.249095292115712,0.021508955017354846
84031A,CHARLIE+LOLA RED HOT WATER BOTTLE,4404.0199999999995,1098,314,95,4.010947176684881,0.021507538768962917
22573,STAR WOODEN CHRISTMAS DECORATION,4403.83,4907,405,235,0.8974587324230691,0.021506610882085456
21967,PACK OF 12 SKULL TISSUES,4401.44,15652,479,250,0.28120623562484026,0.021494939041889944
21535,RETRO SPOT SMALL MILK JUG,4380.61,1719,297,171,2.5483478766724836,0.021393213338428675
21523,FANCY FONT HOME SWEET HOME DOORMAT,4378.65,663,164,76,6.604298642533936,0.021383641452745333
22594,CHRISTMAS GINGHAM TREE,4377.33,4791,412,232,0.9136568566061365,0.02137719508075451
21810,CHRISTMAS HANGING STAR WITH BELL,4374.41,6959,344,171,0.628597499640753,0.02136293492453238
85053,FRENCH ENAMEL CANDLEHOLDER,4363.28,2032,378,185,2.147283464566929,0.021308580287973382
79320,FLAMINGO LIGHTS,4357.38,904,150,67,4.820110619469027,0.021279766958620456
22896,PEG BAG APPLES DESIGN,4356.2,1689,338,171,2.5791592658377738,0.02127400429274987
84598,BOYS ALPHABET IRON ON PATCHES,4350.14,20775,217,30,0.2093930204572804,0.021244409584973815
20677,PINK SPOTTY BOWL,4348.93,3566,348,161,1.2195541222658441,0.02123850041064889
85184C,S/4 VALENTINE DECOUPAGE HEART BOX,4345.96,2106,283,159,2.0636087369420704,0.021223996073669534
15039,SANDALWOOD FAN,4345.62,5101,306,127,0.8519153107233876,0.021222335644520383
21844,RETRO SPOT MUG,4343.01,1481,154,102,2.932484807562458,0.02120958940899307
23349,ROLL WRAP VINTAGE CHRISTMAS,4342.6,3221,337,214,1.3482148401117666,0.021207587126783802
22611,VINTAGE UNION JACK SHOPPING BAG,4338.63,907,195,135,4.783495038588755,0.021188199174659878
22353,LUNCH BOX WITH CUTLERY FAIRY CAKES,4320.21,1588,297,142,2.7205352644836274,0.02109824298369701
23168,CLASSIC CAFE SUGAR DISPENSER,4311.35,3075,325,132,1.4020650406504067,0.021054974153516173
21913,VINTAGE SEASIDE JIGSAW PUZZLES,4302.48,1129,298,170,3.810876882196634,0.021011656487183887
47580,TEA TIME DES TEA COSY,4298.6,1662,344,158,2.5864019253910953,0.020992708060422985
21153,RED SPOTTY TABLECLOTH,4294.6900000000005,393,139,91,10.927964376590332,0.02097361312520774
21012,ANTIQUE ALL GLASS CANDLESTICK,4293.7,2297,299,112,1.8692642577274705,0.020968778346214616
23050,RECYCLED ACAPULCO MAT GREEN,4286.55,497,205,116,8.624849094567406,0.020933860497930987
20966,SANDWICH BATH SPONGE,4265.24,3007,420,137,1.4184369803791153,0.020829790659200324
21243,PINK  POLKADOT PLATE,4265.05,2552,239,117,1.6712578369905957,0.02082886277232286
22723,SET OF 6 HERB TINS SKETCHBOOK,4262.820000000001,1164,295,170,3.6622164948453615,0.02081797231055048
72802B,OCEAN SCENT CANDLE IN JEWELLED BOX,4258.97,1559,212,119,2.731860166773573,0.02079917039224391
22312,OFFICE MUG WARMER POLKADOT,4254.05,1233,269,104,3.450162206001622,0.020775143005732657
20979,36 PENCILS TUBE RED SPOTTY,4252.11,3395,275,144,1.252462444771723,0.0207656687923522
22744,MAKE YOUR OWN MONSOON CARD KIT,4245.17,1515,300,196,2.8020924092409243,0.020731776503248926
21556,CERAMIC STRAWBERRY MONEY BOX,4244.41,1607,293,132,2.641200995644057,0.020728064955739055
20982,12 PENCILS TALL TUBE SKULLS,4243.8,4851,576,316,0.8748299319727891,0.020725085950500873
22497,SET OF 2 TINS VINTAGE BATHROOM,4239.07,929,279,160,4.563046286329386,0.020701986450867082
21068,VINTAGE BILLBOARD LOVE/HATE MUG,4224.63,4066,373,149,1.0390137727496311,0.02063146704817958
21355,TOAST ITS - I LOVE YOU,4218.05,3452,341,213,1.2219148319814601,0.020599332860528348
23089,GLASS BON BON JAR,4215.78,2354,225,101,1.7909005947323704,0.02058824705415019
72807A,SET/3 ROSE CANDLE IN JEWELLED BOX,4213.54,924,216,95,4.560108225108225,0.020577307756226362
22600,CHRISTMAS RETROSPOT STAR WOOD,4209.9,4860,429,278,0.8662345679012345,0.02055953139710015
22797,CHEST OF DRAWERS GINGHAM HEART,4205.5599999999995,242,140,98,17.378347107438014,0.020538336507372742
84950,ASSORTED COLOUR T-LIGHT HOLDER,4199.27,6041,274,156,0.695128290018209,0.020507618568113437
23144,ZINC T-LIGHT HOLDER STARS SMALL,4197.83,5089,274,180,0.8248830811554333,0.020500586162305264
23012,GLASS APOTHECARY BOTTLE PERFUME,4197.110000000001,1071,246,151,3.9188702147525682,0.02049706995940118
22851,SET 20 NAPKINS FAIRY CAKES DESIGN,4193.679999999999,5167,523,306,0.8116276369266497,0.02048031915945532
21470,FLOWER VINE RAFFIA FOOD COVER,4190.93,1102,319,160,3.8030217785843923,0.020466889217807774
21474,SWEETHEART CREAM STEEL FOLDIN BENCH,4189.5,210,94,69,19.95,0.020459905648151044
20754,RETROSPOT RED WASHING UP GLOVES,4187.43,1955,432,208,2.141907928388747,0.0204497965648018
21609,SET 12 LAVENDER  BOTANICAL T-LIGHTS,4186.29,1499,218,142,2.792721814543029,0.020444229243536994
22530,MAGIC DRAWING SLATE DOLLY GIRL,4176.45,9873,464,281,0.4230173199635369,0.020396174470514485
21238,RED RETROSPOT CUP,4164.55,4731,469,186,0.8802684421898119,0.020338059450294172
22833,HALL CABINET WITH 3 DRAWERS,4163.54,120,13,9,34.69616666666666,0.020333126998998162
22127,PARTY CONES CARNIVAL ASSORTED,4153.11,3468,155,128,1.1975519031141868,0.02028219089304036
22926,IVORY GIANT GARDEN THERMOMETER,4150.31,680,216,152,6.10339705882353,0.020268516770635583
21143,ANTIQUE GLASS HEART DECORATION,4149.15,2088,182,128,1.987140804597701,0.020262851777067884
23110,PARISIENNE KEY CABINET,4147.18,700,255,157,5.924542857142858,0.020253231055233096
23486,ANTIQUE HEART SHELF UNIT,4145.47,275,74,64,15.074436363636364,0.020244880073335893
21539,RETRO SPOTS BUTTER DISH,4142.87,867,173,111,4.778396770472895,0.02023218267396002
21590,KINGS CHOICE CIGAR BOX MATCHES,4141.28,3448,286,203,1.2010672853828306,0.020224417725880166
70006,LOVE HEART POCKET WARMER,4139.56,4438,290,141,0.9327534925642182,0.02021601790783152
23283,DOORMAT VINTAGE LEAF,4122.2,564,142,100,7.30886524822695,0.020131238348921884
23255,CHILDRENS CUTLERY CIRCUS PARADE,4097.22,1014,158,116,4.040650887573965,0.020009245642610675
22125,UNION JACK HOT WATER BOTTLE,4089.09,653,183,117,6.262006125574273,0.01996954185148537
22807,SET OF 6 T-LIGHTS TOADSTOOLS,4086.5600000000004,1375,294,125,2.9720436363636367,0.019957186305169624
23009,I LOVE LONDON BABY GIFT SET,4082.52,263,103,48,15.522889733840303,0.019937456499985583
21911,GARDEN METAL SIGN,4080.85,2546,344,200,1.602847604084839,0.01992930086269416
23193,BUFFALO BILL TREASURE BOOK BOX,4079.28,1922,175,109,2.1224141519250783,0.019921633586917196
21042,RED RETROSPOT APRON,4079.2000000000003,679,195,109,6.007658321060383,0.01992124289770563
21472,LADYBIRD + BEE RAFFIA FOOD COVER,4077.82,1056,285,161,3.86157196969697,0.019914503508806133
84596B,SMALL DOLLY MIX DESIGN ORANGE BOWL,4074.67,6221,725,256,0.6549863366018325,0.019899120121100754
20981,12 PENCILS TALL TUBE WOODLAND,4069.16,4718,513,290,0.8624756252649427,0.019872211401654207
21901,"KEY FOB , BACK DOOR",4061.51,6158,688,315,0.6595501786294252,0.019834851745798295
84580,MOUSE TOY WITH PINK T-SHIRT,4051.94,1057,442,197,3.833434247871334,0.019788115548864813
72349B,SET/6 PURPLE BUTTERFLY T-LIGHTS,4049.9900000000002,1990,287,123,2.0351708542713567,0.019778592499332916
35924,HANGING FAIRY CAKE DECORATION,4049.4,2164,188,65,1.8712569316081331,0.019775711166397623
21717,EASTER TIN BUCKET,4039.63,1554,176,122,2.5995045045045044,0.019727998246435233
21679,SKULLS  STICKERS,4034.5099999999998,4871,370,181,0.8282714021761445,0.019702994136895063
23340,VINTAGE CHRISTMAS CAKE FRILL,4034.08,2500,151,112,1.613632,0.0197008941823829
84968A,SET OF 16 VINTAGE ROSE CUTLERY,4026.8399999999997,339,119,44,11.878584070796459,0.019665536808736256
22639,SET OF 4 NAPKIN CHARMS HEARTS,4021.12,1651,275,192,2.435566323440339,0.01963760253010935
22053,EMPIRE DESIGN ROSETTE,4020.89,4551,87,61,0.8835179081520544,0.0196364792986261
22284,HEN HOUSE DECORATION,4017.7400000000002,2465,300,157,1.6299148073022314,0.019621095910920726
22057,CERAMIC PLATE STRAWBERRY DESIGN,4011.73,3060,260,113,1.3110228758169935,0.019591745383901894
21349,IVY HEART WREATH,4010.73,553,171,113,7.252676311030742,0.019586861768757333
23129,HEART SHAPED HOLLY WREATH,3999.5,950,172,138,4.21,0.01953201877068388
21238,RED SPOTTY CUP,3999.45,4746,434,201,0.8426991150442478,0.019531774589926647
20967,GREY FLORAL FELTCRAFT SHOULDER BAG,3997.34,1055,296,187,3.788947867298578,0.01952147016197162
22245,"HOOK, 1 HANGER ,MAGIC GARDEN",3988.85,4633,413,166,0.8609648176127779,0.01948000826939427
21987,PACK OF 6 SKULL PAPER CUPS,3988.06,6417,385,209,0.621483559295621,0.019476150213430063
21955,UNION JACK GUNS & ROSES  DOORMAT,3987.11,765,102,49,5.211908496732026,0.019471510779042727
22612,TEA COSY VINTAGE UNION JACK,3984.99,1001,109,83,3.981008991008991,0.019461157514936253
23306,SET OF 36 DOILIES PANTRY DESIGN,3983.6,2741,244,172,1.4533381977380517,0.01945436928988531
85206A,CREAM FELT EASTER EGG BASKET,3982.91,2327,318,234,1.7116072195960463,0.01945099959543556
22244,"HOOK, 3 HANGER ,MAGIC GARDEN",3979.2,2028,208,106,1.9621301775147928,0.019432881383249227
21524,SPOTTY  HOME SWEET HOME DOORMAT,3978.34,666,120,86,5.973483483483483,0.019428681474224906
22959,WRAP CHRISTMAS VILLAGE,3971.46,9713,283,251,0.40888088129311234,0.0193950822020303
22356,CHARLOTTE BAG PINK WITH WHITE SPOTS,3959.52,4343,319,172,0.9117015887635275,0.019336771837204208
21648,ASSORTED TUTTI FRUTTI SMALL PURSE,3956.48,2940,231,96,1.3457414965986394,0.019321925647164732
22788,BROCANTE COAT RACK,3942.62,476,84,51,8.28281512605042,0.019254238741261073
23526,WALL ART DOG LICENCE,3939.76,604,114,57,6.522781456953643,0.019240271601947623
23557,LANDMARK FRAME BAKER STREET,3930.27,350,32,25,11.229342857142857,0.019193926094225707
22359,GLASS JAR KINGS CHOICE,3928.28,1236,194,111,3.1782200647249192,0.019184207700088027
18097C,WHITE TALL PORCELAIN T-LIGHT HOLDER,3924.92,1763,211,110,2.226273397617697,0.019167798753202292
21812,GARLAND WITH HEARTS AND BELLS,3917.4900000000002,805,205,103,4.866447204968944,0.01913151349267818
22980,PANTRY SCRUBBING BRUSH,3910.01,2363,291,198,1.6546804909013966,0.01909498405139684
22179,SET 10 NIGHT OWL LIGHTS,3908.73,505,170,59,7.7400594059405945,0.0190887330240118
23081,GREEN METAL BOX ARMY SUPPLIES,3906.25,467,135,78,8.36456102783726,0.01907662165845328
46000M,POLYESTER FILLER PAD 45x45cm,3901.3500000000004,2517,353,205,1.55,0.01905269194424492
23049,RECYCLED ACAPULCO MAT RED,3896.84,456,186,103,8.545701754385965,0.019030666839942933
22314,OFFICE MUG WARMER CHOC+BLUE,3888.4800000000005,1110,249,101,3.5031351351351354,0.01898983981733438
21192,WHITE BELL HONEYCOMB PAPER,3885.64,2167,216,96,1.7930964467005075,0.018975970350323813
22790,"MIRROR, ARCHED GEORGIAN",3884.000000000001,200,1,1,19.420000000000005,0.018967961221486734
23552,BICYCLE PUNCTURE REPAIR KIT,3881.91,1863,116,93,2.0836876006441223,0.01895775446583459
37340,MULTICOLOUR SPRING FLOWER MUG,3881.33,13665,204,79,0.28403439443834616,0.018954921969050745
21181,PLEASE ONE PERSON  METAL SIGN,3868.07,1867,178,124,2.071810391001607,0.018890165232233826
21244,BLUE  SPOTTY PLATE,3859.6299999999997,2404,204,120,1.6055033277870214,0.018848947520413703
22475,SKULL DESIGN TV DINNER TRAY,3856.8,769,256,115,5.015344603381014,0.01883512688955459
22591,CARDHOLDER GINGHAM CHRISTMAS TREE,3854.15,1347,208,148,2.861284335560505,0.018822185309421494
22843,BISCUIT TIN VINTAGE GREEN,3851.76,594,176,134,6.484444444444445,0.018810513469225985
22478,BIRDHOUSE GARDEN MARKER,3848.41,2772,317,176,1.3883152958152958,0.018794153358491696
22272,FELTCRAFT DOLL MARIA,3848.34,1371,300,207,2.8069584245076586,0.01879381150543158
22445,PENCIL CASE LIFE IS BEAUTIFUL,3842.6600000000003,1251,271,144,3.071670663469225,0.018766072571410452
21447,12 IVORY ROSE PEG PLACE SETTINGS,3842.63,2776,336,149,1.3842327089337176,0.018765926062956115
22118,JOY WOODEN BLOCK LETTERS,3842.07,799,271,195,4.808598247809762,0.018763191238475162
23111,PARISIENNE SEWING BOX,3839.2400000000002,312,138,80,12.30525641025641,0.018749370607616046
21055,TOOL BOX SOFT TOY,3839.0899999999997,386,222,122,9.94582901554404,0.018748638065344356
22892,SET OF SALT AND PEPPER TOADSTOOLS,3835.71,3123,265,145,1.22821325648415,0.018732131446155733
21067,VINTAGE RED TEATIME MUG,3830.67,4763,266,130,0.8042557211841277,0.01870751802582713
22778,GLASS CLOCHE SMALL,3828.66,968,193,106,3.9552272727272726,0.018697701959386553
22777,GLASS CLOCHE LARGE,3821.82,453,99,66,8.436688741721854,0.01866429803179774
23194,GYMKHANA TREASURE BOOK BOX,3815.5299999999997,1715,200,128,2.224798833819242,0.01863358009253843
85040B,SET/4 BLUE FLOWER CANDLES IN BOWL,3813.7799999999997,2451,252,132,1.5560097919216644,0.018625033766035443
21846,PINK DIAMANTE PEN IN GIFT BOX,3803.4,1601,264,51,2.375640224859463,0.018574341840834868
21034,REX CASH+CARRY JUMBO SHOPPER,3801.9,4002,1902,800,0.9500000000000001,0.018567016418118025
22355,"CHARLOTTE BAG , SUKI DESIGN",3796.59,4406,339,145,0.8616863368134362,0.01854108442170039
21100,CHARLIE AND LOLA CHARLOTTE BAG,3795.0,2540,269,119,1.4940944881889764,0.01853331947362053
84016,FLAG OF ST GEORGE CAR FLAG,3791.67,1004,62,43,3.7765637450199203,0.018517057035189133
22458,CAST IRON HOOK GARDEN FORK,3790.47,1523,173,121,2.48881812212738,0.018511196697015654
72802A,ROSE SCENT CANDLE IN JEWELLED BOX,3789.9,914,182,112,4.146498905908096,0.018508413036383255
71038,WHITE HANGING BEADS CANDLE HOLDER,3789.25,717,144,85,5.28486750348675,0.018505238686539287
23253,16 PIECE CUTLERY SET PANTRY DESIGN,3785.06,254,69,43,14.901811023622047,0.01848477633908356
21154,RED SPOTTY OVEN GLOVE,3778.37,2816,339,171,1.3417507102272728,0.01845210495376643
84356,POMPOM CURTAIN,3771.04,750,133,58,5.028053333333333,0.018416308054756778
21743,STAR PORTABLE TABLE LIGHT,3767.0800000000004,1288,182,117,2.924751552795031,0.018396968938784303
21627,ELEPHANT CARNIVAL POUFFE,3766.35,195,115,31,19.314615384615383,0.01839340389972877
23299,FOOD COVER WITH BEADS SET 2,3761.63,1009,145,109,3.7280773042616455,0.018370353236246428
21813,GARLAND WITH STARS AND BELLS,3761.4100000000003,815,184,76,4.615226993865031,0.018369278840914625
22830,UTILTY CABINET WITH HOOKS,3760.71,181,18,14,20.777403314917127,0.018365860310313432
21329,DINOSAURS  WRITING SET,3760.66,2082,555,253,1.8062728146013447,0.0183656161295562
21845,DAIRY MAID STRIPE MUG,3758.4100000000003,2521,158,104,1.4908409361364539,0.018354627995480936
23092,LARGE ANTIQUE WHITE PHOTO FRAME,3757.78,523,135,96,7.185047801147228,0.01835155131793986
21899,"KEY FOB , GARAGE DESIGN",3756.66,5899,475,266,0.6368299711815562,0.018346081668977946
22544,MINI JIGSAW SPACEBOY,3756.52,9382,341,196,0.400396503943722,0.018345397962857706
22425,ENAMEL COLANDER CREAM,3754.4,732,278,179,5.12896174863388,0.018335044698751232
85049C,ROMANTIC PINKS RIBBONS,3746.29,2981,500,303,1.2567225763166723,0.018295438579928817
22356,"CHARLOTTE BAG , PINK/WHITE SPOTS",3740.38,4453,359,166,0.8399685605209971,0.018266576414424442
22162,HEART GARLAND RUSTIC PADDED,3737.9,1218,260,92,3.0688834154351396,0.018254465048865926
21795,SET OF 3 BLUE STRIPE BASKET,3734.9400000000005,441,80,64,8.469251700680273,0.01824000954803802
22732,3D VINTAGE CHRISTMAS STICKERS,3733.84,2713,299,165,1.3762771839292296,0.018234637571378994
22494,EMERGENCY FIRST AID TIN,3730.92,2765,468,200,1.3493381555153707,0.018220377415156867
23064,CINDERELLA CHANDELIER,3717.56,221,23,20,16.821538461538463,0.01815513231682549
22579,WOODEN TREE CHRISTMAS SCANDINAVIAN,3715.68,7056,550,344,0.5265986394557823,0.01814595112035371
21041,RED SPOTTY OVEN GLOVE DOUBLE,3715.23,1284,173,78,2.8934813084112148,0.018143753493538656
22782,SET 3 WICKER STORAGE BASKETS,3712.2999999999997,254,84,75,14.61535433070866,0.018129444501165083
23236,STORAGE TIN VINTAGE DOILY,3704.78,1272,190,124,2.9125628930817613,0.018092719715277965
21351,CINAMMON & ORANGE WREATH,3702.75,1099,177,113,3.369199272065514,0.018082805976534496
21495,SKULLS AND CROSSBONES WRAP,3695.3,9065,267,150,0.4076447876447877,0.018046423043707495
23182,TOILET SIGN OCCUPIED OR VACANT,3688.21,3741,433,140,0.9858887997861534,0.01801179821233254
22398,MAGNETS PACK OF 4 SWALLOWS,3687.48,4239,430,273,0.8698938428874735,0.018008233173277006
20692,FLORAL ELEPHANT SOFT TOY,3682.76,908,139,75,4.055903083700441,0.017985182509794664
23130,MISTLETOE HEART WREATH GREEN,3676.18,882,179,135,4.168004535147392,0.017953048322143433
23013,GLASS APOTHECARY BOTTLE TONIC,3674.1600000000003,924,223,135,3.9763636363636365,0.017943183419551416
20785,FUSCHIA RETRO BAR STOOL,3672.35,102,36,14,36.00343137254902,0.017934344076139752
22080,RIBBON REEL SPOTS DESIGN,3668.58,2211,277,199,1.6592401628222524,0.017915932847044746
21240,BLUE POLKADOT CUP,3658.27,4191,399,176,0.8728871391076115,0.017865582774904288
22769,CHALKBOARD KITCHEN ORGANISER,3656.86,174,45,32,21.016436781609197,0.017858696877550456
22823,CHEST NATURAL WOOD 20 DRAWERS,3655.0,32,18,17,114.21875,0.017849613353381564
21592,RETRO SPOT  CIGAR BOX MATCHES,3652.0,3104,190,157,1.1765463917525774,0.01783496250794787
22962,JAM JAR WITH PINK LID,3640.93,4366,354,183,0.8339280806229958,0.01778090088829755
85040A,S/4 PINK FLOWER CANDLES IN BOWL,3639.89,2065,400,193,1.7626585956416465,0.0177758219285472
21486,PINK HEART DOTS HOT WATER BOTTLE,3638.67,1116,294,127,3.260456989247312,0.017769863918070835
85232D,SET/3 DECOUPAGE STACKING TINS,3636.66,701,223,120,5.187817403708987,0.01776004785163026
84558A,3D DOG PICTURE PLAYING CARDS,3628.11,1259,199,116,2.8817394757744244,0.017718292942144238
22589,CARDHOLDER GINGHAM STAR,3626.78,1317,238,170,2.753819286256644,0.017711797734001968
85114B,IVORY ENCHANTED FOREST PLACEMAT,3618.05,2017,223,99,1.7937778879524047,0.017669163773789926
22461,SAVOY ART DECO CLOCK,3607.81,410,146,82,8.799536585365853,0.017619155554709588
23294,SET OF 6 SNACK LOAF BAKING CASES,3607.81,4392,354,214,0.821450364298725,0.017619155554709588
22353,LUNCHBOX WITH CUTLERY FAIRY CAKES,3597.68,1451,196,93,2.4794486560992417,0.017569684533295153
23032,DRAWER KNOB CRACKLE GLAZE IVORY,3595.38,2154,194,115,1.6691643454038998,0.017558452218462656
21787,RAIN PONCHO WITH RED SPOTS,3592.97,4727,161,98,0.760095197799873,0.017546682705964257
21866,UNION JACK FLAG LUGGAGE TAG,3591.5,2168,453,190,1.6565959409594095,0.01753950379170175
22774,RED DRAWER KNOB ACRYLIC EDWARDIAN,3591.06,2791,184,75,1.286657112146184,0.017537355001038143
21509,COWBOYS AND INDIANS BIRTHDAY CARD,3587.2200000000003,8696,628,264,0.41251379944802213,0.017518601918883017
23085,ANTIQUE SILVER BAUBLE LAMP,3583.23,376,78,64,9.529867021276596,0.017499116294456205
71477,COLOURED GLASS STAR T-LIGHT HOLDER,3580.96,1012,52,31,3.538498023715415,0.017488030488078045
23497,CLASSIC CHROME BICYCLE BELL,3578.62,2498,193,149,1.4325940752602082,0.017476602828639765
22944,CHRISTMAS METAL POSTCARD WITH BELLS,3577.9900000000002,4870,158,89,0.7347002053388091,0.017473526151098692
20784,RED RETRO BAR STOOL,3570.87,101,37,6,35.355148514851486,0.017438754811269393
21112,"SWISS ROLL TOWEL, PINK  SPOTS",3570.57,1516,150,86,2.355257255936676,0.017437289726726025
22704,WRAP RED APPLES,3564.76,8678,295,207,0.41078128601060154,0.017408915922736107
22334,DINOSAUR PARTY BAG + STICKER SET,3552.3599999999997,2230,264,180,1.5929865470852016,0.017348359094943512
21794,CLASSIC FRENCH STYLE BASKET NATURAL,3552.09,713,178,123,4.981893408134643,0.01734704051885448
22603,CHRISTMAS RETROSPOT TREE WOOD,3552.0899999999997,4143,388,236,0.857371469949312,0.017347040518854478
23210,WHITE ROCKING HORSE HAND PAINTED,3551.53,2849,192,115,1.2465882765882768,0.017344305694373525
22320,BIRDS MOBILE VINTAGE DESIGN,3545.02,598,180,130,5.928127090301003,0.017312513359782414
23332,IVORY WICKER HEART LARGE,3542.71,2059,287,207,1.7205973773676542,0.01730123220879847
20886,BOX OF 9 PEBBLE CANDLES,3540.22,1777,308,163,1.992245357343838,0.017289072007088502
21784,SHOE SHINE BOX,3538.2799999999997,290,178,78,12.200965517241379,0.017279597793708048
21054,NURSE'S BAG SOFT TOY,3538.0,382,182,119,9.261780104712042,0.01727823038146757
20786,BLACK RETRO BAR STOOL,3533.9,99,31,9,35.6959595959596,0.01725820755937486
23191,BUNDLE OF 3 RETRO NOTE BOOKS,3529.89,2141,276,178,1.648710882765063,0.017238624262645157
22602,CHRISTMAS RETROSPOT HEART WOOD,3529.31,4307,289,199,0.8194358021824936,0.01723579176586131
47505,MINATURE COLOURED GARDENING SET,3527.42,737,178,129,4.786187245590231,0.017226561733238086
21179,NO JUNK MAIL METAL SIGN,3517.9,4284,505,231,0.821171802054155,0.017180069717061836
23091,ZINC HERB GARDEN CONTAINER,3516.64,556,204,155,6.324892086330935,0.017173916361979683
23353,6 GIFT TAGS VINTAGE CHRISTMAS,3510.05,4007,327,227,0.8759795358123285,0.01714173333817701
22765,NEWSPAPER STAND,3508.3,311,53,36,11.280707395498393,0.01713318701167402
23189,SET OF 12 FORK CANDLES,3507.5099999999998,1249,141,89,2.808254603682946,0.017129328955709816
22902,TOTE BAG I LOVE LONDON,3506.56,1716,199,102,2.0434498834498833,0.01712468952132248
84352,SILVER CHRISTMAS TREE BAUBLE STAND,3505.58,206,126,90,17.0173786407767,0.017119903578480807
21499,BLUE POLKADOT WRAP,3504.84,8702,264,200,0.4027625833141807,0.01711628970327383
22076,6 RIBBONS EMPIRE,3490.19,2353,375,197,1.4832936676583086,0.017044744741405965
21469,POLKA DOT RAFFIA FOOD COVER,3482.01,1165,210,130,2.9888497854077256,0.017004796769523434
22352,LUNCHBOX WITH CUTLERY RETROSPOT,3481.89,1412,231,114,2.46592776203966,0.017004210735706085
21466,RED FLOWER CROCHET FOOD COVER,3479.79,927,275,147,3.753818770226537,0.0169939551439025
22764,"RUSTIC WOODEN CABINET, GLASS DOORS",3462.49,183,25,23,18.92071038251366,0.016909468601901543
22309,TEA COSY RED  STRIPE,3459.08,1331,266,117,2.5988580015026295,0.01689281547425858
20675,BLUE SPOTTY BOWL,3455.94,2849,308,157,1.213036153036153,0.01687748092270465
21559,STRAWBERRY LUNCHBOX WITH CUTLERY,3454.09,1448,183,113,2.3854212707182323,0.016868446234687206
22172,METAL SHELF WITH RAIL,3451.82,378,185,124,9.131798941798943,0.016857360428309043
23350,ROLL WRAP VINTAGE SPOT,3445.08,2712,305,205,1.2703097345132743,0.016824444862234684
23426,METAL SIGN DROP YOUR PANTS,3444.43,1275,206,126,2.7015137254901957,0.016821270512390716
85123a,WHITE HANGING HEART T-LIGHT HOLDER,3444.02,516,99,0,6.674457364341086,0.016819268230181445
23354,6 GIFT TAGS 50'S CHRISTMAS,3429.4,3740,322,235,0.916951871657754,0.01674786977676792
22531,MAGIC DRAWING SLATE CIRCUS PARADE,3427.12,7944,402,249,0.4314098690835851,0.01673673513423831
23156,SET OF 5 MINI GROCERY MAGNETS,3423.29,1665,205,117,2.05603003003003,0.01671803088823463
23127,FELTCRAFT GIRL NICOLE KIT,3422.4,668,182,137,5.123353293413174,0.01671368447075597
48189,DOOR MAT FRIENDSHIP,3420.2400000000002,468,179,117,7.308205128205128,0.01670313586204371
23014,GLASS APOTHECARY BOTTLE ELIXIR,3419.5800000000004,856,209,122,3.9948364485981314,0.0166999126760483
23388,WOODLAND MINI BACKPACK,3411.34,816,152,114,4.180563725490196,0.016659671687257092
21191,LARGE WHITE HONEYCOMB PAPER BELL,3408.61,1479,201,96,2.3046720757268426,0.01664633941791243
21902,"KEY FOB , FRONT  DOOR",3408.03,5359,474,250,0.6359451390184736,0.016643506921128585
21364,PEACE SMALL WOOD LETTERS,3407.7200000000003,468,167,118,7.281452991452992,0.016641993000433772
84472,PINK AND LILAC QUILTED THROW,3402.32,87,30,23,39.10712643678161,0.016615621478653125
37501,TEA TIME TEA SET IN GIFT BOX,3401.15,481,177,106,7.070997920997921,0.016609907648933983
22440,BALLOON WATER BOMB PACK OF 35,3399.41,8523,292,187,0.3988513434236771,0.016601410158582443
20983,12 PENCILS TALL TUBE RED RETROSPOT,3395.02,3922,383,245,0.865634880163182,0.016579971088097806
22059,CERAMIC STRWBERRY DESIGN MUG,3393.1,2347,215,106,1.445717937792927,0.016570594547020243
22459,CAST IRON HOOK GARDEN TROWEL,3389.74,1378,172,124,2.459898403483309,0.016554185600134507
44230,SQUARE MIRROR CURTAIN,3381.62,347,53,25,9.745302593659941,0.016514530645160647
22428,ENAMEL FIRE BUCKET CREAM,3379.67,459,191,126,7.363115468409586,0.01650500759562875
21327,SKULLS WRITING SET,3378.5099999999998,1926,495,212,1.7541588785046727,0.016499342602061054
23188,VINTAGE  2 METRE FOLDING RULER,3374.0499999999997,1627,152,102,2.0737861094038106,0.016477561678516297
22862,LOVE HEART NAPKIN BOX,3373.22,758,221,143,4.450158311345646,0.01647350827794631
22776,SWEETHEART 3 TIER CAKE STAND,3371.58,284,158,99,11.871760563380281,0.016465499149109223
84508A,CAMOFLAGE DESIGN TEDDY,3368.92,1586,44,31,2.124161412358134,0.016452508732824684
22822,CREAM WALL PLANTER HEART SHAPED,3367.35,581,183,139,5.79578313253012,0.016444841457047717
22366,DOOR MAT AIRMAIL,3366.71,455,139,92,7.399362637362637,0.0164417159433552
21211,SET OF 72 SKULL PAPER  DOILIES,3365.64,2405,237,139,1.3994345114345115,0.016436490475150514
84797A,PINK HAWAIIAN PICNIC HAMPER FOR 4,3361.25,481,44,21,6.988045738045738,0.016415051404665877
22223,CAKE PLATE LOVEBIRD PINK,3359.66,726,175,89,4.62763085399449,0.01640728645658602
22477,WATERING CAN GARDEN MARKER,3356.74,2414,276,155,1.39053024026512,0.01639302630036389
23239,SET OF 4 KNICK KNACK TINS POPPIES,3353.84,842,178,125,3.983182897862233,0.01637886381644466
22047,EMPIRE GIFT WRAP,3351.0,8250,261,211,0.4061818181818182,0.016364994349434097
84968D,S/16 VINTAGE RED CUTLERY,3349.7599999999998,287,38,12,11.67163763066202,0.016358938666654835
22167,"WALL MIRROR , DIAMANTE OVAL SHAPE",3331.91,425,129,65,7.839788235294117,0.01627176613632437
21917,SET 12 KIDS  WHITE CHALK STICKS,3324.22,8010,467,246,0.41500873907615476,0.01623421113586267
22136,LOVE HEART SOCK HANGER,3322.22,1989,265,117,1.670296631473102,0.01622444390557354
22536,MAGIC DRAWING SLATE PURDEY,3314.08,8443,351,233,0.39252398436574676,0.01618469127829679
23065,LARGE DECO JEWELLERY STAND,3302.44,263,95,77,12.55680608365019,0.016127845998014066
84813,SET OF 4 DIAMOND NAPKIN RINGS,3300.7599999999998,422,99,53,7.82170616113744,0.0161196415245712
21500,PINK POLKADOT WRAP,3298.5,8125,260,191,0.40596923076923075,0.016108604554344486
22176,BLUE OWL SOFT TOY,3297.9300000000003,1088,257,124,3.031185661764706,0.016105820893712087
22183,CAKE STAND VICTORIAN FILIGREE MED,3297.25,586,209,58,5.626706484641638,0.016102500035413782
20702,PINK PADDED MOBILE,3296.7,782,245,151,4.215728900255754,0.01609981404708427
21239,PINK  POLKADOT CUP,3292.9,3685,382,166,0.89359565807327,0.016081256309534928
20681,PINK SPOTTY CHILDS UMBRELLA,3292.86,1000,206,127,3.29286,0.016081060964929145
22122,SET OF 2 FANCY FONT TEA TOWELS,3290.0800000000004,1095,191,113,3.0046392694063933,0.016067484514827257
37410,BLACK AND WHITE PAISLEY FLOWER MUG,3288.65,25707,33,13,0.12792819076516124,0.016060500945170527
22281,EASTER TREE YELLOW BIRDS,3285.86,511,149,83,6.430254403131116,0.016046875658917197
22762,CUPBOARD 3 DRAWER MA CAMPAGNE,3276.62,204,133,91,16.06186274509804,0.016001751054981424
23308,SET OF 60 VINTAGE LEAF CAKE CASES,3272.6099999999997,6139,382,209,0.5330851930281805,0.01598216775825172
22967,SET 3 SONG BIRD PAPER EGGS ASSORTED,3271.4100000000003,1171,138,122,2.793689154568745,0.01597630742007825
22794,SWEETHEART WIRE MAGAZINE RACK,3271.35,389,209,130,8.409640102827764,0.01597601440316957
84975,HEART SHAPED MIRROR,3266.4,1990,212,115,1.6414070351758794,0.01595184050820398
21467,CHERRY CROCHET FOOD COVER,3263.75,1025,254,145,3.1841463414634146,0.015938898928070884
84031B,CHARLIE LOLA BLUE HOT WATER BOTTLE,3263.03,839,271,80,3.889189511323004,0.0159353827251668
23395,BELLE JARDINIERE CUSHION COVER,3257.08,748,210,141,4.354385026737968,0.01590632521505664
23053,RECYCLED ACAPULCO MAT PINK,3254.32,364,164,105,8.940439560439561,0.015892846437257645
84510A,SET OF 4 ENGLISH ROSE COASTERS,3254.14,2402,474,200,1.3547626977518734,0.015891967386531623
21477,STRING OF 20 ROSE LIGHTS,3248.94,273,45,35,11.900879120879122,0.015866572587779893
22059,CERAMIC STRAWBERRY DESIGN MUG,3245.93,2593,243,112,1.2518048592364057,0.01585187290619475
84849B,FAIRY SOAP SOAP HOLDER,3244.14,1936,293,123,1.6756921487603305,0.015843131235085982
22419,LIPSTICK PEN RED,3242.59,6847,509,191,0.47357820943478895,0.01583556163161191
21829,DINOSAUR KEYRINGS ASSORTED,3242.18,15035,409,211,0.21564216827402727,0.015833559349402636
22792,FLUTED ANTIQUE CANDLE HOLDER,3241.1299999999997,3489,262,128,0.928956721123531,0.015828431553500843
22733,3D TRADITIONAL CHRISTMAS STICKERS,3238.49,2461,302,185,1.3159244209670864,0.015815538809519195
18098C,PORCELAIN BUTTERFLY OIL BURNER,3231.13,1223,236,104,2.641970564186427,0.015779595402055206
23051,RECYCLED ACAPULCO MAT BLUE,3223.49,365,162,95,8.831479452054793,0.015742284582350736
20992,JAZZ HEARTS PURSE NOTEBOOK,3220.3999999999996,6151,433,222,0.5235571451796456,0.01572719421155403
23230,WRAP ALPHABET DESIGN,3217.92,7976,235,178,0.40345035105315946,0.015715082845995515
21732,RED HANGING METAL STAR TLIGHT HLDR,3214.57,925,58,50,3.475210810810811,0.015698722735261225
21473,SWEETHEART CREAM STEEL TABLE RECT,3212.16,157,90,65,20.459617834394905,0.015686953222762826
22194,BLACK DINER WALL CLOCK,3212.1,373,160,100,8.611528150134047,0.01568666020585415
84837,WHITE SWEETHEARTS CABINET 4 DRAWERS,3210.04,251,143,109,12.789003984063745,0.015676599958656348
79323GR,GREEN CHERRY LIGHTS,3209.36,532,83,60,6.032631578947369,0.015673279100358047
23393,HOME SWEET HOME CUSHION COVER,3207.91,801,229,165,4.004881398252184,0.01566619785839843
84596F,SMALL MARSHMALLOWS PINK BOWL,3196.43,4720,600,216,0.6772097457627119,0.015610133956538833
79164,BLACK WINE GLASS,3196.01,3653,91,43,0.8749000821242815,0.015608082838178118
21986,PACK OF 12 PINK SPOT TISSUES,3194.19,8317,197,128,0.38405554887579657,0.015599194658615012
21333,CLASSIC WHITE FRAME,3192.09,1057,222,150,3.0199526963103125,0.015588939066811427
21111,"SWISS ROLL TOWEL, CHOCOLATE  SPOTS",3187.1600000000003,1379,214,109,2.3112110224800584,0.015564862844148725
21830,ASSORTED CREEPY CRAWLIES,3185.6,7658,256,151,0.4159832854531209,0.015557244404523204
21628,TRIANGULAR POUFFE VINTAGE,3185.2799999999997,164,87,24,19.422439024390243,0.015555681647676943
21584,RETRO SPOT SMALL TUBE MATCHES,3183.45,2005,131,113,1.5877556109725686,0.015546744631962393
22503,CABIN BAG VINTAGE PAISLEY,3178.02,141,54,29,22.539148936170214,0.015520226601727409
84968C,S/16 VINTAGE PISTACHIO CUTLERY,3177.2999999999997,262,58,20,12.12709923664122,0.015516710398823323
21557,SET OF 6 FUNKY BEAKERS,3169.3900000000003,932,302,71,3.4006330472103006,0.015478081003029824
22863,SOAP DISH BROCANTE,3166.61,1107,169,120,2.8605329719963866,0.015464504552927935
21936,RED/WHITE SPOT PICNIC BAG,3164.59,1125,111,73,2.812968888888889,0.015454639650335915
21949,SET OF 6 STRAWBERRY CHOPSTICKS,3164.18,2598,269,91,1.2179291762894533,0.015452637368126642
22965,3 TRADITIONAl BISCUIT CUTTERS  SET,3162.6400000000003,1488,250,180,2.1254301075268818,0.015445116600804016
23342,MINT DINER WALL CLOCK,3159.41,371,162,104,8.515929919137466,0.015429342523887071
22702,BLACK AND WHITE CAT BOWL,3156.3199999999997,1589,94,66,1.9863561988672118,0.015414252153090368
82494l,WOODEN FRAME ANTIQUE WHITE,3155.93,378,86,0,8.349021164021163,0.015412347543183987
22700,BLACK AND WHITE DOG BOWL,3155.4,1384,98,79,2.279913294797688,0.01540975922715737
84944,SET OF 6 KASHMIR FOLKART BAUBLES,3153.88,1135,194,122,2.778748898678414,0.015402336132137633
21519,GIN & TONIC DIET GREETING CARD,3149.93,7356,553,181,0.4282123436650353,0.015383045852316606
23035,DRAWER KNOB CERAMIC IVORY,3147.79,2155,190,110,1.460691415313225,0.015372594915907239
23323,WHITE WICKER STAR,3146.78,1469,294,210,2.14212389380531,0.01536766246461123
22313,OFFICE MUG WARMER PINK,3146.07,985,137,74,3.193979695431472,0.01536419509785859
21705,BAG 500g SWIRLY MARBLES,3145.71,2534,225,142,1.2414009471191791,0.015362436996406544
21239,PINK  SPOTTY CUP,3145.4900000000002,3684,369,163,0.8538246471226928,0.015361362601074742
21500,PINK SPOTS  WRAP,3144.5,7825,232,167,0.40185303514376997,0.015356527822081625
22773,GREEN DRAWER KNOB ACRYLIC EDWARDIAN,3141.11,2368,226,95,1.3264822635135136,0.01533997236674155
22325,MOBILE VINTAGE HEARTS,3139.99,699,224,129,4.492117310443491,0.015334502717779638
21820,GLITTER HEART GARLAND WITH BELLS,3132.39,795,180,112,3.94011320754717,0.015297387242680953
82578,KITCHEN METAL SIGN,3129.2400000000002,5595,704,322,0.5592922252010725,0.015282003854975577
22095,LADS ONLY TISSUE BOX,3123.0299999999997,2978,284,125,1.0487004701141704,0.015251676604927832
23346,SPACEBOY BEAKER,3112.34,2628,184,106,1.1842998477929985,0.015199470759032444
21352,EUCALYPTUS & PINECONE  WREATH,3110.28,880,158,77,3.534409090909091,0.015189410511834643
21272,SALLE DE BAIN HOOK,3109.83,2348,339,167,1.3244591141396933,0.015187212885019587
22406,MONEY BOX KINGS CHOICE DESIGN,3104.35,2451,214,142,1.26656466748266,0.015160450674027378
22891,TEA FOR ONE POLKADOT,3103.7,644,230,108,4.8194099378881985,0.01515727632418341
22177,5 HOOK BLACKBOARD ORGANISER,3101.46,325,125,90,9.542953846153846,0.015146337026259588
22972,CHILDREN'S SPACEBOY MUG,3100.94,1810,238,145,1.7132265193370166,0.015143797546384414
47504K,ENGLISH ROSE GARDEN SECATEURS,3096.08,2654,312,210,1.1665712132629993,0.01512006317678183
22572,ROCKING HORSE GREEN CHRISTMAS,3087.18,3439,362,211,0.8976970049432974,0.01507659900199521
20956,PORCELAIN T-LIGHT HOLDERS ASSORTED,3083.82,2338,236,117,1.318999144568007,0.015060190055109479
79072,TEATIME CAKE TIN WITH HANDLE,3083.2,284,107,41,10.856338028169013,0.015057162213719845
21707,"FOLDING UMBRELLA , BLACK/BLUE  SPOT",3077.01,775,69,54,3.970335483870968,0.015026932635974998
84279B,CHERRY BLOSSOM DECORATIVE FLASK,3076.92,808,215,140,3.808069306930693,0.015026493110611985
21765,HANGING METAL BIRD BATH,3076.39,371,143,103,8.292156334231805,0.015023904794585366
22347,PIZZA SLICE DISH,3074.18,2680,113,49,1.1470820895522387,0.015013112005115879
23188,VINTAGE  2 METER FOLDING RULER,3073.7200000000003,1844,181,131,1.6668763557483732,0.015010865542149381
22372,AIRLINE BAG VINTAGE WORLD CHAMPION,3073.43,604,287,163,5.088460264900662,0.015009449293757455
22154,ANGEL DECORATION 3 BUTTONS,3073.32,7114,317,163,0.43201012088838914,0.015008912096091556
84912B,GREEN ROSE WASHBAG,3072.64,1125,259,56,2.7312355555555556,0.015005591237793249
22473,TV DINNER TRAY VINTAGE PAISLEY,3070.92,811,209,120,3.786584463625154,0.0149971914197446
22757,LARGE RED BABUSHKA NOTEBOOK,3070.18,2696,308,161,1.1387908011869436,0.014993577544537623
21206,STRAWBERRY HONEYCOMB  GARLAND,3067.9,2155,238,117,1.4236194895591647,0.014982442902008019
21537,RED RETROSPOT PUDDING BOWL,3065.45,711,182,133,4.311462728551336,0.014970478044903833
22963,JAM JAR WITH GREEN LID,3060.43,3670,317,169,0.8339046321525885,0.014945962296878123
20985,HEART CALCULATOR,3047.99,2370,291,162,1.2860717299578057,0.014885210124479747
84969,BOX OF 6 ASSORTED COLOUR TEASPOONS,3047.91,701,255,62,4.347945791726105,0.014884819435268183
21408,SPOTTY PINK DUCK DOORSTOP,3045.31,703,240,114,4.331877667140825,0.014872122035892315
22754,SMALL RED BABUSHKA NOTEBOOK,3044.8599999999997,3924,492,237,0.7759582059123342,0.01486992440907726
23461,SWEETHEART BIRD HOUSE,3041.21,847,94,75,3.5905667060212516,0.014852099213799605
23329,DECORATIVE WICKER HEART LARGE,3038.19,1767,233,168,1.7194057724957557,0.014837350696063019
22208,WOOD STAMP SET THANK YOU,3036.9500000000003,2366,433,237,1.283579881656805,0.01483129501328376
22037,ROBOT BIRTHDAY CARD,3035.7,7054,634,270,0.4303515735752764,0.014825190494353055
21588,RETRO SPOT GIANT  TUBE MATCHES,3034.9500000000003,1295,102,85,2.3435907335907338,0.014821527782994635
15044C,PURPLE PAPER PARASOL,3027.26,967,231,100,3.130568769389866,0.014783972782532935
23242,TREASURE TIN BUFFALO BILL,3024.63,1470,214,132,2.057571428571429,0.014771128874702732
23237,SET OF 4 KNICK KNACK TINS LEAF,3020.61,747,123,94,4.043654618473896,0.014751496741821586
22067,CHOC TRUFFLE GOLD TRINKET POT,3019.32,1855,252,108,1.6276657681940703,0.014745196878285098
21626,VINTAGE UNION JACK PENNANT,3017.0699999999997,1496,204,136,2.016758021390374,0.014734208744209826
22349,"DOG BOWL , CHASING BALL DESIGN",3014.3,754,136,104,3.997745358090186,0.014720681130259386
22402,MAGNETS PACK OF 4 VINTAGE COLLAGE,3012.78,3431,250,158,0.8781055085980765,0.01471325803523965
22202,MILK PAN PINK RETROSPOT,3011.2400000000002,743,184,67,4.052812920592194,0.014705737267917022
22805,BLUE DRAWER KNOB ACRYLIC EDWARDIAN,3008.82,2207,231,89,1.363307657453557,0.014693918919267173
23236,DOILEY STORAGE TIN,3004.46,1094,122,93,2.746307129798903,0.014672626357236875
22712,CARD DOLLY GIRL,3002.42,7295,508,209,0.4115723098012337,0.014662663782341963
22755,SMALL PURPLE BABUSHKA NOTEBOOK,2997.63,3776,499,243,0.7938638771186441,0.014639271265799503
84912A,PINK ROSE WASHBAG,2996.44,1094,231,59,2.7389762340036565,0.014633459763777472
23390,DOLLY GIRL MINI BACKPACK,2992.3900000000003,739,161,116,4.049242219215156,0.014613681122441989
22132,RED LOVE HEART SHAPE CUP,2989.81,3345,388,154,0.8938146487294469,0.014601081395369012
22925,BLUE GIANT GARDEN THERMOMETER,2989.52,488,191,130,6.126065573770492,0.014599665146977088
21507,"ELEPHANT, BIRTHDAY CARD,",2980.63,7113,489,230,0.4190397863067623,0.014556249808341915
21354,TOAST ITS - BEST MUM,2979.46,2476,217,123,1.2033360258481423,0.014550535978622773
22375,AIRLINE BAG VINTAGE JET SET BROWN,2969.29,590,284,135,5.032694915254237,0.014500869612602557
22519,CHILDS GARDEN BRUSH PINK,2968.77,1425,258,142,2.0833473684210526,0.014498330132727385
21706,"FOLDING UMBRELLA , RED/WHITE SPOT",2962.82,916,104,73,3.234519650655022,0.01446927262261723
22905,CALENDAR IN SEASON DESIGN,2957.17,1077,194,111,2.7457474466109564,0.014441680197050444
22674,FRENCH TOILET SIGN BLUE METAL,2956.33,2377,297,182,1.243723180479596,0.014437577960329007
22664,TOY TIDY DOLLY GIRL DESIGN,2954.19,1429,266,107,2.0673128061581525,0.01442712702391964
22816,CARD MOTORBIKE SANTA,2950.93,6856,436,258,0.43041569428238036,0.01441120643854836
22927,GREEN GIANT GARDEN THERMOMETER,2948.57,468,162,101,6.300363247863248,0.01439968110680719
23211,RED ROCKING HORSE HAND PAINTED,2930.57,2329,160,82,1.2582954057535423,0.01431177603420504
22071,SMALL WHITE RETROSPOT MUG IN BOX,2929.75,1147,175,139,2.5542720139494333,0.014307771469786497
22277,COSMETIC BAG VINTAGE ROSE PAISLEY,2927.4900000000002,1400,250,147,2.091064285714286,0.014296734499559783
85049D,BRIGHT BLUES RIBBONS,2922.96,2330,400,263,1.254489270386266,0.014274611722954906
21948,SET OF 6 CAKE CHOPSTICKS,2921.36,2293,267,71,1.2740340165721762,0.014266797938723605
21214,SET OF 72 IVORY PAPER DOILIES,2920.8199999999997,2006,199,106,1.4560418743768693,0.014264160786545537
22990,COTTON APRON PANTRY DESIGN,2917.43,633,164,117,4.6088941548183255,0.014247605331205466
21592,RETROSPOT CIGAR BOX MATCHES,2900.46,2772,286,195,1.0463419913419914,0.014164730382202215
22518,CHILDS GARDEN BRUSH BLUE,2899.8,1398,266,141,2.0742489270386266,0.014161507196206803
23290,SPACEBOY CHILDRENS BOWL,2890.3500000000004,2430,214,125,1.1894444444444445,0.014115357033090675
22184,CAKE STAND VICTORIAN FILIGREE LARGE,2887.07,389,146,60,7.421773778920309,0.014099338775416503
21584,RETROSPOT SMALL TUBE MATCHES,2886.6,1764,221,165,1.6363945578231291,0.014097043476298556
23345,DOLLY GIRL BEAKER,2886.25,2451,174,100,1.177580579355365,0.01409533421099796
22955,36 FOIL STAR CAKE CASES,2885.26,1448,185,131,1.992582872928177,0.014090499432004843
22811,SET OF 6 T-LIGHTS CACTI,2884.13,1021,140,51,2.8248090107737513,0.014084980946891486
23283,DOORMAT VINTAGE LEAVES DESIGN,2881.18,430,91,75,6.700418604651162,0.01407057428221502
23056,FLOWERS CHANDELIER T-LIGHT HOLDER,2879.37,960,38,32,2.99934375,0.014061734938803359
21240,BLUE  SPOTTY CUP,2877.47,3390,370,169,0.8488112094395279,0.014052456070028687
21465,PINK FLOWER CROCHET FOOD COVER,2875.6400000000003,793,187,117,3.6262799495586386,0.014043519054314136
21821,GLITTER STAR GARLAND WITH BELLS,2866.6,713,153,86,4.020476858345021,0.013999371173407276
22072,TEA CUP AND SAUCER RETRO SPOT,2866.34,700,137,67,4.094771428571429,0.013998101433469691
22480,RED TEA TOWEL CLASSIC DESIGN,2863.06,2368,263,197,1.2090625,0.013982083175795518
21424,WOODLAND STORAGE BOX LARGE,2861.6400000000003,955,142,51,2.9964816753926704,0.013975148442290239
23427,STOOL HOME SWEET HOME,2860.58,237,114,87,12.069957805907173,0.013969971810237002
22073,RETRO SPOT STORAGE JAR,2853.29,729,155,95,3.9139780521262004,0.013934370255833127
22581,WOOD STOCKING CHRISTMAS SCANDISPOT,2852.6299999999997,3565,380,208,0.8001767180925665,0.013931147069837715
23504,PLAYING CARDS JUBILEE UNION JACK,2848.8900000000003,1927,208,164,1.4784068500259473,0.01391288234919705
22930,BAKING MOULD HEART MILK CHOCOLATE,2846.8,1108,189,120,2.5693140794223828,0.013902675593544911
23212,HEART WREATH DECORATION WITH BELL,2845.89,2284,185,103,1.2460113835376532,0.013898231503763354
21324,HANGING MEDINA LANTERN SMALL,2845.71,1014,175,101,2.8064201183431954,0.013897352453037335
21688,SILVER PLATE CANDLE BOWL SMALL,2845.6500000000005,912,142,97,3.1202302631578953,0.013897059436128662
22080,RIBBON REEL POLKADOTS,2843.86,1676,242,167,1.6968138424821002,0.01388831776501989
22449,SILK PURSE BABUSHKA PINK,2843.8300000000004,863,218,111,3.295283893395134,0.013888171256565555
21439,BASKET OF TOADSTOOLS,2837.54,2259,240,112,1.2561044710048694,0.013857453317306246
22576,SWALLOW WOODEN CHRISTMAS DECORATION,2835.08,3132,330,191,0.9051979565772669,0.013845439624050618
22285,"DECORATION HEN ON NEST, HANGING",2829.19,1877,147,105,1.5072935535428875,0.013816675130849136
22731,3D CHRISTMAS STAMPS STICKERS,2828.62,2018,232,138,1.4016947472745291,0.013813891470216734
22710,WRAP I LOVE LONDON,2821.28,7184,173,112,0.39271714922049,0.013778045735055635
22217,T-LIGHT HOLDER HANGING LACE,2814.81,2374,214,152,1.1856823925863522,0.013746448745070305
22671,FRENCH LAUNDRY SIGN BLUE METAL,2811.34,1688,246,140,1.6654857819905213,0.013729502600518667
21508,VINTAGE KID DOLLY CARD,2808.62,6716,541,215,0.41819833234067894,0.013716219167325452
35001W,HAND OPEN SHAPE DECO.WHITE,2806.69,883,190,78,3.1785843714609285,0.013706793790096447
22452,MEASURING TAPE BABUSHKA PINK,2806.4,1089,207,96,2.5770431588613407,0.013705377541704521
84909A,PINK PAISLEY QUILT,2797.55,209,30,24,13.385406698564594,0.013662157547675132
22974,CHILDRENS DOLLY GIRL MUG,2795.81,1636,211,128,1.7089303178484108,0.013653660057323587
22696,WICKER WREATH LARGE,2790.83,1415,288,203,1.9723180212014133,0.013629339653903658
21360,JOY LARGE WOOD LETTERS,2790.41,441,100,81,6.327460317460317,0.013627288535542941
22101,MIRROR MOSAIC VOTIVE HOLDER,2790.27,1909,116,44,1.461639601885804,0.013626604829422703
85199S,SMALL HANGING IVORY/RED WOOD BIRD,2789.2799999999997,6022,486,188,0.4631816672201926,0.013621770050429584
22949,36 DOILIES DOLLY GIRL,2788.5299999999997,1965,162,121,1.4190992366412212,0.01361810733907116
84519A,TOMATO CHARLIE+LOLA COASTER SET,2788.4500000000003,1200,203,96,2.3237083333333337,0.013617716649859599
21796,SET OF 3 RED STRIPE BASKETS,2782.19,324,67,57,8.587006172839507,0.013587145219054627
21728,METAL MEDINA LANTERN,2773.11,298,40,33,9.305738255033557,0.013542801993541985
21188,3D HEARTS  HONEYCOMB PAPER GARLAND,2771.34,912,128,69,3.0387500000000003,0.013534157994736106
21682,LARGE MEDINA STAMPED METAL BOWL,2767.59,559,152,116,4.9509660107334525,0.013515844437943993
85132B,CHARLIE AND LOLA TABLE TINS,2767.53,919,123,73,3.01145810663765,0.013515551421035317
22365,DOOR MAT RESPECTABLE HOUSE,2765.69,379,123,79,7.297335092348285,0.013506565569169317
22242,5 HOOK HANGER MAGIC TOADSTOOL,2763.96,1774,110,77,1.5580383314543405,0.013498116914969225
23190,BUNDLE OF 3 SCHOOL EXERCISE BOOKS,2761.9,1702,202,145,1.622737955346651,0.013488056667771423
22081,RIBBON REEL FLORA + FAUNA,2761.04,1559,302,170,1.7710327132777421,0.013483856758747097
21683,MEDIUM MEDINA STAMPED METAL BOWL,2757.4700000000003,936,152,96,2.9460149572649574,0.013466422252681005
23542,WALL ART 70'S ALPHABET,2757.06,356,74,44,7.744550561797753,0.01346441997047173
22675,FRENCH KITCHEN SIGN BLUE METAL,2754.95,2227,270,179,1.2370678042209249,0.013454115542516699
15058C,ICE CREAM DESIGN GARDEN PARASOL,2753.72,470,122,56,5.858978723404255,0.013448108695888887
22145,CHRISTMAS CRAFT HEART STOCKING,2752.66,1306,197,153,2.1077029096477795,0.013442932063835648
84795C,OCEAN STRIPE HAMMOCK,2752.59,325,131,70,8.469507692307692,0.01344259021077553
23147,SINGLE ANTIQUE ROSE HOOK IVORY,2752.2,1868,261,170,1.473340471092077,0.01344068560086915
51014C,"FEATHER PEN,COAL BLACK",2751.5,4268,265,108,0.6446813495782568,0.013437267070267954
85015,SET OF 12  VINTAGE POSTCARD SET,2750.0,2908,254,133,0.9456671251719395,0.013429941647551109
22315,200 RED + WHITE BENDY STRAWS,2749.51,2136,387,191,1.2872237827715356,0.013427548676130273
22525,CHILDRENS GARDEN GLOVES PINK,2748.79,1946,328,189,1.4125334018499487,0.013424032473226188
23266,SET OF 3 WOODEN STOCKING DECORATION,2743.82,2053,319,201,1.3364929371651242,0.013399760905957703
23341,PINK DINER WALL CLOCK,2741.35,307,121,75,8.929478827361564,0.01338769837655063
22482,BLUE TEA TOWEL CLASSIC DESIGN,2739.43,2319,214,154,1.181297973264338,0.013378321835473068
23100,SILVER BELLS TABLE DECORATION,2739.38,2166,257,180,1.2647183748845798,0.01337807765471584
22161,HEART DECORATION RUSTIC HANGING,2738.28,6726,489,156,0.40711864406779663,0.01337270567805682
85183B,CHARLIE & LOLA WASTEPAPER BIN FLORA,2731.7599999999998,1725,171,124,1.5836289855072463,0.01334086450731426
22066,LOVE HEART TRINKET POT,2729.16,3435,273,185,0.7945152838427947,0.013328167107938394
21788,KIDS RAIN MAC BLUE,2725.0899999999997,3375,206,141,0.807434074074074,0.013308290794300019
22167,OVAL WALL MIRROR DIAMANTE,2724.42,265,174,46,10.280830188679246,0.013305018772153161
16161U,WRAP SUKI AND FRIENDS,2721.92,6676,208,148,0.40771719592570405,0.013292809734291752
22651,GENTLEMAN SHIRT REPAIR KIT,2720.86,3175,270,112,0.8569637795275591,0.013287633102238513
22818,CARD CHRISTMAS VILLAGE,2720.86,6290,404,252,0.4325691573926868,0.013287633102238513
22914,BLUE COAT RACK PARIS FASHION,2720.66,570,170,117,4.773087719298245,0.0132866563792096
47503J,SET/3 FLORAL GARDEN TOOLS IN BAG,2719.38,344,75,31,7.905174418604651,0.01328040535182456
23164,REGENCY CAKE SLICE,2718.65,578,92,70,4.703546712802768,0.013276840312769026
22650,CERAMIC PIRATE CHEST MONEY BANK,2717.8799999999997,1786,282,150,1.5217693169092943,0.013273079929107711
21808,"CHRISTMAS GARLAND STARS,TREES",2715.53,1001,144,70,2.712817182817183,0.01326160343351799
47480,HANGING PHOTO CLIP ROPE LADDER,2713.98,1638,150,62,1.6568864468864468,0.013254033830043912
22524,CHILDRENS GARDEN GLOVES BLUE,2713.23,1925,293,188,1.40947012987013,0.013250371118685489
22231,JIGSAW TREE WITH BIRDHOUSE,2712.48,2135,297,166,1.2704824355971898,0.013246708407327066
21096,SET/6 FRUIT SALAD  PAPER PLATES,2711.7099999999996,15919,143,91,0.1703442427288146,0.01324294802366575
23407,SET OF 2 TRAYS HOME SWEET HOME,2709.43,265,133,103,10.224264150943396,0.013231813381136145
21744,SNOWFLAKE PORTABLE TABLE LIGHT,2697.1600000000003,898,217,131,3.003518930957684,0.013171891423312347
23333,IVORY WICKER HEART MEDIUM,2695.45,2089,233,179,1.290306366682623,0.01316354044141514
22667,RECIPE BOX RETRO SPOT DESIGN,2694.65,959,178,138,2.8098540145985402,0.01315963354929949
85035C,ROSE 3 WICK MORRIS BOX CANDLE,2693.85,1356,197,129,1.9866150442477875,0.013155726657183838
21224,SET/4 SKULL BADGES,2691.91,2171,312,140,1.239940119760479,0.013146252443803382
22479,DAISY GARDEN MARKER,2691.19,1939,214,129,1.38792676637442,0.013142736240899299
23264,SET OF 3 WOODEN SLEIGH DECORATIONS,2690.81,1963,299,177,1.370764136525726,0.013140880467144364
22436,12 COLOURED PARTY BALLOONS,2687.05,4215,289,173,0.6374970344009491,0.013122518074200803
21204,DAISIES  HONEYCOMB GARLAND,2682.99,1608,205,109,1.668526119402985,0.013102690596713873
22495,SET OF 2 ROUND TINS CAMEMBERT,2682.32,940,237,165,2.853531914893617,0.013099418574567015
90057,DIAMANTE RING ASSORTED IN BOX.,2675.88,1804,37,29,1.4833037694013305,0.013067968093036023
22155,STAR DECORATION RUSTIC,2671.81,5925,340,165,0.45093839662447255,0.013048091779397647
21980,PACK OF 12 RED RETROSPOT TISSUES,2668.33,8616,405,262,0.3096947539461467,0.013031096798694564
22028,PENNY FARTHING BIRTHDAY CARD,2665.13,6344,507,203,0.4201024590163935,0.013015469230231958
21923,RED/CREAM STRIPE FRINGE HAMMOCK,2662.64,337,119,80,7.901008902077151,0.013003309028521995
21109,LARGE CAKE TOWEL CHOCOLATE SPOTS,2661.67,925,104,51,2.8774810810810814,0.012998571921831768
85049B,LUSH GREENS RIBBONS,2653.3,2126,338,224,1.248024459078081,0.012957696063071766
21693,SMALL HAMMERED SILVER CANDLEPOT,2648.6200000000003,871,120,84,3.0408955223880603,0.012934840744195208
22500,SET OF 2 TINS JARDIN DE PROVENCE,2647.31,580,198,155,4.564327586206897,0.012928443208355827
21742,LARGE ROUND WICKER PLATTER,2647.28,437,193,156,6.057848970251717,0.012928296699901492
23146,TRIPLE HOOK ANTIQUE IVORY ROSE,2645.2599999999998,798,227,151,3.3148621553884707,0.01291843179730947
22152,PLACE SETTING WHITE STAR,2642.2799999999997,6241,241,154,0.4233744592212786,0.012903878624178671
21897,POTTING SHED CANDLE CITRONELLA,2641.36,866,106,86,3.0500692840646653,0.012899385698245672
82600,N0 SINGING METAL SIGN,2639.42,1225,49,30,2.1546285714285713,0.012889911484865218
22270,HAPPY EASTER HANGING DECORATION,2638.67,685,153,104,3.8520729927007302,0.012886248773506795
84754,S/15 SILVER GLASS BAUBLES IN BAG,2634.59,2083,218,129,1.2648055688910227,0.012866323623716975
85049F,BABY BOOM RIBBONS,2634.0,2110,314,206,1.248341232227488,0.012863442290781681
22146,EASTER CRAFT IVY WREATH WITH CHICK,2633.13,1413,107,93,1.8635031847133758,0.01285919354560591
22376,AIRLINE BAG VINTAGE JET SET WHITE,2632.18,529,246,145,4.9757655954631375,0.012854554111218571
84012,MAGIC SHEEP WOOL GROWING FROM PAPER,2628.47,1838,179,127,1.4300707290533188,0.01283643589903224
21422,PORCELAIN ROSE SMALL,2619.17,3160,147,71,0.8288512658227848,0.012791018278187797
22758,LARGE PURPLE BABUSHKA NOTEBOOK,2618.35,2437,314,151,1.0744152646696759,0.012787013713769254
84849D,HOT BATHS SOAP HOLDER,2618.27,1558,260,122,1.6805327342747112,0.01278662302455769
22713,CARD I LOVE LONDON,2616.12,6084,368,148,0.43,0.012776123251996875
72800E,4 IVORY DINNER CANDLES SILVER FLOCK,2613.82,1388,286,139,1.883155619596542,0.01276489093716438
22046,TEA PARTY  WRAPPING PAPER,2613.5,6375,208,147,0.4099607843137255,0.012763328180318117
47585A,PINK FAIRY CAKE CUSHION COVER,2612.88,1084,148,66,2.410405904059041,0.01276030033892849
85034B,3 WHITE CHOC MORRIS BOXED CANDLES,2606.64,1183,152,95,2.2034150464919695,0.012729826580426406
85227,SET OF 6 3D KIT CARDS FOR KIDS,2605.75,2848,392,206,0.914940308988764,0.012725480162947746
23054,RECYCLED ACAPULCO MAT LAVENDER,2604.93,295,130,81,8.830271186440678,0.012721475598529203
85034C,3 ROSE MORRIS BOXED CANDLES,2604.15,1314,197,130,1.9818493150684933,0.012717666378716446
23196,VINTAGE LEAF MAGNETIC NOTEPAD,2601.15,1707,274,159,1.5238137082601055,0.012703015533282753
72799E,IVORY PILLAR CANDLE SILVER FLOCK,2600.6400000000003,1232,178,105,2.1109090909090913,0.012700524889559025
37502,TEA TIME MUG IN GIFT BOX,2599.7900000000004,868,171,97,2.995149769585254,0.012696373816686146
22439,6 ROCKET BALLOONS,2599.01,3891,363,216,0.6679542534052944,0.012692564596873386
22190,LOCAL CAFE MUG,2591.67,1400,242,88,1.851192857142857,0.012656718861712286
90062,CARNIVAL BRACELET,2591.42,204,109,33,12.703039215686275,0.012655497957926145
22199,FRYING PAN RED RETROSPOT,2590.21,617,217,95,4.19807131280389,0.012649588783601222
22933,BAKING MOULD EASTER EGG MILK CHOC,2585.92,940,122,82,2.7509787234042555,0.012628638074631044
84968E,S/16 VINTAGE BLACK CUTLERY,2585.45,225,40,20,11.490888888888888,0.012626342775513095
21589,SWALLOW GIANT TUBE MATCHES,2583.4500000000003,1119,88,73,2.3087131367292226,0.012616575545223968
21171,BATHROOM METAL SIGN,2578.27,1845,260,142,1.3974363143631436,0.012591278418775127
21642,ASSORTED TUTTI FRUTTI PEN,2575.18,4413,251,150,0.5835440743258554,0.012576188047978422
23534,STOP FOR TEA WALL ART,2572.7,518,41,40,4.966602316602316,0.012564076682419906
82597,BOMBS AWAY METAL SIGN,2569.6600000000003,1210,215,106,2.1236859504132233,0.012549230492380433
22471,TV DINNER TRAY AIR HOSTESS,2568.76,627,176,91,4.096905901116428,0.012544835238750324
21653,GLASS ETCHED T-LIGHT HOLDER LARGE,2565.67,1246,111,75,2.059125200642055,0.01252974486795362
22828,REGENCY MIRROR WITH SHUTTERS,2565.0,17,11,9,150.88235294117646,0.012526472845806762
23292,SPACEBOY CHILDRENS CUP,2557.57,2050,216,112,1.2475951219512196,0.01249018758528265
21288,STRIPEY CHOCOLATE NESTING BOXES,2557.4700000000003,982,224,105,2.604348268839104,0.012489699223768195
22939,APRON APPLE DELIGHT,2556.66,516,136,87,4.954767441860465,0.012485743495501097
21499,BLUE SPOTS  WRAP,2555.0,6350,196,152,0.4023622047244094,0.012477636694361121
20960,WATERMELON BATH SPONGE,2550.84,1900,215,85,1.3425473684210527,0.012457320855359735
22735,RIBBON REEL SOCKS AND MITTENS,2541.38,1434,231,133,1.772231520223152,0.01241112185609216
85035B,CHOCOLATE 3 WICK MORRIS BOX CANDLE,2539.29,986,131,75,2.575344827586207,0.012400915100440021
21898,POTTING SHED ROSE CANDLE,2538.8100000000004,827,113,73,3.069903264812576,0.01239857096517063
23131,MISTLETOE HEART WREATH CREAM,2535.48,624,110,86,4.06326923076923,0.01238230852673923
20787,BLUE RETRO BAR STOOL,2535.1,69,30,7,36.74057971014493,0.012380452752984298
21215,IVORY PAPER CUP CAKE CASES,2533.88,4349,291,127,0.582635088526098,0.01237449474250793
22197,"POPCORN HOLDER , SMALL",2531.64,3189,112,66,0.7938664158043274,0.012363555444584106
21203,BUTTERFLIES  HONEYCOMB GARLAND,2527.0,1539,145,85,1.6419753086419753,0.01234089547031333
23681,LUNCH BAG RED VINTAGE DOILY,2525.04,1576,132,105,1.6021827411167513,0.012331323584629982
22451,SILK PURSE BABUSHKA RED,2521.7200000000003,734,150,88,3.435585831062671,0.012315109982350032
22342,HOME GARLAND PAINTED ZINC,2521.25,1817,230,109,1.3875894331315355,0.012312814683232084
22350,CAT BOWL,2521.2400000000002,946,121,84,2.665158562367865,0.012312765847080642
22415,WHITE TISSUE REAM,2520.15,317,204,156,7.95,0.012307442706573066
21792,CLASSIC FRENCH STYLE BASKET GREEN,2517.88,494,141,110,5.096923076923077,0.012296356900194904
21431,GREEN GINGHAM FLOWER JEWELLERY BOX,2511.3599999999997,1483,278,167,1.6934322319622386,0.012264515729452346
84968A,S/16 VINTAGE ROSE CUTLERY,2511.24,190,85,29,13.217052631578946,0.012263929695634999
23424,GINGHAM RECIPE BOOK BOX,2509.62,462,135,87,5.432077922077922,0.012256018239100806
21323,HANGING MEDINA LANTERN LARGE,2506.89,740,80,46,3.387689189189189,0.012242685969756145
22937,BAKING MOULD CHOCOLATE CUPCAKES,2502.04,948,157,119,2.639282700421941,0.012219000436305008
23316,RED REFECTORY CLOCK,2501.64,250,110,75,10.00656,0.012217046990247183
22291,"SPRING DEC , HANGING CHICK CREAM",2499.58,1900,142,76,1.3155684210526315,0.012206986743049382
82567,"AIRLINE LOUNGE,METAL SIGN",2498.98,1207,489,136,2.0704059652029825,0.012204056573962644
85054,FRENCH ENAMEL POT W LID,2495.0200000000004,916,204,107,2.7238209606986903,0.012184717457990173
23367,SET 12 COLOUR PENCILS SPACEBOY,2491.2,3278,282,184,0.7599755948749237,0.012166062048137935
85041,SET/4 PINK ORCHID CANDLES IN BOWL,2489.87,1853,92,64,1.3436967080410145,0.012159566839995665
21924,BLUE/CREAM STRIPE FRINGE HAMMOCK,2486.6600000000003,315,123,82,7.894158730158731,0.012143890435381617
22091,EMPIRE TISSUE BOX,2485.86,3179,324,184,0.7819628814092482,0.012139983543265965
21680,WOODLAND  STICKERS,2483.68,2858,268,110,0.8690272918124562,0.012129337262250814
84968F,SET OF 16 VINTAGE SKY BLUE CUTLERY,2479.35,214,80,33,11.585747663551402,0.01210819120867485
85206B,PINK FELT EASTER EGG BASKET,2477.2999999999997,1538,183,138,1.6107282184655394,0.012098179797628495
22742,MAKE YOUR OWN PLAYTIME CARD KIT,2475.3,1002,180,132,2.470359281437126,0.012088412567339368
22129,PARTY CONES CANDY TREE DECORATION,2473.16,2792,107,92,0.8858022922636103,0.012077961630929999
22153,ANGEL DECORATION STARS ON DRESS,2469.16,5705,283,136,0.432806310254163,0.012058427170351745
21686,MEDINA STAMPED METAL STOOL,2460.1400000000003,65,33,10,37.8483076923077,0.012014376961747779
23352,ROLL WRAP 50'S RED CHRISTMAS,2459.2,1800,212,151,1.3662222222222222,0.012009786363511887
22829,SWEETHEART WIRE WALL TIDY,2458.62,240,117,83,10.24425,0.012006953866728039
21616,4 PEAR BOTANICAL DINNER CANDLES,2458.58,1152,191,126,2.1341840277777777,0.012006758522122258
20668,DISCO BALL CHRISTMAS DECORATION,2454.88,20951,367,181,0.11717245000238653,0.01198868914608737
22911,PAPER CHAIN KIT LONDON,2454.3500000000004,853,164,115,2.8773153575615478,0.011986100830060752
21330,WOODLAND ANIMAL  WRITING SET,2454.0699999999997,1452,201,101,1.6901308539944901,0.011984733417820272
21747,SMALL SKULL WINDMILL,2452.35,2049,153,83,1.1968521229868228,0.011976333599771622
21823,PAINTED METAL HEART WITH HOLLY BELL,2447.72,2468,212,136,0.9917828200972446,0.011953722461652291
23489,VINTAGE BELLS GARLAND,2443.35,821,149,116,2.9760657734470155,0.011932381063470545
21789,KIDS RAIN MAC PINK,2437.0699999999997,2920,218,138,0.8346130136986301,0.011901711960362682
84840,SWEETHEART CARRY-ALL BASKET,2430.82,282,140,110,8.619929078014184,0.01187118936570916
22021,BLUE FELT EASTER EGG BASKET,2430.31,1413,233,161,1.7199646142958245,0.01186869872198543
21809,CHRISTMAS HANGING TREE WITH BELL,2427.89,3015,207,118,0.8052703150912106,0.011856880373335587
21462,"NURSERY A,B,C PAINTED LETTERS",2425.41,413,171,131,5.872663438256658,0.011844769007777067
23406,HOME SWEET HOME KEY HOLDER,2422.6600000000003,456,111,65,5.312850877192983,0.011831339066129517
21274,EMBOSSED HEART 3 DRAWER SHELF,2420.69,175,105,61,13.832514285714286,0.011821718344294727
21973,SET OF 36 MUSHROOM PAPER DOILIES,2420.0299999999997,1670,210,117,1.4491197604790418,0.011818495158299311
22613,PACK OF 20 SPACEBOY NAPKINS,2419.7599999999998,3051,273,166,0.7931039003605375,0.01181717658221028
21106,CREAM SLICE FLANNEL CHOCOLATE SPOT,2419.6800000000003,790,169,98,3.0628860759493675,0.011816785892998718
22789,T-LIGHT HOLDER SWEETHEART HANGING,2419.54,1238,196,138,1.9543941841680128,0.011816102186878476
22609,PENS ASSORTED SPACEBALL,2414.54,7087,201,118,0.34069987300691407,0.011791684111155656
22362,GLASS JAR PEACOCK BATH SALTS,2410.53,747,253,133,3.2269477911646587,0.011772100814425954
22540,MINI JIGSAW CIRCUS PARADE,2410.29,6162,189,114,0.39115384615384613,0.011770928746791259
22897,OVEN MITT APPLES DESIGN,2409.75,1613,264,167,1.4939553626782394,0.011768291594613194
23400,SHELF WITH 4 HOOKS HOME SWEET HOME,2409.34,461,107,76,5.226334056399133,0.011766289312403925
23265,SET OF 3 WOODEN TREE DECORATIONS,2404.79,1769,293,180,1.359406444318824,0.011744068863496156
85059,FRENCH ENAMEL WATER BASIN,2399.89,701,211,108,3.4235235378031383,0.011720139149287793
85036A,GARDENIA 1 WICK MORRIS BOXED CANDLE,2389.21,619,165,117,3.859789983844911,0.011667982139543849
20674,GREEN POLKADOT BOWL,2385.08,1848,249,118,1.2906277056277056,0.0116478128089968
84818,DANISH ROSE PHOTO FRAME,2382.25,1788,214,122,1.3323545861297539,0.011633992178137684
21531,RETRO SPOT SUGAR JAM BOWL,2382.2400000000002,921,196,105,2.586579804560261,0.011633943341986239
84795B,SUNSET CHECK HAMMOCK,2379.09,298,96,56,7.983523489932886,0.011618559954280861
21811,HANGING HEART WITH BELL,2374.7999999999997,4619,219,106,0.5141372591470015,0.01159760924531068
10133,COLOURING PENCILS BROWN TUBE,2373.26,3837,289,153,0.6185196768308575,0.011590088477988054
47570,ENGLISH ROSE TABLE CLOTH,2373.01,220,78,47,10.786409090909093,0.011588867574201913
23498,CLASSIC BICYCLE CLIPS,2372.68,1640,99,77,1.4467560975609755,0.011587255981204206
84997d,CHILDRENS CUTLERY POLKADOT PINK,2372.33,285,65,0,8.323964912280701,0.01158554671590361
23535,BICYCLE SAFTEY WALL ART,2371.94,458,39,38,5.178908296943232,0.011583642105997228
23048,SET OF 10 LANTERNS FAIRY LIGHT STAR,2368.37,577,99,81,4.104627383015598,0.011566207599931135
21262,WHITE GOOSE FEATHER CHRISTMAS TREE,2366.0200000000004,606,132,69,3.904323432343235,0.011554731104341411
85034A,3 GARDENIA MORRIS BOXED CANDLES,2364.82,846,135,92,2.795295508274232,0.011548870766167932
21468,BUTTERFLY CROCHET FOOD COVER,2361.39,669,142,91,3.529730941704036,0.011532119966222077
22537,MAGIC DRAWING SLATE DINOSAUR,2360.43,5717,347,224,0.4128791324121042,0.011527431695683295
21873,IF YOU CAN'T STAND THE HEAT MUG,2360.0099999999998,2010,199,98,1.1741343283582089,0.011525380577322579
23401,RUSTIC MIRROR WITH LACE HEART,2354.87,459,83,59,5.130435729847495,0.01150027879547952
23412,HEART MIRROR ANTIQUE WHITE,2354.8,358,76,64,6.5776536312849165,0.011499936942419402
22421,LIPSTICK PEN FUSCHIA,2351.86,4721,406,172,0.49816987926286804,0.011485579113894384
21824,PAINTED METAL STAR WITH HOLLY BELLS,2351.46,2782,211,137,0.8452408339324228,0.011483625667836558
21437,24 HANGING EASTER EGGS FLORAL TUB,2350.92,677,109,88,3.472555391432792,0.011480988515658493
21126,SET OF 6 GIRLS CELEBRATION CANDLES,2349.22,2325,285,169,1.0104172043010753,0.011472686369912733
22642,SET OF 4 NAPKIN CHARMS STARS,2348.4700000000003,989,141,113,2.3745904954499495,0.011469023658554312
23396,LE JARDIN BOTANIQUE CUSHION COVER,2345.0,559,166,114,4.194991055456172,0.011452077514002674
85035A,GARDENIA 3 WICK MORRIS BOXED CANDLE,2344.9,646,178,113,3.629876160990712,0.011451589152488216
23437,50'S CHRISTMAS GIFT BAG LARGE,2343.63,1915,129,106,1.223827676240209,0.011445386961254621
84459B,YELLOW METAL CHICKEN HEART,2341.77,1475,213,115,1.5876406779661016,0.011436303437085732
84509F,SET OF 4 NEW ENGLAND PLACEMATS,2336.1,2749,36,29,0.8497999272462713,0.011408613339216053
ADJUST,Adjustment by john on 26/01/2010 16,2334.43,20,20,15,116.72149999999999,0.01140045770192463
21826,EIGHT PIECE DINOSAUR SET,2326.87,1800,240,136,1.2927055555555556,0.011363537571431727
22251,BIRDHOUSE DECORATION MAGIC GARDEN,2317.64,1871,298,141,1.2387172634954569,0.0113184618036474
22306,SILVER MUG BONE CHINA TREE OF LIFE,2316.2,1621,163,125,1.4288710672424427,0.011311429397839228
21615,4 LAVENDER BOTANICAL DINNER CANDLES,2308.67,1168,169,115,1.9766010273972603,0.011274655775800661
23371,SET 36 COLOUR PENCILS SPACEBOY,2304.78,1705,185,98,1.351777126099707,0.011255658512888308
22363,GLASS JAR MARMALADE,2303.3900000000003,781,169,99,2.9492829705505765,0.011248870287837364
21947,SET OF 6 HEART CHOPSTICKS,2302.81,1675,298,122,1.3748119402985075,0.011246037791053516
22983,CARD BILLBOARD FONT,2300.21,5395,451,225,0.4263595922150139,0.01123334039167765
71459,HANGING JAM JAR T-LIGHT HOLDERS,2298.05,2813,92,61,0.8169392108069677,0.011222791782965391
21482,MUSHROOM BLUE HOT WATER BOTTLE,2296.76,740,184,104,3.10372972972973,0.011216491919428905
21741,COSY SLIPPER SHOES LARGE GREEN,2293.7500000000005,701,190,108,3.2721112696148364,0.01120179223784377
85176,SEWING SUSAN 21 NEEDLE SET,2293.0,2748,306,115,0.8344250363901019,0.011198129526485343
22566,FELTCRAFT HAIRBAND PINK AND PURPLE,2292.22,2740,289,185,0.8365766423357663,0.011194320306672582
84536A,ENGLISH ROSE NOTEBOOK A7 SIZE,2289.73,5077,613,227,0.4510005909001379,0.011182160104962618
84997b,CHILDRENS CUTLERY RETROSPOT RED,2287.37,273,55,0,8.378644688644687,0.011170634773221447
23330,DECORATIVE WICKER HEART MEDIUM,2286.97,1794,216,158,1.274788182831661,0.01116868132716362
21464,DISCO BALL ROTATOR BATTERY OPERATED,2286.75,539,217,127,4.242578849721707,0.011167606931831818
22831,WHITE BROCANTE SOAP DISH,2286.28,776,138,101,2.946237113402062,0.011165311632713873
85199L,LARGE HANGING IVORY & RED WOOD BIRD,2285.02,3455,272,136,0.6613661360347323,0.011159158277631722
23029,DRAWER KNOB CRACKLE GLAZE GREEN,2284.12,1340,154,97,1.7045671641791045,0.011154763024001613
20665,RED SPOTTY PURSE,2278.17,736,156,100,3.0953396739130437,0.011125705513891459
21655,HANGING RIDGE GLASS T-LIGHT HOLDER,2277.5,1396,89,56,1.6314469914040115,0.011122433491744601
85183A,CHARLIE & LOLA WASTEPAPER BIN BLUE,2275.75,1512,141,104,1.5051256613756614,0.011113887165241613
85107,CUT GLASS T-LIGHT HOLDER OCTAGON,2274.79,1203,70,56,1.8909310058187863,0.011109198894702832
85172,HYACINTH BULB T-LIGHT CANDLES,2274.56,4271,150,110,0.5325591196441114,0.011108075663219582
85106,CUT GLASS HEXAGON T-LIGHT HOLDER,2271.24,1190,59,40,1.9086050420168066,0.011091862060939628
85014C,BLUE/BROWN DOTS RUFFLED UMBRELLA,2270.73,547,72,55,4.151243144424131,0.011089371417215901
22539,MINI JIGSAW DOLLY GIRL,2268.13,5654,247,138,0.4011549345596038,0.011076674017840037
85114C,RED ENCHANTED FOREST PLACEMAT,2263.06,1179,161,79,1.9194741306191687,0.011051914089057096
35001G,HAND OPEN SHAPE GOLD,2259.47,715,103,46,3.1600979020979016,0.01103438191068811
22133,PINK LOVE HEART SHAPE CUP,2258.61,2464,327,109,0.9166436688311689,0.011030182001663787
22024,RAINY LADIES BIRTHDAY CARD,2257.0,5391,439,170,0.41866073084770916,0.011022319381281039
22973,CHILDREN'S CIRCUS PARADE MUG,2254.93,1325,152,87,1.7018339622641507,0.011012210297931788
23197,SKETCHBOOK MAGNETIC SHOPPING LIST,2253.7,1442,246,113,1.562898751733703,0.011006203451303976
21696,SMALL SILVER TRELLIS CANDLEPOT,2251.1400000000003,749,107,80,3.0055273698264355,0.010993701396533894
84469,ROSE DES PADDED FLOOR CUSHION,2249.41,664,44,35,3.387665662650602,0.010985252742333796
21819,GLITTER CHRISTMAS STAR,2247.14,3847,248,178,0.5841278918637899,0.010974166935955635
21187,WHITE BELL HONEYCOMB PAPER GARLAND,2243.78,1344,144,90,1.6694791666666668,0.010957757989069901
21804,WHITE CHRISTMAS GARLAND STARS TREES,2240.99,597,137,92,3.7537520938023445,0.010944132702816568
85045,GREEN CHRISTMAS TREE STRING 20LIGHT,2239.34,471,83,60,4.75443736730361,0.010936074737828039
23093,SMALL PARISIENNE HEART PHOTO FRAME,2239.2400000000002,939,142,105,2.3847071352502667,0.010935586376313582
20931,BLUE POT PLANT CANDLE,2238.07,673,157,91,3.325512630014859,0.01092987254659444
22803,IVORY EMBROIDERED QUILT,2237.84,59,36,22,37.92949152542373,0.010928749315111192
23326,HANGING MINI COLOURED BOTTLES,2237.08,3442,76,52,0.6499360836722835,0.010925037767601321
22163,HEART STRING MEMO HOLDER HANGING,2235.1200000000003,1269,197,86,1.7613238770685582,0.010915465881917979
22336,DOVE DECORATION PAINTED ZINC,2234.96,4661,214,136,0.4795022527354645,0.010914684503494847
21681,GIANT MEDINA STAMPED METAL BOWL,2234.81,233,79,62,9.59145922746781,0.010913951961223162
16237,SLEEPING CAT ERASERS,2233.15,10385,580,209,0.2150361097737121,0.010905845160083185
23252,VINTAGE RED ENAMEL TRIM JUG,2231.61,595,136,104,3.750605042016807,0.010898324392760558
22409,MONEY BOX BISCUITS DESIGN,2230.46,1638,160,104,1.3616971916971916,0.01089270823534431
84691,PACK 20 DOLLY PEGS,2225.5,2747,235,124,0.8101565344011649,0.01086848550422727
23079,TOADSTOOL BEDSIDE LIGHT,2225.45,251,106,83,8.86633466135458,0.010868241323470041
51014L,"FEATHER PEN,LIGHT PINK",2222.35,3445,226,111,0.6450943396226415,0.010853102116521893
21638,ASSORTED TUTTI FRUTTI NOTEBOOK,2220.94,1020,142,84,2.1773921568627452,0.010846216219168058
21476,STEEL SWEETHEART ROUND TABLE CREAM,2219.5099999999998,142,85,53,15.630352112676055,0.01083923264951133
23501,KEY RING BASEBALL BOOT UNION JACK,2217.87,1821,112,77,1.2179406919275122,0.010831223520674246
22074,6 RIBBONS SHIMMERING PINKS,2216.34,2156,287,127,1.027987012987013,0.010823751589503064
84997c,CHILDRENS CUTLERY POLKADOT BLUE,2216.21,265,56,0,8.363056603773584,0.010823116719534271
84913A,SOFT PINK ROSE TOWEL,2211.54,608,266,26,3.637401315789474,0.010800310236809156
22716,CARD CIRCUS PARADE,2211.41,5218,447,244,0.4238041395170563,0.010799675366840362
21125,SET 6 FOOTBALL CELEBRATION CANDLES,2211.38,2123,246,162,1.041629769194536,0.010799528858386026
22711,WRAP CIRCUS PARADE,2210.34,5377,181,148,0.4110730890831319,0.01079444989863568
85116,BLACK CANDELABRA T-LIGHT HOLDER,2206.24,1817,181,40,1.2142212438084754,0.010774427076542966
17091J,VANILLA INCENSE IN TIN,2204.35,3964,178,108,0.5560923309788093,0.01076519704391974
23403,LETTER HOLDER HOME SWEET HOME,2204.11,625,134,80,3.5265760000000004,0.010764024976285046
22514,CHILDS GARDEN SPADE BLUE,2202.92,1082,233,151,2.035970425138632,0.010758213474263015
21811,CHRISTMAS HANGING HEART WITH BELL,2202.38,1721,163,108,1.2797094712376527,0.01075557632208495
21651,HANGING GLASS ETCHED TEALIGHT,2200.36,1361,124,81,1.6167229977957385,0.010745711419492932
22920,HERB MARKER BASIL,2199.19,3478,252,138,0.6323145485911443,0.010739997589773792
20770,ABSTRACT CIRCLE JOURNAL,2190.59,1045,201,94,2.0962583732057416,0.01069799849953054
22227,HANGING HEART MIRROR DECORATION,2183.17,3038,356,109,0.7186208031599737,0.010661762075157875
23436,VINTAGE CHRISTMAS GIFT BAG LARGE,2182.39,1831,105,82,1.1919115237575095,0.010657952855345114
21611,SET OF 12 LILY BOTANICAL T-LIGHTS,2182.19,750,148,93,2.9095866666666668,0.010656976132316203
23302,KNEELING MAT HOUSEWORK  DESIGN,2181.42,1536,230,140,1.4201953125,0.010653215748654889
85039B,S/4 IVORY MINI ROSE CANDLE IN BOWL,2178.52,1653,266,84,1.3179189352692076,0.010639053264735653
22952,72 CAKE CASES VINTAGE CHRISTMAS,2178.14,4346,101,93,0.5011826967326277,0.010637197490980717
15056n,EDWARDIAN PARASOL NATURAL,2170.4,173,116,0,12.545664739884394,0.010599398309761792
22292,"SPRING DEC , HANGING CHICK  YELLOW",2164.88,1640,109,80,1.320048780487805,0.0105724407541638
22948,METAL DECORATION NAUGHTY CHILDREN,2164.69,2155,180,93,1.0044965197215778,0.010571512867286331
22069,BROWN  PIRATE TREASURE CHEST,2164.63,968,267,66,2.2361880165289256,0.010571219850377657
23445,ICE CREAM BUBBLES,2161.24,2668,101,81,0.8100599700149924,0.010554664395037584
22227,"DECORATION, HANGING HEART+MIRROR",2161.0,2983,287,113,0.7244384847468991,0.010553492327402889
22714,CARD BIRTHDAY COWBOY,2157.91,5277,359,187,0.4089274208830775,0.010538401956606186
22182,CAKE STAND VICTORIAN FILIGREE SMALL,2156.45,561,172,58,3.8439393939393938,0.010531271878495122
21245,GREEN  SPOTTY PLATE,2155.17,1308,146,89,1.6476834862385321,0.010525020851110083
85216,ASSORTED CAKES FRIDGE MAGNETS,2154.2200000000003,2849,187,114,0.7561319761319762,0.010520381416722747
22824,3 TIER SWEETHEART GARDEN SHELF,2153.9500000000003,61,48,47,35.31065573770492,0.010519062840633715
85103,SILVER T-LIGHT SETTING,2153.43,317,87,46,6.793154574132491,0.01051652336075854
22338,STAR DECORATION PAINTED ZINC,2151.99,6087,264,143,0.3535386890093642,0.010509490954950367
21246,RED SPOTTY BIG BOWL,2150.8500000000004,423,101,68,5.084751773049646,0.010503923633685566
23161,REGENCY CAKE FORK,2145.3,1715,98,58,1.2509037900874638,0.010476819569633236
21421,PORCELAIN ROSE LARGE,2144.48,1792,105,60,1.1966964285714285,0.010472815005214691
21905,MORE BUTTER METAL SIGN,2141.07,1615,263,132,1.3257399380804955,0.010456161877571729
22708,WRAP DOLLY GIRL,2140.5,5325,159,115,0.4019718309859155,0.010453378216939327
22310,IVORY KNITTED MUG COSY,2140.35,1142,165,50,1.8742119089316986,0.010452645674667641
23028,DRAWER KNOB CRACKLE GLAZE BLUE,2138.63,1207,134,87,1.7718558409279206,0.010444245856618992
23213,STAR WREATH DECORATION WITH BELL,2138.42,1682,152,95,1.2713555291319858,0.010443220297438634
22454,MEASURING TAPE BABUSHKA RED,2137.21,751,115,79,2.8458189081225034,0.010437311123113711
21617,4 LILY  BOTANICAL DINNER CANDLES,2135.01,834,169,102,2.5599640287769785,0.010426567169795672
20764,ABSTRACT CIRCLES SKETCHBOOK,2134.76,685,193,107,3.11643795620438,0.01042534626600953
22852,DOG BOWL VINTAGE CREAM,2132.63,481,155,104,4.433742203742204,0.010414944165751608
23031,DRAWER KNOB CRACKLE GLAZE PINK,2132.5,1266,153,93,1.684439178515008,0.010414309295782815
21232,STRAWBERRY CERAMIC TRINKET POT,2131.2200000000003,1369,125,57,1.5567713659605553,0.010408058268397774
21774,DECORATIVE CATS BATHROOM BOTTLE,2129.81,1711,368,79,1.2447749853886616,0.010401172371043937
22515,CHILDS GARDEN SPADE PINK,2129.7400000000002,1046,208,139,2.0360803059273427,0.010400830517983819
84670,JAPANESE CROCHETED ANIMAL,2128.72,5196,182,114,0.4096843725943033,0.010395849230536361
21643,ASSORTED TUTTI FRUTTI MIRROR,2127.94,1521,204,76,1.3990401051939514,0.010392040010723603
23005,TRAVEL CARD WALLET I LOVE LONDON,2126.55,4733,241,105,0.4493027678005494,0.01038525178567266
21195,PINK  HONEYCOMB PAPER BALL,2122.66,997,150,49,2.1290471414242726,0.010366254522760304
21359,RELAX LARGE WOOD LETTERS,2116.48,208,73,57,10.175384615384615,0.0103360737811669
21709,FOLDING UMBRELLA  CHOC/WHITE  SPOT,2115.77,533,49,35,3.969549718574109,0.01033260641441426
21245,GREEN POLKADOT PLATE,2113.19,1259,158,83,1.6784670373312154,0.010320006687341282
85099b,JUMBO BAG RED RETROSPOT,2111.64,419,25,0,5.039713603818615,0.010312437083867207
23046,PAPER LANTERN 9 POINT DELUXE STAR,2111.4900000000002,349,36,31,6.050114613180517,0.010311704541595525
85114A,BLACK ENCHANTED FOREST PLACEMAT,2110.9,1270,103,46,1.6621259842519687,0.010308823208660233
23232,WRAP VINTAGE LEAF DESIGN,2109.42,5251,134,118,0.4017177680441821,0.010301595458246278
22913,RED COAT RACK PARIS FASHION,2107.85,450,122,84,4.684111111111111,0.010293928182469311
23233,WRAP POPPIES  DESIGN,2105.5,5175,158,130,0.4068599033816425,0.010282451686879586
22279,POCKET BAG BLUE PAISLEY RED SPOT,2104.62,1440,214,108,1.4615416666666665,0.010278154105552368
84676,BATH DUCK WATERING CAN,2102.46,848,110,76,2.479316037735849,0.01026760549684011
40018F,CHERRY DESIGN PAPERLANTERNS,2100.33,1092,117,69,1.9233791208791209,0.010257203396582188
22996,TRAVEL CARD WALLET VINTAGE TICKET,2094.93,4801,408,155,0.4363528431576755,0.010230831874801543
23315,IVORY REFECTORY CLOCK,2094.24,213,86,63,9.832112676056337,0.010227462180351794
23251,VINTAGE RED ENAMEL TRIM MUG,2090.75,1700,119,80,1.2298529411764705,0.010210418363497266
23438,RED SPOT GIFT BAG LARGE,2089.92,1713,103,82,1.2200350262697024,0.010206364962927279
22859,EASTER TIN BUNNY BOUQUET,2085.75,1250,165,115,1.6686,0.010186000287774446
21865,PINK UNION JACK  PASSPORT COVER,2085.64,896,297,129,2.3277232142857143,0.010185463090108543
22308,TEA COSY BLUE STRIPE,2085.05,677,214,75,3.0798375184638114,0.010182581757173252
79323S,SILVER CHERRY LIGHTS,2084.32,334,56,38,6.240479041916168,0.01017901671811772
21070,VINTAGE BILLBOARD MUG,2083.46,2034,229,107,1.0243166175024583,0.010174816809093394
72799F,IVORY PILLAR CANDLE GOLD FLOCK,2082.7400000000002,1125,102,62,1.8513244444444446,0.010171300606189308
23526,DOG LICENCE WALL ART,2081.64,408,29,28,5.102058823529411,0.010165928629530287
23152,IVORY SWEETHEART WIRE LETTER RACK,2080.65,554,159,108,3.7556859205776174,0.01016109385053717
84854,GIRLY PINK TOOL SET,2079.4700000000003,381,110,42,5.457926509186352,0.010155331184666584
22023,EMPIRE BIRTHDAY CARD,2076.77,4975,430,177,0.4174412060301507,0.01014214542377626
20983,12 PENCILS TALL TUBE RED SPOTTY,2074.06,2358,258,156,0.8795843935538592,0.010128910826734491
84796A,PINK HAWAIIAN PICNIC HAMPER FOR 2,2072.9500000000003,284,111,23,7.29911971830986,0.010123490013924027
23536,VILLAGE SHOW WALL ART,2072.42,386,18,17,5.3689637305699485,0.010120901697897408
23370,SET 36 COLOURING PENCILS DOILY,2070.35,1485,147,84,1.3941750841750842,0.01011079261454816
22695,WICKER WREATH SMALL,2070.15,1457,225,151,1.4208304735758408,0.010109815891519247
23360,SET 8 CANDLES VINTAGE DOILY,2070.1,1060,107,88,1.9529245283018868,0.010109571710762018
23227,FILIGREE HEART BUTTERFLY WHITE,2070.06,1642,117,61,1.260694275274056,0.010109376366156235
21619,4 VANILLA BOTANICAL CANDLES,2069.02,1131,212,138,1.8293722369584438,0.01010429740640589
22191,EAU DE NIL DINER WALL CLOCK,2067.2,248,119,91,8.33548387096774,0.010095409226842782
85049H,URBAN BLACK RIBBONS,2067.18,2066,334,154,1.000571151984511,0.01009531155453989
22935,BAKING MOULD ROSE MILK CHOCOLATE,2066.82,690,65,46,2.995391304347826,0.01009355345308785
21200,MULTICOLOUR HONEYCOMB PAPER GARLAND,2065.16,1421,126,64,1.4533145672061927,0.010085446651947872
23020,GLASS  SONGBIRD STORAGE JAR,2065.14,169,73,65,12.219763313609466,0.01008534897964498
21706,FOLDING UMBRELLA RED/WHITE POLKADOT,2063.39,432,150,70,4.77636574074074,0.010076802653141993
84990,60 GOLD AND SILVER FAIRY CAKE CASES,2062.19,4248,193,112,0.48544962335216574,0.010070942314968518
23291,DOLLY GIRL CHILDRENS CUP,2059.03,1634,195,104,1.2601162790697675,0.010055510091111696
21077,SET/20 WOODLAND PAPER NAPKINS,2058.1,2790,192,111,0.7376702508960573,0.01005096832902725
21058,PARTY INVITES WOODLAND,2055.5899999999997,2396,275,148,0.8579257095158597,0.010038710455014394
22400,MAGNETS PACK OF 4 HOME SWEET HOME,2049.56,2450,234,159,0.8365551020408163,0.010009262255692673
21640,ASSORTED TUTTI FRUTTI  FOB NOTEBOOK,2049.4,2225,205,99,0.9210786516853933,0.010008480877269544
84968D,SET OF 16 VINTAGE RED CUTLERY,2043.95,185,68,38,11.048378378378379,0.00998186517473167
84509B,SET OF 4 FAIRY CAKE PLACEMATS,2042.73,542,168,87,3.7688745387453877,0.009975907164255301
84459A,PINK METAL CHICKEN HEART,2041.69,1263,201,96,1.6165399841646872,0.009970828204504956
22928,YELLOW GIANT GARDEN THERMOMETER,2041.3500000000001,296,118,64,6.896452702702703,0.009969167775355803
23500,KEY RING BASEBALL BOOT ASSORTED,2038.33,1626,98,76,1.2535854858548585,0.009954419257619218
85016,SET OF 6 VINTAGE NOTELETS KIT,2033.33,1679,167,60,1.2110363311494936,0.009930001181896398
23490,T-LIGHT HOLDER HANGING LOVE BIRD,2032.77,542,101,83,3.7504981549815497,0.009927266357415443
21348,PINK SPOTS CHOCOLATE NESTING BOXES,2030.8400000000001,842,133,91,2.4119239904988126,0.009917840980186434
21612,SET 12 WILDFLOWER BOTANICAL T-LIGHT,2025.7700000000002,698,113,76,2.902249283667622,0.009893081051403496
22261,FELT EGG COSY WHITE RABBIT,2024.35,2105,243,126,0.9616864608076009,0.009886146317898213
22211,WOOD STAMP SET FLOWERS,2022.35,1531,291,161,1.3209340300457217,0.009876379087609086
22799,SWEETHEART WIRE FRUIT BOWL,2020.84,253,108,85,7.987509881422924,0.009869004828740794
23268,SET OF 2 CERAMIC CHRISTMAS REINDEER,2018.1399999999999,1447,89,68,1.3947062888735313,0.009855819067850472
23543,KEEP CALM WALL ART,2015.97,269,20,19,7.4943122676579925,0.009845221622986768
21356,TOAST ITS - FAIRY FLOWER,2014.16,1592,349,116,1.265175879396985,0.009836382279575107
23289,DOLLY GIRL CHILDRENS BOWL,2013.7,1622,191,111,1.2414919852034525,0.009834135816608608
22201,FRYING PAN BLUE POLKADOT,2013.18,505,163,75,3.9864950495049505,0.009831596336733434
22520,CHILDS GARDEN TROWEL BLUE,2011.28,2294,369,256,0.8767567567567568,0.009822317467958763
37476,CONDIMENT TRAY 4 BOWLS AND 4 SPOONS,2010.6,209,77,22,9.620095693779904,0.009818996609660458
22853,CAT BOWL VINTAGE CREAM,2008.77,581,141,96,3.457435456110155,0.009810059593945906
23358,HOT STUFF HOT WATER BOTTLE,2008.38,594,89,61,3.381111111111111,0.009808154984039526
21389,IVORY HANGING DECORATION  BIRD,2008.09,2299,261,149,0.8734623749456285,0.009806738735647602
79323G,GOLD  CHERRY LIGHTS,2007.88,314,61,37,6.3945222929936305,0.009805713176467244
35953,FOLKART STAR CHRISTMAS DECORATIONS,2007.22,3868,155,98,0.5189296794208893,0.009802489990471832
23066,SMALL DECO JEWELLERY STAND,2005.81,243,79,63,8.254362139917696,0.009795604093117997
21504,SKULLS GREETING CARD,2005.02,4913,329,158,0.4081050274781193,0.009791746037153791
23274,STAR T-LIGHT HOLDER WILLIE WINKIE,2005.0,1180,119,85,1.6991525423728813,0.0097916483648509
47591C,BLUE FAIRY CAKE CHILD'S APRON,2004.6299999999999,1047,155,108,1.9146418338108881,0.00978984142724741
20686,DOLLY MIXTURE CHILDREN'S UMBRELLA,2002.84,590,186,117,3.39464406779661,0.009781099756138641
22496,SET OF 2 ROUND TINS DUTCH CHEESE,1996.0900000000001,731,193,153,2.7306292749658003,0.009748135353912835
22903,CALENDAR FAMILY FAVOURITES,1994.96,725,78,35,2.7516689655172413,0.009742616868799476
20703,BLUE PADDED SOFT MOBILE,1993.47,471,169,122,4.232420382165605,0.009735340282234077
22521,CHILDS GARDEN TROWEL PINK,1987.9299999999998,2288,370,257,0.8688505244755244,0.009708285054333191
22932,BAKING MOULD TOFFEE CUP CHOCOLATE,1985.5800000000002,878,71,50,2.261480637813212,0.009696808558743466
84872A,TEATIME FUNKY FLOWER BACKPACK FOR 2,1983.54,177,102,6,11.206440677966102,0.009686845983848554
23357,HOT WATER BOTTLE SEX BOMB,1982.05,450,102,79,4.404555555555556,0.009679569397283155
85217,ASSORTED ICE CREAM FRIDGE MAGNETS,1981.8500000000001,2869,164,96,0.6907807598466366,0.009678592674254242
22068,BLACK PIRATE TREASURE CHEST,1979.82,1112,276,111,1.780413669064748,0.009668678935510776
22466,FAIRY TALE COTTAGE NIGHT LIGHT,1979.34,976,115,74,2.0280122950819672,0.009666334800241386
20665,RED RETROSPOT PURSE,1978.1700000000003,599,192,78,3.302454090150251,0.009660620970522248
20871,OPULENT VELVET SET/3 CANDLES,1978.05,1273,127,72,1.5538491751767478,0.009660034936704897
22599,CHRISTMAS MUSICAL ZINC STAR,1976.8799999999999,3119,189,114,0.6338185315806348,0.009654321106985757
84828,JUNGLE POPSICLES ICE LOLLY HOLDERS,1976.31,1543,200,92,1.2808230719377836,0.009651537446353357
22451,SILK PURSE RUSSIAN DOLL RED,1975.27,605,88,59,3.2649090909090908,0.009646458486603011
21630,FLOOR CUSHION ELEPHANT CARNIVAL,1973.3899999999999,162,95,21,12.181419753086418,0.00963727729013123
79160,HEART SHAPE WIRELESS DOORBELL,1973.0700000000002,944,210,51,2.090116525423729,0.00963571453328497
17084R,ASSORTED INCENSE PACK,1968.45,10625,66,29,0.18526588235294117,0.009613152231317083
21657,MILK BOTTLE WITH GLASS STOPPER,1967.38,257,118,76,7.655175097276265,0.0096079267631124
20674,GREEN SPOTTY BOWL,1963.44,1564,214,119,1.2553964194373401,0.009588685319442819
22405,MONEY BOX POCKET MONEY DESIGN,1963.38,1618,215,171,1.2134610630407912,0.009588392302534145
22931,BAKING MOULD HEART WHITE CHOCOLATE,1963.3,813,129,95,2.414883148831488,0.009588001613322579
23374,RED SPOT PAPER GIFT BAG,1962.83,2456,131,108,0.7991978827361563,0.009585706314204634
22719,GUMBALL MONOCHROME COAT RACK,1962.83,1447,231,67,1.3564823773324117,0.009585706314204634
21082,SET/20 FRUIT SALAD PAPER NAPKINS,1960.45,7183,163,94,0.2729291382430739,0.009574083310160571
23228,FILIGREE HEART BIRD WHITE,1960.0,1492,125,58,1.3136729222520107,0.009571885683345518
20846,ZINC HEART LATTICE T-LIGHT HOLDER,1956.81,1453,169,105,1.346737783895389,0.00955630695103436
23145,ZINC T-LIGHT HOLDER STAR LARGE,1956.68,2060,167,126,0.9498446601941748,0.009555672081065567
22614,PACK OF 12 SPACEBOY TISSUES,1954.2999999999997,5726,368,222,0.34130282920013966,0.009544049077021501
21695,SMALL SILVER FLOWER CANDLE POT,1952.1800000000003,630,102,65,3.098698412698413,0.009533695812915029
22098,BOUDOIR SQUARE TISSUE BOX,1952.04,2865,309,161,0.6813403141361256,0.009533012106794787
22262,FELT EGG COSY CHICKEN,1947.82,2026,306,135,0.9614116485686081,0.009512403250884727
35971,ROSE FOLKART HEART DECORATIONS,1947.74,1963,217,91,0.9922261844116149,0.009512012561673163
20984,12 PENCILS TALL TUBE POSY,1940.9599999999998,5867,245,178,0.33082665757627405,0.009478901650993018
21803,CHRISTMAS TREE STAR DECORATION,1938.96,4463,322,86,0.43445216222272015,0.00946913442070389
46775D,SUNSET COLOUR CHUNKY KNITTED THROW,1938.19,153,95,28,12.667908496732027,0.009465374037042576
22802,FAUX FUR CHOCOLATE THROW,1933.59,110,62,39,17.578090909090907,0.00944290940737758
15058B,PINK POLKADOT GARDEN PARASOL,1932.97,234,100,35,8.260555555555555,0.009439881565987952
21991,BOHEMIAN COLLAGE STATIONERY SET,1927.54,1103,289,109,1.7475430643699001,0.009413363535752969
23231,WRAP DOILEY DESIGN,1927.26,4703,164,124,0.409793748671061,0.00941199612351249
20716,PARTY FOOD SHOPPER BAG,1925.04,1533,246,121,1.2557338551859099,0.009401154497891558
23094,LE GRAND TRAY CHIC SET,1924.92,152,79,65,12.663947368421054,0.009400568464074213
21538,DAIRY MAID  PUDDING BOWL,1924.51,1308,51,40,1.4713379204892967,0.00939856618186494
21043,APRON MODERN VINTAGE COTTON,1921.03,677,141,81,2.837562776957164,0.009381571201161856
84581,DOG TOY WITH PINK CROCHET SKIRT,1920.02,506,234,125,3.794505928853755,0.009376638749865846
21802,CHRISTMAS TREE HEART DECORATION,1917.2,4377,323,89,0.43801690655700254,0.009362866955158177
22753,SMALL YELLOW BABUSHKA NOTEBOOK,1915.2099999999998,2332,404,205,0.8212735849056603,0.009353148561020493
21112,SWISS ROLL TOWEL PINK  SPOTS,1913.69,706,39,21,2.7106090651558072,0.009345725466000756
22291,HANGING CHICK CREAM DECORATION,1913.35,1293,122,73,1.4797757153905644,0.009344065036851605
22438,BALLOON ART MAKE YOUR OWN FLOWERS,1913.22,1459,170,117,1.3113228238519534,0.009343430166882813
40001,WHITE BAMBOO RIBS LAMPSHADE,1911.6499999999999,2484,121,39,0.7695853462157809,0.009335762891105846
22832,BROCANTE SHELF WITH HOOKS,1910.55,173,82,68,11.043641618497109,0.009330390914446826
20684,STRAWBERRY DREAM CHILDS UMBRELLA,1910.06,580,176,117,3.293206896551724,0.009327997943025988
21692,SILVER LATTICE VANILLA CANDLE POT,1906.62,502,111,81,3.79804780876494,0.009311198306928689
22453,MEASURING TAPE BABUSHKA BLUE,1906.1100000000001,698,116,61,2.730816618911175,0.009308707663204963
22522,CHILDS GARDEN FORK BLUE,1905.81,2239,334,249,0.8511880303707012,0.009307242578661591
85162B,BLACK RETRODISC LAMPSHADE,1905.15,977,13,5,1.9500000000000002,0.009304019392666181
84968E,SET OF 16 VINTAGE BLACK CUTLERY,1905.03,162,58,27,11.759444444444444,0.009303433358848832
23155,KNICKERBOCKERGLORY MAGNET ASSORTED,1904.7700000000002,2221,135,84,0.8576181900045026,0.009302163618911247
84763,ZINC FINISH 15CM PLANTER POTS,1903.0,1517,170,106,1.2544495715227422,0.009293519620105366
21773,DECORATIVE ROSE BATHROOM BOTTLE,1899.4,1642,308,87,1.1567600487210719,0.009275938605584937
21647,ASSORTED TUTTI FRUTTI LARGE PURSE,1899.2800000000002,848,144,91,2.2397169811320756,0.00927535257176759
22210,WOOD STAMP SET BEST WISHES,1898.42,1586,287,179,1.1969861286254728,0.009271152662743264
23491,VINTAGE JINGLE BELLS HEART,1897.76,228,78,64,8.323508771929825,0.009267929476747852
84519B,CARROT CHARLIE+LOLA COASTER SET,1895.3700000000001,867,214,98,2.1861245674740486,0.009256257636552344
22513,DOORSTOP FOOTBALL DESIGN,1894.7,585,170,106,3.238803418803419,0.009252985614405487
16169E,WRAP 50'S  CHRISTMAS,1892.46,4563,149,143,0.4147403024326101,0.009242046316481662
23068,ALUMINIUM STAMPED HEART,1892.2300000000002,779,130,100,2.4290500641848527,0.009240923084998414
21659,GLASS CAKE STAND,1891.7,120,66,45,15.764166666666666,0.009238334768971795
21581,SKULLS  DESIGN  COTTON TOTE BAG,1890.74,1172,203,104,1.613259385665529,0.009233646498433012
21445,12 PINK ROSE PEG PLACE SETTINGS,1887.23,1519,146,88,1.2424160631994734,0.009216505009275592
22602,RETROSPOT WOODEN HEART DECORATION,1886.28,2076,246,132,0.9086127167630058,0.009211865574888256
23235,STORAGE TIN VINTAGE LEAF,1886.1,712,102,86,2.6490168539325842,0.009210986524162235
21540,DAIRY MAID BUTTER DISH,1885.33,1209,39,31,1.5594127377998346,0.00920722614050092
23128,FELTCRAFT BOY JEAN-PAUL KIT,1884.76,366,127,103,5.149617486338798,0.009204442479868518
23434,3 RAFFIA RIBBONS 50'S CHRISTMAS,1884.17,2095,199,129,0.8993651551312649,0.009201561146933226
22523,CHILDS GARDEN FORK PINK,1882.29,2183,352,248,0.8622491983508932,0.009192379950461446
85231B,CINAMMON SET OF 9 T-LIGHTS,1877.84,2054,384,181,0.9142356377799415,0.009170647863068137
23394,POSTE FRANCE CUSHION COVER,1877.65,435,150,90,4.3164367816091955,0.00916971997619067
22858,EASTER TIN KEEPSAKE,1877.34,1135,139,104,1.6540440528634361,0.009168206055495854
84856S,SMALL TAHITI BEACH BAG,1877.21,467,33,25,4.019721627408994,0.009167571185527062
21983,PACK OF 12 BLUE PAISLEY TISSUES,1875.0199999999998,6118,325,208,0.3064759725400457,0.009156876068360464
21085,SET/6 WOODLAND PAPER CUPS,1872.68,13731,66,42,0.13638336610589177,0.009145448408922185
21687,SILVER PLATE CANDLE BOWL LARGE,1871.23,477,101,55,3.9229140461215932,0.009138367166962568
16016,LARGE CHINESE STYLE SCISSOR,1870.7,2314,106,57,0.8084269662921348,0.009135778850935949
23090,VINTAGE GLASS T-LIGHT HOLDER,1870.0300000000002,2237,149,96,0.8359544032185964,0.009132506828789091
23075,PARLOUR CERAMIC WALL HOOK,1869.0,450,75,56,4.153333333333333,0.00912747670519019
21091,SET/6 WOODLAND PAPER PLATES,1868.7,13700,47,31,0.1364014598540146,0.009126011620646822
21613,S/12 VANILLA  BOTANICAL T-LIGHTS,1861.4500000000003,632,145,111,2.945332278481013,0.009090605410848733
21287,SCENTED VELVET LOUNGE CANDLE,1860.0,4107,93,67,0.4528853177501826,0.009083524168889114
21677,HEARTS  STICKERS,1859.3799999999999,2125,279,144,0.8750023529411765,0.009080496327499485
21841,BABY MOUSE RED GINGHAM DRESS,1857.47,437,132,106,4.25050343249428,0.009071168622573367
20772,GARDEN PATH JOURNAL,1848.73,970,161,105,1.9059072164948454,0.009028485826209878
21547,CERAMIC BIRDHOUSE CRESTED TIT SMALL,1848.4700000000003,719,119,69,2.570890125173853,0.00902721608627229
84797B,BLUE SAVANNAH PICNIC HAMPER FOR 4,1845.2,323,33,22,5.712693498452013,0.009011246664749567
85162C,WHITE RETRODISC LAMPSHADE,1841.7,904,46,11,2.037278761061947,0.008994154011743593
22565,FELTCRAFT HAIRBANDS PINK AND WHITE,1840.9899999999998,2014,272,169,0.9140963257199601,0.00899068664499095
23378,PACK OF 12 50'S CHRISTMAS TISSUES,1840.08,3997,176,127,0.46036527395546656,0.008986242555209398
21894,POTTING SHED SEED ENVELOPES,1836.14,1320,247,120,1.3910151515151516,0.008967001111539816
21357,TOAST ITS - DINOSAUR,1827.76,1388,211,105,1.316829971181556,0.008926076416628369
22317,FIVE CATS HANGING DECORATION,1827.64,587,167,83,3.113526405451448,0.008925490382811022
23109,LED TEA LIGHTS,1826.76,634,65,54,2.8813249211356466,0.008921192801483806
85173,SET/6 FROG PRINCE T-LIGHT CANDLES,1826.07,1018,150,70,1.7937819253438114,0.008917823107034055
85164B,BLACK BAROQUE CUCKOO CLOCK,1825.1799999999998,140,65,27,13.036999999999999,0.008913476689555392
21618,4 WILDFLOWER BOTANICAL CANDLES,1823.74,698,139,86,2.612808022922636,0.008906444283747221
84327A,PINK JUMPER LARRY THE LAMB,1820.27,959,123,78,1.898091762252346,0.008889498139195585
21088,SET/6 FRUIT SALAD PAPER CUPS,1816.73,16615,136,95,0.10934276256394825,0.008872210141583828
22586,FELTCRAFT HAIRBAND PINK AND BLUE,1815.1399999999999,2087,295,184,0.8697364638236703,0.00886444519350397
21109,"LARGE CAKE TOWEL, CHOCOLATE SPOTS",1814.82,248,119,88,7.317822580645161,0.00886288243665771
21761,WOOD AND GLASS MEDICINE CABINET,1814.75,65,24,21,27.91923076923077,0.00886254058359759
21123,SET/10 IVORY POLKADOT PARTY CANDLES,1814.59,1490,172,78,1.2178456375838926,0.008861759205174461
21384,IVORY HANGING DECORATION  BUTTERFLY,1810.1899999999998,1917,150,99,0.9442827334376629,0.008840271298538378
21161,KEEP OUT BOYS DOOR HANGER,1806.05,2360,206,120,0.7652754237288135,0.008820053131839884
22307,GOLD MUG BONE CHINA TREE OF LIFE,1804.11,1199,118,87,1.5046788990825688,0.008810578918459428
90167,BEADED LOVE HEART JEWELLERY SET,1801.17,2197,111,53,0.8198315885298134,0.00879622108993441
21280,VINTAGE KITCHEN PRINT VEGETABLES,1800.44,3333,70,44,0.5401860186018602,0.00879265605087888
22770,MIRROR CORNICE,1799.62,112,71,49,16.068035714285713,0.008788651486460337
21039,RED SPOTTY SHOPPING BAG,1798.04,686,116,80,2.6210495626822157,0.008780935374531926
22454,MEASURING TAPE RUSSIAN DOLL RED,1796.4200000000003,654,64,46,2.746819571865444,0.008773023917997735
23160,REGENCY TEA SPOON,1794.48,1450,76,50,1.2375724137931035,0.008763549704617278
21158,MOODY GIRL DOOR HANGER,1792.6599999999999,2587,310,184,0.6929493621955933,0.00875466152505417
22254,FELT TOADSTOOL LARGE,1792.21,1398,148,95,1.2819814020028613,0.008752463898239119
22922,FRIDGE MAGNETS US DINER ASSORTED,1789.1999999999998,2073,113,82,0.8630969609261938,0.00873776421665398
22166,WALL MIRROR RECTANGLE DIAMANTE PINK,1781.97,221,98,16,8.063212669683258,0.008702455679158783
84748,FOLK FELT HANGING MULTICOL GARLAND,1781.1200000000001,1170,93,27,1.5223247863247864,0.008698304606285902
20729,RED SPOTTY CANDY BAG,1778.12,5262,121,39,0.33791714177118964,0.008683653760852209
23317,BLUE REFECTORY CLOCK,1777.46,173,82,56,10.274335260115608,0.008680430574856799
21548,CERAMIC BIRDHOUSE FINCH BLUE ROOF,1776.1200000000001,682,107,55,2.6042815249266864,0.008673886530563083
23148,MINIATURE ANTIQUE ROSE HOOK IVORY,1775.5100000000002,2091,243,142,0.8491200382592062,0.0086709075253249
21241,GREEN SPOTTY CUP,1774.72,2102,250,125,0.8443006660323502,0.008667049469360692
79302M,"ART LIGHTS,FUNK MONKEY",1774.18,624,107,40,2.8432371794871796,0.008664412317182629
84507B,STRIPES DESIGN MONKEY DOLL,1764.03,1349,115,52,1.30765752409192,0.008614843623465302
22533,MAGIC DRAWING SLATE BAKE A CAKE,1763.2,4471,230,162,0.3943636770297473,0.008610790222895315
47566b,TEA TIME PARTY BUNTING,1761.26,212,113,0,8.307830188679246,0.00860131600951486
22422,TOOTHPASTE TUBE PEN,1760.94,2743,354,119,0.6419759387531899,0.008599753252668601
22103,MIRROR MOSAIC T-LIGHT HOLDER ROUND,1760.64,1746,71,43,1.008384879725086,0.008598288168125232
21163,DO NOT TOUCH MY STUFF DOOR HANGER,1757.9199999999998,2800,253,158,0.6278285714285714,0.008585004734932015
22209,WOOD STAMP SET HAPPY BIRTHDAY,1753.94,1415,257,159,1.2395335689045937,0.008565567946656652
23372,SET 36 COLOUR PENCILS DOLLY GIRL,1750.29,1389,147,76,1.2601079913606912,0.008547742751378994
21652,GLASS ETCHED T-LIGHT HOLDER MEDIUM,1747.9399999999998,896,78,64,1.9508258928571427,0.008536266255789267
84535B,FAIRY CAKES NOTEBOOK A6 SIZE,1747.76,2686,327,141,0.650692479523455,0.008535387205063246
23359,SET OF 12 T-LIGHTS VINTAGE DOILY,1747.51,929,73,67,1.8810656620021529,0.008534166301277105
21205,MULTICOLOUR 3D BALLS GARLAND,1746.97,669,144,86,2.6113153961136026,0.008531529149099042
22166,"WALL MIRROR , RECT DIAMANTE, PINK/",1746.78,219,61,16,7.976164383561644,0.008530601262221573
21780,MA CAMPAGNE 4 DRAWER WALL SHELF,1745.8500000000001,203,32,17,8.60024630541872,0.00852605950013713
85060,WOOD FAN WITH FLOWER DESIGN,1745.62,1448,87,53,1.205538674033149,0.008524936268653879
23399,HOME SWEET HOME HANGING HEART,1745.55,1914,225,146,0.9119905956112853,0.008524594415593759
21000,ROSE DU SUD COSMETICS BAG,1744.98,690,94,37,2.5289565217391305,0.008521810754961359
21637,ASSORTED SANSKRIT MINI NOTEBOOK,1741.72,1358,93,40,1.2825625920471282,0.008505890169590078
20767,BLUE PAISLEY JOURNAL,1741.6100000000001,812,179,112,2.1448399014778325,0.008505352971924177
22535,MAGIC DRAWING SLATE BUNNIES,1741.53,4166,292,201,0.4180340854536726,0.008504962282712612
21760,FRENCH STYLE WALL DRESSER,1740.0,15,12,12,116.0,0.00849749035154143
23101,SILVER STARS TABLE DECORATION,1739.63,2031,213,175,0.8565386509108814,0.008495683413937942
84006,MAGIC TREE -PAPER FLOWERS,1738.07,1856,212,86,0.9364601293103448,0.00848806497431242
23096,PETIT TRAY CHIC,1736.69,1033,146,89,1.681210067763795,0.008481325585412923
21662,VINTAGE GLASS COFFEE CADDY,1735.0500000000002,269,106,58,6.450000000000001,0.008473316456575838
23181,BULL DOG BOTTLE TOP WALL CLOCK,1733.57,201,82,60,8.624726368159203,0.008466088706161883
22035,VINTAGE CARAVAN GREETING CARD,1731.24,4083,360,152,0.4240117560617193,0.008454709882875049
84843,WHITE SOAP RACK WITH 2 BOTTLES,1731.06,280,110,66,6.182357142857143,0.008453830832149027
84509G,SET OF 4 FAIRY CAKE PLACEMATS,1729.9,720,132,84,2.402638888888889,0.008448165838581332
21620,SET OF 4 ROSE BOTANICAL CANDLES,1729.61,960,184,113,1.8016770833333333,0.008446749590189408
21090,SET/6 COLLAGE PAPER PLATES,1729.09,3107,278,129,0.556514322497586,0.008444210110314236
21927,BLUE/CREAM STRIPE CUSHION COVER,1728.24,1260,192,93,1.3716190476190475,0.008440059037441355
23122,PARTY CHARMS 50 PIECES,1726.09,2251,133,89,0.7668103065304309,0.008429559264880543
22676,FRENCH BLUE METAL DOOR SIGN 1,1722.31,1253,226,71,1.3745490822027135,0.00841109919963409
85185B,PINK HORSE SOCK PUPPET,1719.5600000000002,551,168,102,3.120798548094374,0.008397669257986542
22354,RETRO SPOT PADDED SEAT CUSHION,1718.93,475,56,45,3.6188000000000002,0.008394592580445465
21895,POTTING SHED SOW 'N' GROW SET,1718.63,555,85,61,3.096630630630631,0.008393127495902096
22026,BANQUET BIRTHDAY  CARD,1717.47,4029,366,140,0.426276991809382,0.008387462502334402
21281,VINTAGE KITCHEN PRINT SEAFOOD,1716.8,3680,67,34,0.46652173913043476,0.008384190480187542
10125,MINI FUNKY DESIGN TAPES,1715.78,2103,167,87,0.8158725630052306,0.008379209192740088
21275,ZINC TOP  2 DOOR WOODEN SHELF,1714.48,249,55,45,6.885461847389558,0.008372860493052156
85127,SMALL SQUARE CUT GLASS CANDLESTICK,1710.67,276,81,30,6.198079710144928,0.008354253919351365
22934,BAKING MOULD EASTER EGG WHITE CHOC,1707.47,589,78,65,2.89893039049236,0.00833862635088876
23073,GEORGIAN TRINKET BOX,1706.5,143,61,49,11.933566433566433,0.008333889244198533
20990,SPRING FLOWER CHOPSTICKS SET/5,1706.1399999999999,895,103,54,1.9063016759776534,0.00833213114274649
22516,CHILDS GARDEN RAKE BLUE,1700.6000000000001,839,162,106,2.026936829558999,0.008305075914845606
22123,PING MICROWAVE APRON,1700.1399999999999,655,166,77,2.5956335877862595,0.008302829451879106
21189,WHITE HONEYCOMB PAPER GARLAND,1698.8799999999999,797,123,53,2.1315934755332497,0.008296676096796955
21394,RED POLKADOT BEAKER,1698.8799999999999,3920,134,90,0.4333877551020408,0.008296676096796955
22319,HAIRCLIPS FORTIES FABRIC ASSORTED,1698.04,2987,174,141,0.5684767325075326,0.008292573860075522
22286,"DECORATION , WOBBLY RABBIT , METAL",1696.29,1107,128,88,1.532330623306233,0.008284027533572534
22198,"POPCORN HOLDER , LARGE",1696.21,1008,92,52,1.682748015873016,0.00828363684436097
84795A,PASTEL STRIPE HAMMOCK,1696.02,208,70,34,8.153942307692308,0.008282708957483504
22706,WRAP COWBOYS,1693.24,4222,125,109,0.40105163429654195,0.008269132507381614
21629,SQUARE FLOOR CUSHION VINTAGE RED,1690.8999999999999,158,91,25,10.701898734177215,0.008257704847943333
21786,RAIN HAT WITH RED SPOTS,1688.2,4457,157,65,0.37877496073592104,0.008244519087053011
20996,JAZZ HEARTS ADDRESS BOOK,1686.79,6311,335,179,0.2672777689748059,0.008237633189699178
22587,FELTCRAFT HAIRBAND RED AND BLUE,1686.51,1908,302,189,0.8839150943396227,0.0082362657774587
21576,LETS GO SHOPPING COTTON TOTE BAG,1686.19,732,205,118,2.3035382513661204,0.008234703020612438
85221,ASSORTED COLOUR SILK COIN PURSE,1685.46,3558,47,35,0.4737099494097808,0.008231137981556906
70007,HI TEC ALPINE HAND WARMER,1684.58,1306,205,87,1.289877488514548,0.00822684040022969
21251,DINOSAUR HEIGHT CHART STICKER SET,1683.93,595,132,91,2.8301344537815125,0.008223666050385723
22416,SET OF 36 DOILIES SPACEBOY DESIGN,1682.57,1210,112,79,1.3905537190082644,0.008217024333789116
22975,SPACEBOY CHILDRENS EGG CUP,1679.66,1245,193,113,1.3491244979919679,0.008202813013718434
23368,SET 12 COLOUR PENCILS DOLLY GIRL,1679.55,2379,232,134,0.7059899117276166,0.008202275816052533
46776F,WOVEN ROSE GARDEN CUSHION COVER,1675.73,487,157,13,3.440924024640657,0.008183620406200298
72816,SET/3 CHRISTMAS DECOUPAGE CANDLES,1671.52,1344,136,65,1.2436904761904761,0.008163060386441684
23214,JINGLE BELL HEART ANTIQUE GOLD,1670.0800000000002,777,102,78,2.1493951093951096,0.008156027980633512
21446,12 RED ROSE PEG PLACE SETTINGS,1669.83,1258,232,122,1.3273688394276628,0.008154807076847369
15058A,BLUE POLKADOT GARDEN PARASOL,1668.49,200,89,40,8.34245,0.008148263032553655
22673,FRENCH GARDEN SIGN BLUE METAL,1667.5,1320,195,130,1.2632575757575757,0.008143428253560537
35809A,ENAMEL PINK TEA CONTAINER,1666.78,1137,177,76,1.4659454705364996,0.00813991205065645
21382,SET/4 SPRING FLOWER DECORATION,1665.66,1238,152,78,1.3454442649434573,0.00813444240169454
22804,PINK HANGING HEART T-LIGHT HOLDER,1664.16,880,76,50,1.8910909090909092,0.008127116978977693
21633,SUNFLOWER DECORATIVE PARASOL,1663.11,175,72,32,9.503485714285715,0.0081219891830759
85039A,SET/4 RED MINI ROSE CANDLE IN BOWL,1661.37,1448,251,61,1.1473549723756906,0.008113491692724357
21162,TOXIC AREA  DOOR HANGER,1655.8799999999999,2402,285,172,0.6893755203996669,0.0080866806455807
20752,RETRO BLUE SPOTTY WASHING UP GLOVES,1655.74,965,156,93,1.7157927461139897,0.008085996939460464
21278,VINTAGE KITCHEN PRINT PUDDINGS,1654.45,2758,118,63,0.5998730964467005,0.008079697075923976
21294,ETCHED GLASS COASTER,1653.75,2246,139,83,0.7363089937666963,0.008076278545322781
23505,PLAYING CARDS I LOVE LONDON,1651.29,1200,115,93,1.376075,0.008064264852067154
23273,HEART T-LIGHT HOLDER WILLIE WINKIE,1649.05,969,112,88,1.7018059855521155,0.008053325554143329
21426,WOODLAND STORAGE BOX SMALL,1647.07,1028,99,44,1.6022081712062257,0.008043655996157093
23270,SET OF 2 CERAMIC PAINTED HEARTS,1646.32,1174,125,96,1.4023168654173765,0.00803999328479867
21332,MOROCCAN BEATEN METAL MIRROR,1644.17,270,50,36,6.089518518518519,0.008029493512237858
21645,ASSORTED TUTTI FRUTTI ROUND BOX,1642.65,969,133,85,1.695201238390093,0.00802207041721812
22025,RING OF ROSES BIRTHDAY CARD,1641.64,3970,288,148,0.41351133501259446,0.00801713796592211
21448,12 DAISY PEGS IN WOOD BOX,1640.17,955,211,132,1.717455497382199,0.0080099590516596
21545,CERAMIC BIRDHOUSE BUTTERFLY SMALL,1640.1200000000001,697,82,52,2.3531133428981352,0.008009714870902374
37441,ASSORTED WHITE EMBOSSED CHINA MUGS,1639.8,700,54,31,2.3425714285714285,0.008008152114056113
22410,MONEY BOX HOUSEKEEPING DESIGN,1637.46,1339,196,134,1.2228976848394324,0.007996724454617833
85180A,RED HEARTS LIGHT CHAIN,1636.42,629,99,60,2.601621621621622,0.007991645494867488
23483,HANGING  BUTTERFLY T-LIGHT HOLDER,1636.36,1328,73,57,1.2321987951807227,0.007991352477958812
21541,DINOSAURS WATER TRANSFER TATTOOS,1636.24,1907,201,119,0.8580178290508652,0.007990766444141465
23366,SET 12 COLOURING PENCILS DOILY,1636.1,2200,191,112,0.7436818181818181,0.007990082738021225
23348,CHILDRENS TOY COOKING UTENSIL SET,1633.81,746,168,95,2.190093833780161,0.007978899259340174
35241,ENAMEL BLUE RIM BISCUIT BIN,1631.42,309,130,75,5.279676375404531,0.007967227419144667
21593,SWALLOW CIGAR BOX MATCHES,1629.31,1391,94,69,1.1713227893601725,0.007956922991189636
21283,NATURAL BARK CANDLE SMALL,1629.2,512,81,59,3.18203125,0.007956385793523733
85036C,ROSE 1 WICK MORRIS BOXED CANDLE,1629.02,878,128,99,1.855375854214123,0.007955506742797712
21793,CLASSIC FRENCH STYLE BASKET BROWN,1627.3600000000001,353,102,81,4.6100849858356945,0.007947399941657735
21039,RED RETROSPOT SHOPPING BAG,1625.6100000000001,627,112,73,2.592679425837321,0.00793885361515475
23391,I LOVE LONDON MINI BACKPACK,1624.02,388,86,58,4.185618556701031,0.007931088667074891
84619,BLUE GINGHAM ROSE QUILT,1622.96,72,29,22,22.54111111111111,0.007925912035021654
21837,CROSS STITCH ALPHABET CUSHION COVER,1622.64,244,91,61,6.65016393442623,0.007924349278175393
21279,VINTAGE KITCHEN PRINT FRUITS,1621.83,3527,101,51,0.4598327190246668,0.007920393549908297
72817,SET OF 2 CHRISTMAS DECOUPAGE CANDLE,1621.28,1513,208,92,1.071566424322538,0.007917707561578786
84997b,RED 3 PIECE RETROSPOT CUTLERY SET,1621.02,192,23,0,8.4428125,0.0079164378216412
85131A,BEADED PEARL HEART WHITE ON STICK,1619.23,2025,199,64,0.7996197530864197,0.00790769615053243
22559,SEASIDE FLYING DISC,1616.33,1275,176,100,1.2677098039215686,0.007893533666613195
21656,RIDGED GLASS POSY VASE,1614.54,985,140,66,1.6391269035532994,0.007884791995504424
23217,LAUREL HEART ANTIQUE SILVER,1613.82,1309,97,64,1.2328647822765468,0.00788127579260034
48195,DOOR MAT GREEN PAISLEY,1613.56,268,86,56,6.020746268656716,0.007880006052662751
22292,HANGING CHICK  YELLOW DECORATION,1608.86,1139,113,77,1.4125197541703247,0.0078570530614833
35810A,ENAMEL PINK COFFEE CONTAINER,1604.74,1205,171,72,1.331734439834025,0.007836932567087696
82615,PINK MARSHMALLOW SCARF KNITTING KIT,1603.97,582,90,60,2.755962199312715,0.007833172183426383
23287,RED VINTAGE SPOT BEAKER,1603.3899999999999,1879,198,114,0.8533209153805215,0.007830339686642535
21542,WOODLAND WATER TRANSFER TATTOOS,1600.75,1877,190,112,0.8528236547682472,0.007817446942660887
20802,SMALL GLASS SUNDAE DISH CLEAR,1596.81,1051,116,68,1.519324452901998,0.007798205498991304
23226,FILIGREE HEART DAISY WHITE,1596.67,1247,98,56,1.2804089815557338,0.007797521792871066
22260,FELT EGG COSY BLUE RABBIT,1594.77,1557,241,85,1.024258188824663,0.007788242924096394
23244,ROUND STORAGE TIN VINTAGE LEAF,1593.58,864,103,80,1.8444212962962963,0.007782431422074362
84913B,MINT GREEN ROSE TOWEL,1593.29,420,200,27,3.793547619047619,0.007781015173682439
21694,SMALL REGAL  SILVER CANDLEPOT,1593.16,556,70,51,2.8653956834532375,0.007780380303713646
21986,PACK OF 12 PINK POLKADOT TISSUES,1591.9399999999998,5159,272,170,0.30857530529172317,0.007774422293237276
35471D,SET OF 3 BIRD LIGHT PINK FEATHER,1591.86,2241,348,158,0.710334672021419,0.007774031604025711
35160,BUDDHA INCENSE HOLDER ASSORTED,1590.64,2180,56,33,0.729651376146789,0.0077680735935493446
21383,PACK OF 12 STICKY BUNNIES,1590.43,2204,323,169,0.7216107078039927,0.007767048034368986
22106,MIRROR MOSAIC HURRICANE LAMP,1589.98,509,79,29,3.123732809430255,0.007764850407553933
22517,CHILDS GARDEN RAKE PINK,1589.41,806,152,106,1.9719727047146403,0.0077620667469215305
22597,CHRISTMAS MUSICAL ZINC HEART,1586.49,1850,115,84,0.8575621621621622,0.007747806590699404
22099,CARAVAN SQUARE TISSUE BOX,1585.46,2123,291,168,0.7468016957136129,0.007742776467100502
85170A,SET/6 IVORY BIRD T-LIGHT CANDLES,1585.06,848,84,45,1.8691745283018868,0.007740823021042676
23369,SET 36 COLOUR PENCILS LOVE LONDON,1581.06,1105,126,80,1.4308235294117646,0.00772128856046442
85222,ASSORTED COLOUR SILK COSMETIC PURSE,1579.68,1406,50,39,1.1235277382645805,0.007714549171564923
21123,SET/10 IVORY SPOTTY PARTY CANDLES,1578.47,1261,80,60,1.2517605075337035,0.0077086399972399995
37342,POLKADOT COFFEE CUP & SAUCER PINK,1577.6200000000001,1589,117,51,0.9928382630585274,0.007704488924367122
21675,BUTTERFLIES STICKERS,1576.84,1782,268,124,0.8848709315375981,0.0077006797045543595
22608,PENS ASSORTED FUNKY JEWELED,1573.81,5735,170,75,0.2744219703574542,0.007685882350666331
21631,HIPPY CHIC DECORATIVE PARASOL,1571.75,221,54,38,7.111990950226244,0.007675822103468529
21092,SET/6 STRAWBERRY PAPER PLATES,1571.5,12846,28,15,0.12233380040479527,0.007674601199682389
22705,WRAP GREEN PEARS,1567.86,3733,151,114,0.42,0.007656824840556175
23462,ROCOCO WALL MIRROR WHITE,1567.1399999999999,78,45,42,20.09153846153846,0.007653308637652089
15059A,ENGLISH ROSE EDWARDIAN PARASOL,1567.0,509,4,1,3.0785854616895874,0.00765262493153185
79323B,BLACK CHERRY LIGHTS,1565.7,242,58,35,6.469834710743802,0.007646276231843917
21550,CERAMIC BIRDHOUSE CRESTED TIT LARGE,1565.51,295,64,42,5.306813559322034,0.007645348344966449
21867,PINK UNION JACK  LUGGAGE TAG,1562.87,1144,288,122,1.3661451048951048,0.007632455600984801
21925,UNION STRIPE CUSHION COVER,1562.33,1201,167,100,1.300857618651124,0.007629818448806736
84536B,FAIRY CAKES NOTEBOOK A7 SIZE,1561.49,3504,399,131,0.4456307077625571,0.007625716212085302
21579,LOLITA  DESIGN  COTTON TOTE BAG,1560.85,1029,136,80,1.516861030126336,0.0076225906983927805
21972,SET OF 36 DINOSAUR PAPER DOILIES,1560.82,1055,171,105,1.4794502369668245,0.007622444189938444
85194L,HANGING SPRING FLOWER EGG LARGE,1560.6299999999999,1818,147,93,0.8584323432343234,0.0076215163030609765
21276,TWO EMBOSSED HEART MINI DRAWERS,1558.94,677,29,24,2.302717872968981,0.007613262993466664
84789,ENCHANTED BIRD PLANT CAGE,1558.39,445,124,81,3.5020000000000002,0.007610577005137155
72803A,ROSE SCENT CANDLE JEWELLED DRAWER,1553.5,724,97,61,2.145718232044199,0.007586696127080236
22450,SILK PURSE BABUSHKA BLUE,1552.3500000000001,459,111,76,3.38202614379085,0.007581079969663987
21710,FOLDING UMBRELLA  PINK/WHITE  SPOT,1549.34,584,49,40,2.6529794520547942,0.007566380288078849
21289,LARGE STRIPES CHOCOLATE GIFT BAG,1549.31,1413,102,52,1.0964685067232838,0.007566233779624513
20766,GARDEN PATH SKETCHBOOK,1548.47,518,155,100,2.989324324324324,0.007562131542903078
84919,BLUE CUSHION COVER WITH FLOWER,1545.53,283,39,18,5.461236749116607,0.007547773714378059
16033,MINI HIGHLIGHTER PENS,1544.52,15121,50,43,0.10214403809271873,0.00754284126308205
22982,PANTRY PASTRY BRUSH,1543.77,1154,212,120,1.3377556325823223,0.0075391785517236265
21610,SET 12 PEAR BOTANICAL T-LIGHTS,1543.67,542,97,72,2.8480996309963102,0.007538690190209172
75131,METAL TUBE CHIME ON BAMBOO,1543.03,1217,68,40,1.267896466721446,0.00753556467651665
22343,PARTY PIZZA DISH RED RETROSPOT,1541.47,2797,153,74,0.5511154808723633,0.00752794623689113
20735,BLACK MINI TAPE MEASURE,1540.29,1515,202,30,1.0166930693069307,0.007522183571020544
84795D,SEASIDE STRIPE HAMMOCK,1538.79,189,83,53,8.141746031746031,0.007514858148303698
21246,RED RETROSPOT BIG BOWL,1534.78,326,108,40,4.7079141104294475,0.007495274851573998
20768,GREEN FERN JOURNAL,1534.19,767,149,98,2.000247718383312,0.007492393518638704
23267,SET OF 4 SANTA PLACE SETTINGS,1531.95,1202,108,79,1.2745008319467555,0.0074814542207148815
72008,FROSTED BOX 9 WHITE T-LIGHT CANDLES,1531.4,3819,215,134,0.40099502487562194,0.007478768232385371
20986,BLUE CALCULATOR RULER,1530.95,1217,204,94,1.2579704190632703,0.007476570605570317
22449,SILK PURSE RUSSIAN DOLL PINK,1530.6200000000001,460,90,58,3.327434782608696,0.007474959012572612
85036B,CHOCOLATE 1 WICK MORRIS BOX CANDLE,1530.1599999999999,598,87,70,2.5587959866220733,0.00747271254960611
20902,VINTAGE KEEPSAKE BOX PARIS DAYS,1525.22,206,116,11,7.403980582524272,0.007448587490791965
22337,ANGEL DECORATION PAINTED ZINC,1522.52,2473,146,67,0.6156570966437526,0.007435401729901641
21282,NATURAL BARK CANDLE LARGE,1522.28,356,69,49,4.276067415730337,0.007434229662266946
22293,"SPRING DEC , HANGING CHICK  GREEN",1516.9199999999998,1128,100,64,1.344787234042553,0.0074080534850920815
21099,SET/6 STRAWBERRY PAPER CUPS,1516.64,13290,33,20,0.1141188863807374,0.007406686072851606
85177,BASKET OF FLOWERS SEWING KIT,1514.78,1820,143,87,0.8322967032967032,0.007397602548682716
21785,RAIN PONCHO,1514.6299999999999,2005,100,71,0.7554264339152119,0.007396870006411031
21146,ANTIQUE GLASS RIDGED HANGING BALL,1513.6699999999998,789,58,47,1.918466413181242,0.00739218173587225
21661,VINTAGE GLASS TEA CADDY,1511.3100000000002,239,98,55,6.323472803347281,0.00738065640413108
22340,NOEL GARLAND PAINTED ZINC,1511.05,1799,184,81,0.8399388549193997,0.007379386664193492
22137,BATHROOM SET LOVE HEART DESIGN,1508.28,606,43,24,2.488910891089109,0.00736585905024305
21634,ASSORTED MINI MADRAS NOTEBOOK,1507.74,1771,69,42,0.8513495200451722,0.007363221898064986
21002,ROSE DU SUD DRAWSTRING BAG,1507.22,417,184,25,3.6144364508393285,0.007360682418189811
84526,GIANT BLACK SUNGLASSES,1503.6399999999999,538,34,23,2.7948698884758363,0.007343199075972273
85159B,"WHITE TEA,COFFEE,SUGAR JARS",1503.5,659,88,53,2.2814871016691955,0.0073425153698520335
23250,VINTAGE RED TRIM ENAMEL BOWL,1501.03,1155,108,63,1.2995930735930736,0.0073304528404449605
21199,PINK  HEART CONFETTI IN TUBE,1495.7,1305,149,86,1.1461302681992338,0.007304423171724435
23280,FOLDING BUTTERFLY MIRROR HOT PINK,1495.24,1867,152,84,0.800878414568827,0.007302176708757935
21009,ETCHED GLASS STAR TREE DECORATION,1494.99,1047,102,72,1.4278796561604585,0.007300955804971793
21066,VINTAGE RED MUG,1494.67,2284,131,81,0.6544089316987741,0.007299393048125533
85160A,WHITE BIRD GARDEN DESIGN MUG,1493.75,8816,32,20,0.16943625226860254,0.007294900122192535
84856L,LARGE TAHITI BEACH BAG,1492.28,238,81,46,6.270084033613445,0.007287721207930024
23334,IVORY WICKER HEART SMALL,1491.75,2271,130,83,0.6568692206076618,0.007285132891903406
22677,FRENCH BLUE METAL DOOR SIGN 2,1486.62,1074,203,65,1.3841899441340781,0.007260079946211793
21051,RIBBONS PURSE,1486.16,754,127,79,1.9710344827586208,0.007257833483245294
15058A,BLUE WHITE SPOTS GARDEN PARASOL,1485.24,276,59,41,5.381304347826087,0.007253340557312294
23271,CHRISTMAS TABLE SILVER CANDLE SPIKE,1483.61,1715,103,68,0.8650787172011661,0.007245380264626654
21849,SILVER DIAMANTE PEN IN GIFT BOX,1483.51,633,134,46,2.3436176935229067,0.0072448919031121994
23559,WOODLAND BUNNIES LOLLY MAKERS,1482.41,649,124,69,2.284144838212635,0.007239519926453178
84510B,SET OF 4 FAIRY CAKES COASTERS,1481.05,1171,147,71,1.2647736976942783,0.007232878209856571
18098c,PORCELAIN BUTTERFLY OIL BURNER,1479.61,292,135,0,5.067157534246575,0.007225845804048399
85125,SMALL ROUND CUT GLASS CANDLESTICK,1479.51,309,62,32,4.788058252427184,0.007225357442533942
22546,MINI JIGSAW PURDEY,1478.56,3703,171,100,0.39928706454226304,0.007220718008146607
23392,SPACEBOY ROCKET LOLLY MAKERS,1475.03,662,113,70,2.228141993957704,0.007203478846686295
22915,ASSORTED BOTTLE TOP  MAGNETS,1474.52,3281,194,116,0.44941176470588234,0.007200988202962568
21851,LILAC DIAMANTE PEN IN GIFT BOX,1473.56,628,149,34,2.3464331210191083,0.007196299932423786
84616,SILVER ROCCOCO CHANDELIER,1472.62,72,25,19,20.453055555555554,0.007191709334187895
21198,WHITE HEART CONFETTI IN TUBE,1472.3,1282,118,75,1.1484399375975038,0.007190146577341635
22912,YELLOW COAT RACK PARIS FASHION,1471.09,313,108,81,4.69996805111821,0.007184237403016713
20734,SILVER MINI TAPE MEASURE,1470.62,1592,117,50,0.9237562814070351,0.007181942103898767
21869,POTTING SHED COFFEE MUG,1469.5800000000002,1264,111,82,1.1626424050632913,0.007176863144148422
84659A,WHITE TRAVEL ALARM CLOCK,1469.51,588,224,55,2.4991666666666665,0.007176521291088302
85198,ASSORTED FARMYARD ANIMALS IN BUCKET,1469.5,3859,51,37,0.38079813423166625,0.007176472454936857
22815,CARD PSYCHEDELIC APPLES,1468.53,3433,340,111,0.42776871540926303,0.00717173534824663
21801,CHRISTMAS TREE DECORATION WITH BELL,1467.6599999999999,3398,258,69,0.4319187757504414,0.007167486603070858
22976,CIRCUS PARADE CHILDRENS EGG CUP,1465.26,1127,149,81,1.3001419698314107,0.007155765926723905
20681,PINK POLKADOT CHILDRENS UMBRELLA,1464.29,405,135,82,3.6155308641975306,0.0071510288200336775
23365,SET 12 COLOUR PENCILS LOVE LONDON,1463.08,1857,169,107,0.7878729133010232,0.007145119645708756
21644,ASSORTED TUTTI FRUTTI HEART BOX,1461.47,1087,137,72,1.3444986200551978,0.007137257025326008
21818,GLITTER CHRISTMAS HEART,1460.86,1727,143,109,0.8458946149392008,0.007134278020087822
22052,VINTAGE CARAVAN GIFT WRAP,1460.5,3525,128,105,0.41432624113475175,0.00713251991863578
23470,CARD HOLDER LOVE BIRD LARGE,1460.5,232,84,70,6.295258620689655,0.00713251991863578
22929,SCHOOL DESK AND CHAIR,1459.75,23,17,17,63.46739130434783,0.0071288572072773565
22393,PAPERWEIGHT VINTAGE COLLAGE,1459.3700000000001,834,120,75,1.7498441247002399,0.007127001433522424
21410,COUNTRY COTTAGE  DOORSTOP GREEN,1458.28,312,150,81,4.673974358974359,0.007121678293014848
85098B,BLUE FLYING SINGING CANARY,1456.94,366,114,61,3.9807103825136614,0.007115134248721132
22228,BUNNY WOODEN PAINTED WITH BIRD,1456.6,1727,275,148,0.8434279096699479,0.00711347381957198
15056bl,EDWARDIAN PARASOL BLACK,1456.3200000000002,116,87,0,12.554482758620692,0.007112106407331503
21065,BOOM BOX SPEAKER GIRLS,1455.3600000000001,608,118,44,2.393684210526316,0.007107418136792722
84637,KITCHEN FLOWER POTS WALL PLAQUE,1454.49,585,114,28,2.486307692307692,0.00710316939161695
21317,GLASS SPHERE CANDLE STAND MEDIUM,1453.4,357,74,56,4.071148459383754,0.007097846251109375
20733,GOLD MINI TAPE MEASURE,1452.2,1927,294,67,0.7536066424494032,0.007091985912935899
21739,COSY SLIPPER SHOES SMALL GREEN,1451.8500000000001,494,177,83,2.938967611336033,0.007090276647635302
85136C,RED SHARK HELICOPTER,1451.69,179,122,70,8.11,0.007089495269212171
22157,ANGEL DECORATION WITH LACE PADDED,1451.3999999999999,1698,124,88,0.8547703180212013,0.007088079020820246
85049a,TRADITIONAL CHRISTMAS RIBBONS,1451.24,434,51,0,3.3438709677419354,0.0070872976423971175
23034,DRAWER KNOB CERAMIC BLACK,1448.6699999999998,979,88,57,1.4797446373850867,0.007074746751475586
22390,PAPERWEIGHT CHILDHOOD MEMORIES,1448.52,813,83,56,1.7816974169741697,0.0070740142092039025
22986,GINGHAM ROSE WRAP,1445.98,3519,122,112,0.41090650753054847,0.00706160982673671
37343,SPOTS DESIGN MUG W PINK INSIDE,1445.78,917,74,41,1.5766412213740457,0.007060633103707797
21159,MOODY BOY  DOOR HANGER,1445.37,2105,250,146,0.6866365795724465,0.007058630821498525
35637A,IVORY STRING CURTAIN WITH POLE,1445.05,551,53,41,2.622595281306715,0.007057068064652265
85055,FRENCH ENAMEL UTENSIL HOLDER,1442.94,359,107,62,4.01933147632312,0.007046763636697236
84313C,ORANGE TV TRAY TABLE,1442.3899999999999,548,73,29,2.6320985401459853,0.007044077648367725
23086,ZINC  STAR T-LIGHT HOLDER,1441.43,1217,46,30,1.1844124897288415,0.007039389377828944
84596G,SMALL CHOCOLATES PINK BOWL,1440.76,2226,348,118,0.6472416891284816,0.007036117355682087
22817,CARD SUKI BIRTHDAY,1434.9,3392,355,104,0.4230247641509434,0.00700749937093494
22249,DECORATION WHITE CHICK MAGIC GARDEN,1434.6599999999999,1636,243,126,0.8769315403422983,0.007006327303300244
22316,200 BENDY SKULL STRAWS,1432.82,1257,119,62,1.1398727128082735,0.006997341451434247
21561,DINOSAUR LUNCHBOX WITH CUTLERY,1429.9,570,113,82,2.5085964912280705,0.006983081295212121
22093,MOTORING TISSUE BOX,1429.87,2346,275,179,0.6094927536231883,0.006982934786757783
21292,SMALL STRIPES CHOCOLATE GIFT BAG,1427.11,2449,91,69,0.5827317272356063,0.006969456008958787
22396,MAGNETS PACK OF 4 RETRO PHOTO,1427.08,1895,184,122,0.7530765171503957,0.0069693095005044494
85167B,BLACK GRAND BAROQUE PHOTO FRAME,1426.34,692,59,38,2.0611849710982657,0.006965695625297473
22071,SMALL RETRO SPOT MUG IN BOX  WHITE,1426.13,383,81,74,3.7235770234986947,0.0069646700661171144
22094,RED RETROSPOT TISSUE BOX,1424.1599999999999,2554,232,133,0.5576194205168363,0.006955049344282322
21495,SKULLS WRAP,1424.0,3400,109,89,0.4188235294117647,0.006954267965859193
35965,FOLKART HEART NAPKIN RINGS,1423.63,629,174,62,2.263322734499205,0.006952461028255704
20761,BLUE PAISLEY SKETCHBOOK,1422.46,458,146,93,3.1058078602620087,0.0069467471985365644
21807,WHITE CHRISTMAS STAR DECORATION,1422.45,3225,172,114,0.4410697674418605,0.006946698362385118
20801,LARGE PINK GLASS SUNDAE DISH,1422.0,1092,111,61,1.3021978021978022,0.006944500735570064
23057,BEADED CHANDELIER T-LIGHT HOLDER,1420.97,695,38,31,2.0445611510791366,0.0069394706119711635
21532,DAIRY MAID SUGAR JAM BOWL,1419.71,1387,90,58,1.0235832732516221,0.006933317256889013
35004G,SET OF 3 GOLD FLYING DUCKS,1419.51,359,76,46,3.954066852367688,0.0069323405338601
20840,FRENCH FLORAL CUSHION COVER,1419.09,885,93,50,1.6034915254237287,0.006930289415499383
22285,HANGING HEN ON NEST DECORATION,1418.82,828,114,72,1.713550724637681,0.00692897083941035
22819,"BIRTHDAY CARD, RETRO SPOT",1418.1200000000001,3351,331,125,0.42319307669352435,0.006925552308809156
15034,PAPER POCKET TRAVELING FAN,1416.2600000000002,10153,255,123,0.13949177582980402,0.006916468784640268
85071A,BLUE CHARLIE+LOLA PERSONAL DOORSIGN,1415.69,1907,147,106,0.7423649711588883,0.006913685124007865
22333,RETRO SPOT PARTY BAG + STICKER SET,1412.25,938,34,30,1.5055970149253732,0.006896885487910565
23249,VINTAGE RED ENAMEL TRIM PLATE,1406.3,830,80,56,1.6943373493975904,0.006867827977800409
47503A,ASS FLORAL PRINT MULTI SCREWDRIVER,1405.51,2853,195,146,0.4926428321065545,0.006863969921836204
23119,PACK OF 6 LARGE FRUIT STRAWS,1401.7,2282,151,97,0.6142418930762489,0.006845363348135414
21358,TOAST ITS - HAPPY BIRTHDAY,1398.71,1129,222,130,1.2388928255093004,0.006830761338853168
21910,WAY OUT METAL SIGN,1398.18,1066,111,84,1.3116135084427767,0.006828173022826549
21828,EIGHT PIECE SNAKE  SET,1396.6200000000001,1105,180,107,1.2639095022624436,0.00682055458320103
23055,IVORY CHANDELIER T-LIGHT HOLDER,1395.18,657,38,33,2.1235616438356164,0.006813522177392858
15058B,PINK WHITE SPOTS GARDEN PARASOL,1394.7,204,56,36,6.836764705882353,0.006811178042123466
23040,PAPER LANTERN 9 POINT SNOW STAR,1394.03,253,41,33,5.51,0.006807906019976608
22756,LARGE YELLOW BABUSHKA NOTEBOOK,1393.45,1204,215,124,1.1573504983388705,0.006805073523192762
85087,CANDY SPOT CUSHION COVER,1392.64,420,146,21,3.315809523809524,0.006801117794925664
85017B,ENVELOPE 50 BLOSSOM IMAGES,1390.3899999999999,2231,317,98,0.6232138054683998,0.006790129660850395
47503K,ASSORTED FLORAL SECATEURS,1389.44,3177,42,29,0.43734340572867486,0.006785490226463059
22324,BLUE POLKADOT KIDS BAG,1389.06,568,151,52,2.4455281690140844,0.0067836344527081255
22686,FRENCH BLUE METAL DOOR SIGN No,1388.45,1050,173,46,1.3223333333333334,0.006780655447469941
22917,HERB MARKER ROSEMARY,1386.65,1996,252,138,0.6947144288577155,0.006771864940209726
85169A,IVORY LOVE BIRD CANDLE,1385.82,1252,151,79,1.106884984025559,0.006767811539639738
22339,CHRISTMAS TREE PAINTED ZINC,1385.46,3521,145,86,0.3934848054529963,0.0067660534381876955
20658,RED SPOTTY LUGGAGE TAG,1385.3,1000,195,96,1.3853,0.006765272059764563
23376,PACK OF 12 VINTAGE CHRISTMAS TISSUE,1384.9099999999999,3039,155,104,0.455712405396512,0.006763367449858183
22250,DECORATION  BUTTERFLY  MAGIC GARDEN,1382.96,1521,257,98,0.9092439184746878,0.0067538444003262844
84396,6 HOOK JEWELLERY STAND BLACK DRESS,1380.52,552,49,22,2.500942028985507,0.0067419283793735485
23104,IVORY CAFE HANGING LAMP,1380.42,116,45,37,11.900172413793104,0.006741440017859092
23414,ZINC BOX SIGN HOME,1378.75,141,64,58,9.77836879432624,0.006733284380567669
84562A,PINK/WHITE RIBBED MELAMINE JUG,1378.26,169,78,48,8.155384615384616,0.006730891409146833
21011,GLITTER SNOW PEAR TREE DECORATION,1373.8,1840,118,84,0.7466304347826087,0.006709110485602077
90200D,PINK SWEETHEART BRACELET,1372.26,327,150,41,4.19651376146789,0.00670158971827945
20704,MR ROBOT SOFT TOY,1371.42,361,80,60,3.798947368421053,0.006697487481558015
23536,WALL ART VILLAGE SHOW,1369.71,240,67,53,5.7071250000000004,0.006689136499660811
46776B,WOVEN BERRIES CUSHION COVER,1369.23,428,153,16,3.1991355140186917,0.006686792364391419
20866,BLUE ROSE FABRIC MIRROR,1368.91,1280,191,76,1.0694609375000002,0.006685229607545159
23000,TRAVEL CARD WALLET TRANSPORT,1368.28,3169,278,125,0.43177027453455347,0.0066821529300040835
84819,DANISH ROSE ROUND SEWING BOX,1368.26,908,95,82,1.5068942731277533,0.006682055257701193
21209,MULTICOLOUR HONEYCOMB FAN,1368.04,1476,137,66,0.9268563685636856,0.006680980862369389
21398,RED  SPOTTY COFFEE  MUG,1367.79,710,53,37,1.9264647887323942,0.006679759958583247
35599D,PINK AND WHITE CHRISTMAS TREE 120CM,1366.48,406,103,23,3.3657142857142857,0.006673362422743869
84685,BEACH HUT KEY CABINET,1366.17,435,125,46,3.1406206896551727,0.006671848502049054
23546,WRAP PAISLEY PARK,1365.0,3250,120,106,0.42,0.006666134672329914
84665,SQUARE CHERRY BLOSSOM CABINET,1364.7,226,47,25,6.038495575221239,0.006664669587786545
22916,HERB MARKER THYME,1363.38,1962,249,135,0.6948929663608563,0.006658223215795721
23221,REINDEER HEART DECORATION SILVER,1363.04,1536,145,85,0.8873958333333333,0.006656562786646569
16161U,"WRAP,SUKI AND FRIENDS",1363.0,3350,110,86,0.40686567164179105,0.006656367442040786
35649,VINTAGE BEAD COSMETIC BAG,1362.8999999999999,1826,53,20,0.7463855421686746,0.0066558790805263295
21786,POLKADOT RAIN HAT,1360.83,3014,293,82,0.4515029860650298,0.0066457699971770815
84965B,BLUE KASHMIRI COFFEE TABLE,1359.95,27,4,3,50.36851851851852,0.006641472415849866
22269,EGG CUP NATURAL CHICKEN,1357.7,1521,204,107,0.8926364234056542,0.006630484281774597
21684,SMALL MEDINA STAMPED METAL BOWL,1357.61,1696,104,65,0.8004775943396226,0.006630044756411585
23469,CARD HOLDER LOVE BIRD SMALL,1355.24,332,72,61,4.082048192771085,0.00661847058851897
22050,PINK PAISLEY ROSE GIFT WRAP,1354.0,3300,115,100,0.4103030303030303,0.00661241490573971
17129D,CLEAR COLOUR GLASS GEMS IN BAG,1351.18,1125,39,12,1.201048888888889,0.006598643111032039
21059,PARTY INVITES DINOSAURS,1348.56,1596,221,158,0.8449624060150376,0.006585848039353281
84466,TOP SECRET PEN SET,1348.36,1256,73,34,1.0735350318471337,0.006584871316324368
21529,RETRO SPOT CERAMIC TOASTRACK,1346.0800000000002,383,103,69,3.5145691906005228,0.006573736673794764
20762,GREEN FERN SKETCHBOOK,1343.79,458,136,88,2.9340393013100434,0.00656255319511371
21822,GLITTER CHRISTMAS TREE WITH BELLS,1343.7,1010,142,73,1.3303960396039605,0.006562113669750701
22293,HANGING CHICK GREEN DECORATION,1343.28,906,125,64,1.4826490066225164,0.0065600625513899825
84828,JUNGLE POPSICLES ICE LOLLY MOULDS,1338.8700000000001,960,153,74,1.3946562500000002,0.006538525808602457
21397,BLUE  SPOTTY EGG CUP,1338.36,994,99,53,1.3464386317907444,0.006536035164878728
21190,PINK HEARTS PAPER GARLAND,1337.59,806,111,71,1.6595409429280397,0.006532274781217413
20993,JAZZ HEARTS MEMO PAD,1334.1100000000001,10967,32,23,0.12164767028357802,0.006515279800514332
20780,BLACK EAR MUFF HEADPHONES,1333.96,231,98,35,5.774718614718615,0.006514547258242647
16235,RECYCLED PENCIL WITH RABBIT ERASER,1333.95,5827,310,124,0.2289256907499571,0.006514498422091202
22246,"GARLAND, MAGIC GARDEN 1.8M",1332.36,656,95,57,2.0310365853658534,0.006506733474011344
21580,RABBIT  DESIGN  COTTON TOTE BAG,1329.6299999999999,542,172,76,2.4531918819188188,0.006493401204666683
23538,WALL ART VINTAGE HEART,1329.54,331,32,25,4.0167371601208455,0.006492961679303673
20933,YELLOW POT PLANT CANDLE,1329.4900000000002,505,52,38,2.632653465346535,0.006492717498546447
22446,PIN CUSHION BABUSHKA PINK,1329.48,497,153,40,2.675010060362173,0.006492668662394999
85032D,YULETIDE IMAGES GIFT WRAP SET,1327.68,1148,133,89,1.1565156794425087,0.006483878155134784
23232,WRAP VINTAGE PETALS  DESIGN,1327.5,3275,104,95,0.40534351145038167,0.006482999104408763
21775,DECORATIVE FLORE BATHROOM BOTTLE,1326.29,874,277,63,1.5174942791762014,0.006477089930083841
21926,RED/CREAM STRIPE CUSHION COVER,1325.27,1009,147,90,1.3134489593657086,0.006472108642636385
22202,MILK PAN PINK POLKADOT,1325.01,331,80,36,4.003051359516617,0.006470838902698798
85032A,ROMANTIC IMAGES GIFT WRAP SET,1323.51,1441,161,103,0.9184663428174878,0.006463513479981952
22924,FRIDGE MAGNETS LA VIE EN ROSE,1323.4199999999998,1500,95,69,0.8822799999999998,0.006463073954618941
22918,HERB MARKER PARSLEY,1322.8600000000001,1925,249,135,0.6872,0.006460339130137987
21738,COSY SLIPPER SHOES SMALL  RED,1322.63,422,131,89,3.134194312796209,0.0064592158986547365
22701,PINK DOG BOWL,1320.5700000000002,675,158,65,1.9564000000000001,0.006449155651456935
21157,RED SPOTTY WASHBAG,1319.96,586,132,59,2.252491467576792,0.006446176646218751
85200,BUNNY EGG BOX,1319.09,1045,105,81,1.262287081339713,0.006441927901042978
85135C,RED DRAGONFLY HELICOPTER,1317.92,162,111,57,8.135308641975309,0.00643621407132384
22051,BLUE SCANDINAVIAN PAISLEY WRAP,1317.5,3175,116,95,0.4149606299212598,0.006434162952963123
85071B,RED CHARLIE+LOLA PERSONAL DOORSIGN,1316.48,2340,165,123,0.5625982905982906,0.006429181665515667
22923,FRIDGE MAGNETS LES ENFANTS ASSORTED,1314.8899999999999,1583,90,70,0.8306317119393556,0.0064214167174358105
22977,DOLLY GIRL CHILDRENS EGG CUP,1313.86,999,140,101,1.315175175175175,0.006416386593836908
20760,GARDEN PATH POCKET BOOK,1313.66,5550,81,47,0.2366954954954955,0.006415409870807996
84688,BEACH HUT DESIGN BLACKBOARD,1313.52,422,81,39,3.11260663507109,0.006414726164687758
23373,VINTAGE CHRISTMAS PAPER GIFT BAG,1313.3899999999999,1608,100,86,0.8167848258706467,0.006414091294718964
35598D,PINK/WHITE CHRISTMAS TREE 60CM,1312.2,1727,103,43,0.7598147075854083,0.0064082797926969335
23405,HOME SWEET HOME 2 DRAWER CABINET,1311.48,252,70,54,5.204285714285715,0.006404763589792847
85232A,SET/3 POLKA DOT STACKING TINS,1311.42,262,94,72,5.005419847328245,0.006404470572884174
22481,BLACK TEA TOWEL CLASSIC DESIGN,1309.81,1272,219,132,1.0297248427672956,0.006396607952501425
21277,FRENCH STYLE EMBOSSED HEART CABINET,1309.3899999999999,54,48,36,24.247962962962962,0.006394556834140707
21842,PINK HEART CANDY BUTTON CALCULATOR,1308.74,551,47,32,2.375208711433757,0.006391382484296742
20893,HANGING BAUBLE T-LIGHT HOLDER SMALL,1308.5900000000001,559,76,41,2.340948121645796,0.006390649942025058
20798,CLEAR MILKSHAKE GLASS,1308.15,551,83,35,2.374137931034483,0.006388501151361449
21945,STRAWBERRIES  DESIGN FLANNEL,1307.1,1862,240,61,0.7019871106337271,0.006383373355459655
22893,MINI CAKE STAND T-LIGHT HOLDER,1306.09,2721,182,70,0.48000367511944136,0.006378440904163646
21219,SET/4 BADGES BALLOON GIRL,1303.27,1013,176,77,1.2865449160908193,0.006364669109455976
20738,GREEN MINI TAPE MEASURE,1301.72,1610,74,46,0.8085217391304348,0.006357099505981902
21248,DOOR HANGER  MUM + DADS ROOM,1299.55,1043,158,106,1.245973154362416,0.006346502061118198
85170D,SET/6 PINK BIRD T-LIGHT CANDLES,1296.36,723,151,48,1.7930290456431535,0.006330923328807038
22105,MIRROR MOSAIC GOBLET CANDLE HOLDER,1294.7,692,55,23,1.8709537572254336,0.006322816527667063
79191C,RETRO PLASTIC ELEPHANT TRAY,1293.76,1619,157,107,0.7991105620753551,0.006318225929431172
22232,JIGSAW TOADSTOOLS 3 PIECE,1292.59,1093,156,94,1.1826075022872826,0.006312512099712031
22267,EASTER DECORATION EGG BUNNY,1291.47,1472,117,91,0.8773573369565217,0.00630704245075012
22181,SNOWSTORM PHOTO FRAME FRIDGE MAGNET,1291.3799999999999,1538,138,85,0.8396488946684004,0.006306602925387109
22258,FELT FARM ANIMAL RABBIT,1291.05,1342,131,69,0.9620342771982116,0.006304991332389404
85006,SET 4 NURSERY DES ROUND BOXES,1289.31,3049,37,32,0.422863233847163,0.006296493842037862
84609,TALL ROCOCO CANDLE HOLDER,1289.24,143,38,23,9.015664335664336,0.006296151988977742
84569D,PACK 6 HEART/ICE-CREAM PATCHES,1287.54,1023,179,82,1.2585923753665689,0.006287849843231983
85141,JARDIN ETCHED GLASS FRUITBOWL,1286.44,182,71,57,7.068351648351649,0.006282477866572964
85025C,PINK HEART SHAPE PHOTO FRAME,1285.9099999999999,720,125,73,1.7859861111111108,0.006279889550546343
17091A,LAVENDER INCENSE IN TIN,1285.8899999999999,2085,117,78,0.6167338129496402,0.006279791878243452
46776A,WOVEN BUBBLE GUM CUSHION COVER,1283.23,406,121,19,3.160665024630542,0.006266801461958913
72818,CHRISTMAS DECOUPAGE CANDLE,1283.1299999999999,2394,127,82,0.5359774436090226,0.0062663131004444565
46775E,CANDY POP CHUNKY KNITTED THROW,1282.9,101,51,8,12.701980198019802,0.006265189868961208
82613D,METAL SIGN CUPCAKE SINGLE HOOK,1281.86,1186,271,98,1.0808263069139965,0.006260110909210859
22097,SWALLOW SQUARE TISSUE BOX,1281.75,2064,242,158,0.6210029069767442,0.0062595737115449575
22543,MINI JIGSAW BAKE A CAKE,1281.49,3247,118,72,0.3946689251616877,0.006258303971607372
85231G,ORANGE SCENTED SET/9 T-LIGHTS,1281.31,1474,253,139,0.8692740841248303,0.00625742492088135
22214,CANDLE PLATE LACE WHITE,1279.79,549,92,43,2.3311293260473587,0.006250001825861612
84816,DANISH ROSE BEDSIDE CABINET,1278.3500000000001,33,20,18,38.73787878787879,0.006242969420053441
22323,PINK POLKADOT KIDS BAG,1275.31,539,115,57,2.3660667903525043,0.006228123230013965
21425,SKULLS STORAGE BOX LARGE,1274.93,505,95,41,2.524613861386139,0.006226267456259031
21759,METAL WALL SHELF UNIT WITH HOOKS,1274.47,30,13,11,42.48233333333334,0.006224020993292532
47591d,PINK FAIRY CAKE CHILDRENS APRON,1274.3799999999999,253,72,0,5.0370750988142285,0.00622358146792952
23072,MARIE ANTOINETTE TRINKET BOX SILVER,1273.76,334,30,21,3.8136526946107785,0.006220553626539891
21537,RETRO SPOTS PUDDING BOWL,1273.26,294,74,53,4.330816326530612,0.00621811181896761
16225,RATTLE SNAKE EGGS,1271.66,1520,165,90,0.8366184210526316,0.006210298034736307
35648,VINTAGE BEAD PINK PURSE,1270.93,1041,143,48,1.2208741594620558,0.006206732995680775
21549,CERAMIC BIRDHOUSE RED ROOF SMALL,1270.39,547,51,36,2.3224680073126143,0.006204095843502711
85163B,BLACK BAROQUE WALL CLOCK,1268.6599999999999,115,66,26,11.03182608695652,0.006195647189302614
21689,SILVER VANILLA  FLOWER CANDLE POT,1268.12,342,60,49,3.7079532163742686,0.00619301003712455
22732,3D STICKERS VINTAGE CHRISTMAS,1268.0,1060,38,38,1.1962264150943396,0.006192424003307202
20765,CHRYSANTHEMUM SKETCHBOOK,1265.06,442,146,96,2.862126696832579,0.006178066174782185
20777,CHRYSANTHEMUM NOTEBOOK,1262.7,3660,169,78,0.34500000000000003,0.006166540843041013
21708,FOLDING UMBRELLA  CREAM/MULTI  SPOT,1260.25,379,53,43,3.325197889182058,0.00615457598593683
23061,VINTAGE EMBOSSED HEART,1257.68,955,113,72,1.3169424083769634,0.006142025095015303
40003,WHITE BAMBOO RIBS LAMPSHADE,1257.02,1150,60,34,1.0930608695652173,0.006138801909019889
21063,PARTY INVITES JAZZ HEARTS,1256.27,1456,238,143,0.8628228021978022,0.006135139197661467
21145,ANTIQUE GLASS PLACE SETTING,1256.21,869,49,34,1.4455811277330266,0.006134846180752792
77101A,UNION FLAG WINDSOCK,1255.97,1082,88,55,1.1607855822550832,0.006133674113118097
22919,HERB MARKER MINT,1255.44,1800,248,136,0.6974666666666667,0.006131085797091478
20825,GOLD WINE GLASS,1255.08,361,7,5,3.4766759002770082,0.006129327695639435
35957,SMALLFOLKART BAUBLE CHRISTMAS DEC,1254.8999999999999,3565,148,51,0.35200561009817666,0.0061284486449134125
23237,SET OF 4 KNICK KNACK TINS LEAVES,1253.78,306,54,51,4.0973202614379085,0.006122978995951502
20731,POSY CANDY BAG,1252.92,4142,73,40,0.3024915499758571,0.006118779086927178
23511,EMBROIDERED RIBBON REEL EMILY,1252.01,571,98,83,2.192661996497373,0.006114334997145623
84967B,BLUE KASHMIRI OCCASIONAL TABLE,1249.45,24,11,8,52.06041666666667,0.006101832942375539
85159A,"BLACK TEA,COFFEE,SUGAR JARS",1248.98,492,82,41,2.5385772357723577,0.006099537643257594
22280,POCKET BAG PINK PAISELY BROWN SPOT,1248.74,877,158,79,1.4238768529076398,0.006098365575622899
22062,CERAMIC BOWL WITH LOVE HEART DESIGN,1248.15,761,126,68,1.640144546649146,0.006095484242687607
22450,SILK PURSE RUSSIAN DOLL BLUE,1245.93,375,69,51,3.32248,0.006084642617066674
22389,PAPERWEIGHT SAVE THE PLANET,1245.52,647,92,74,1.9250695517774343,0.0060826403348574025
21752,GLASS CAKE STAND MIRRORED BASE,1244.81,77,37,28,16.166363636363634,0.006079172968104762
22808,SET OF 6 T-LIGHTS EASTER CHICKS,1243.88,420,83,58,2.961619047619048,0.0060746312060203185
20707,CRAZY DAISY HEART DECORATION,1243.68,1613,199,48,0.7710353378797272,0.006073654482991405
79163,BLACK CHAMPAGNE GLASS,1240.83,1833,64,44,0.6769394435351882,0.006059736179829397
22827,GIANT SEVENTEEN DRAWER SIDEBOARD,1240.0,8,6,6,155.0,0.006055682779259409
22545,MINI JIGSAW BUNNIES,1239.62,3019,175,100,0.41060616098045705,0.006053827005504474
22070,SMALL RETRO SPOT MUG IN BOX  RED,1238.54,324,84,74,3.8226543209876542,0.0060485527011483456
21175,GIN AND TONIC DIET METAL SIGN,1237.5,498,50,34,2.4849397590361444,0.006043473741397999
23067,HANGING ENGRAVED METAL HEART,1236.66,294,78,63,4.2063265306122455,0.006039371504676565
85162A,SILVER RETRODISC LAMPSHADE,1234.27,607,20,14,2.0333937397034596,0.006027699664481058
84969,ASSORTED COLOUR SET 6 TEASPOONS,1232.02,268,86,48,4.597089552238806,0.006016711530405788
23138,SINGLE WIRE HOOK IVORY HEART,1231.51,879,82,60,1.4010352673492605,0.00601422088668206
22448,PIN CUSHION RUSSIAN DOLL RED,1230.67,395,36,29,3.115620253164557,0.006010118649960627
84910A,PINK PAISLEY CUSHION COVER,1230.39,432,53,37,2.848125,0.00600875123772015
22678,FRENCH BLUE METAL DOOR SIGN 3,1230.38,899,177,63,1.3686095661846498,0.006008702401568704
21438,TUB 24 HANGING EASTER EGGS SPOTTY,1229.8200000000002,373,36,33,3.297104557640751,0.006005967577087748
22921,HERB MARKER CHIVES,1226.72,1771,220,121,0.6926708074534161,0.005990828370139599
85135B,BLUE DRAGONFLY HELICOPTER,1226.51,151,115,67,8.122582781456954,0.00598980281095924
21253,SET OF PICTURE FRAME  STICKERS,1225.17,332,122,41,3.6902710843373496,0.0059832587666655244
22094,RED POLKA DOT TISSUE BOX,1224.89,1003,107,58,1.2212263210368894,0.005981891354425047
16046,TEATIME PEN CASE & PENS,1223.5,10056,59,44,0.12166865552903738,0.005975103129374102
22290,STANDING METAL RABBIT WITH EGG,1223.02,670,78,60,1.825402985074627,0.005972758994104712
23142,IVORY WIRE KITCHEN ORGANISER,1220.8200000000002,121,40,34,10.089421487603307,0.005962015040786672
22216,T-LIGHT HOLDER WHITE LACE,1215.83,1396,116,48,0.8709383954154727,0.005937645801215296
23598,PAPER BUNTING VINTAGE PARTY,1215.53,427,47,40,2.8466744730679157,0.005936180716671927
48197,DOORMAT BIRD ON THE WIRE,1213.8700000000001,231,23,16,5.254848484848486,0.005928073915531951
20752,BLUE POLKADOT WASHING UP GLOVES,1212.46,535,202,117,2.266280373831776,0.005921188018178116
21490,SET OF THREE 50'S GIFT WRAPS,1210.6,637,55,36,1.9004709576138146,0.005912104494009226
22680,FRENCH BLUE METAL DOOR SIGN 5,1210.34,879,165,65,1.3769510807736063,0.0059108347540716396
22233,JIGSAW RABBIT AND BIRDHOUSE,1210.11,949,164,112,1.2751422550052687,0.00590971152258839
84823,DANISH ROSE FOLDING CHAIR,1210.0,120,29,29,10.083333333333334,0.005909174324922488
84687,BEACH HUT SHELF W 3 DRAWERS,1208.06,314,73,43,3.847324840764331,0.005899700111542033
22265,EASTER DECORATION NATURAL CHICK,1207.8,1843,168,107,0.6553445469343462,0.005898430371604447
21396,RED SPOTTY EGG CUP,1205.25,948,77,45,1.2713607594936709,0.005885977152985809
20771,CHRYSANTHEMUM  JOURNAL,1201.68,606,140,91,1.9829702970297032,0.005868542646919716
21904,HOUSE WRECKING METAL SIGN,1201.52,757,145,103,1.587212681638045,0.005867761268496585
21130,COLOURFUL STANDING GNOME,1200.93,721,49,29,1.6656449375866853,0.005864879935561292
79066K,RETRO MOD TRAY,1200.25,1377,240,103,0.8716412490922295,0.005861559077262988
22256,FELT FARM ANIMAL CHICKEN,1200.07,933,119,78,1.2862486602357985,0.005860680026536966
23444,Next Day Carriage,1200.0,79,79,63,15.189873417721518,0.005860338173476848
84658,WHITE STITCHED CUSHION COVER,1199.66,214,64,50,5.60588785046729,0.005858677744327696
21883,STARS GIFT TAPE,1199.48,2348,226,132,0.5108517887563884,0.005857798693601674
23026,DRAWER KNOB VINTAGE GLASS STAR,1198.96,556,62,43,2.156402877697842,0.005855259213726502
22448,PIN CUSHION BABUSHKA RED,1196.0600000000002,358,85,54,3.3409497206703915,0.005841096729807266
22403,MAGNETS PACK OF 4 VINTAGE LABELS,1195.8899999999999,1715,212,137,0.6973119533527696,0.005840266515232689
47591B,SCOTTIES CHILDRENS APRON,1195.22,754,183,62,1.5851724137931036,0.005836994493085832
84830,LARGE ENGLISH ARBORETUM,1195.15,113,7,7,10.576548672566373,0.0058366526400257124
85129D,BEADED CRYSTAL HEART PINK SMALL,1193.56,793,168,59,1.5051197982345523,0.005828887691945855
84625A,PINK NEW BAROQUECANDLESTICK CANDLE,1193.0,838,81,40,1.4236276849642004,0.0058261528674649
23071,MARIE ANTOINETTE TRINKET BOX GOLD,1192.6,314,18,15,3.798089171974522,0.005824199421407073
22204,MILK PAN BLUE RETROSPOT,1192.13,311,77,42,3.8332154340836015,0.0058219041222891295
22102,MIRROR MOSAIC T-LIGHT HOLDER,1191.69,1842,59,35,0.6469543973941368,0.005819755331625521
72232,FENG SHUI PILLAR CANDLE,1190.9199999999998,6268,118,72,0.18999999999999997,0.005815994947964205
84559A,3D SHEET OF DOG STICKERS,1190.1699999999998,1321,230,107,0.9009613928841785,0.005812332236605783
84750A,PINK SMALL GLASS CAKE STAND,1189.23,544,105,42,2.1860845588235294,0.005807741638369893
22733,3D STICKERS TRADITIONAL CHRISTMAS,1187.0,980,36,36,1.2112244897959183,0.005796851176597515
47503E,ASS FLORAL PRINT SCISSORS,1186.9,6842,25,21,0.17347266881028942,0.005796362815083059
20934,SET/3 POT PLANT CANDLES,1185.07,197,74,44,6.015583756345177,0.005787425799368507
84815,SET OF 3 DANISH ROSE PLANTERS,1183.8200000000002,926,53,34,1.2784233261339095,0.005781321280437802
22761,CHEST 7 DRAWER MA CAMPAGNE,1182.78,48,34,27,24.64125,0.005776242320687455
23539,WALL ART LOVES' SECRET,1180.35,239,39,31,4.938702928870293,0.005764375135886164
22597,MUSICAL ZINC HEART DECORATION,1179.59,2763,176,90,0.4269236337314513,0.005760663588376296
21806,WHITE CHRISTMAS HEART DECORATION,1179.4299999999998,2707,128,95,0.4356963428149242,0.005759882209953164
21312,LARGE CHUNKY GLASS ROMAN BOWL,1179.17,299,26,19,3.9437123745819402,0.005758612470015579
21530,DAIRY MAID TOASTRACK,1178.5,900,143,88,1.3094444444444444,0.005755340447868721
85130A,BEADED PEARL HEART WHITE LARGE,1176.29,685,86,59,1.7172116788321168,0.005744547658399234
23225,CHERUB HEART DECORATION SILVER,1176.17,1355,88,46,0.8680221402214022,0.005743961624581887
84674,FLYING PIG WATERING CAN,1175.93,460,106,67,2.5563695652173912,0.005742789556947192
21395,BLUE POLKADOT BEAKER,1174.1599999999999,2856,92,64,0.4111204481792717,0.005734145558141312
72819,CUPID DESIGN SCENTED CANDLES,1174.01,694,92,59,1.691657060518732,0.005733413015869628
23431,NATURAL HANGING QUILTED HEARTS,1171.23,1449,72,63,0.8083022774327122,0.005719836565767741
22321,BIRD DECORATION RED RETROSPOT,1170.3999999999999,1261,164,58,0.9281522601110229,0.005715783165197752
22321,BIRD DECORATION RED SPOT,1169.55,1267,141,67,0.9230860299921073,0.005711632092324872
22048,BIRTHDAY BANQUET GIFT WRAP,1166.3,2815,102,93,0.4143161634103019,0.005695760343105039
23418,LAVENDER TOILETTE BOTTLE,1166.0,557,79,55,2.0933572710951527,0.00569429525856167
23515,EMBROIDERED RIBBON REEL DAISY,1164.98,579,71,58,2.012055267702936,0.005689313971114215
84313B,BLUE TV TRAY TABLE,1164.04,227,83,24,5.127929515418502,0.005684723372878325
21650,ASSORTED TUTTI FRUTTI BRACELET,1163.8,3204,197,84,0.36323345817727837,0.005683551305243629
23508,MINI PLAYING CARDS DOLLY GIRL,1163.45,2627,120,95,0.4428816140083746,0.005681842039943033
21649,ASSORTED TUTTI FRUTTI PHOTO FRAME,1162.89,421,29,19,2.762209026128266,0.005679107215462076
37475,SET/4 COLOURFUL MIXING BOWLS,1160.56,116,72,45,10.004827586206897,0.005667728392175241
21291,SMALL POLKADOT CHOCOLATE GIFT BAG,1159.44,1338,76,50,0.8665470852017938,0.005662258743213331
22253,6 CROCHET STRAWBERRIES,1158.28,964,86,62,1.2015352697095436,0.005656593749645636
21763,VINTAGE WOODEN BAR STOOL,1157.8999999999999,43,17,15,26.927906976744183,0.0056547379758907015
23566,EGG CUP MILKMAID HEIDI,1156.93,881,83,44,1.313200908059024,0.005650000869200475
23507,MINI PLAYING CARDS BUFFALO BILL,1155.67,2882,119,91,0.40099583622484386,0.005643847514118324
23269,SET OF 2 CERAMIC CHRISTMAS TREES,1152.98,779,94,63,1.4800770218228498,0.005630710589379447
22264,FELT FARM ANIMAL WHITE BUNNY,1152.22,2014,168,80,0.5721052631578948,0.005626999041869578
84847,FLORAL BATHROOM SET,1149.73,2330,49,32,0.49344635193133046,0.005614838840159613
22806,SET OF 6 T-LIGHTS WEDDING CAKE,1149.0200000000002,430,57,42,2.6721395348837214,0.005611371473406975
35962,12 ASS ZINC CHRISTMAS DECORATIONS,1148.0500000000002,487,76,39,2.357392197125257,0.0056066343667167465
22814,CARD PARTY GAMES,1147.77,2728,295,101,0.42073680351906156,0.005605266954476267
21261,GREEN GOOSE FEATHER CHRISTMAS TREE,1146.1200000000001,283,77,37,4.049893992932863,0.005597208989487738
21316,SMALL CHUNKY GLASS ROMAN  BOWL,1146.1100000000001,693,47,33,1.653838383838384,0.005597160153336292
22615,PACK OF 12 CIRCUS PARADE TISSUES,1145.8799999999999,3718,188,110,0.30819795589026355,0.005596036921853041
72598,SET/12 TAPER CANDLES,1145.76,1244,158,74,0.9210289389067524,0.005595450888035694
22040,BOTANICAL ROSE GIFT WRAP,1144.3,2815,94,82,0.4065008880994671,0.005588320809924631
20932,PINK POT PLANT CANDLE,1143.97,333,81,54,3.4353453453453455,0.005586709216926925
84750B,BLACK SMALL GLASS CAKE STAND,1142.02,609,78,43,1.8752380952380951,0.0055771861673950245
22718,CARD CAT AND TREE,1141.36,2605,264,114,0.4381420345489443,0.005573962981399612
22786,CUSHION COVER PINK UNION JACK,1140.27,181,70,50,6.299834254143646,0.005568639840892037
21366,MIRRORED WALL ART PHOTO FRAMES,1140.0,238,77,24,4.7899159663865545,0.005567321264803005
85110,BLACK SILVER FLOWER T-LIGHT HOLDER,1138.04,11520,23,17,0.09878819444444444,0.00555774937911966
84596E,SMALL LICORICE DES PINK BOWL,1137.84,1127,201,90,1.0096184560780834,0.005556772656090747
22731,3D STICKERS CHRISTMAS STAMPS,1137.0,940,34,34,1.2095744680851064,0.005552670419369314
21942,SKULLS DESIGN FLANNEL,1136.28,1672,221,41,0.6795933014354066,0.005549154216465227
37424,WHITE WITH BLACK CATS MUG,1134.68,5249,108,28,0.21617069918079634,0.0055413404322339245
22230,JIGSAW TREE WITH WATERING CAN,1134.6399999999999,1657,193,96,0.6847555823777911,0.005541145087628142
22715,CARD WEDDING DAY,1133.93,2717,218,125,0.4173463378726537,0.005537677720875501
85118,HEART T-LIGHT HOLDER,1133.68,2054,81,55,0.551937682570594,0.005536456817089361
22598,CHRISTMAS MUSICAL ZINC TREE,1131.85,1790,144,82,0.6323184357541899,0.005527519801374808
21555,CERAMIC STRAWBERRY TRINKET TRAY,1131.3700000000001,425,134,38,2.66204705882353,0.0055251756661054184
21413,PERIWINKLE T-LIGHT HOLDER,1131.14,3162,52,25,0.35772928526249215,0.005524052434622168
22739,"RIBBON REEL, XMAS SOCK/BAUBLE",1131.0,700,46,45,1.6157142857142857,0.00552336872850193
23506,MINI PLAYING CARDS SPACEBOY,1129.1200000000001,2723,146,114,0.41466030113845026,0.005514187532030149
37482B,CUBIC MUG BLUE POLKA DOT,1127.9099999999999,1251,9,5,0.9016067146282972,0.005508278357705226
22255,FELT TOADSTOOL  SMALL,1127.11,1185,142,73,0.9511476793248944,0.005504371465589574
22985,"WRAP, BILLBOARD FONTS DESIGN",1126.22,2891,72,65,0.3895607056381875,0.005500025048110913
21040,MODERN VINTAGE COTTON SHOPPING BAG,1125.85,894,68,43,1.2593400447427292,0.0054982181105074236
20700,GREEN CAT FLORAL CUSHION COVER,1125.05,420,103,11,2.678690476190476,0.0054943112183917725
85124C,GREEN JUICY FRUIT PHOTO FRAME,1123.89,426,121,51,2.6382394366197186,0.005488646224824079
20832,RED FLOCK LOVE HEART PHOTO FRAME,1122.6499999999999,1681,158,86,0.6678465199286139,0.005482590542044819
22252,BIRDCAGE DECORATION TEALIGHT HOLDER,1122.01,935,110,83,1.2000106951871659,0.005479465028352298
22984,CARD GINGHAM ROSE,1121.29,2753,167,93,0.4072974936432982,0.005475948825448212
85136A,YELLOW SHARK HELICOPTER,1121.28,138,106,64,8.125217391304348,0.005475899989296766
85224,ASSORTED COLOUR SILK GLASSES CASE,1120.96,2004,61,35,0.5593612774451098,0.005474337232450506
23510,MINI PLAYING CARDS GYMKHANA,1118.8,2521,120,90,0.4437921459738199,0.0054637886237382475
23411,TRELLIS COAT RACK,1118.6100000000001,227,56,42,4.9277973568281945,0.0054628607368607815
17096,ASSORTED LAQUERED INCENSE HOLDERS,1117.0900000000001,6240,76,25,0.17902083333333335,0.0054554376418410435
22287,"DECORATION , WOBBLY CHICKEN, METAL",1116.6100000000001,780,76,58,1.4315512820512821,0.005453093506571653
21746,SMALL RED SPOT  WINDMILL,1116.44,852,76,45,1.3103755868544602,0.005452263291997077
21010,ETCHED GLASS BIRD TREE DECORATION,1114.76,850,83,62,1.3114823529411765,0.005444058818554209
23513,EMBROIDERED RIBBON REEL SUSIE,1114.26,566,70,59,1.9686572438162544,0.0054416170109819265
47504H,ENGLISH ROSE SPIRIT LEVEL,1113.07,1028,140,81,1.0827529182879376,0.005435805508959895
20669,RED HEART LUGGAGE TAG,1111.89,797,214,103,1.395094102885822,0.0054300428430893105
47593B,SCOTTIE DOGS BABY BIB,1108.9299999999998,2147,304,77,0.5165020959478341,0.0054155873422614
23433,HANGING QUILTED PATCHWORK APPLES,1108.5800000000002,1258,89,76,0.8812241653418125,0.005413878076960804
84678,CLASSICAL ROSE SMALL VASE,1108.28,565,81,52,1.9615575221238937,0.005412412992417434
21707,FOLDING UMBRELLA BLACKBLUE POLKADOT,1107.94,230,103,61,4.817130434782609,0.005410752563268282
84631,FRUIT TREE AND BIRDS WALL PLAQUE,1106.16,288,50,19,3.8408333333333338,0.005402059728310958
21944,KITTENS DESIGN FLANNEL,1106.01,1789,204,53,0.6182280603689212,0.0054013271860392734
21666,RIDGED GLASS T-LIGHT HOLDER,1105.15,1760,85,49,0.6279261363636364,0.005397127277014949
22116,METAL SIGN HIS DINNER IS SERVED,1103.88,823,198,96,1.3412879708383962,0.005390925085781353
21202,DOLLY HONEYCOMB GARLAND,1103.48,854,66,53,1.2921311475409836,0.005388971639723527
84638,SMALL KITCHEN FLOWER POTS PLAQUE,1101.55,400,69,27,2.753875,0.005379546262494518
23375,50'S CHRISTMAS PAPER GIFT BAG,1100.6899999999998,1342,103,85,0.8201862891207152,0.005375346353470192
47587A,PINK FAIRY CAKE COASTER,1099.88,2706,26,7,0.406459719142646,0.005371390625203096
22709,WRAP WEDDING DAY,1099.58,2799,77,68,0.3928474455162558,0.005369925540659726
22679,FRENCH BLUE METAL DOOR SIGN 4,1099.34,795,168,59,1.382817610062893,0.005368753473025031
21131,GOLD STANDING GNOME,1098.86,276,49,18,3.9813768115942025,0.00536640933775564
21779,MA CAMPAGNE MINI WOODEN CHEST,1097.8000000000002,301,22,21,3.64717607973422,0.005361232705702403
84358,FLOOR LAMP SHADE WOOD BASE,1097.48,121,29,11,9.0700826446281,0.005359669948856143
85212,MINI PAINTED GARDEN DECORATION,1096.56,2831,121,82,0.3873401624867538,0.0053551770229231434
37479B,CUBIC MUG FLOCK BLUE ON BROWN,1095.8500000000001,1253,32,20,0.8745810055865922,0.005351709656170504
20892,SET/3 TALL GLASS CANDLE HOLDER PINK,1095.35,102,38,21,10.738725490196078,0.00534926784859822
22997,TRAVEL CARD WALLET UNION JACK,1094.93,2545,222,101,0.4302278978388998,0.005347216730237504
84989A,75 GREEN FAIRY CAKE CASES,1093.42,2120,152,95,0.5157641509433962,0.005339842471369213
20867,PINK ROSE FABRIC MIRROR,1093.14,1098,153,68,0.9955737704918034,0.0053384750591287345
84968F,S/16 VINTAGE SKY BLUE CUTLERY,1092.42,84,51,23,13.005,0.005334958856224648
85093,CANDY SPOT EGG WARMER HARE,1091.21,1361,152,57,0.8017707567964732,0.005329049681899726
23087,ZINC  HEART T-LIGHT HOLDER,1090.66,868,69,43,1.256520737327189,0.005326363693570216
20755,BLUE PAISLEY POCKET BOOK,1089.73,5145,122,74,0.21180369290573373,0.0053218219314857705
21818,GLITTER HEART DECORATION,1088.59,2469,142,104,0.4409031996759821,0.005316254610220968
23432,PRETTY HANGING QUILTED HEARTS,1088.3600000000001,1276,74,65,0.8529467084639499,0.005315131378737719
84791,GINGHAM HEART DECORATION,1086.13,334,106,66,3.2518862275449103,0.005304240916965341
21839,MUMMY MOUSE RED GINGHAM RIBBON,1085.5900000000001,201,83,71,5.400945273631842,0.005301603764787276
72815,3 WICK CHRISTMAS BRIAR CANDLE,1083.36,282,70,53,3.841702127659574,0.005290713303014898
23347,I LOVE LONDON BEAKER,1077.3,860,97,51,1.252674418604651,0.0052611185952388395
21817,GLITTER CHRISTMAS TREE,1077.19,1687,130,102,0.6385240071132188,0.005260581397572938
21708,FOLDING UMBRELLA CREAM POLKADOT,1076.23,232,76,36,4.638922413793104,0.005255893127034156
21632,VINTAGE PINK DECORATIVE PARASOL,1076.22,132,53,30,8.15318181818182,0.005255844290882711
23102,SILVER HEARTS TABLE DECORATION,1075.03,1274,157,128,0.8438226059654631,0.00525003278886068
21850,BLUE  DIAMANTE PEN IN GIFT BOX,1072.98,447,106,29,2.4004026845637583,0.005240021377814323
23041,PAPER LANTERN 9 POINT SNOW STAR,1070.58,246,48,40,4.351951219512195,0.005228300701467369
21391,FRENCH LAVENDER SCENT HEART,1070.29,1076,108,70,0.9946933085501859,0.005226884453075446
21758,VINTAGE SHELLS PRINT,1069.76,135,79,34,7.924148148148148,0.005224296137048827
85126,LARGE ROUND CUTGLASS CANDLESTICK,1069.16,156,34,22,6.853589743589744,0.005221365967962089
21827,EIGHT PIECE CREEPY CRAWLIE SET,1068.89,835,134,89,1.280107784431138,0.005220047391873057
82001S,SILVER RECORD COVER FRAME,1067.76,287,26,13,3.720418118466899,0.005214528906759699
84559B,3D SHEET OF CAT STICKERS,1065.55,1199,195,97,0.8886989157631359,0.005203736117290212
23331,DECORATIVE WICKER HEART SMALL,1062.28,1596,109,67,0.6655889724310777,0.005187766695767488
85131D,BEADED CRYSTAL HEART PINK ON STICK,1061.41,1423,256,17,0.7458959943780745,0.005183517950591718
22860,EASTER TIN CHICKS PINK DAISY,1060.85,612,111,85,1.7334150326797384,0.005180783126110761
22740,POLKA DOT PEN,1060.8,1248,24,23,0.85,0.005180538945353533
22532,MAGIC DRAWING SLATE LEAP FROG,1060.78,2766,173,129,0.38350686912509035,0.005180441273050642
21815,STAR  T-LIGHT HOLDER,1060.24,679,92,58,1.5614727540500737,0.005177804120872578
72800F,4 IVORY DINNER CANDLES GOLD FLOCK,1060.19,822,67,51,1.2897688564476886,0.005177559940115349
22856,ASSORTED EASTER DECORATIONS  BELLS,1059.8500000000001,877,32,25,1.2084948688711519,0.0051758995109661985
23033,DRAWER KNOB CERAMIC RED,1058.8999999999999,714,74,42,1.4830532212885152,0.005171260076578862
85008,SET OF 3 CONEY ISLAND OVAL BOXES,1058.72,269,99,77,3.935762081784387,0.00517038102585284
22995,TRAVEL CARD WALLET SUKI,1058.64,2381,266,90,0.444619907601848,0.005169990336641276
23516,EMBROIDERED RIBBON REEL SOPHIE,1058.6,296,42,39,3.576351351351351,0.005169794992035492
85163A,WHITE BAROQUE WALL CLOCK,1058.17,103,57,35,10.273495145631069,0.00516769503752333
35651,VINTAGE BEAD PINK SCARF,1057.6200000000001,459,63,32,2.304183006535948,0.005165009049193821
85179B,WHITE BITTY LIGHT CHAIN,1056.6,246,45,33,4.295121951219512,0.005160027761746364
23529,DOLLY GIRL WALL ART,1055.94,318,11,10,3.320566037735849,0.005156804575750952
16047,POP ART PEN CASE & PENS,1054.7,10612,31,21,0.09938748586505843,0.005150748892971693
21399,BLUE POLKADOT COFFEE MUG,1054.46,2137,83,56,0.49343004211511465,0.005149576825336997
23402,HOME SWEET HOME 3 PEG HANGER,1053.53,271,64,44,3.887564575645756,0.0051450350632525526
21825,PAINTED METAL TREE WITH HOLLY BELLS,1053.1899999999998,733,75,62,1.436821282401091,0.0051433746341034
84908B,BLUE 5 PATCH FLOWER CUSHION COVER,1052.29,435,35,2,2.4190574712643675,0.005138979380473293
85078,SCANDINAVIAN 3 HEARTS NAPKIN RING,1052.02,2258,162,63,0.4659078830823738,0.005137660804384261
37327,ASSTD MULTICOLOUR CIRCLES MUG,1051.69,1739,88,42,0.6047671075330651,0.005136049211386555
20783,HEART EAR MUFF HEADPHONES,1051.4,165,55,20,6.372121212121213,0.005134632962994632
23327,HANGING CLEAR MINI BOTTLE,1051.1399999999999,1734,41,33,0.6061937716262975,0.0051333632230570435
84965A,PINK KASHMIRI COFFEE TABLE,1050.0,20,3,2,52.5,0.005127795901792242
22857,ASSORTED EASTER GIFT TAGS,1048.28,1230,66,60,0.852260162601626,0.005119396083743592
22821,GIFT BAG PSYCHEDELIC APPLES,1047.45,1660,186,83,0.6309939759036145,0.005115342683173604
21061,PARTY INVITES FOOTBALL,1046.56,1396,163,104,0.7496848137535816,0.005110996265694941
84707A,SILVER JEWELLED MIRROR TRINKET TRAY,1045.8799999999999,125,64,36,8.36704,0.005107675407396637
84908A,PINK 5 PATCH FLOWER CUSHION COVER,1045.16,432,36,4,2.419351851851852,0.005104159204492553
46775A,BUBBLE GUM CHUNKY KNITTED THROW,1044.23,83,32,3,12.581084337349397,0.005099617442408107
23419,HOME SWEET HOME BOTTLE,1043.72,473,86,56,2.206596194503171,0.00509712679868438
35646,VINTAGE BEAD PINK EVENING BAG,1043.44,642,104,37,1.6252959501557633,0.005095759386443901
18007,ESSENTIAL BALM 3.5g TIN IN ENVELOPE,1043.22,11396,72,40,0.09154264654264654,0.005094684991112097
23542,70'S ALPHABET WALL ART,1043.1,150,15,14,6.954,0.00509409895729475
84405A,S/3 PINK COL METAL BASKET W HANDLE,1042.16,129,50,40,8.078759689922482,0.00508950835905886
22266,EASTER DECORATION HANGING BUNNY,1040.11,2542,161,101,0.40916994492525566,0.005079496948012503
23231,WRAP  VINTAGE DOILY,1039.08,2474,94,80,0.42,0.005074466824413602
20671,BLUE TEATIME PRINT BOWL,1038.72,786,143,70,1.321526717557252,0.00507270872296156
85124A,PINK JUICY FRUIT PHOTO FRAME,1037.13,377,95,43,2.751007957559682,0.005064943774881703
21269,ANTIQUE CREAM CUTLERY SHELF,1036.84,114,65,52,9.095087719298245,0.005063527526489779
21725,SWEETIES  STICKERS,1036.4299999999998,1135,173,81,0.9131541850220263,0.005061525244280506
20622,VIPPASSPORT COVER,1033.55,539,111,54,1.9175324675324674,0.005047460432664163
23088,ZINC HEART FLOWER T-LIGHT HOLDER,1033.28,795,79,52,1.2997232704402515,0.005046141856575131
85160B,BLACK BIRD GARDEN DESIGN MUG,1032.7,6155,36,28,0.16778229082047116,0.005043309359791285
21664,RIDGED GLASS STORAGE JAR CREAM LID,1031.07,258,67,44,3.996395348837209,0.0050353490671056446
84686,BEACH HUT MIRROR,1027.79,389,76,33,2.642133676092545,0.005019330809431474
85104,SILVER GLASS T-LIGHT SET,1024.49,351,56,40,2.918774928774929,0.005003214879454413
84625C,BLUE NEW BAROQUE CANDLESTICK CANDLE,1024.15,770,71,29,1.3300649350649352,0.005001554450305262
82616C,MIDNIGHT GLAMOUR SCARF KNITTING KIT,1024.1,632,142,57,1.6204113924050632,0.0050013102695480325
21417,COCKLE SHELL DISH,1023.9,502,118,41,2.0396414342629483,0.005000333546519121
35923,CANDY HEART HANGING DECORATION,1023.77,1545,112,51,0.6626343042071198,0.0049996986765503265
22247,BUNNY DECORATION MAGIC GARDEN,1022.79,1184,182,86,0.8638429054054054,0.0049949127337086535
22382,LUNCHBAG SPACEBOY DESIGN,1022.6,644,45,44,1.587888198757764,0.004993984846831187
85180B,PINK HEARTS LIGHT CHAIN,1022.16,364,67,29,2.808131868131868,0.004991836056167579
23452,HEART MINI PORTRAIT FRAME,1021.76,518,87,69,1.9725096525096526,0.004989882610109753
23153,ZINC SWEETHEART WIRE LETTER RACK,1020.69,263,90,67,3.8809505703422054,0.00498465714190507
22717,CARD DOG AND BALL,1018.42,2405,215,118,0.42345945945945945,0.00497357133552691
84985A,SET OF 72 GREEN PAPER DOILIES,1018.13,644,153,95,1.5809472049689441,0.004972155087134986
20839,FRENCH PAISLEY CUSHION COVER,1018.11,633,118,53,1.6083886255924171,0.004972057414832094
84923,PINK BUTTERFLY HANDBAG W BOBBLES,1017.64,234,150,5,4.348888888888889,0.004969762115714149
85031C,CURIOUS IMAGES SCRAP BOOK SET,1017.48,481,106,23,2.1153430353430354,0.0049689807372910195
21814,HEART T-LIGHT HOLDER,1016.53,670,95,59,1.5172089552238806,0.004964341302903684
85099f,JUMBO BAG STRAWBERRY,1016.3599999999999,201,25,0,5.056517412935323,0.0049635110883291065
23544,WALL ART MID CENTURY MODERN,1015.78,164,20,17,6.193780487804878,0.00496067859154526
22049,WRAP CHRISTMAS SCREEN PRINT,1015.75,3500,114,95,0.2902142857142857,0.004960532083090923
22420,LIPSTICK PEN BABY PINK,1014.75,2111,234,111,0.48069635243960207,0.00495564846794636
84709B,PINK OVAL JEWELLED MIRROR,1014.48,176,86,32,5.76409090909091,0.004954329891857327
20619,TROPICAL PASSPORT COVER,1014.42,578,194,46,1.7550519031141867,0.004954036874948653
84596L,BISCUITS SMALL BOWL LIGHT BLUE,1013.96,1536,255,78,0.6601302083333334,0.0049517904119821534
20730,STRAWBERRY CANDY BAG,1011.7,2218,102,34,0.456131650135257,0.004940753441755439
23525,WALL ART BUFFALO BILL,1011.1,334,37,24,3.027245508982036,0.004937823272668701
22681,FRENCH BLUE METAL DOOR SIGN 6,1009.42,737,133,49,1.3696336499321573,0.004929618799225832
21084,SET/6 COLLAGE PAPER CUPS,1008.8100000000001,2929,223,113,0.3444213041993855,0.004926639793987649
47589,CONGRATULATIONS BUNTING,1008.73,183,76,59,5.512185792349727,0.004926249104776084
84929,ASSTD FRUIT+FLOWERS FRIDGE MAGNETS,1007.52,3096,93,82,0.32542635658914726,0.004920339930451162
23460,SWEETHEART WALL TIDY,1007.0799999999999,108,43,41,9.324814814814815,0.004918191139787553
22643,SET OF 4 NAPKIN CHARMS LEAVES,1006.24,464,96,72,2.1686206896551723,0.00491408890306612
22416,36 DOILIES SPACEBOY DESIGN,1005.37,709,56,49,1.4180112834978844,0.004909840157890349
21836,GINGHAM OVEN GLOVE RED HEART,1003.89,249,100,77,4.031686746987952,0.0049026124074763935
23121,PACK OF 6 COCKTAIL PARASOL STRAWS,1000.44,2501,111,81,0.400015993602559,0.004885763935227648
21427,SKULLS STORAGE BOX SMALL,999.06,507,119,55,1.970532544378698,0.004879024546328149
23533,WALL ART GARDEN HAVEN,998.64,215,36,27,4.644837209302326,0.004876973427967432
21127,COLOURFUL FISHING GNOME,998.03,297,48,25,3.3603703703703705,0.004873994422729249
21250,SET OF SKULL WALL STICKERS,997.5500000000001,402,60,47,2.4814676616915423,0.004871650287459858
23517,EMBROIDERED RIBBON REEL REBECCA,996.38,334,63,50,2.9831736526946107,0.004865936457740718
20705,MRS ROBOT SOFT TOY,996.19,273,53,47,3.6490476190476193,0.004865008570863251
23131,MISELTOE HEART WREATH CREAM,996.0,240,1,1,4.15,0.004864080683985784
20782,CAMOUFLAGE EAR MUFF HEADPHONES,995.48,155,87,39,6.422451612903226,0.004861541204110611
85170C,SET/6 EAU DE NIL BIRD T-LIGHTS,993.03,543,107,40,1.8287845303867403,0.004849576347006428
20617,FIRST CLASS PASSPORT COVER,992.99,498,105,59,1.9939558232931727,0.0048493810024006455
72484,ROSES IN WHITE HEART CANDLE,991.38,1818,64,45,0.5453135313531353,0.004841518382017898
21690,SILVER  CANDLEPOT JARDIN,990.84,258,82,65,3.84046511627907,0.0048388812298398335
21721,CANDY SHOP  STICKER SHEET,990.5,1090,144,73,0.9087155963302752,0.004837220800690682
84964B,BLUE PAINTED KASHMIRI TABLE,990.0,17,2,2,58.23529411764706,0.004834778993118399
21335,LIBRARY LAMP,989.62,42,28,17,23.562380952380952,0.004832923219363465
84660C,PINK STITCHED WALL CLOCK,987.98,725,85,29,1.3627310344827586,0.00482491409052638
23281,FOLDING BUTTERFLY MIRROR RED,985.8800000000001,1262,99,56,0.7812044374009509,0.004814658498722796
21636,MADRAS NOTEBOOK MEDIUM,985.74,1014,98,74,0.9721301775147929,0.004813974792602556
82613B,"METAL SIGN,CUPCAKE SINGLE HOOK",985.5699999999999,896,223,73,1.0999665178571427,0.004813144578027981
21303,FILIGREE WALL MIRROR  ANTIQUE WHITE,985.54,96,30,24,10.266041666666666,0.0048129980695736435
85025B,EAU DE NILE HEART SHAPE PHOTO FRAME,985.4,570,95,55,1.7287719298245614,0.004812314363453405
35958,FOLKART ZINC STAR CHRISTMAS DEC,984.63,1131,82,58,0.8705835543766578,0.0048085539797920905
17021,NAMASTE SWAGAT INCENSE,984.24,3720,76,45,0.2645806451612903,0.00480664936988571
35653,VINTAGE BEAD NOTEBOOK,982.5300000000001,311,113,42,3.159260450160772,0.004798298387988506
85019B,BLOSSOM  IMAGES NOTEBOOK SET,982.47,718,47,31,1.3683426183844012,0.004798005371079832
23518,EMBROIDERED RIBBON REEL RACHEL,980.41,361,44,40,2.7158171745152355,0.0047879451238820306
84030e,ENGLISH ROSE HOT WATER BOTTLE,979.4000000000001,120,46,0,8.161666666666667,0.00478301267258602
22108,PING! MICROWAVE PLATE,978.74,313,128,34,3.126964856230032,0.0047797894865906085
82616B,FRAPPUCINO SCARF KNITTING KIT,977.5500000000001,606,126,57,1.6131188118811883,0.004773977984568577
23514,EMBROIDERED RIBBON REEL SALLY,977.39,478,74,57,2.0447489539748953,0.004773196606145447
21208,PASTEL COLOUR HONEYCOMB FAN,976.91,1078,120,65,0.9062244897959183,0.004770852470876056
23512,EMBROIDERED RIBBON REEL ROSIE,975.24,500,57,46,1.95048,0.004762696833584634
35599B,BLACK CHRISTMAS TREE 120CM,974.81,268,51,26,3.6373507462686567,0.004760596879072472
22310,KNITTED MUG COSY IVORY COLOUR,973.59,597,58,20,1.6308040201005025,0.004754638868596103
84873a,FUNKY FLOWER PICNIC BAG FOR 4,973.36,88,59,0,11.06090909090909,0.0047535156371128545
71279,PINK GLASS CANDLEHOLDER,972.1100000000001,293,78,34,3.3177815699658706,0.00474741111818215
84800L,LARGE WHITE/PINK ROSE ART FLOWER,970.7900000000001,650,38,32,1.493523076923077,0.004740964746191324
21562,HAWAIIAN GRASS SKIRT,970.2800000000001,678,73,47,1.4310914454277288,0.004738474102467596
85018D,YULETIDE IMAGES S/6 PAPER BOXES,969.9,787,80,57,1.2324015247776365,0.004736618328712662
78124,MAGAZINE RACK GEBRA ASSORTED,969.61,730,31,25,1.3282328767123288,0.004735202080320739
22104,MIRROR MOSAIC CANDLE PLATE,968.0799999999999,1187,99,31,0.8155686604886268,0.004727730149149556
85189,HANGING BUTTERFLY  EGG,967.9499999999999,1176,68,53,0.8230867346938775,0.004727095279180762
23183,MOTHER'S KITCHEN SPOON REST,967.17,226,84,45,4.279513274336283,0.004723286059368002
21299,EDWARDIAN TOILET ROLL UNIT,966.35,166,34,25,5.821385542168675,0.0047192814949494595
20830,SILVER PHOTO FRAME,964.61,407,82,36,2.37004914004914,0.004710784004597918
90175A,WHITE GLASS CHUNKY CHARM BRACELET,964.45,107,62,20,9.01355140186916,0.004710002626174789
20773,BLUE PAISLEY NOTEBOOK,963.98,3339,117,78,0.2887032045522612,0.004707707327056843
23107,WHITE HEARTS WIRE PLANT POT HOLDER,963.27,343,71,58,2.8083673469387755,0.004704239960304202
20774,GREEN FERN NOTEBOOK,962.48,3484,119,68,0.2762571756601607,0.004700381904339997
22682,FRENCH BLUE METAL DOOR SIGN 7,961.81,723,124,55,1.3303042876901798,0.0046971098821931385
21691,SILVER VANILLA FLOWER CANDLE POT,960.99,249,72,56,3.859397590361446,0.004693105317774597
85197,SET OF 12 MINI BUNNIES IN A BUCKET,959.46,1669,74,63,0.5748711803475135,0.004685633386603414
85130D,BEADED CRYSTAL HEART PINK LARGE,958.85,788,107,63,1.2168147208121827,0.00468265438136523
72753B,S/3 FLWR FAIRY LAVENDER CANDLES,957.73,445,14,11,2.152202247191011,0.004677184732403318
21805,WHITE CHRISTMAS TREE DECORATION,957.63,2221,103,77,0.43117064385411974,0.0046766963708888614
22994,TRAVEL CARD WALLET RETROSPOT,956.94,2194,218,89,0.4361622607110301,0.004673326676439112
84360,TABLE LAMP WHITE SHADE WOOD BASE,956.89,179,40,14,5.345754189944134,0.004673082495681884
22512,DOORSTOP RACING CAR DESIGN,956.1700000000001,384,71,54,2.490026041666667,0.004669566292777798
23529,WALL ART DOLLY GIRL,956.0500000000002,319,26,18,2.9970219435736682,0.004668980258960451
22246,MAGIC GARDEN FELT GARLAND,955.5899999999999,425,93,32,2.2484470588235292,0.004666733795993951
23380,PACK OF 12 VINTAGE DOILY TISSUES,955.42,2272,119,85,0.42051936619718305,0.004665903581419375
84664,CHERRY BLOSSOM BATHROOM CABINET,955.35,193,51,17,4.95,0.004665561728359255
85111,SILVER GLITTER FLOWER VOTIVE HOLDER,954.15,2907,77,50,0.3282249742002064,0.004659701390185778
20758,ABSTRACT CIRCLES POCKET BOOK,953.42,5425,95,61,0.17574562211981565,0.004656136351130246
85032B,BLOSSOM IMAGES GIFT WRAP SET,953.34,982,152,95,0.9708146639511201,0.004655745661918682
21711,FOLDING UMBRELLA  WHITE/RED  SPOT,953.0,262,28,24,3.6374045801526718,0.00465408523276953
21060,PARTY INVITES BALLOON GIRL,952.55,1276,151,102,0.746512539184953,0.004651887605954475
20878,SET/9 CHRISTMAS T-LIGHTS SCENTED,952.51,737,85,61,1.2924151967435549,0.004651692261348693
17012C,ORIGAMI LAVENDER INCENSE/CANDL SET,950.4,856,113,47,1.1102803738317757,0.004641387833393663
21129,SILVER FISHING GNOME,949.44,124,60,24,7.6567741935483875,0.004636699562854882
37492B,BLUE YELLOW FLOWER PIGGY BANK,946.72,489,44,33,1.936032719836401,0.004623416129661668
21331,MOROCCAN BEATEN METAL DISH LARGE,946.68,110,30,23,8.606181818181819,0.004623220785055885
85032C,CURIOUS IMAGES GIFT WRAP SET,946.59,886,161,85,1.0683860045146727,0.004622781259692875
21641,ASSORTED TUTTI FRUTTI KEYRING BALL,946.31,1666,111,43,0.5680132052821129,0.004621413847452396
22939,ADULT APRON APPLE DELIGHT,945.88,184,45,32,5.140652173913043,0.004619313892940234
20778,GARDEN PATH NOTEBOOK,944.36,3611,90,66,0.26152312378842424,0.004611890797920497
22986,WRAP GINGHAM ROSE,943.92,2276,82,69,0.4147275922671353,0.004609742007256888
22529,MAGIC DRAWING SLATE GO TO THE FAIR,943.71,2341,153,114,0.40312259718069204,0.0046087164480765296
85031A,ROMANTIC IMAGES SCRAP BOOK SET,943.44,477,102,36,1.977861635220126,0.004607397871987498
22143,CHRISTMAS CRAFT HEART DECORATIONS,942.88,446,70,51,2.1140807174887892,0.004604663047506541
20998,ROSE DU SUD OVEN GLOVE,942.2600000000001,324,127,52,2.9082098765432103,0.004601635206116912
22096,PINK PAISLEY SQUARE TISSUE BOX,938.86,1667,180,129,0.5632033593281344,0.004585030914625394
85124B,BLUE JUICY FRUIT PHOTO FRAME,938.47,353,102,45,2.658555240793201,0.004583126304719015
90147,CHUNKY SILVER NECKLACE PASTEL FLOWE,937.4499999999999,93,58,24,10.08010752688172,0.004578145017271559
84817,DANISH ROSE DECORATIVE PLATE,937.44,1059,79,70,0.8852124645892352,0.004578096181120114
84905,PINK BUTTERFLY CUSHION COVER,937.09,259,99,16,3.618108108108108,0.004576386915819516
23178,JAM CLOCK MAGNET,936.89,327,68,50,2.8651070336391435,0.004575410192790603
85121B,RETRO LAUNDRY TUB PINK,936.74,86,48,27,10.89232558139535,0.004574677650518919
23540,WALL ART THE MAGIC FOREST,933.16,148,13,8,6.305135135135135,0.004557194308301379
85226A,WHITE/BLUE PULL BACK RACING CAR,933.07,1714,144,95,0.5443815635939323,0.004556754782938369
47504E,ENGLISH ROSE SCISSORS,931.86,4387,48,31,0.2124139503077274,0.0045508456086134465
21726,MULTI HEARTS  STICKERS,930.99,1077,155,93,0.8644289693593314,0.0045465968634376755
23179,CLOCK MAGNET MUM'S KITCHEN,930.48,324,53,36,2.871851851851852,0.004544106219713948
21720,CAKE SHOP  STICKER SHEET,929.81,1068,112,73,0.8706086142322097,0.004540834197567089
21880,RED RETROSPOT TAPE,928.9000000000001,2000,258,95,0.46445000000000003,0.004536390107785537
21014,SWISS CHALET TREE DECORATION,928.0899999999999,1850,189,91,0.5016702702702702,0.004532434379518439
20831,GOLD PHOTO FRAME,927.96,474,79,34,1.9577215189873418,0.004531799509549647
20775,DAISY NOTEBOOK,926.54,3604,112,43,0.2570865704772475,0.004524864776044365
84918,CREAM CUSHION COVER WITH FLOWERS,925.62,198,60,13,4.674848484848485,0.004520371850111366
23099,FRENCH CARRIAGE LANTERN,925.35,137,58,46,6.754379562043796,0.004519053274022334
21284,RETROSPOT CANDLE  SMALL,923.97,1139,80,55,0.8112115891132573,0.004512313885122837
23527,ANIMALS AND NATURE WALL ART,923.97,267,17,16,3.460561797752809,0.004512313885122837
82607A,GLASS BONBON JAR PARFUME AUX FLEURE,923.72,663,159,65,1.3932428355957769,0.004511092981336695
84341B,SMALL PINK MAGIC CHRISTMAS TREE,922.18,1757,121,79,0.5248605577689243,0.004503572214014066
22703,PINK CAT BOWL,921.81,513,165,57,1.7969005847953214,0.004501765276410577
22268,EASTER DECORATION SITTING BUNNY,921.75,1074,153,89,0.8582402234636871,0.004501472259501904
20903,VINTAGE KEEPSAKE BOX TRAVELOGUE,919.8,187,86,19,4.918716577540106,0.0044919492099700035
22647,CERAMIC LOVE HEART MONEY BANK,919.63,1058,82,60,0.8692155009451796,0.004491118995395428
85121C,RETRO LAUNDRY TUB PISTACHIO,918.91,98,53,39,9.376632653061224,0.004487602792491341
72529W,WHITE ADVENT CANDLE,918.75,464,47,39,1.9800646551724137,0.004486821414068211
21702,SET 5 MINI GATEAUX  FRIDGE MAGNETS,918.6800000000001,2636,8,5,0.3485128983308043,0.004486479561008092
72045D,ROSES ON BLUE TEACUP CANDLE,918.65,539,6,3,1.7043599257884972,0.004486333052553755
21291,SMALL SPOTTY CHOCOLATE GIFT BAG,918.49,1073,77,52,0.8560018639328985,0.0044855516741306245
85130B,BEADED CRYSTAL HEART GREEN LARGE,918.33,911,83,50,1.008046103183315,0.004484770295707495
84600,NEW BAROQUE JEWELLERY BOX,918.27,108,52,31,8.5025,0.004484477278798821
21264,WHITE GOOSE FEATHER TREE 60CM,917.8499999999999,391,68,51,2.3474424552429665,0.004482426160438104
84907,PINK YELLOW PATCH CUSHION COVER,916.83,383,31,9,2.3938120104438645,0.004477444872990648
23338,EGG FRYING PAN RED,915.4000000000001,431,109,62,2.123897911832947,0.0044704613033339224
22683,FRENCH BLUE METAL DOOR SIGN 8,915.3,673,127,56,1.3600297176820206,0.004469972941819465
85019A,ROMANTIC IMAGES NOTEBOOK SET,915.04,647,49,37,1.4142812982998454,0.004468703201881879
21007,ETCHED GLASS DROPLET DECORATION,914.67,1927,48,36,0.4746600934094447,0.00446689626427839
23002,TRAVEL CARD WALLET SKULLS,914.37,2119,192,85,0.4315101462954224,0.004465431179735021
21320,GLASS CHALICE GREEN  LARGE,913.34,398,56,31,2.2948241206030153,0.00446040105613612
79030G,"TUMBLER, NEW ENGLAND",911.76,490,68,38,1.860734693877551,0.004452684944207709
22707,WRAP MONSTER FUN,905.94,2157,83,70,0.42000000000000004,0.004424262304066346
46000P,POLYESTER FILLER PAD 65CMx65CM,905.25,213,49,37,4.25,0.004420892609616597
46776C,WOVEN FROST CUSHION COVER,905.1,258,96,14,3.508139534883721,0.004420160067344912
48173c,DOORMAT BLACK FLOCK,904.97,54,25,0,16.758703703703706,0.0044195251973761195
22288,"DECORATION , HANGING METAL RABBIT",904.02,834,60,45,1.083956834532374,0.004414885762988784
23004,TRAVEL CARD WALLET PANTRY,903.16,2002,221,73,0.4511288711288711,0.0044106858539644574
21444,BLUE CHALET BIRDFEEDER,902.0300000000001,291,36,18,3.0997594501718218,0.004405167368851101
23532,WALL ART WORK REST AND PLAY,901.58,210,31,23,4.293238095238095,0.004402969742036047
22248,DECORATION  PINK CHICK MAGIC GARDEN,901.5,1013,173,77,0.8899308983218164,0.004402579052824482
21318,GLASS CHALICE BLUE SMALL,900.42,972,93,70,0.926358024691358,0.004397304748468353
21480,PINK STRIPE HOT WATER BOTTLE,899.5200000000001,285,57,35,3.15621052631579,0.004392909494838245
84660B,BLACK STITCHED WALL CLOCK,899.48,745,61,26,1.2073557046979866,0.004392714150232463
84820,DANISH ROSE TRINKET TRAYS,899.37,323,54,46,2.7844272445820435,0.004392176952566561
20913,SET/5 BLUE SPOTTY LID GLASS BOWLS,898.7199999999999,314,43,26,2.8621656050955413,0.0043890026027225935
17109B,FLOWER FAIRY INCENSE LAVENDER,896.3399999999999,4542,17,13,0.19734478203434608,0.004377379598678531
20941,FROG CANDLE,896.28,998,124,54,0.8980761523046092,0.004377086581769858
85031B,BLOSSOM IMAGES SCRAP BOOK SET,896.09,496,85,25,1.806633064516129,0.00437615869489239
84760L,LARGE HANGING GLASS+ZINC LANTERN,896.0,560,1,1,1.6,0.004375719169529379
22936,BAKING MOULD ROSE WHITE CHOCOLATE,895.97,279,50,30,3.211362007168459,0.004375572661075042
23472,NINE DRAWER OFFICE TIDY,894.42,58,33,29,15.42103448275862,0.004368003057600968
21676,FLOWERS  STICKERS,893.7199999999999,1193,159,75,0.7491366303436714,0.004364584526999773
85049e,SCANDINAVIAN REDS RIBBONS,893.25,268,61,0,3.3330223880597014,0.004362289227881829
84666,SQUARE CHERRY BLOSSOM CABINET,892.7,226,33,13,3.95,0.004359603239552319
20759,CHRYSANTHEMUM POCKET BOOK,891.13,5777,63,35,0.1542548035312446,0.004351935963775352
20757,RED DAISY POCKET BOOK,890.7,5347,78,49,0.1665793903123247,0.00434983600926319
17129F,BLUE GLASS GEMS IN BAG,890.12,911,81,14,0.9770801317233809,0.004347003512479343
85194S,HANGING SPRING FLOWER EGG SMALL,889.46,1760,131,84,0.505375,0.004343780326483931
21220,SET/4 BADGES DOGS,888.68,659,159,65,1.3485280728376328,0.004339971106671171
22953,BIRTHDAY PARTY CORDON BARRIER TAPE,888.55,712,116,73,1.2479634831460673,0.004339336236702377
21724,PANDA AND BUNNIES STICKER SHEET,888.3399999999999,996,178,81,0.8919076305220883,0.004338310677522018
85214,TUB 24 PINK FLOWER PEGS,886.23,514,169,94,1.7241828793774319,0.004328006249566989
23528,SPACEBOY WALL ART,885.9000000000001,306,13,12,2.8950980392156866,0.004326394656569283
84086C,PINK/PURPLE RETRO RADIO,884.75,297,88,25,2.978956228956229,0.004320778499153034
20991,JAZZ HEARTS MAGNETIC MEMO PAD,884.5600000000002,7084,32,12,0.12486730660643706,0.004319850612275568
22164,STRING OF STARS CARD HOLDER,883.2200000000001,315,49,40,2.8038730158730165,0.004313306567981852
23502,PLAYING CARDS VINTAGE DOILY,880.16,701,92,78,1.2555777460770328,0.004298362705639485
84974,S/2 ZINC HEART DESIGN PLANTERS,879.55,89,57,52,9.882584269662921,0.004295383700401301
72799A,BLACK PILLAR CANDLE SILVER FLOCK,877.8000000000001,612,18,14,1.434313725490196,0.004286837373898314
23423,PANTRY 3 HOOK ROLLING PIN HANGER,876.9,219,66,47,4.004109589041096,0.004282442120268206
21185,HOME SWEET HOME  BLACKBOARD,876.29,132,44,34,6.638560606060606,0.004279463115030022
21062,PARTY INVITES SPACEMAN,875.87,1053,136,102,0.8317853751187084,0.004277411996669305
35598B,BLACK CHRISTMAS TREE 60CM,874.65,931,57,37,0.9394736842105262,0.004271453986192937
90200C,BLUE SWEETHEART BRACELET,874.63,206,98,32,4.245776699029126,0.004271356313890046
20803,SMALL PINK GLASS SUNDAE DISH,874.46,1149,84,50,0.7610617928633595,0.004270526099315471
21270,ANTIQUE CREAM CUTLERY CUPBOARD,874.43,76,51,24,11.505657894736842,0.004270379590861133
22896,PEG BAG APPLE DESIGN,874.35,387,29,27,2.2593023255813955,0.004269988901649568
90200E,GREEN SWEETHEART BRACELET,873.97,209,91,36,4.181674641148326,0.004268133127894634
21338,MARAKESH LANTERN SMALL,873.25,199,13,9,4.38819095477387,0.004264616924990547
84925F,PSYCHEDELIC WALL THERMOMETER,873.11,714,34,29,1.222843137254902,0.004263933218870309
85165,CANDY PINK FRENCH BOUDOIR CLOCK,872.76,90,58,9,9.697333333333333,0.004262223953569711
23479,WIRE EGG BASKET,872.38,113,44,35,7.720176991150442,0.004260368179814777
21293,MIRRORED DOVE WALL DECORATION,872.34,343,85,29,2.543265306122449,0.004260172835208994
21414,SCALLOP SHELL SOAP DISH,870.89,1637,36,17,0.532003665241295,0.004253091593249376
21147,JINGLE BELLS TREE DECORATION,870.48,477,118,33,1.8249056603773586,0.0042510893110401056
21392,RED SPOTTY PUDDING BOWL,869.23,3828,31,20,0.22707157784743992,0.0042449847921094
23220,REINDEER HEART DECORATION GOLD,869.1500000000001,993,103,55,0.87527693856999,0.004244594102897836
84826,ASSTD DESIGN 3D PAPER STICKERS,869.08,1734,51,48,0.501199538638985,0.004244252249837716
17033,"BROCADE PURSE,SMALL ARCH BUTTON",867.8399999999999,3280,69,58,0.2645853658536585,0.004238196567058456
22322,BIRD DECORATION GREEN POLKADOT,867.59,939,164,37,0.92395101171459,0.004236975663272315
17012B,ORIGAMI JASMINE INCENSE/CANDLE SET,867.4499999999999,721,126,43,1.2031206657420248,0.004236291957152076
20658,RED RETROSPOT LUGGAGE TAG,866.06,584,158,72,1.4829794520547945,0.004229503732101132
23545,WRAP RED VINTAGE DOILY,866.0,2100,68,63,0.4123809523809524,0.004229210715192458
21398,RED POLKADOT COFFEE  MUG,864.11,1585,73,47,0.5451798107255521,0.004219980682569232
85166B,BLACK METAL BAROQUE PHOTO FRAME,864.1,510,38,28,1.694313725490196,0.004219931846417787
85161,ACRYLIC GEOMETRIC LAMP,863.85,51,32,16,16.938235294117646,0.004218710942631646
21255,"FRENCH BOTTLE , LAVENDER",860.08,476,96,46,1.8068907563025212,0.00420029971353664
84632,DECORATIVE HANGING SHELVING UNIT,859.25,15,11,8,57.28333333333333,0.004196246312966651
22486,PLASMATRONIC LAMP,856.4,104,40,22,8.234615384615385,0.004182328009804644
84660A,WHITE STITCHED WALL CLOCK,855.26,860,51,34,0.9944883720930232,0.0041767606885398404
21635,MADRAS NOTEBOOK LARGE,855.24,398,42,35,2.1488442211055276,0.00417666301623695
84578,ELEPHANT TOY WITH BLUE T-SHIRT,854.91,222,112,67,3.850945945945946,0.004175051423239243
21478,SILVER SKULL HOT WATER BOTTLE,854.23,204,92,57,4.187401960784314,0.00417173056494094
23525,BUFFALO BILL WALL ART,852.72,248,16,15,3.4383870967741936,0.004164356306072648
20756,GREEN FERN POCKET BOOK,851.5600000000001,5728,64,40,0.14866620111731846,0.004158691312504954
35954,SMALL FOLKART STAR CHRISTMAS DEC,850.49,2181,111,58,0.38995414947271895,0.004153465844300271
21376,LARGE  TALL CAMPHOR WOOD TOADSTOOL,849.91,183,46,35,4.64431693989071,0.004150633347516423
21458,2 PICTURE BOOK EGGS EASTER BUNNY,849.24,768,88,51,1.10578125,0.004147361325369565
20897,VINTAGE NOTEBOOK PARIS DAYS,848.7,351,75,29,2.4179487179487182,0.004144724173191501
72349b,SET/6 PURPLE BUTTERFLY T-LIGHTS,848.41,204,112,0,4.158872549019608,0.004143307924799577
22547,MINI JIGSAW DINOSAUR,846.82,1980,189,84,0.4276868686868687,0.004135542976719721
22229,BUNNY WOODEN PAINTED WITH FLOWER,845.3,1007,185,101,0.8394240317775571,0.0041281198816999825
22820,GIFT BAG BIRTHDAY,845.13,1353,110,67,0.6246341463414634,0.004127289667125406
90161C,ANT COPPER LIME BOUDICCA BRACELET,843.91,169,100,28,4.993550295857988,0.004121331656649039
37423,WHITE WITH BLACK CATS PLATE,843.88,6168,70,17,0.13681582360570688,0.004121185148194702
20936,FORKED CACTUS CANDLE,843.3900000000001,333,76,42,2.532702702702703,0.004118792176773866
21300,ANTIQUE EDWARDIAN DRESSER,841.7,53,12,11,15.8811320754717,0.0041105388671795525
21128,GOLD FISHING GNOME,841.63,126,57,22,6.679603174603175,0.0041101970141194325
23564,EGG CUP MILKMAID INGRID,841.31,644,76,39,1.3063819875776397,0.004108634257273171
84782A,PINK 3 TIER GLASS PLATE STAND,840.45,119,26,24,7.062605042016807,0.004104434348248847
23551,PACK OF 12 PAISLEY PARK TISSUES,839.8399999999999,1840,136,88,0.45643478260869563,0.004101455343010663
85231L,LAVENDER SCENTED SET/9 T-LIGHTS,838.3499999999999,1039,116,81,0.8068816169393647,0.004094178756445263
17039,INLAID WOOD INCENSE HOLDER,837.88,3707,43,20,0.22602643647154033,0.004091883457327318
84762B,PINK PICNIC BARBECUE BUCKET,837.77,113,48,19,7.413893805309734,0.004091346259661416
21552,CERAMIC BIRDHOUSE BLACK ROSE  LARGE,837.6,165,35,25,5.076363636363636,0.00409051604508684
84997a,CHILDRENS CUTLERY POLKADOT GREEN,837.29,101,60,0,8.29,0.004089002124392025
85071C,"CHARLIE+LOLA""EXTREMELY BUSY"" SIGN",837.23,1285,141,85,0.6515408560311284,0.004088709107483351
40018E,TEA TIME PAPER LANTERNS,837.02,384,81,37,2.1797395833333333,0.004087683548302992
85208,SET/12 FUNKY FELT FLOWER PEG IN BAG,836.94,420,87,56,1.9927142857142859,0.0040872928590914275
47563A,RETRO LONGBOARD IRONING BOARD COVER,836.62,343,151,39,2.439125364431487,0.004085730102245166
47367B,PAIR PADDED HANGERS PINK CHECK,834.95,242,95,35,3.4502066115702483,0.004077574464953745
22785,SQUARECUSHION COVER PINK UNION FLAG,833.8199999999999,119,52,42,7.0068907563025205,0.004072055979840387
21286,RETROSPOT CANDLE  LARGE,833.75,711,52,34,1.1726441631504922,0.004071714126780268
84849A,HELLO SAILOR BLUE SOAP HOLDER,833.57,470,103,52,1.7735531914893619,0.004070835076054247
23523,TREASURE AHOY WALL ART,833.46,270,16,15,3.0868888888888892,0.004070297878388345
20776,ABSTRACT CIRCLES NOTEBOOK,832.66,3258,84,50,0.25557397176181706,0.004066390986272693
85196,EASTER BUNNIES ON A STICK,831.04,1564,71,59,0.5313554987212276,0.004058479529738499
84509a,SET OF 4 ENGLISH ROSE PLACEMATS,829.18,111,74,0,7.47009009009009,0.00404939600556961
85213,MINI  ZINC GARDEN DECORATIONS,828.9999999999999,1378,80,48,0.6015965166908562,0.004048516954843588
20894,HANGING BAUBLE T-LIGHT HOLDER LARGE,827.3000000000001,267,79,47,3.098501872659176,0.004040214809097831
23017,APOTHECARY MEASURING JAR,826.28,67,22,20,12.332537313432836,0.004035233521650375
85188A,GREEN METAL SWINGING BUNNY,824.9699999999999,944,105,67,0.8739088983050847,0.004028835985810996
21551,CERAMIC BIRDHOUSE BUTTERFLY LARGE,824.95,169,22,16,4.881360946745563,0.004028738313508105
79342B,BROWN FLOWER LIGHTS,824.9499999999999,119,34,22,6.93235294117647,0.0040287383135081045
21654,RIDGED GLASS FINGER BOWL,820.2099999999999,1183,82,53,0.6933305156382079,0.004005589977722871
82613C,"METAL SIGN,CUPCAKE SINGLE HOOK",820.01,770,187,56,1.0649480519480519,0.0040046132546939575
23186,FRENCH STYLE STORAGE JAR CAFE,819.4599999999999,1982,70,57,0.41345105953582234,0.004001927266364448
22685,FRENCH BLUE METAL DOOR SIGN 0,818.33,621,106,52,1.3177616747181966,0.003996408781251091
21375,LARGE CAMPHOR WOOD FIELD MUSHROOM,817.6,134,61,26,6.101492537313433,0.00399284374219556
85187,S/12 MINI RABBIT EASTER,816.48,479,109,75,1.7045511482254698,0.003987374093233647
21719,LOVELY BONBON STICKER SHEET,813.14,906,141,69,0.8975055187637969,0.003971062818650803
20833,SHAKER THROW  QUILTED,811.8,52,5,3,15.61153846153846,0.003964518774357087
21374,MIRRORED WALL ART SKULLS,809.67,470,71,57,1.7227021276595744,0.003954116674099166
85145,JARDIN ETCHED GLASS LARGE BELL JAR,809.05,91,30,27,8.89065934065934,0.003951088832709536
20769,DAISY JOURNAL,808.8100000000001,438,79,48,1.8465981735159818,0.0039499167650748415
47594B,SCOTTIES DESIGN WASHBAG,808.39,408,122,67,1.9813480392156861,0.003947865646714123
84922,PINK BUTTERFLY WASHBAG,808.22,342,17,9,2.363216374269006,0.003947035432139549
23022,SMALL BONNE JAM JAR  T-LIGHT HOLDER,808.16,422,22,19,1.9150710900473933,0.0039467424152308745
21454,PAINTED PINK RABBIT,807.6,937,194,78,0.8618996798292423,0.003944007590749919
20901,VINTAGE KEEPSAKE BOX PINK FLOWER,806.58,91,67,14,8.863516483516484,0.003939026303302464
84767,ZINC POLICE BOX LANTERN,806.22,195,6,4,4.134461538461538,0.00393726820185042
17012A,ORIGAMI VANILLA INCENSE/CANDLE SET,806.16,726,95,30,1.1104132231404957,0.0039369751849417465
84920,PINK FLOWER FABRIC PONY,805.38,201,88,43,4.006865671641791,0.003933165965128986
37333,"RETRO ""TEA FOR ONE""",805.1,145,58,26,5.552413793103448,0.003931798552888509
21222,SET/4 BADGES BEETLES,804.65,621,133,70,1.29573268921095,0.003929600926073454
23409,PHOTO FRAME LINEN AND LACE LARGE,801.68,215,43,39,3.7287441860465114,0.003915096589094099
85044,RED REINDEER STRING OF 20 LIGHTS,801.4,149,40,26,5.378523489932886,0.0039137291768536215
16011,ANIMAL STICKERS,799.3199999999999,3812,112,83,0.20968520461699894,0.003903571257352928
22825,DECORATIVE PLANT POT WITH FRIEZE,799.02,100,38,32,7.9902,0.0039021061728095586
20699,MOUSEY LONG LEGS SOFT TOY,797.96,294,88,42,2.7141496598639456,0.003896929540756321
23524,HORSE & PONY WALL ART,797.3100000000001,256,17,16,3.1144921875000002,0.003893755190912355
21455,PAINTED YELLOW WOODEN DAISY,797.27,901,167,60,0.8848723640399556,0.0038935598463065717
20997,ROSE DU SUD CUSHION COVER,796.74,170,83,25,4.686705882352941,0.003890971530279953
21285,RETROSPOT CANDLE  MEDIUM,796.4000000000001,744,63,39,1.0704301075268818,0.0038893111011308015
21558,SKULL LUNCHBOX WITH CUTLERY,796.12,298,65,32,2.6715436241610737,0.0038879436888903233
22058,CERAMIC LOVE HEARTS DESIGN MUG,795.72,520,103,71,1.5302307692307693,0.0038859902428324982
23487,SWEET HEART CAKE CARRIER,795.5799999999999,80,44,41,9.944749999999999,0.0038853065367122587
17129F,DEEP BLUE GLASS GEMS IN BAG,794.4599999999999,669,64,8,1.1875336322869954,0.0038798368877503465
37494A,FAIRY CAKE CERAMIC BUTTER DISH,793.44,237,51,18,3.347848101265823,0.003874855600302892
84625D,WHITE NEWBAROQUE CANDLESTICK CANDLE,793.34,650,51,36,1.220523076923077,0.0038743672387884357
35915C,PEACH KNITTED HEN,793.32,662,82,23,1.1983685800604231,0.0038742695664855443
47574A,ENGLISH ROSE SCENTED HANGING FLOWER,792.73,573,129,44,1.3834729493891798,0.003871388233550251
23106,ZINC HEARTS PLANT POT HOLDER,792.47,283,52,48,2.8002473498233216,0.0038701184936126647
23519,EMBROIDERED RIBBON REEL CLAIRE,792.31,224,24,18,3.537098214285714,0.003869337115189534
85017A,ENVELOPE 50 ROMANTIC IMAGES,792.15,1157,174,45,0.6846585998271392,0.003868555736766404
45008C,DECORATIVE NET CANOPY CREAM,792.0699999999999,83,34,16,9.54301204819277,0.0038681650475548388
22785,CUSHION COVER PINK UNION FLAG,792.0600000000001,120,28,22,6.6005,0.003868116211403394
23335,EGG FRYING PAN IVORY,790.7800000000001,377,96,62,2.097559681697613,0.0038618651840183517
37330,SPOTS MUG,790.6999999999999,437,21,15,1.809382151029748,0.003861474494806786
21286,RETRO SPOT CANDLE  LARGE,789.26,295,49,24,2.675457627118644,0.003854442088998614
23568,EGG CUP HENRIETTA HEN CREAM,787.52,630,48,24,1.250031746031746,0.003845944598647073
84970s,HANGING HEART ZINC T-LIGHT HOLDER,784.04,373,98,0,2.1019839142091152,0.0038289496179439893
22414,DOOR MAT NEIGHBOURHOOD WITCH,783.87,95,51,30,8.251263157894737,0.0038281194033694134
22408,MONEY BOX CONFECTIONERY DESIGN,783.67,638,94,71,1.228322884012539,0.003827142680340501
72799C,PINK PILLAR CANDLE SILVER FLOCK,783.1,471,48,32,1.6626326963906581,0.0038243590197081
20989,URBAN CHIC CHOPSTICKS SET/5,782.18,407,57,29,1.9218181818181816,0.0038198660937751004
22204,MILK PAN BLUE POLKADOT,782.16,226,92,33,3.460884955752212,0.003819768421472209
84247E,PACK/12 XMAS FUN CARD,780.2600000000001,270,59,56,2.8898518518518523,0.003810489552697538
37461,FUNKY MONKEY MUG,778.64,742,95,35,1.0493800539083558,0.003802578096163344
21456,2 PICTURE BOOK EGGS EASTER CHICKS,776.05,738,65,42,1.0515582655826559,0.003789929532938923
90200B,BLACK SWEETHEART BRACELET,775.45,183,84,28,4.2374316939890715,0.003786999363852185
84534B,FAIRY CAKE NOTEBOOK A5 SIZE,774.7099999999999,818,187,69,0.9470782396088019,0.003783385488645207
21015,DARK BIRD HOUSE TREE DECORATION,771.7299999999999,1700,186,80,0.4539588235294117,0.003768832315514406
23115,RED APPLES CHOPPING BOARD,770.32,152,45,38,5.0678947368421055,0.0037619464181605717
22684,FRENCH BLUE METAL DOOR SIGN 9,769.86,562,108,45,1.3698576512455516,0.003759699955194072
21723,ALPHABET HEARTS STICKER SHEET,769.13,866,135,66,0.8881408775981524,0.00375613491613854
20910,VINTAGE PHOTO ALBUM PARIS DAYS,769.12,106,47,11,7.255849056603774,0.0037560860799870943
22985,WRAP BILLBOARD FONTS DESIGN,769.02,1831,64,52,0.42,0.0037555977184726376
84761,IVORY HANGING BIRD PLANTER,768.8499999999999,276,61,33,2.785688405797101,0.0037547675038980617
21554,CERAMIC BIRDHOUSE RED ROOF LARGE,767.75,167,22,17,4.597305389221557,0.0037493955272390415
84712B,PINK JEWELLED PHOTO FRAME,767.1600000000001,98,60,29,7.828163265306124,0.003746514194303749
72755C,FLOWER FAIRY OIL BURNER SET ROSE,767.0,592,14,12,1.2956081081081081,0.003745732815880618
35095B,RED VICTORIAN FABRIC OVAL BOX,766.64,1952,177,73,0.39274590163934425,0.0037439747144285755
84029C,BROWN FURRY HOT WATER BOTTLE,766.19,204,48,27,3.755833333333334,0.0037417770876135223
23140,TRIPLE WIRE HOOK IVORY HEART,766.1,182,52,29,4.2093406593406595,0.003741337562250511
16259,PIECE OF CAMO STATIONERY SET,766.09,5473,55,46,0.13997624703087885,0.003741288726099065
22640,SET OF 4 NAPKIN CHARMS 3 KEYS,765.39,357,87,58,2.143949579831933,0.0037378701954978704
16244B,MAXWELL 2 TONE BLUE 60 PAGE PHOTO A,765.02,345,28,8,2.217449275362319,0.0037360632578943816
84963A,PINK PAINTED KASHMIRI CHAIR,763.35,23,9,8,33.18913043478261,0.00372790762060296
23550,WRAP ALPHABET POSTER,763.1,1855,64,60,0.4113746630727763,0.003726686716816819
35811A,ENAMEL PINK SUGAR CONTAINER,762.97,434,84,24,1.7579953917050692,0.003726051846848026
23006,TRAVEL CARD WALLET FLOWER MEADOW,762.75,1758,173,88,0.43387372013651876,0.003724977451516221
23458,DOLLY CABINET 3 DRAWERS,762.4499999999999,51,30,30,14.95,0.0037235123669728514
22492,MINI PAINT SET VINTAGE  BOY+ GIRL,761.4,1260,18,17,0.6042857142857143,0.0037183845710710593
84762C,GREEN PICNIC BARBECUE BUCKET,761.25,105,43,18,7.25,0.003717652028799375
21709,FOLDING UMBRELLA CHOCOLATE POLKADOT,760.95,163,68,38,4.668404907975461,0.003716186944256006
23025,DRAWER KNOB VINTAGE GLASS BALL,760.8000000000001,350,54,40,2.173714285714286,0.0037154544019843217
23524,WALL ART HORSE & PONY,760.32,225,46,27,3.3792000000000004,0.0037131102667149313
23123,COCKTAIL SWORDS 50 PIECES,759.57,935,95,64,0.8123743315508022,0.003709447555356508
21298,EDWARDIAN 2 DRAWER WALL CABINET,755.8,52,14,14,14.534615384615384,0.0036910363262615013
85135A,YELLOW DRAGONFLY HELICOPTER,754.59,94,63,40,8.027553191489362,0.003685127151936579
90209C,PINK ENAMEL+GLASS HAIR COMB,754.46,399,66,15,1.8908771929824562,0.003684492281967785
47581B,FAIRY CAKE WICKER PICNIC BASKET,753.77,46,36,24,16.386304347826087,0.003681122587518036
22124,SET OF 2 TEA TOWELS PING MICROWAVE,751.9300000000001,298,132,29,2.523255033557047,0.0036721367356520387
17165B,ASS COL LARGE SAND GECKO P'WEIGHT,751.68,810,57,43,0.9279999999999999,0.0036709158318658976
21194,PINK  HONEYCOMB PAPER FAN,751.5,578,95,51,1.3001730103806228,0.003670036781139876
23124,18PC WOODEN CUTLERY SET DISPOSABLE,751.38,567,43,23,1.3251851851851852,0.0036694507473225284
84653,GREEN ROSE QUILT,750.48,14,12,8,53.605714285714285,0.0036650554936924207
23223,CHRISTMAS TREE HANGING SILVER,750.19,801,88,51,0.9365667915106118,0.0036636392453004976
21344,MOROCCAN BEATEN METAL DISH,749.82,166,26,21,4.516987951807229,0.0036618323076970083
90200A,PURPLE SWEETHEART BRACELET,749.69,177,99,32,4.235536723163842,0.0036611974377282154
84615,PINK ROUND BUTTERFLY MIRROR,748.48,240,21,13,3.118666666666667,0.0036552882634032923
35647,VINTAGE BEAD PINK SHADE,748.24,563,74,19,1.3290230905861458,0.0036541161957685973
84620,BLUE GINGHAM ROSE CUSHION COVER,746.61,121,50,41,6.170330578512397,0.0036461559030829577
84663A,GRASS HOPPER WOODEN WALL CLOCK,746.39,373,64,34,2.0010455764075066,0.0036450815077511537
21284,RETRO SPOT CANDLE  SMALL,744.75,408,60,31,1.8253676470588236,0.003637072378914069
84842,HELLO SAILOR BATHROOM SET,744.15,1505,35,22,0.4944518272425249,0.0036341422098273304
21319,GLASS CHALICE GREEN  SMALL,743.61,508,65,44,1.4637992125984252,0.0036315050576492653
72800A,S/4 BLACK DINNER CANDLE SILVER FLOC,743.26,674,46,19,1.1027596439169138,0.0036297957923486683
23282,FOLDING BUTTERFLY MIRROR IVORY,742.9200000000001,794,133,67,0.9356675062972293,0.0036281353631995167
84689,S/2 BEACH HUT TREASURE CHESTS,742.9,312,40,29,2.3810897435897433,0.003628037690896625
22676,"FRENCH BLUE METAL DOOR SIGN, 1",742.67,577,79,55,1.2871230502599653,0.003626914459413375
21377,SMALL CAMPHOR WOOD FIELD  MUSHROOM,742.56,518,98,37,1.4335135135135133,0.003626377261747473
84821,DANISH ROSE DELUXE COASTER,742.5,1318,74,50,0.5633535660091047,0.0036260842448387993
21391,FRENCH EMROIDR LAVENDER SCENT HEART,741.6,341,67,51,2.1747800586510264,0.003621688991208692
21503,TOYBOX  WRAP,740.42,1801,64,57,0.41111604664075513,0.003615926325338106
23114,VINTAGE LEAF CHOPPING BOARD,737.95,149,45,40,4.95268456375839,0.0036038637959310334
85130C,BEADED CRYSTAL HEART BLUE  LARGE,737.89,659,68,51,1.119711684370258,0.003603570779022359
84033,FLAG OF ST GEORGE,735.38,392,49,41,1.875969387755102,0.0035913129050095033
22638,SET OF 4 NAPKIN CHARMS CROWNS,735.23,405,74,56,1.8153827160493827,0.003590580362737819
84715,SET OF 6 ICE CREAM SKITTLES,734.8900000000001,241,47,35,3.0493360995850627,0.003588919933588668
90161B,ANT COPPER TURQ BOUDICCA BRACELET,734.16,147,76,21,4.994285714285714,0.0035853548945331353
84708B,PINK JEWELLED PHOTO FRAME,732.7900000000001,142,53,36,5.160492957746479,0.003578664341785083
23435,3 RAFFIA RIBBONS VINTAGE CHRISTMAS,732.4200000000001,824,99,40,0.888859223300971,0.003576857404181594
ADJUST2,Adjustment by Peter on Jun 25 2010,731.0500000000001,3,3,3,243.68333333333337,0.0035701668514335418
85131B,BEADED CRYSTAL HEART GREEN ON STICK,730.74,948,216,12,0.7708227848101266,0.0035686529307387264
90209B,GREEN ENAMEL+GLASS HAIR COMB,730.66,380,97,9,1.9227894736842104,0.0035682622415271615
47503F,ASS FLORAL PRINT TORCH,729.9499999999999,2567,11,10,0.2843591741332294,0.0035647948747745202
21378,SMALL TALL CAMPHOR WOOD TOADSTOOL,728.97,560,88,47,1.301732142857143,0.003560008931932848
72800B,S/4 PURPLE DINNER CANDLE BLK FLOCK,728.6700000000001,650,34,17,1.1210307692307693,0.0035585438473894793
21443,OLIVE CHALET BIRDFEEDER,727.9300000000001,257,26,18,2.832412451361868,0.0035549299721825017
20657,TROPICAL LUGGAGE TAG,726.47,1877,118,54,0.3870378263185935,0.003547799894071438
21415,CLAM SHELL SMALL,726.16,348,82,41,2.0866666666666664,0.003546285973376623
85230F,JASMINE VOTIVE CANDLE,725.6999999999999,2946,62,48,0.24633401221995924,0.003544039510410123
35095A,BLUE VICTORIAN FABRIC OVAL BOX,725.5600000000001,1809,166,61,0.40108347153123275,0.003543355804289885
23562,SET OF 6 RIBBONS PERFECTLY PRETTY,724.59,251,43,37,2.886812749003984,0.003538618697599658
85088,CANDY SPOT HAND BAG,723.85,347,78,38,2.086023054755043,0.0035350048223926804
84595E,LARGE TORTILLA DESIGN RED BOWL,723.5699999999999,367,43,22,1.9715803814713895,0.003533637410152202
21393,BLUE  SPOTTY PUDDING BOWL,723.5500000000001,2679,28,20,0.2700821201941023,0.003533539737849311
84971L,LARGE HEART FLOWERS HOOK,723.51,585,58,37,1.2367692307692308,0.0035333443932435283
84976,RECTANGULAR SHAPED MIRROR,722.76,674,56,40,1.0723442136498516,0.003529681681885105
20701,PINK CAT FLORAL CUSHION COVER,721.49,353,50,12,2.0438810198300286,0.003523479490651509
10134,COLOURING PENCILS BROWN TUBE,721.13,625,52,44,1.153808,0.003521721389199466
84684,BEACH HUT PHOTO FRAME,720.6999999999999,609,40,17,1.183415435139573,0.0035196214346873028
85017C,ENVELOPE 50 CURIOUS IMAGES,719.67,1087,119,44,0.6620699172033119,0.003514591311088402
23222,CHRISTMAS TREE HANGING GOLD,718.53,799,75,49,0.8992866082603254,0.0035090239898235994
35951,FOLKART BAUBLE CHRISTMAS DECORATION,717.99,1352,46,35,0.5310576923076923,0.003506386837645535
21001,ROSE DU SUD WASHBAG,717.8000000000001,141,90,29,5.090780141843972,0.003505458950768068
84997d,PINK 3 PIECE POLKADOT CUTLERY SET,717.4300000000001,85,16,0,8.44035294117647,0.0035036520131645796
84997c,BLUE 3 PIECE POLKADOT CUTLERY SET,717.25,85,17,0,8.438235294117646,0.0035027729624385576
21026,SPACE OWL,716.73,549,124,48,1.30551912568306,0.003500233482563384
21457,2 PICTURE BOOK EGGS EASTER DUCKS,716.0,685,65,45,1.0452554744525548,0.003496668443507852
21076,SET/20 COLLAGE PAPER NAPKIN,714.55,843,92,60,0.8476275207591933,0.003489587201548234
20850,ZINC HEART LATTICE PLANTER BOWL,713.8000000000001,820,23,19,0.8704878048780489,0.003485924490189812
35915B,BLUE KNITTED HEN,713.73,563,67,31,1.267726465364121,0.0034855826371296924
21133,PAINTED BIRD ASSORTED CHRISTMAS,712.9100000000001,410,42,38,1.7388048780487806,0.00348157807271115
23042,PAPER LANTERN 7 POINT SNOW STAR,711.51,103,28,25,6.9078640776699025,0.00347474101150876
16015,MEDIUM CHINESE STYLE SCISSOR,711.38,1572,65,40,0.4525318066157761,0.0034741061415399666
20854,BLUE PATCH PURSE PINK HEART,711.37,441,107,66,1.6130839002267574,0.003474057305388521
21221,SET/4 BADGES CUTE CREATURES,709.66,535,107,55,1.3264672897196261,0.0034657063234913165
23070,EDWARDIAN HEART PHOTO FRAME,709.5400000000001,160,44,29,4.4346250000000005,0.003465120289673969
22100,SKULLS SQUARE TISSUE BOX,709.5,1005,127,71,0.7059701492537314,0.0034649249450681863
21365,MIRRORED WALL ART STARS,707.9200000000001,469,77,51,1.5094243070362474,0.0034572088331397753
21308,LOUVRE VANITY MIRROR,705.9,132,6,3,5.347727272727273,0.0034473439305477555
21265,PINK GOOSE FEATHER TREE 60CM,705.59,321,34,26,2.1980996884735204,0.003445830009852941
21379,CAMPHOR WOOD PORTOBELLO MUSHROOM,705.46,641,125,43,1.1005616224648986,0.0034451951398841475
84952C,MIRROR LOVE BIRD T-LIGHT HOLDER,705.01,374,42,18,1.8850534759358288,0.0034429975130690934
21442,GREEN BIRDHOUSE DECORATION,704.9699999999999,973,136,66,0.7245323741007194,0.003442802168463311
22981,PANTRY APPLE CORER,704.13,471,105,58,1.494968152866242,0.003438699931741877
84869,CANDY BUTTON PHOTO ALBUM,703.54,302,26,18,2.3296026490066226,0.0034358185988065844
20763,DAISY SKETCHBOOK,702.86,267,74,54,2.632434456928839,0.003432497740508281
84569A,PACK 3 IRON ON DOG PATCHES,702.42,562,112,59,1.2498576512455515,0.0034303489498446727
21740,COSY SLIPPER SHOES LARGE RED,698.0100000000001,201,66,44,3.4726865671641796,0.003408812207057146
84584,PINK GINGHAM CAT WITH SCARF,696.75,282,75,47,2.470744680851064,0.0034026588519749943
85231E,STRAWBERRY SCENTED SET/9 T-LIGHTS,695.23,835,106,77,0.8326107784431138,0.0033952357569552575
22036,DINOSAUR BIRTHDAY CARD,695.11,1649,135,77,0.421534263189812,0.0033946497231379102
23187,FRENCH STYLE STORAGE JAR BONBONS,695.06,2338,74,66,0.2972882805816937,0.0033944055423806812
20898,VINTAGE NOTEBOOK TRAVELOGUE,693.9200000000001,327,53,35,2.1220795107033643,0.003388838221115879
72755D,FLOWER FAIRY OIL BURNER SET SUMMER,693.25,533,13,12,1.300656660412758,0.0033855661989690205
72131,COLUMBIAN CANDLE RECTANGLE,692.28,748,56,42,0.9255080213903742,0.0033808290922787932
20862,PINK PATCH PENCIL CASE BLUE HEART,691.1400000000001,325,37,21,2.1265846153846155,0.0033752617710139906
72753A,S/3 FLWR FAIRY LILLY CANDLES,690.24,315,14,10,2.1912380952380954,0.0033708665173838833
35964,FOLKART CLIP ON STARS,689.76,1187,132,50,0.5810951979780961,0.003368522382114492
84931B,BLUE SCOTTIE DOG W FLOWER PATTERN,688.73,274,83,44,2.5136131386861313,0.0033634922585155914
90161D,ANT COPPER PINK BOUDICCA BRACELET,687.52,138,75,18,4.982028985507246,0.0033575830841906682
84917,WHITE HAND TOWEL WITH BUTTERFLY,686.03,229,53,16,2.9957641921397378,0.0033503064976252678
85186A,EASTER BUNNY GARLAND OF FLOWERS,685.87,1473,159,76,0.4656279701289885,0.0033495251192021376
21710,FOLDING UMBRELLA PINKWHITE POLKADOT,685.6700000000001,142,61,42,4.828661971830987,0.0033485483961732255
84563A,PINK & WHITE BREAKFAST TRAY,685.15,139,62,26,4.929136690647482,0.0033460089162980515
37492D,PURPLE GREEN FLOWER PIGGY BANK,682.99,361,26,18,1.8919390581717452,0.0033354603075857934
22847,"BREAD BIN, DINER STYLE, IVORY",682.7499999999999,45,10,9,15.172222222222219,0.0033342882399510975
84951A,SET OF 4 PISTACHIO LOVEBIRD COASTER,682.66,516,111,33,1.322984496124031,0.003333848714588087
23120,PACK OF 6 SMALL FRUIT STRAWS,682.39,1685,100,69,0.40497922848664686,0.003332530138499055
85023B,EAU DE NILE JEWELLED PHOTOFRAME,682.35,293,38,32,2.3288395904436863,0.0033323347938932725
17165D,ASS COL LARGE SAND FROG P'WEIGHT,682.32,716,89,62,0.9529608938547487,0.003332188285438936
22033,BOTANICAL ROSE GREETING CARD,681.93,1603,128,80,0.4254086088583905,0.003330283675532555
23325,RUSTIC STRAWBERRY JAM POT SMALL,681.54,426,32,24,1.5998591549295773,0.0033283790656261753
85084,HOLLY TOP CHRISTMAS STOCKING,681.4,682,84,53,0.9991202346041055,0.0033276953595059366
21674,RIDGED GLASS PENDANT LAMPSHADE,680.8499999999999,43,9,8,15.833720930232555,0.0033250093711764263
21386,IVORY HANGING DECORATION  EGG,680.78,1148,105,72,0.59301393728223,0.0033246675181163067
17012F,ORIGAMI SANDLEWOOD INCENSE/CAND SET,680.65,586,107,38,1.161518771331058,0.0033240326481475137
21397,BLUE POLKADOT EGG CUP,679.38,1163,81,51,0.5841616509028374,0.0033178304569139176
23597,PAPER BUNTING PAISLEY PARK,679.07,249,31,28,2.7271887550200806,0.003316316536219103
47594A,CAROUSEL DESIGN WASHBAG,678.3,344,105,65,1.9718023255813952,0.003312556152557788
62094B,TURQ ICE CREAM BUM BAG,677.99,305,67,20,2.222918032786885,0.0033110422318629734
84925D,LA PALMIERA WALL THERMOMETER,677.4499999999999,452,26,24,1.498783185840708,0.0033084050796849084
90160C,TURQ+RED BOUDICCA LARGE BRACELET,677.0,97,45,25,6.979381443298969,0.003306207452869855
85096,HILDA CANDY SPOT RABBIT,676.92,164,66,42,4.1275609756097555,0.0033058167636582894
84824,DANISH ROSE UMBRELLA STAND,676.4499999999999,38,32,23,17.801315789473684,0.003303521464540345
23428,IVORY RETRO KITCHEN WALL CLOCK,675.91,77,33,25,8.778051948051948,0.0033008843123622797
22511,RETROSPOT BABUSHKA DOORSTOP,675.5600000000001,296,76,63,2.2822972972972977,0.0032991750470616832
21847,GREEN  DIAMANTE PEN IN GIFT BOX,675.37,347,71,20,1.9463112391930837,0.0032982471601842155
22641,SET OF 4 NAPKIN CHARMS INSTRUMENT,674.3,288,67,48,2.3413194444444443,0.0032930216919795315
22999,TRAVEL CARD WALLET RETRO PETALS,674.11,1544,105,61,0.4365997409326425,0.0032920938051020647
20856,DENIM PATCH PURSE PINK BUTTERFLY,674.09,408,122,70,1.6521813725490198,0.003291996132799174
37444C,PINK BREAKFAST CUP AND SAUCER,673.72,1654,54,14,0.40732769044740025,0.003290189195195685
22034,ROBIN CHRISTMAS CARD,673.49,1617,94,71,0.41650587507730363,0.0032890659637124352
22965,3 TRADITIONAL COOKIE CUTTERS  SET,671.4000000000001,354,10,10,1.8966101694915256,0.0032788592080602967
72023F,RED ORGANIC CANDLE IN GLASS,669.62,640,49,34,1.04628125,0.0032701663731029723
75013B,"STRING OF 8 BUTTERFLIES,PINK",669.62,390,76,48,1.716974358974359,0.0032701663731029723
85205B,PINK FELT EASTER RABBIT GARLAND,669.38,241,61,36,2.777510373443983,0.0032689943054682773
23024,LARGE BONNE JAM JAR  T-LIGHT HOLDER,667.8500000000001,255,11,8,2.619019607843138,0.003261522374297095
82613A,"METAL SIGN,CUPCAKE SINGLE HOOK",667.47,492,116,63,1.3566463414634147,0.00325966660054216
72750B,FLOWER FAIRY SET 3 CANDLES LAVENDER,666.85,303,30,25,2.200825082508251,0.00325663875915253
85203,HANGING WOOD AND FELT BUTTERFLY,665.91,1463,224,94,0.4551674641148325,0.0032520481609166394
21879,HEARTS GIFT TAPE,664.84,1567,152,81,0.4242756860242502,0.0032468226927119567
21247,SET OF RED SALAD SERVERS,664.73,422,81,44,1.5751895734597157,0.003246285495046054
90082D,DIAMANTE BOW BROOCH BLACK COLOUR,664.35,103,51,28,6.45,0.0032444297212911198
21750,LARGE SKULL WINDMILL,663.85,309,62,43,2.1483818770226537,0.0032419879137188376
21884,CAKES AND BOWS GIFT  TAPE,663.61,1448,161,61,0.45829419889502765,0.0032408158460841426
46776E,WOVEN CANDY CUSHION COVER,662.1,205,77,9,3.229756097560976,0.0032334415872158507
21197,MULTICOLOUR  CONFETTI IN TUBE,661.81,453,45,29,1.4609492273730682,0.0032320253388239267
22383,LUNCHBAG SUKI  DESIGN,661.63,410,35,29,1.6137317073170732,0.003231146288097905
23547,WRAP FLOWER SHOP,661.5,1575,62,57,0.42,0.003230511418129112
17109C,FLOWER FAIRY INCENSE ROSE,661.23,3124,15,13,0.21166133162612036,0.00322919284204008
23482,PEARLISED IVORY HEART LARGE,661.02,418,39,32,1.5813875598086125,0.003228167282859722
85188B,PINK METAL SWINGING BUNNY,660.88,748,74,48,0.8835294117647059,0.0032274835767394827
22322,BIRD DECORATION GREEN  SPOT,660.62,678,108,42,0.9743657817109145,0.003226213836801896
21764,VINTAGE WOODEN PLATE RACK,659.1500000000001,17,11,11,38.77352941176471,0.0032190349225393873
16169K,WRAP FOLK ART,658.75,2075,60,56,0.31746987951807226,0.0032170814764815613
17012D,ORIGAMI ROSE INCENSE/CANDLE SET,658.72,520,116,41,1.2667692307692309,0.003216934968027224
21263,GREEN GOOSE FEATHER TREE 60CM,658.29,299,56,39,2.201638795986622,0.0032148350135150616
85186C,BUNNY EGG GARLAND,658.19,1400,152,75,0.4701357142857143,0.0032143466520006057
46776D,WOVEN SUNSET CUSHION COVER,658.07,153,76,7,4.301111111111111,0.003213760618183258
20652,BLUE SPOTTY LUGGAGE TAG,657.9,1236,80,40,0.5322815533980583,0.0032129304036086818
22056,CERAMIC PLATE LOVE HEART DESIGN,656.87,607,34,23,1.082158154859967,0.003207900280009781
85028S,FRENCH CHATEAU SMALL FRUITBOWL,656.82,430,33,29,1.5274883720930235,0.003207656099252553
22677,"FRENCH BLUE METAL DOOR SIGN, 2",656.41,509,77,56,1.289607072691552,0.0032056538170432813
71403,"PINK/WHITE ""KEEP CLEAN"" BULLET BIN",656.0500000000001,176,69,20,3.7275568181818186,0.003203895715591238
21441,BLUE BIRDHOUSE DECORATION,655.4599999999999,928,133,67,0.7063146551724138,0.0032010143826559454
22054,MINI CAKE STAND HANGING HEARTS,655.01,361,74,45,1.814432132963989,0.0031988167558408913
85028L,FRENCH CHATEAU LARGE FRUIT BOWL,654.01,271,27,22,2.413321033210332,0.0031939331406963273
85168B,BLACK BAROQUE CARRIAGE CLOCK,652.17,72,52,17,9.057916666666666,0.0031849472888303295
90184C,BLACK CHUNKY BEAD BRACELET W STRAP,651.89,72,49,21,9.054027777777778,0.003183579876589852
85019C,CURIOUS  IMAGES NOTEBOOK SET,651.19,423,25,18,1.5394562647754138,0.003180161345988657
37474,SET/4 2 TONE EGG SHAPE MIXING BOWLS,651.05,63,44,33,10.334126984126984,0.0031794776398684182
47310M,"SMALL POP BOX,FUNKY MONKEY",650.96,488,85,23,1.3339344262295083,0.0031790381145054077
21307,SET/4 BUTTERFLY MIRROR MAGNETS,650.07,749,72,41,0.867917222963952,0.0031746916970267457
20714,POSY SHOPPER BAG,649.8199999999999,1580,28,10,0.4112784810126582,0.003173470793240604
23224,CHERUB HEART DECORATION GOLD,649.02,738,71,44,0.8794308943089431,0.0031695639011249527
84993A,75 GREEN PETIT FOUR CASES,648.61,1471,177,88,0.440931339225017,0.003167561618915682
20618,QUEEN OF THE SKIES PASSPORT COVER,648.54,297,137,50,2.1836363636363636,0.0031672197658555623
21350,GINGHAM HEART WREATH,647.7500000000001,225,42,39,2.8788888888888895,0.0031633617098913575
21003,ROSE DU SUD CUSHION COVER,647.75,109,64,10,5.942660550458716,0.0031633617098913566
17164B,ASS COL SMALL SAND GECKO P'WEIGHT,646.56,1620,81,64,0.3991111111111111,0.0031575502078693253
21134,VICTORIAN METAL POSTCARD CHRISTMAS,646.4399999999999,377,46,40,1.7146949602122015,0.0031569641740519776
84916,HAND TOWEL PALE BLUE W FLOWERS,646.4300000000001,261,58,28,2.4767432950191575,0.003156915337900533
22678,"FRENCH BLUE METAL DOOR SIGN, 3",645.15,501,71,50,1.2877245508982036,0.0031506643105154906
47597,NEW ENGLAND TEATOWELS,644.88,322,124,34,2.0027329192546586,0.0031493457344264576
23408,PHOTO FRAME LINEN AND LACE SMALL,644.8000000000001,310,59,53,2.08,0.003148955045214893
85215,ASSORTED CHEESE FRIDGE MAGNETS,643.89,831,66,33,0.7748375451263537,0.0031445109554333393
17181,CIRCLE OF FRIENDS CANDLE HOLDER,642.66,353,65,26,1.8205665722379603,0.003138504108805526
22134,LADLE LOVE HEART RED,642.4,1489,145,57,0.43143049026192076,0.003137234368867939
16169M,WRAP DAISY CARPET,640.95,2060,59,56,0.3111407766990292,0.0031301531269083216
17084N,FAIRY DREAMS INCENSE,640.26,2768,187,42,0.2313078034682081,0.003126783432458572
84520D,PACK OF 20 FAIRY CAKE PAPER NAPKINS,639.47,699,94,53,0.9148354792560801,0.0031229253764943664
84865,NEW BAROQUE BLACK PHOTO ALBUM,639.42,77,48,26,8.304155844155844,0.0031226811957371383
84986B,SET OF 36 SILVER PAPER DOILIES,639.06,432,75,58,1.4793055555555554,0.0031209230942850948
35004P,SET OF 3 PINK FLYING DUCKS,638.97,120,43,17,5.32475,0.003120483568922085
21665,TRIANGULAR RIDGED GLASS POSY HOLDER,638.8,879,75,35,0.7267349260523321,0.0031196533543475084
84601A,NEW BAROQUE IVORY CUSHION COVER,638.34,260,15,9,2.4551538461538462,0.0031174068913810095
84766,SILVER ROCOCO CANDLE STICK,638.0,200,27,24,3.19,0.0031157464622318574
17107D,"FLOWER FAIRY,5 SUMMER B'DRAW LINERS",637.5,250,65,52,2.55,0.0031133046546595756
21816,CHRISTMAS TREE T-LIGHT HOLDER,637.3399999999999,422,50,34,1.5102843601895732,0.0031125232762364446
84872a,TEATIME FUNKY FLOWER BACKPACK FOR 2,636.47,58,45,0,10.973620689655172,0.003108274531060675
85185D,FROG SOCK PUPPET,636.11,195,66,38,3.2621025641025643,0.0031065164296086314
23492,VINTAGE JINGLE BELLS WREATH,635.38,76,28,24,8.360263157894737,0.0031029513905530995
22391,PAPERWEIGHT HOME SWEET HOME,635.19,323,66,45,1.9665325077399383,0.0031020235036756326
23298,"BUNTING , SPOTTY",634.7,146,7,7,4.347260273972603,0.0030996305322547966
84507C,BLUE CIRCLES DESIGN MONKEY DOLL,634.64,433,70,27,1.4656812933025405,0.003099337515346122
22510,GINGHAM BABUSHKA DOORSTOP,633.35,272,62,53,2.3284926470588236,0.0030930376518096348
20819,SILVER TEDDY BEAR,631.49,228,65,39,2.7696929824561405,0.003083954127640746
84951B,SET OF 4 BLACK LOVEBIRD COASTERS,631.12,477,92,29,1.3231027253668763,0.0030821471900372567
23216,LAUREL HEART ANTIQUE GOLD,630.73,525,44,32,1.2013904761904761,0.003080242580130877
84964A,PINK PAINTED KASHMIRI TABLE,630.0,11,2,2,57.27272727272727,0.003076677541075345
23019,SMALL APOTHECARY MEASURING JAR,629.05,81,28,26,7.766049382716049,0.0030720381066880087
85230E,STRAWBRY SCENTED VOTIVE CANDLE,628.41,2445,66,44,0.25701840490797545,0.0030689125929954882
23027,DRAWER KNOB VINTAGE GLASS HEXAGON,627.95,295,30,26,2.1286440677966105,0.0030666661300289893
22263,FELT EGG COSY LADYBIRD,627.38,836,105,34,0.7504545454545455,0.0030638824693965875
22042,CHRISTMAS CARD SINGING ANGEL,627.19,1738,128,89,0.36086881472957427,0.0030629545825191203
72814,SET OF 3 CHRISTMAS BRIAR CANDLES,626.39,176,31,26,3.559034090909091,0.0030590476904034684
16169N,WRAP BLUE RUSSIAN FOLKART,626.25,2025,56,52,0.30925925925925923,0.0030583639842832297
71101E,STANDING FAIRY POLE SUPPORT,626.13,777,47,34,0.8058301158301159,0.003057777950465882
90184B,AMETHYST CHUNKY BEAD BRACELET W STR,625.48,69,47,23,9.064927536231885,0.0030546036006219154
85218,S/5 MINI ICE CREAM FRIDGE MAGNETS,625.1999999999999,1992,2,2,0.31385542168674696,0.0030532361883814376
82616A,BUBBLE GUM SCARF KNITTING KIT,624.21,316,52,42,1.975348101265823,0.0030484014093883193
22289,"DECORATION , HANGING METAL CHICKEN",623.96,616,42,26,1.012922077922078,0.0030471805056021786
85092,CANDY SPOT TEA COSY,622.57,391,24,14,1.5922506393861895,0.0030403922805512344
20694,FLORAL PINK MONSTER,622.33,166,54,23,3.748975903614458,0.003039220212916539
22288,HANGING METAL RABBIT DECORATION,621.97,476,59,37,1.3066596638655463,0.003037462111464496
22129,PARTY CONES CANDY DECORATION,621.96,454,67,6,1.3699559471365639,0.0030374132753130502
84596J,MIXED NUTS LIGHT GREEN BOWL,621.74,810,138,50,0.7675802469135803,0.0030363388799812463
23425,STORAGE TIN HOME SWEET HOME,621.44,275,56,35,2.2597818181818186,0.003034873795437877
23180,MUM'S KITCHEN CLOCK,621.09,122,49,29,5.0909016393442625,0.0030331645301372796
16156N,"WRAP, FRIENDSHIP ON GREEN",619.5,1475,56,51,0.42,0.0030253995820574225
22043,CHRISTMAS CARD SCREEN PRINT,619.25,2197,125,86,0.28186162949476556,0.003024178678271282
23528,WALL ART SPACEBOY,618.59,173,37,20,3.575664739884393,0.0030209554922758695
84707B,PINK JEWELLED MIRROR TRINKET TRAY,618.52,79,51,22,7.829367088607595,0.00302061363921575
22837,HOT WATER BOTTLE BABUSHKA LARGE,618.0,136,14,14,4.544117647058823,0.0030180741593405767
20696,FLORAL SOFT CAR TOY,617.9399999999999,151,60,28,4.092317880794702,0.0030177811424319024
23471,SIX DRAWER OFFICE TIDY,616.79,65,27,26,9.489076923076922,0.0030121649850156536
23453,OVAL  MINI PORTRAIT FRAME,615.98,316,47,40,1.9493037974683545,0.0030082092567485573
72772,SET/4 SCENTED CANDLES IN RAMEKINS,615.84,457,9,8,1.3475711159737418,0.003007525550628318
84952B,BLACK LOVE BIRD T-LIGHT HOLDER,615.49,364,44,15,1.6909065934065934,0.0030058162853277208
84932C,SMALL ORIENTAL BLUE FOLDING STOOL,615.4,282,34,31,2.1822695035460993,0.00300537675996471
20689,RETRO SISTERS EXPRESSO CUPS,614.1,429,41,25,1.4314685314685316,0.002999028060276777
84859A,SILVER DISCO HANDBAG,613.53,293,58,40,2.0939590443686007,0.0029962443996443752
47583A,SET OF 3 WICKER BASKET ROSE,612.8199999999999,71,6,5,8.631267605633802,0.0029927770328917348
85114c,RED ENCHANTED FOREST PLACEMAT,612.64,185,42,0,3.3115675675675673,0.002991897982165713
37351,ORANGE FLOWER MUG,612.5099999999999,5404,11,7,0.11334381939304217,0.0029912631121969194
23018,LARGE APOTHECARY MEASURING JAR,612.1600000000001,51,21,19,12.003137254901963,0.002989553846896323
79315W,FLYING SAUCER TABLE LIGHT IN WHITE,611.51,199,13,6,3.0729145728643217,0.002986379497052356
35972,DAISY FOLKART HEART DECORATION,611.38,440,87,43,1.3895,0.0029857446270835624
84858C,PINK RIVIERA HANDBAG,611.0699999999999,347,30,22,1.761008645533141,0.0029842307063887475
22538,MINI JIGSAW GO TO THE FAIR,610.43,1443,86,56,0.423028413028413,0.0029811051926962265
22680,"FRENCH BLUE METAL DOOR SIGN, 5",610.11,477,65,51,1.2790566037735849,0.0029795424358499663
gift_0001_30,Dotcomgiftshop Gift Voucher £30.00,610.09,24,24,0,25.420416666666668,0.002979444763547075
23454,THREE MINI HANGING FRAMES,610.0,142,50,39,4.295774647887324,0.0029790052381840643
90198A,VINTAGE ROSE BEAD BRACELET RASPBERR,609.4300000000001,144,84,21,4.232152777777778,0.002976221577551663
21392,RED POLKADOT PUDDING BOWL,608.9,3717,17,12,0.1638149044928706,0.0029736332615250436
20655,QUEEN OF SKIES LUGGAGE TAG,608.48,414,189,55,1.4697584541062803,0.0029715821431643267
84051,ASS COLOUR GLOWING TIARAS,607.98,746,60,50,0.8149865951742628,0.002969140335592045
21173,LOO ROLL  METAL SIGN,607.96,340,77,44,1.7881176470588236,0.0029690426632891535
20695,FLORAL BLUE MONSTER,604.58,142,61,24,4.257605633802817,0.002952536044100527
85169D,PINK LOVE BIRD CANDLE,603.98,521,88,39,1.1592706333973128,0.002949605875013789
79190B,RETRO PLASTIC POLKA TRAY,603.08,1485,136,57,0.40611447811447815,0.0029452106213836812
21416,CLAM SHELL LARGE,603.0600000000002,751,22,15,0.8030093209054596,0.0029451129490807907
84247G,"DECOUPAGE,GREETING CARD,",602.67,1414,107,54,0.4262164073550212,0.0029432083391744096
21711,FOLDING UMBRELLA WHITE/RED POLKADOT,602.6600000000001,120,43,27,5.022166666666667,0.0029431595030229643
84932A,SMALL GREEN PEONY FOLDING STOOL,602.6,262,24,22,2.3000000000000003,0.0029428664861142905
20863,BLUE PATCH PENCIL CASE PINK HEART,601.53,293,50,35,2.053003412969283,0.0029376410179096065
82095,HEART BUTTONS JEWELLERY BOX,600.91,100,48,21,6.0091,0.002934613176519977
23520,EMBROIDERED RIBBON REEL RUBY,600.55,167,32,30,3.5961077844311373,0.002932855075067934
84876D,BLUE HEART COMPACT MIRROR,600.52,331,35,24,1.8142598187311179,0.002932708566613597
85146,JARDIN ETCHED GLASS SMALL BELL JAR,599.38,118,29,23,5.0794915254237285,0.002927141245348794
90143,SILVER BRACELET W PASTEL FLOWER,599.13,79,41,15,7.583924050632912,0.0029259203415626534
17109D,FLOWER FAIRY INCENSE BOUQUET,598.3100000000001,1257,38,33,0.4759824980111377,0.002921915777144111
21440,12 MINI TOADSTOOL PEGS,597.56,472,95,72,1.2660169491525421,0.0029182530657856872
84682,CLASSICAL ROSE DISH,596.94,295,49,31,2.0235254237288136,0.002915225224396058
22679,"FRENCH BLUE METAL DOOR SIGN, 4",596.34,468,62,48,1.2742307692307693,0.0029122950553093197
82011C,BATHROOM SCALES FOOTPRINTS IN SAND,595.18,131,71,36,4.5433587786259535,0.002906630061741625
85117,NIGHTINGALE COATHOOK WHITE,594.3199999999999,347,61,29,1.7127377521613831,0.0029024301527173
47469,ASSORTED SHAPES PHOTO CLIP SILVER,594.28,1220,29,21,0.48711475409836064,0.0029022348081115174
72122,COFFEE SCENT PILLAR CANDLE,593.33,586,120,80,1.0125085324232082,0.002897595373724182
16236,KITTY PENCIL ERASERS,593.29,2652,260,108,0.22371417797888385,0.0028974000291183987
20849,ZINC HEART LATTICE DOUBLE PLANTER,593.03,674,24,15,0.8798664688427299,0.0028961302891808123
22092,BLUE PAISLEY TISSUE BOX,592.91,933,140,105,0.6354876741693462,0.0028955442553634646
62096A,PINK/YELLOW FLOWERS HANDBAG,592.79,383,89,47,1.5477545691906005,0.002894958221546117
23377,PACK OF 12 DOLLY GIRL TISSUES,592.4499999999999,1351,133,69,0.4385270170244263,0.002893297792396965
85113,POLKA DOT PISTACHIO PAIL,591.6600000000001,285,48,36,2.076,0.00288943973643276
21304,ARCHED GREY MIRROR,591.58,86,18,16,6.8788372093023264,0.0028890490472211947
84963B,BLUE PAINTED KASHMIRI CHAIR,591.5,18,6,5,32.861111111111114,0.0028886583580096294
20794,BLUE  TILE HOOK,591.02,212,48,27,2.787830188679245,0.0028863142227402386
21322,GLASS SPHERE CANDLE STAND LARGE,590.45,301,14,12,1.9616279069767444,0.0028835305621078377
84563B,BLUE & WHITE BREAKFAST TRAY,590.04,128,59,27,4.6096875,0.002881528279898566
20661,BLUE SPOTTY PURSE,589.9000000000001,483,70,29,1.2213250517598346,0.0028808445737783274
21256,"FRENCH BOTTLE, BRASSERIE DES ARTIST",588.64,326,65,31,1.8056441717791412,0.0028746912186961766
21893,POTTING SHED SEED TIN,587.8,172,20,13,3.417441860465116,0.0028705889819747423
21167,WHITE SAGE INCENSE,587.52,2440,114,32,0.24078688524590164,0.0028692215697342645
21223,SET/4 BADGES WOODLAND ANIMAL,587.08,492,43,33,1.1932520325203253,0.002867072779070657
84934,ASSTD DESIGN POP ART SLIM PEN,586.5,687,13,12,0.8537117903930131,0.0028642402822868095
22683,"FRENCH BLUE METAL DOOR SIGN, 8",586.36,458,63,48,1.2802620087336245,0.0028635565761665704
23565,EGG CUP MILKMAID HELGA,586.31,410,63,28,1.4300243902439023,0.002863312395409342
23499,SET 12 VINTAGE DOILY CHALK,586.23,1312,110,86,0.44682164634146343,0.002862921706197777
90199C,5 STRAND GLASS NECKLACE CRYSTAL,585.29,99,31,24,5.9120202020202015,0.0028583311079618864
90195A,PURPLE GEMSTONE BRACELET,585.1999999999999,70,44,24,8.36,0.002857891582598876
84569C,PACK 4 FLOWER/BUTTERFLY PATCHES,584.93,415,89,45,1.4094698795180722,0.0028565730065098433
21016,LIGHT BIRD HOUSE TREE DECORATION,582.85,834,82,58,0.6988609112709833,0.0028464150870091505
82001s,SILVER RECORD COVER FRAME,581.88,78,15,0,7.46,0.0028416779803189236
21553,CERAMIC BIRDHOUSE FINCH BLUE  LARGE,581.27,90,39,24,6.458555555555555,0.0028386989750807394
22785,SQUARECUSHION COVER PINK UNION JACK,581.23,173,42,27,3.3597109826589597,0.002838503630474957
20781,GOLD EAR MUFF HEADPHONES,579.93,103,61,34,5.630388349514563,0.0028321549307870233
20804,GLASS CHICKEN BUTTER DISH,579.3100000000001,325,61,21,1.7824923076923078,0.002829127089397394
22999,TRAVEL CARD WALLET VINTAGE LEAF,578.48,1350,117,65,0.4285037037037037,0.0028250736888274057
85232A,SET/3 POLKADOT STACKING TINS,578.46,113,44,31,5.1191150442477875,0.0028249760165245147
90010B,BLACK/WHITE GLASS/SILVER BRACELET,578.02,63,34,16,9.174920634920635,0.002822827225860906
15056p,EDWARDIAN PARASOL PINK,577.84,46,38,0,12.561739130434784,0.002821948175134885
21419,CONCH SHELL,577.6899999999999,1259,19,12,0.4588482922954725,0.0028212156328632
22685,"FRENCH BLUE METAL DOOR SIGN, 0",577.51,461,54,45,1.2527331887201736,0.0028203365821371784
23324,RUSTIC STRAWBERRY JAM POT LARGE,577.48,279,38,32,2.069820788530466,0.0028201900736828417
35922,EASTER BUNNY WREATH,575.99,97,36,20,5.938041237113402,0.0028129134871174412
85144,JARDIN ETCHED GLASS CHEESE DISH,575.45,219,40,37,2.627625570776256,0.002810276334939377
23016,GLASS TWIST BON BON JAR,575.25,74,24,19,7.773648648648648,0.002809299611910464
23125,6PC WOOD PLATE SET DISPOSABLE,574.88,459,38,15,1.2524618736383442,0.0028074926743069752
84932D,SMALL ORIENTAL RED FOLDING STOOL,574.71,239,21,16,2.404644351464435,0.0028066624597323994
20935,ROUND CACTUS CANDLE,574.48,300,46,35,1.9149333333333334,0.0028055392282491497
47421,ASSORTED COLOUR LIZARD SUCTION HOOK,572.7,1463,74,23,0.3914559125085441,0.0027968463932918257
22684,"FRENCH BLUE METAL DOOR SIGN, 9",572.58,450,54,46,1.2724000000000002,0.002796260359474478
17013D,ORIGAMI ROSE INCENSE IN TUBE,572.4,1068,31,17,0.5359550561797752,0.0027953813087484565
84675,FROG KING WATERING CAN,571.71,206,62,39,2.7752912621359225,0.0027920116142987074
84924A,WAKE UP COCKEREL CALENDAR SIGN,571.0,133,62,41,4.293233082706767,0.002788544247546067
20615,BLUE SPOTTY PASSPORT COVER,570.85,316,88,32,1.8064873417721519,0.002787811705274382
16162L,THE KING GIFT BAG,570.43,8101,30,16,0.07041476360943093,0.002785760586913665
84509C,SET OF 4 POLKADOT PLACEMATS,570.19,149,60,29,3.826778523489933,0.0027845885192789703
85202,HANGING WOOD AND FELT HEART,570.09,1208,208,79,0.4719288079470199,0.0027841001577645135
85129A,"WHITE PEARL BEADED HEART, SMALL",569.16,444,75,51,1.2818918918918918,0.0027795583956800687
85086A,CANDY SPOT HEART DECORATION,568.73,587,152,44,0.9688756388415674,0.002777458441167906
23219,LAUREL STAR ANTIQUE SILVER,568.6,430,61,41,1.322325581395349,0.002776823571199113
84806B,WHITE CANDYSTUFT ARTIFICIAL FLOWER,568.02,450,32,28,1.2622666666666666,0.0027739910744152656
84846A,SCENTED CANDLE IN DIGITALIS TIN,567.55,251,54,39,2.2611553784860554,0.0027716957752973205
85119,WATERING CAN SINGLE HOOK PISTACHIO,567.48,413,39,36,1.374043583535109,0.0027713539222372014
22425,ENAMEL COLLANDER CREAM,567.12,122,23,21,4.648524590163935,0.0027695958207851583
16169C,WRAP BLUE REINDEER,567.0,1350,43,42,0.42,0.0027690097869678106
85169C,EAU DE NIL LOVE BIRD CANDLE,566.82,505,71,27,1.1224158415841585,0.002768130736241789
22699,TEACUP AND SAUCER REGENCY ROSES,566.7,210,14,13,2.698571428571429,0.0027675447024244413
21285,RETRO SPOT CANDLE  MEDIUM,566.22,263,36,20,2.1529277566539924,0.002765200567155051
21899,GARAGE KEY FOB,565.81,777,147,81,0.7281981981981981,0.002763198284945779
20838,FRENCH LATTICE CUSHION COVER,565.8,446,63,36,1.268609865470852,0.0027631494487943336
37444A,YELLOW BREAKFAST CUP AND SAUCER,563.43,2709,43,16,0.207984496124031,0.002751575280901717
23381,PACK OF 12 VINTAGE LEAF TISSUES,562.88,1496,80,59,0.37625668449197863,0.0027488892925722065
23272,TREE T-LIGHT HOLDER WILLIE WINKIE,562.22,364,44,34,1.5445604395604395,0.0027456661065767946
23413,VINTAGE COFFEE GRINDER BOX,561.23,109,30,20,5.148899082568808,0.0027408313275836763
37345,ASSTD HEARTS DESIGN MUGS,561.05,321,9,5,1.7478193146417444,0.0027399522768576543
85230B,CINNAMON SCENTED VOTIVE CANDLE,561.04,2120,68,49,0.26464150943396225,0.0027399034407062086
84773,RED ROSE AND LACE C/COVER,560.5,190,48,34,2.95,0.0027372662885281444
16049,TEATIME GEL PENS ASST,560.48,3169,32,22,0.1768633638371726,0.002737168616225253
22682,"FRENCH BLUE METAL DOOR SIGN, 7",560.05,443,58,47,1.264221218961625,0.0027350686617130904
16238,PARTY TIME PENCIL ERASERS,559.54,2447,236,104,0.22866366979975478,0.002732578017989363
85090,CANDY SPOT APRON,559.28,106,53,26,5.27622641509434,0.002731308278051776
22447,PIN CUSHION BABUSHKA BLUE,558.28,180,59,26,3.1015555555555556,0.002726424662907212
21160,KEEP OUT GIRLS DOOR HANGER,557.49,794,58,44,0.7021284634760705,0.0027225666069430068
84306,S/3 PINK SQUARE PLANTERS ROSES,557.4799999999999,48,31,18,11.614166666666664,0.0027225177707915606
22950,SET OF 36 DOILIES VINTAGE CHRISTMAS,557.4,444,2,2,1.2554054054054054,0.0027221270815799958
84569B,PACK 3 FIRE ENGINE/CAR PATCHES,557.18,433,76,54,1.2867898383371823,0.0027210526862481914
23069,EDWARDIAN PHOTO FRAME,556.21,88,32,27,6.3205681818181825,0.002716315579557965
23451,SQUARE MINI PORTRAIT FRAME,556.17,277,52,38,2.0078339350180503,0.002716120234952182
72586,SET OF 6 HALLOWEEN GHOST T-LIGHTS,556.11,1244,125,65,0.4470337620578778,0.0027158272180435082
21371,MIRRORED WALL ART POPPIES,556.01,404,64,33,1.3762623762376238,0.002715338856529052
21881,CUTE CATS TAPE,554.95,1332,118,49,0.41662912912912914,0.002710162224475814
90120D,WHITE MURANO TWIST BRACELET,554.13,134,40,16,4.135298507462687,0.0027061576600572713
84859C,PINK DISCO HANDBAG,552.72,304,39,29,1.8181578947368422,0.002699271762703436
23473,WOODLAND SMALL RED FELT HEART,552.02,678,51,41,0.814188790560472,0.0026958532321022413
22452,MEASURING TAPE RUSSIAN DOLL PINK,551.7,182,48,30,3.0313186813186817,0.002694290475255981
84805B,BLUE CLIMBING HYDRANGA ART FLOWER,551.4000000000001,340,9,7,1.6217647058823532,0.002692825390712612
79030G,TUMBLER NEW ENGLAND,551.1899999999999,1261,53,35,0.43710547184773985,0.002691799831532253
22044,CHRISTMAS CARD STACK OF PRESENTS,550.28,1940,89,80,0.28364948453608246,0.0026873557417506997
22681,"FRENCH BLUE METAL DOOR SIGN, 6",550.1,430,56,43,1.2793023255813953,0.002686476691024678
23456,MEDIUM PARLOUR PICTURE FRAME,550.0,136,34,31,4.044117647058823,0.002685988329510222
21373,MIRRORED WALL ART SNOWFLAKES,548.89,636,61,52,0.8630345911949685,0.002680567516699756
85071D,CHARLIE+LOLA MY ROOM DOOR SIGN,548.86,884,112,78,0.6208823529411764,0.0026804210082454188
85091,CANDY SPOT BREAD BASKETS,548.81,343,20,14,1.6000291545189502,0.00268017682748819
22584,PACK OF 6 PANETTONE GIFT BOXES,548.63,233,18,14,2.3546351931330474,0.002679297776762169
72800B,4 PURPLE FLOCK DINNER CANDLES,548.11,335,57,40,1.6361492537313433,0.002676758296886996
23549,WRAP BIRD GARDEN,548.1,1305,52,46,0.42000000000000004,0.00267670946073555
20888,SET 3 JARDIN DE FEMME SCENT CANDLES,547.74,367,19,10,1.4924795640326975,0.002674951359283507
23074,EMBOSSED HEART TRINKET BOX,547.27,246,48,32,2.2246747967479674,0.002672656060165562
85184C,SET 4 VALENTINE DECOUPAGE HEART BOX,545.75,169,62,38,3.2292899408284024,0.0026652329651458244
21339,MARAKESH LANTERN LARGE,544.5,30,12,12,18.15,0.0026591284462151193
22394,PAPERWEIGHT KINGS CHOICE,544.29,346,55,43,1.5730924855491328,0.002658102887034761
84596K,JELLY BABIES YELLOW SMALL BOWL,543.41,428,93,48,1.2696495327102804,0.0026538053057075447
22983,"CARD, BILLBOARD FONT",543.34,1300,100,67,0.4179538461538462,0.0026534634526474256
18094C,WHITE AND BLUE CERAMIC OIL BURNER,542.61,400,85,21,1.356525,0.0026498984135918937
35969,FOLKART CROWN TABLE DECORATIONS,542.47,523,76,36,1.0372275334608032,0.0026492147074716546
47021G,SET/6 BEAD COASTERS GAUZE BAG GOLD,541.96,713,70,28,0.7601122019635345,0.002646724063747927
20943,SET/6 GINGERBREAD STAR T-LIGHTS,540.21,381,71,46,1.4178740157480316,0.0026381777372449402
21311,SET/4 BIRD MIRROR MAGNETS,539.67,701,94,62,0.7698573466476462,0.002635540585066875
85027L,FRENCH CHATEAU LARGE PLATTER,538.5,190,40,36,2.8342105263157893,0.0026298267553477354
16048,TEATIME ROUND PENCIL SHARPENER,537.06,3461,105,59,0.15517480496966193,0.002622794349539563
84592,CROCHET ROSE PURSE WITH SUEDE BACK,536.4000000000001,173,47,33,3.1005780346820813,0.002619571163544151
84414B,FUSCHIA/GREEN STRIPE WOOLLY BLANKET,536.24,78,9,7,6.874871794871795,0.002618789785121021
21017,RED BIRD HOUSE TREE DECORATION,535.89,659,87,32,0.8131866464339909,0.002617080519820423
23398,HANGING HEART BONHEUR,535.35,606,69,53,0.8834158415841584,0.002614443367642359
23660,HENRIETTA HEN MUG,534.66,306,42,30,1.7472549019607841,0.002611073673192609
72800D,S/4 BLUE DINNER CANDLE SILVER FLOCK,534.58,418,36,26,1.2788995215311005,0.0026106829839810447
90203,SILVER CHARM NECKLACE 70CM,534.27,71,34,18,7.524929577464788,0.0026091690632862297
21418,STARFISH SOAP DISH,533.84,194,66,24,2.751752577319588,0.002607069108774067
16169P,WRAP GREEN RUSSIAN FOLKART,533.75,1750,48,46,0.305,0.0026066295834110565
20823,GOLD WINE GOBLET,533.71,253,19,14,2.109525691699605,0.0026064342388052737
20659,ECONOMY LUGGAGE TAG,533.51,369,138,55,1.4458265582655827,0.0026054575157763607
85020,ROUND PINK HEART MIRROR,533.48,240,58,36,2.2228333333333334,0.002605311007322024
85030,FRENCH CHATEAU OVAL PLATTER,531.4499999999999,211,29,26,2.5187203791469193,0.0025953972685785584
84661B,BLACK SQUARE TABLE CLOCK,530.22,243,51,21,2.1819753086419755,0.002589390421950745
72267,PREMIUM CHURCH CANDLE,530.16,265,45,38,2.0006037735849054,0.0025890974050420713
21734,SMALL MARAKESH LANTERN ON STICK,529.49,97,29,14,5.458659793814433,0.0025858253828952137
90160D,PINK BOUDICCA LARGE BRACELET,529.22,76,25,18,6.963421052631579,0.002584506806806181
21943,CAKES AND RABBITS DESIGN FLANNEL,529.16,591,149,37,0.8953637901861251,0.002584213789897507
84799,SPRIG LAVENDER ARTIFICIAL FLOWER,528.78,678,31,26,0.7799115044247787,0.002582358016142573
20653,CHERRY BLOSSOM LUGGAGE TAG,528.77,2004,81,26,0.2638572854291417,0.0025823091799911276
23139,SINGLE WIRE HOOK PINK HEART,528.6999999999999,414,27,20,1.2770531400966183,0.0025819673269310076
16202B,PASTEL BLUE PHOTO ALBUM,528.56,1039,22,13,0.5087199230028874,0.002581283620810769
23060,HEART BEADED TRELLIS DECORATION,528.1700000000001,249,42,34,2.1211646586345383,0.002579379010904389
90175D,TIGRIS EYE CHUNKY CHARM BRACELET,527.8199999999999,58,41,11,9.100344827586206,0.0025776697456037913
21336,GOLD WASHBAG,527.5600000000001,1823,43,13,0.2893911135490949,0.0025764000056662053
22344,PARTY PIZZA DISH PINK POLKADOT,526.64,1296,88,38,0.406358024691358,0.002571907079733206
71270,PHOTO CLIP LINE,525.4,370,81,29,1.42,0.0025658513969539463
22898,CHILDRENS APRON APPLE DESIGN,524.71,291,26,25,1.803127147766323,0.0025624817025041977
72728,ROSE SCENT CANDLES IN GLASS,523.15,643,54,44,0.8136080870917574,0.0025548632628786773
21403,BLUE EGG  SPOON,523.07,2319,157,80,0.22555843035791293,0.0025544725736671124
22861,EASTER TIN CHICKS IN GARDEN,522.93,305,50,36,1.7145245901639343,0.002553788867546873
85226C,BLUE PULL BACK RACING CAR,522.3100000000001,989,83,54,0.5281193124368049,0.002550761026157244
23537,WALL ART I LOVE LONDON,521.73,99,32,18,5.2700000000000005,0.0025479285293733963
21459,YELLOW EASTER EGG HUNT START POST,520.55,263,44,33,1.9792775665399238,0.002542165863502811
23336,EGG FRYING PAN PINK,519.25,225,85,46,2.307777777777778,0.0025358171638148776
BANK CHARGES,Bank Charges,519.241,34,33,19,15.271794117647058,0.0025357732112785765
20793,BLUE TILED TRAY,518.5,281,22,13,1.8451957295373667,0.0025321544524564547
20868,SILVER FABRIC MIRROR,518.07,882,71,40,0.5873809523809524,0.0025300544979442925
35810B,ENAMEL BLUE RIM COFFEE CONTAINER,517.71,325,68,43,1.5929538461538462,0.0025282963964922494
84657,GREEN ROSE CUSHION COVER,517.48,246,20,14,2.1035772357723577,0.0025271731650089993
84762A,WHITE PICNIC BARBECUE BUCKET,517.4300000000001,59,29,24,8.770000000000001,0.0025269289842517716
84683,CLASSICAL ROSE CANDLESTAND,516.85,537,46,18,0.9624767225325885,0.002524096487467924
85039C,S/4 BLACK MINI ROSE CANDLE IN BOWL,516.31,536,114,27,0.9632649253731342,0.002521459335289859
90114,SUMMER DAISIES BAG CHARM,514.18,205,111,19,2.508195121951219,0.0025110572350319376
84931A,PINK SCOTTIE DOG W FLOWER PATTERN,513.69,204,82,42,2.518088235294118,0.002508664263611102
46118,FUNKY MONKEY CUSHION COVER,513.58,373,72,23,1.3768900804289546,0.0025081270659451996
16168M,FUNKY MONKEY GIFT BAG MEDIUM,512.38,1686,101,42,0.3039027283511269,0.0025022667277717226
82605,OLD DOC RUSSEL METAL SIGN,512.13,227,101,62,2.256079295154185,0.0025010458239855815
72807c,SET/3 VANILLA SCENTED CANDLE IN BOX,511.98,60,44,0,8.533,0.002500313281713897
23136,IVORY WIRE SWEETHEART LETTER TRAY,511.89,135,49,39,3.7917777777777775,0.002499873756350886
47559b,TEA TIME OVEN GLOVE,511.46,154,44,0,3.321168831168831,0.0024977738018387235
85179A,GREEN BITTY LIGHT CHAIN,511.07,217,70,24,2.3551612903225805,0.002495869191932344
84875B,GREEN SQUARE COMPACT MIRROR,511.01,373,40,16,1.3699999999999999,0.00249557617502367
85129C,BEADED CRYSTAL HEART BLUE SMALL,510.23,390,65,37,1.3082820512820514,0.0024917669552109102
84989B,75 BLACK FAIRY CAKE CASES,510.15,1009,57,34,0.505599603567889,0.0024913762659993445
84782C,GREEN 3 TIER GLASS PLATE STAND,509.9,74,18,18,6.89054054054054,0.002490155362213204
21540,DAIRY MAID CERAMIC BUTTER DISH,509.62,114,48,27,4.470350877192982,0.002488787949972726
90058B,CRYSTAL STUD EARRINGS ASSORTED COL,509.08,1082,29,27,0.47049907578558225,0.0024861507977946614
20753,RETRO PINK SPOT WASHING UP GLOVES,509.0,218,56,30,2.334862385321101,0.002485760108583096
22135,LADLE LOVE HEART PINK,508.75,1096,151,40,0.4641879562043796,0.002484539204796955
20615,BLUE POLKADOT PASSPORT COVER,506.96,321,107,32,1.5793146417445483,0.0024757975336881857
23043,PAPER LANTERN 9 POINT HOLLY STAR L,506.01,75,20,15,6.7467999999999995,0.0024711580993008494
20654,FIRST CLASS LUGGAGE TAG,505.41,398,120,65,1.2698743718592966,0.0024682279302141114
35004S,SET OF 3 SILVER FLYING DUCKS,505.4,145,24,12,3.48551724137931,0.0024681790940626657
23527,WALL ART ANIMALS AND NATURE,504.59,153,31,25,3.29797385620915,0.002464223365795569
37352,BIRD IN TREE MUG,504.55,4643,8,6,0.10866896403187594,0.002464028021189786
22286,DECORATION WOBBLY RABBIT METAL,504.46,830,67,35,0.6077831325301205,0.0024635884958267755
84877B,GREEN ROUND COMPACT MIRROR,504.43,291,43,13,1.7334364261168385,0.002463441987372439
22541,MINI JIGSAW LEAP FROG,503.92,1245,66,34,0.40475502008032127,0.002460951343648711
84218,BOX/12 CHICK & EGG IN BASKET,503.51,261,96,74,1.9291570881226052,0.0024589490614394392
85169B,BLACK LOVE BIRD CANDLE,502.90999999999997,428,93,31,1.1750233644859813,0.002456018892352701
85142,JARDIN ETCHED GLASS GINGER JAR,502.58,57,34,26,8.81719298245614,0.002454407299354995
20845,ZINC HEART LATTICE 2 WALL PLANTER,502.27,76,24,15,6.608815789473684,0.00245289337866018
21117,BLOND DOLL DOORSTOP,502.08000000000004,328,26,23,1.5307317073170732,0.0024519654917827135
79337,BLUE FLOCK GLASS CANDLEHOLDER,502.03,1194,21,16,0.42046063651591287,0.002451721311025485
84804B,BLUE DELPHINIUM ARTIFICIAL FLOWER,501.9700000000001,355,19,17,1.4140000000000001,0.0024514282941168115
90010E,AMBER GLASS/SILVER BRACELET,501.65,56,35,16,8.958035714285714,0.0024498655372705504
23117,POPPY FIELDS CHOPPING BOARD,501.23,93,45,39,5.389569892473118,0.0024478144189098335
47591B,SCOTTIES DES CHILD'S APRON,500.83,300,98,52,1.6694333333333333,0.002445860972852008
23021,GLASS BONNE JAM JAR,500.82000000000005,120,27,24,4.173500000000001,0.0024458121367005627
20865,PATCHWORK PENCIL CASE BUTTERFLY,500.49,251,33,24,1.99398406374502,0.0024442005437028563
71143,SILVER BOOK MARK WITH BEADS,500.34,332,96,10,1.5070481927710844,0.0024434680014311714
84706D,CHERRY BLOSSOM TABLE CLOCK,500.19,219,16,14,2.283972602739726,0.002442735459159487
16219,HOUSE SHAPE PENCIL SHARPENER,499.55,3357,128,58,0.1488084599344653,0.002439609945466966
21882,SKULLS TAPE,499.44,1052,119,61,0.4747528517110266,0.002439072747801064
35471A,SET OF 3 BIRD L.BLUE FEATHER,499.31,421,83,41,1.1860095011876484,0.0024384378778322707
23560,SET OF 6 RIBBONS COUNTRY STYLE,499.18,172,26,20,2.9022093023255815,0.0024378030078634773
84247L,FAWN AND MUSHROOM GREETING CARD,498.21,1137,110,62,0.43817941952506595,0.00243306590117325
20864,DENIM PATCH PENCIL CASE BUTTERFLY,498.14,252,29,20,1.9767460317460317,0.002432724048113131
47592A,CAROUSEL DES CHILD'S OVERALL,497.81,257,74,28,1.9370038910505836,0.0024311124551154245
35600D,PINK AND WHITE CHRISTMAS TREE 180CM,497.70000000000005,141,13,11,3.5297872340425536,0.0024305752574495226
85230A,OPIUM SCENTED VOTIVE CANDLE,497.03999999999996,1992,48,31,0.2495180722891566,0.0024273520714541102
21399,BLUE  SPOTTY  COFFEE MUG,495.98,241,35,23,2.058008298755187,0.0024221754394008724
72800C,S/4 PINK DINNER CANDLE SILVER FLOCK,494.39,394,28,22,1.2547969543147208,0.0024144104913210156
22031,BOTANICAL LAVENDER BIRTHDAY CARD,493.99,1125,142,65,0.4391022222222222,0.00241245704526319
84798B,PURPLE FOXGLOVE ARTIIFCIAL FLOWER,492.90000000000003,326,10,8,1.5119631901840491,0.0024071339047556156
16239,BALLERINA HEART DECORATION.,492.17,347,21,13,1.41835734870317,0.0024035688657000837
90160B,RED BOUDICCA LARGE BRACELET,490.92,71,29,19,6.9143661971830985,0.0023974643467693786
84827,ASS DES PHONE SPONGE CRAFT STICKER,489.79,1027,29,23,0.4769133398247323,0.002391945861656021
37482P,CUBIC MUG PINK POLKADOT,489.6,549,56,36,0.8918032786885246,0.002391017974778554
21004,ROSE DU SUD CHILDS APRON,489.14,106,52,28,4.614528301886792,0.002388771511812054
35967,FOLK ART METAL STAR T-LIGHT HOLDER,488.51,936,112,50,0.5219123931623931,0.002385694834270979
84876B,GREEN HEART COMPACT MIRROR,488.31,344,40,22,1.4195058139534884,0.002384718111242066
21663,VINTAGE GLASS SUGAR CADDY,488.16,76,32,21,6.423157894736843,0.0023839855689703816
51020B,STRIPY DESIGN SHOWER CAP,488.11999999999995,1084,60,40,0.45029520295202946,0.0023837902243645987
84970l,SINGLE HEART ZINC T-LIGHT HOLDER,487.14,233,65,0,2.0907296137339055,0.002379004281522926
22892,SALT AND PEPPER SHAKERS TOADSTOOLS,486.35,397,30,26,1.2250629722921915,0.002375146225558721
72800D,4 BLUE DINNER CANDLES SILVER FLOCK,485.63,213,50,29,2.2799530516431923,0.0023716300226546347
22897,OVEN MITT APPLE DESIGN,485.0,343,34,30,1.41399416909621,0.002368553345113559
22407,MONEY BOX FIRST ADE DESIGN,484.34000000000003,394,64,49,1.229289340101523,0.002365330159118147
84875D,BLUE SQUARE COMPACT MIRROR,483.75,371,37,17,1.3039083557951483,0.002362448826182854
23218,LAUREL STAR ANTIQUE GOLD,483.03,379,40,27,1.274485488126649,0.002358932623278768
22259,FELT FARM ANIMAL HEN,482.95,590,72,31,0.8185593220338983,0.002358541934067203
22038,BOTANICAL LAVENDER GIFT WRAP,481.0,1150,45,43,0.4182608695652174,0.002349018884535303
84984B,RED PEONY CUSHION COVER,480.85,309,10,7,1.5561488673139159,0.0023482863422636187
85227,SET/6 3D KIT CARDS FOR KIDS,480.69,592,50,27,0.8119763513513514,0.002347504963840488
22346,PARTY PIZZA DISH GREEN POLKADOT,479.6,1159,68,26,0.41380500431406386,0.0023421818233329136
23169,CLASSIC GLASS SWEET JAR,479.45,119,14,14,4.028991596638655,0.0023414492810612288
16244A,MAXWELL 2 TONE PINK 60 PAGE PHOTO A,479.40999999999997,186,28,6,2.5774731182795696,0.0023412539364554463
23422,PANTRY HOOK BALLOON WHISK,477.89,213,47,29,2.2436150234741783,0.0023338308414357087
37492C,GREEN BLUE FLOWER PIGGY BANK,477.29999999999995,242,24,19,1.9723140495867766,0.002330949508500416
21620,S/4 ROSE    BOTANICAL  CANDLE,477.12,127,38,33,3.7568503937007875,0.002330070457774395
21132,SILVER STANDING GNOME,476.61,93,47,25,5.1248387096774195,0.0023275798140506673
72750C,"F.FAIRY S/3 CANDLE/GLASS, ROSE",476.4,232,15,12,2.0534482758620687,0.0023265542548703087
23561,SET OF 6 RIBBONS PARTY,476.0,170,16,13,2.8,0.0023246008088124827
72801G,S/4 BURGUNDY WINE DINNER CANDLES,475.91999999999996,786,26,19,0.6054961832061068,0.0023242101196009174
85170B,SET/6 BLACK BIRD T-LIGHT CANDLES,475.91,283,58,19,1.681660777385159,0.002324161283449472
85109,PINK BOUDOIR T-LIGHT HOLDER,475.43000000000006,4211,20,17,0.11290192353360248,0.0023218171481800814
84809A,WHITE CHRYSANTHEMUMS ART FLOWER,474.84,276,21,18,1.7204347826086956,0.0023189358152447886
21507,ELEPHANT BIRTHDAY CARD,474.78000000000003,1110,95,63,0.4277297297297298,0.0023186427983361148
21536,DAIRY MAID  SMALL  MILK JUG,474.74,221,61,42,2.1481447963800906,0.0023184474537303323
85136B,BLUE SHARK HELICOPTER,473.77000000000004,59,47,39,8.030000000000001,0.002313710347040105
22697,TEACUP AND SAUCER REGENCY GREEN,472.5,174,13,13,2.7155172413793105,0.002307508155806509
40046A,RED DAISY PAPER LAMPSHADE,472.07,355,62,26,1.329774647887324,0.002305408201294346
22951,72 CAKE CASES DOLLY GIRL DESIGN,471.84999999999997,943,25,25,0.5003711558854719,0.002304333805962542
84926E,FLOWERS TILE COASTER,471.57,1081,52,40,0.4362349676225717,0.002302966393722064
85144,JARDIN ETCHED GLASS BUTTER DISH,471.4,68,30,25,6.93235294117647,0.0023021361791474883
20662,FIRST CLASS HOLIDAY PURSE,471.33000000000004,728,49,23,0.6474313186813188,0.0023017943260873687
84901,BLACK FACE LAMB WITH PANTS,471.13,123,74,44,3.8303252032520323,0.0023008176030584557
gift_0001_20,Dotcomgiftshop Gift Voucher £20.00,471.06,28,26,0,16.82357142857143,0.0023004757499983366
23521,WALL ART CAT AND BIRD,469.73,143,40,18,3.284825174825175,0.0022939805418560662
21518,BANK ACCOUNT  GREETING  CARD,469.28000000000003,1107,109,58,0.4239205058717254,0.0022917829150410126
90192,JADE DROP EARRINGS W FILIGREE,469.18,94,53,10,4.991276595744681,0.0022912945535265563
22686,"FRENCH BLUE METAL DOOR SIGN, No",468.94,356,48,33,1.317247191011236,0.002290122485891861
72799B,PURPLE PILLAR CANDLE BLACK FLOCK,467.71000000000004,322,16,7,1.4525155279503106,0.0022841156392640473
85211,S/4 GROOVY CAT MAGNETS,467.4,306,75,43,1.5274509803921568,0.002282601718569232
35911A,MULTICOLOUR RABBIT EGG WARMER,466.69,388,96,38,1.2028092783505155,0.002279134351816592
72225C,LAVENDER SCENT CAKE CANDLE,466.38,1926,38,25,0.24214953271028036,0.002277620431121777
23379,PACK OF 12 RED APPLE TISSUES,465.36,1220,76,49,0.3814426229508197,0.0022726391436743215
51020A,SUMMER FUN DESIGN SHOWER CAP,463.30999999999995,1303,50,37,0.3555717574827321,0.002262627732627965
23455,SMALL PARLOUR PICTURE FRAME,462.45,165,33,30,2.8027272727272727,0.00225842782360364
90120C,GREEN MURANO TWIST BRACELET,462.32,109,58,12,4.2414678899082565,0.0022577929536348467
84972L,GIANT PINK HEART MEMO HOLDER,462.15000000000003,117,46,41,3.95,0.002256962739060271
72132,COLUMBIAN CUBE CANDLE,462.15,549,28,22,0.8418032786885246,0.002256962739060271
72789,BASKET/8 SCENTED LOVE TOKEN CANDLES,461.53,122,45,42,3.783032786885246,0.002253934897670641
85204,HANGING WOOD AND FELT FLOWER,460.9,2353,154,69,0.1958776030599235,0.002250858220129566
90195B,BLACK GEMSTONE BRACELET,460.69,52,26,19,8.859423076923077,0.0022498326609492075
23691,WRAP KEEP CALM BIRTHDAY,460.5,1125,36,34,0.4093333333333333,0.0022489047740717402
84915,HAND TOWEL PINK FLOWER AND DAISY,459.56,234,37,15,1.963931623931624,0.00224431417583585
84948,SILVER HANGING T-LIGHT HOLDER DOME,459.21000000000004,273,36,28,1.6820879120879122,0.0022426049105352527
22191,IVORY WALL CLOCK,459.0,60,1,1,7.65,0.002241579351354894
22193,RED WALL CLOCK,459.0,60,1,1,7.65,0.002241579351354894
47422,ASSORTED MONKEY SUCTION CUP HOOK,458.34000000000003,1177,66,28,0.38941376380628717,0.002238356165359482
16207B,PINK HEART RED HANDBAG,457.65000000000003,265,46,12,1.7269811320754718,0.002234986470909733
22345,PARTY PIZZA DISH BLUE POLKADOT,457.58,1183,81,33,0.3867962806424345,0.0022346446178496135
23045,PAPER LANTERN 5 POINT STAR MOON,456.48,108,20,17,4.226666666666667,0.0022292726411905933
90145,SILVER HOOP EARRINGS WITH FLOWER,455.86,75,45,16,6.078133333333334,0.0022262447998009634
84509A,ENGLISH ROSE PLACEMATS,455.18,117,32,19,3.8904273504273506,0.0022229239415026596
90201B,BLACK ENAMEL FLOWER RING,454.31000000000006,154,54,14,2.9500649350649355,0.002218675196326889
21757,LIGHTHOUSE PRINTED METAL SIGN,454.3,80,42,15,5.67875,0.0022186263601754433
72586,"S/6 HALLOWEEN GHOST T LIGHTS, 5CM H",453.99,1059,58,39,0.4286968838526912,0.002217112439480629
84508B,STRIPES DESIGN TEDDY,453.76,169,74,40,2.6849704142011834,0.0022159892079973787
22813,PACK 3 BOXES BIRD PANETTONE,451.84,204,31,11,2.2149019607843137,0.0022066126669198155
20621,ECONOMY PASSPORT COVER,451.67,207,33,23,2.1819806763285023,0.0022057824523452397
23548,WRAP MAGIC FOREST,451.5,1075,43,42,0.42,0.002204952237770664
23509,MINI PLAYING CARDS FUN FAIR,451.46000000000004,1062,65,51,0.4251035781544256,0.0022047568931648815
90120B,BLUE MURANO TWIST BRACELET,451.44,107,42,17,4.219065420560748,0.00220465922086199
82081,PINK HEARTS PHOTO ALBUM,451.35,174,23,11,2.5939655172413794,0.0022042196954989795
84597C,RETRO PINK BALL ASHTRAY,450.98,364,44,21,1.238956043956044,0.0022024127578954907
16012,FOOD/DRINK SPONGE STICKERS,449.82,2142,63,53,0.21,0.002196747764327796
20616,CHERRY BLOSSOM PASSPORT COVER,449.26,283,121,31,1.5874911660777384,0.0021940129398468405
21393,BLUE POLKADOT PUDDING BOWL,449.26,2565,15,14,0.17515009746588694,0.0021940129398468405
16218,CARTOON  PENCIL SHARPENERS,448.13,4629,98,60,0.09680924605746381,0.002188494454733483
90014A,SILVER/MOP ORBIT NECKLACE,447.21,44,34,15,10.163863636363637,0.002184001528800484
17164D,ASS COL SMALL SAND FROG P'WEIGHT,447.0,1150,28,26,0.38869565217391305,0.0021829759696201257
72127,COLUMBIAN CANDLE ROUND,445.94,366,65,49,1.218415300546448,0.002177799337566888
79030D,"TUMBLER, BAROQUE",445.45,484,21,15,0.9203512396694215,0.0021754063661460514
84857C,PINK MONTE CARLO HANDBAG,445.03,197,17,13,2.2590355329949237,0.0021733552477853344
21529,RED RETROSPOT TOASTRACK,444.36,120,49,32,3.7030000000000003,0.002170083225638477
90010A,MIDNIGHT BLUE GLASS/SILVER BRACELET,443.84999999999997,49,30,12,9.058163265306122,0.002167592581914749
72128,COLUMBIAN CANDLE ROUND,442.23999999999995,714,88,61,0.6193837535014005,0.0021597299615320007
62096B,PURPLE/TURQ FLOWERS HANDBAG,441.99,257,82,42,1.719805447470817,0.00215850905774586
90198B,VINTAGE ROSE BEAD BRACELET BLACK,441.9,104,49,22,4.249038461538461,0.002158069532382849
16243B,BROWN COZY SQUARE PHOTO ALBUM,441.77,212,8,1,2.083820754716981,0.0021574346624140556
90154,LAZER CUT NECKLACE W PASTEL BEADS,439.65,59,7,6,7.451694915254237,0.00214708139830758
16161M,WRAP  PINK FLOCK,439.0,1050,39,36,0.4180952380952381,0.0021439070484636138
79030A,"TUMBLER, ENGLISH ROSE",438.25,171,33,18,2.5628654970760234,0.0021402443371051905
23023,RIDGED BONNE JAM JAR T-LIGHT HOLDER,437.82,274,25,23,1.5978832116788322,0.002138144382593028
90013A,MIDNIGHT BLUE VINTAGE EARRINGS,434.27,115,77,8,3.7762608695652173,0.0021208075488298255
22343,PARTY PIZZA DISH RED WHITE SPOT,434.07,488,34,21,0.8894877049180328,0.002119830825800913
79071B,ENGLISH ROSE METAL WASTE BIN,433.70000000000005,142,66,51,3.0542253521126765,0.0021180238881974246
21027,NINJA RABBIT PINK,433.61,355,77,39,1.22143661971831,0.002117584362834413
84859B,BLUE DISCO HANDBAG,433.46,282,18,14,1.5370921985815602,0.0021168518205627283
84510F,SET OF 4 NEW ENGLAND COASTERS,432.75,1099,38,23,0.3937670609645132,0.0021133844538100883
84798A,PINK FOXGLOVE ARTIIFCIAL FLOWER,432.45000000000005,195,10,9,2.217692307692308,0.0021119193692667195
37464,ROBOT MUG IN DISPLAY BOX,431.18,316,82,45,1.364493670886076,0.0021057171780331225
84858B,BLUE RIVIERA HANDBAG,431.0,326,9,8,1.322085889570552,0.0021048381273071014
23058,CHRISTMAS HANGING SNOWFLAKE,430.86,490,48,39,0.8793061224489797,0.002104154421186862
72800C,4 PINK DINNER CANDLE SILVER FLOCK,430.45,266,50,33,1.6182330827067668,0.0021021521389775906
20851,ZINC HEART LATTICE TRAY OVAL,429.57,335,28,21,1.2822985074626865,0.0020978545576503744
16045,POPART WOODEN PENCILS ASST,429.44,9312,74,65,0.04611683848797251,0.0020972196876815814
90013B,BLACK VINTAGE EARRINGS,428.92,104,79,5,4.12423076923077,0.002094680207806408
84966B,BLUE KASHMIRI BOXED MIRROR,428.0,33,4,3,12.969696969696969,0.002090187281873409
84422,PINK/BLUE DISC/MIRROR STRING,427.95,782,38,19,0.5472506393861892,0.002089943101116181
84801A,PINK HYDRANGEA ART FLOWER,427.44000000000005,272,15,14,1.5714705882352944,0.0020874524573924534
23457,LARGE PARLOUR PICTURE FRAME,427.03000000000003,85,29,25,5.023882352941177,0.0020854501751831817
23522,DOG AND BALL WALL ART,425.88,252,4,3,1.69,0.002079834017766933
85230G,ORANGE VOTIVE CANDLE,425.75999999999993,1680,46,32,0.2534285714285714,0.0020792479839495852
20715,LITTLE FLOWER SHOPPER BAG,424.0,400,1,1,1.06,0.002070652821295153
21028,NINJA RABBIT BLACK,423.9,323,92,31,1.3123839009287925,0.0020701644597806964
45016,DECORATIVE NET CANOPY LEOPARD,423.73,101,25,8,4.195346534653465,0.0020693342452061205
16207A,PINK STRAWBERRY HANDBAG,423.53000000000003,143,76,17,2.961748251748252,0.002068357522177208
21678,PAISLEY PATTERN  STICKERS,423.0,572,80,39,0.7395104895104895,0.0020657692061505886
16008,SMALL FOLDING SCISSOR(POINTED EDGE),422.96,3141,85,64,0.1346577523081821,0.0020655738615448062
21729,SMALL MARAKESH METAL  LANTERN,422.9,124,30,19,3.4104838709677416,0.0020652808446361324
22446,PIN CUSHION RUSSIAN DOLL PINK,422.45000000000005,121,33,24,3.491322314049587,0.0020630832178210787
22840,"CAKE TIN, ROUND, VINTAGE RED,CREAM",421.05,59,10,10,7.136440677966102,0.002056246156618689
47579,TEA TIME BREAKFAST BASKET,420.87,185,55,37,2.274972972972973,0.0020553671058926672
46126A,ELVIS WALLHANGING / CURTAIN,419.99,317,48,23,1.3248895899053628,0.002051069524565451
84967C,GREEN KASHMIRI OCCASIONAL TABLE,419.85,9,4,3,46.650000000000006,0.0020503858184452123
84770,ROUND GEORGIAN SILVER MIRROR,419.25000000000006,135,16,14,3.105555555555556,0.002047455649358474
72780,BLACK SILOUETTE CANDLE PLATE,418.18,514,44,36,0.813579766536965,0.0020422301811537902
22032,BOTANICAL LILY GREETING CARD,418.12,980,111,64,0.4266530612244898,0.0020419371642451164
72750A,FLOWER FAIRY SET OF 3 LILY CANDLES,417.7,206,8,6,2.0276699029126215,0.0020398860458843994
84532B,FAIRY CAKES RECTANGLUAR BOXES,417.58,54,31,21,7.732962962962962,0.0020393000120670513
85097B,BLUE ROCKING SINGING CANARY,417.17,106,40,25,3.9355660377358492,0.0020372977298577805
37482P,CUBIC MUG PINK POLKA DOT,416.71000000000004,118,27,17,3.531440677966102,0.002035051266891281
35240,ENAMEL BLUE RIM OVAL TRAY SET/2,416.01,49,39,35,8.49,0.0020316327362900864
85014b,RED RETROSPOT UMBRELLA,414.82000000000005,33,30,0,12.570303030303032,0.002025821234268055
84529C,YELLOW KNITTED KIDS RUCKSACK,414.74,78,37,9,5.317179487179487,0.00202543054505649
84997b,RED 3 PIECE MINI DOTS CUTLERY SET,414.18,49,7,0,8.45265306122449,0.0020226957205755343
22395,PAPERWEIGHT VINTAGE PAISLEY,413.76,234,53,31,1.768205128205128,0.002020644602214817
84007,MAGIC GARDEN MOUNT FUJI,413.12,157,39,30,2.6313375796178344,0.002017519088522296
85112,S/3 TEAR DROP CUT GLASS DECORATION,412.77,465,34,20,0.8876774193548387,0.0020158098232216986
23459,DOLLY CABINET 2 DRAWERS,412.5,33,19,19,12.5,0.002014491247132666
20666,ECONOMY HOLIDAY PURSE,412.45000000000005,911,46,22,0.45274423710208567,0.0020142470663754384
23415,HOME SWEET HOME HOOK,412.18,328,47,42,1.2566463414634146,0.002012928490286406
21520,BOOZE & WOMEN GREETING CARD,411.63,957,108,61,0.4301253918495298,0.0020102425019568955
84884a,ANT WHITE WIRE HEART SPIRAL,410.89,49,35,0,8.385510204081632,0.002006628626749918
20857,BLUE ROSE PATCH PURSE PINK BUTTERFL,410.84999999999997,249,73,57,1.65,0.0020064332821441355
21341,KASBAH LANTERN WITH GLASS,410.64,72,29,15,5.703333333333333,0.0020054077229637772
90149,SILVER FLOWR PINK SHELL NECKLACE,410.26000000000005,62,9,6,6.617096774193549,0.002003551949208843
84509B,FAIRY CAKE PLACEMATS,409.94,107,28,20,3.831214953271028,0.0020019891923625825
37444B,BLUE BREAKFAST CUP AND SAUCER,409.6,2010,28,14,0.2037810945273632,0.002000328763213431
16169F,WRAP BLIZZARD,409.5,975,34,34,0.42,0.001999840401698974
84595B,LARGE TRIFLE DESIGN L BLUE BOWL,408.9,230,16,13,1.7778260869565217,0.0019969102326122356
22786,PILLOWCUSHION COVER PINK UNION JACK,408.83000000000004,67,22,17,6.101940298507463,0.0019965683795521165
21252,SET OF MEADOW  FLOWER STICKERS,408.66,168,22,14,2.4325,0.0019957381649775407
22324,BAG FOR CHILDREN VINTAGE BLUE,408.0,96,1,1,4.25,0.0019925149789821284
22323,BAG FOR CHILDREN VINTAGE PINK,408.0,96,1,1,4.25,0.0019925149789821284
72803B,OCEAN SCENT CANDLE JEWELLED DRAWER,407.88,92,36,28,4.433478260869565,0.0019919289451647802
22776,"CAKESTAND, 3 TIER, LOVEHEART",405.5,46,7,7,8.815217391304348,0.001980305941120718
84984A,GREEN PEONY CUSHION COVER,403.75,255,12,8,1.5833333333333333,0.0019717596146177313
82076,BEECH WOOD PHOTO FRAME,403.64,290,19,5,1.3918620689655172,0.001971222416951829
90206C,CRYSTAL DIAMANTE STAR BROOCH,402.61,80,57,9,5.032625,0.001966192293352928
84932B,SMALL PINK PEONY FOLDING STOOL,401.3,189,17,17,2.1232804232804234,0.0019597947575135492
22134,MINI LADLE LOVE HEART RED,401.18,865,153,28,0.4637919075144509,0.0019592087236962015
23339,EGG FRYING PAN BLUE,400.84000000000003,173,76,43,2.3169942196531794,0.00195754829454705
23576,SNACK TRAY RED VINTAGE DOILY,400.03999999999996,198,37,28,2.02040404040404,0.0019536414024313984
23429,RED RETRO KITCHEN WALL CLOCK,400.01,47,23,19,8.510851063829787,0.0019534948939770613
23039,T-LIGHT HOLDER SILVER HEART HANDLE,399.71,199,28,22,2.0085929648241203,0.0019520298094336925
85007,SET OF 3 VINTAGE TEA TIME BOXES,399.62,143,21,16,2.7945454545454544,0.0019515902840706817
23466,TUSCAN VILLA DOVECOTE BIRD FEEDER,399.03,43,23,17,9.279767441860464,0.0019487089511353887
21698,MOCK LOBSTER FRIDGE MAGNET,399.01,530,112,38,0.7528490566037735,0.0019486112788324975
20889,JARDIN DE FEMME SCENTED CANDLE,398.04,657,13,12,0.6058447488584475,0.0019438741721422704
D,Discount,397.89,196,5,5,2.030051020408163,0.0019431416298705856
79191B,RETRO PLASTIC POLKA TRAY,397.37,479,70,46,0.8295824634655532,0.0019406021499954124
85167A,WHITE GRAND BAROQUE PHOTO FRAME,396.8,176,14,12,2.2545454545454544,0.001937818489363011
90180A,BLACK+WHITE NECKLACE W TASSEL,396.64,44,28,18,9.014545454545454,0.0019370371109398805
84804A,CREAM DELPHINIUM ARTIFICIAL FLOWER,396.38000000000005,218,18,15,1.8182568807339452,0.0019357673710022943
21025,SPACE FROG,396.12,300,81,30,1.3204,0.0019344976310647073
90120A,PINK MURANO TWIST BRACELET,395.68,93,41,14,4.254623655913979,0.0019323488404010992
23484,HEART TRELLIS TRIPLE T-LIGHT HOLDER,395.11,129,30,20,3.062868217054264,0.0019295651797686978
84726,LILLIES CANVAS PICTURE,394.85,233,5,4,1.6946351931330472,0.0019282954398311114
84873A,FUNKY FLOWER PICNIC BAG FOR 4,394.15,32,16,5,12.3171875,0.001924876909229916
21736,GOLD SCROLL GLASS T-LIGHT HOLDER,393.69,193,27,22,2.039844559585492,0.0019226304462634167
23661,MILK MAIDS MUG,393.59000000000003,219,33,23,1.7972146118721464,0.0019221420847489606
84952A,CLEAR LOVE BIRD T-LIGHT HOLDER,392.53,148,39,13,2.6522297297297297,0.0019169654526957223
90201D,GREEN ENAMEL FLOWER RING,391.37,133,57,12,2.9426315789473683,0.0019113004591280282
84673B,BLUE FLY SWAT,391.31,503,133,65,0.7779522862823062,0.0019110074422193544
90124B,BLUE MURANO TWIST NECKLACE,391.18,39,30,11,10.03025641025641,0.0019103725722505612
84711A,SILVER OVAL SHAPE TRINKET BOX,390.95,42,24,13,9.308333333333334,0.0019092493407673113
23150,IVORY SWEETHEART SOAP DISH,390.75,148,49,33,2.6402027027027026,0.0019082726177383983
20661,BLUE POLKADOT PURSE,390.16,415,53,9,0.940144578313253,0.0019053912848031058
47562,ENGLISH ROSE IRONING BOARD COVER,390.0,104,41,16,3.75,0.0019046099063799757
84802B,PURPLE ANEMONE ARTIFICIAL FLOWER,389.79,411,17,16,0.9483941605839417,0.001903584347199617
84081,WHITE CERAMIC PARTY SET (5PCS),389.3,100,20,14,3.8930000000000002,0.0019011913757787807
16044,POP-ART FLUORESCENT PENS,389.22,6193,3,2,0.06284837720006459,0.0019008006865672156
23337,EGG FRYING PAN MINT,388.75,180,69,49,2.1597222222222223,0.0018985053874492706
84497,BUTTONS AND STRIPES NOTEBOOK,387.13,97,37,29,3.9910309278350513,0.0018905939309150767
23103,BELL HEART DECORATION,387.0,252,9,9,1.5357142857142858,0.0018899590609462835
90158,ST TROPEZ NECKLACE,386.32,77,63,11,5.017142857142857,0.00188663820264798
84292,ROSE PINK METAL FOLDING CHAIR,385.98,44,14,11,8.772272727272728,0.001884977773498828
90070,RUBY GLASS CLUSTER BRACELET,385.15000000000003,63,35,9,6.113492063492064,0.0018809243729288401
22698,TEACUP AND SAUCER REGENCY PINK,384.0,144,9,9,2.6666666666666665,0.001875308215512591
22838,"CAKE TIN, 3 TIER RED/IVORY",383.4,28,8,8,13.692857142857141,0.0018723780464258528
84509c,SET OF 4 POLKADOT PLACEMATS,383.18,51,32,0,7.513333333333334,0.0018713036510940488
90201A,PURPLE ENAMEL FLOWER RING,382.84000000000003,130,54,16,2.944923076923077,0.0018696432219448972
23116,VEGETABLE GARDEN CHOPPING BOARD,382.44,76,22,17,5.032105263157895,0.0018676897758870715
71053,WHITE MOROCCAN METAL LANTERN,381.55,69,26,9,5.529710144927536,0.0018633433584084094
90035B,"PEARL & SHELL 42""NECKL. PINK",380.89,43,4,4,8.857906976744186,0.0018601201724129971
72801E,S/4 FESTIVE GREEN DINNER CANDLES,380.84,718,22,17,0.5304178272980501,0.0018598759916557686
90184A,AMBER CHUNKY BEAD BRACELET W STRAP,380.82,42,25,11,9.067142857142857,0.0018597783193528778
72750B,"F.FAIRY S/3 CANDLE/GLASS,LAVENDER",380.35,193,9,8,1.9707253886010363,0.0018574830202349327
20670,VIP HOLIDAY PURSE,378.85,694,48,20,0.5458933717579251,0.0018501575975180865
84533B,FAIRY CAKES ROUND NESTING BOXES,377.93,59,24,17,6.405593220338983,0.0018456646715850876
21243,PINK POLKADOT PLATE,377.56,220,25,18,1.7161818181818183,0.0018438577339815988
20976,12 PENCILS SMALL TUBE POSY,376.34000000000003,549,76,51,0.6855009107468124,0.001837899723505231
85033G,SET/6 GOLD REINDEER T-LIGHT CANDLES,376.05,236,32,16,1.5934322033898305,0.0018364834751133073
16258A,SWIRLY CIRCULAR RUBBERS IN BAG,375.93,1063,101,58,0.3536500470366886,0.0018358974412959594
23396,LA JARDIN BOTANIQUE CUSHION COVER,375.53,87,28,23,4.3164367816091955,0.0018339439952381339
23128,DOLLCRAFT BOY JEAN-PAUL,373.9,82,12,12,4.559756097560975,0.0018259837025524943
84680,CLASSICAL ROSE URN,372.3,94,17,14,3.9606382978723405,0.0018181699183211922
84741C,CITRUS GARLAND FELT FLOWERS,372.14,185,51,42,2.0115675675675675,0.0018173885398980617
84877D,BLUE ROUND COMPACT MIRROR,371.84999999999997,160,43,14,2.3240624999999997,0.0018159722915061381
84429A,MEDIUM PINK BUDDHA HEAD,371.78000000000003,109,42,22,3.4108256880733947,0.001815630438446019
16216,LETTER SHAPE PENCIL SHARPENER,371.64,4158,88,69,0.08937950937950938,0.0018149467323257797
22511,DOORSTOP RUSSIAN DOLL RETROSPOT,371.1,101,35,31,3.6742574257425744,0.0018123095801477153
90134,OLD ROSE COMBO BEAD NECKLACE,370.92,126,96,2,2.943809523809524,0.0018114305294216935
78033,FLAG OF ST GEORGE CHAIR,370.6,76,16,13,4.876315789473685,0.0018098677725754333
22559,SEASIDE FRISBEE,370.54,308,26,21,1.2030519480519482,0.0018095747556667596
79336,LIGHT PINK FLOCK GLASS CANDLEHOLDER,369.78000000000003,840,21,13,0.4402142857142857,0.0018058632081568908
20663,QUEEN OF THE SKIES HOLIDAY PURSE,369.41,1074,44,13,0.3439571694599628,0.001804056270553402
20652,BLUE POLKADOT LUGGAGE TAG,369.39,280,92,34,1.31925,0.0018039585982505104
90082B,DIAMANTE BOW BROOCH RED COLOUR,368.3,58,25,18,6.3500000000000005,0.0017986354577429358
20906,VINTAGE NOTEBOOK BEAUTY GIRL,368.24,101,47,25,3.645940594059406,0.001798342440834262
85026B,EAU DE NILE JEWELLED T-LIGHT HOLDER,367.55,300,29,20,1.2251666666666667,0.0017949727463845127
47503G,ASS FLORAL PRINT TAPE MEASURE,367.36,284,35,21,1.2935211267605635,0.0017940448595070457
23575,SNACK TRAY PAISLEY PARK,367.34999999999997,179,32,22,2.0522346368715083,0.0017939960233555997
47504G,ENGLISH ROSE TAPE MEASURE,366.81,266,57,38,1.378984962406015,0.0017913588711775353
35915A,CREAM KNITTED HEN,365.76,288,1,1,1.27,0.0017862310752757432
90002D,FLOWER BURST SILVER RING CRYSTAL,365.74,104,34,17,3.516730769230769,0.001786133402972852
84926D,LA PALMIERA TILE COASTER,365.34999999999997,773,47,29,0.4726390685640362,0.0017842287930664716
79190A,RETRO PLASTIC 70'S TRAY,364.25,790,119,42,0.4610759493670886,0.0017788568164074513
35968,FOLK ART METAL HEART T-LIGHT HOLDER,363.34000000000003,761,75,49,0.4774507227332458,0.0017744127266258985
90164B,WHITE  ROSEBUD PEARL BRACELET,362.94,67,35,8,5.417014925373135,0.0017724592805680726
90160A,PURPLE BOUDICCA LARGE BRACELET,362.51,52,25,18,6.971346153846154,0.00177035932605591
85094,CANDY SPOT EGG WARMER RABBIT,360.99,760,108,40,0.47498684210526315,0.001762936231036173
21880,RED AND WHITE SPOT TAPE,360.93,483,71,35,0.7472670807453416,0.0017626432141274987
84760S,SMALL HANGING GLASS+ZINC LANTERN,360.21,222,36,24,1.6225675675675675,0.0017591270112234125
21946,PARTY TIME DESIGN FLANNEL,358.96999999999997,625,67,25,0.574352,0.001753071328444153
84402D,PINK DRESS JEWELLERY STAND,358.93,373,13,9,0.9622788203753352,0.0017528759838383709
90036E,"FLOWER GLASS GARLD NECKL36""AMETHYST",358.87,45,28,10,7.974888888888889,0.0017525829669296968
23579,SNACK TRAY I LOVE LONDON,358.75,169,35,22,2.1227810650887573,0.0017519969331123491
84711B,PINK OVAL SHAPE TRINKET BOX,357.71,39,30,11,9.172051282051282,0.0017469179733620025
84997a,GREEN 3 PIECE MINI DOTS CUTLERY SET,357.41,43,11,0,8.311860465116279,0.0017454528888186335
84800M,MEDIUM WHITE/PINK ROSE ART FLOWER,357.22,250,27,25,1.4288800000000001,0.0017445250019411664
22555,PLASTERS IN TIN MR STRONG,357.0,228,11,11,1.5657894736842106,0.0017434506066093623
35912B,WHITE/PINK CHICK DECORATION,355.58000000000004,288,30,22,1.2346527777777778,0.0017365158731040813
21038,SET/4 MODERN VINTAGE COTTON NAPKINS,355.48,166,52,39,2.1414457831325304,0.001736027511589625
20799,PINK MILKSHAKE GLASS,355.33,200,26,11,1.7766499999999998,0.0017352949693179402
72487,ROSES WHITE ROUND CANDLE,355.05,827,14,13,0.429322853688029,0.0017339275570774622
90019A,SILVER M.O.P ORBIT BRACELET,354.59000000000003,68,51,16,5.214558823529412,0.001731681094110963
72801C,4 ROSE PINK DINNER CANDLES,354.45,537,28,20,0.6600558659217877,0.001730997387990724
47310M,SMALL POP BOX FUNKY MONKEY,353.98,258,87,20,1.3720155038759692,0.0017287020888727789
90082A,DIAMANTE BOW BROOCH GREEN COLOUR,353.71,55,32,16,6.4310909090909085,0.0017273835127837465
90013C,GREEN VINTAGE EARRINGS,353.55,88,56,10,4.017613636363636,0.0017266021343606164
20950,SET/6  ANGEL T-LIGHTS WHITE/GOLD,353.39,687,83,57,0.514395924308588,0.0017258207559374859
22039,BOTANICAL LILY GIFT WRAP,353.0,850,30,27,0.4152941176470588,0.0017239161460311059
84898F,YELLOW FLOWERS FELT HANDBAG KIT,352.75,165,52,37,2.1378787878787877,0.0017226952422449652
46000R,POLYESTER FILLER PAD 45x30cm,352.34999999999997,243,61,42,1.45,0.001720741796187139
84809B,PINK CHRYSANTHEMUMS ART FLOWER,351.6,296,8,7,1.1878378378378378,0.0017170790848287164
23420,PANTRY HOOK TEA STRAINER,351.37,164,32,26,2.1425,0.001715955853345467
82001s,VINYL RECORD FRAME SILVER,351.09999999999997,47,14,0,7.470212765957446,0.0017146372772564341
90201C,RED ENAMEL FLOWER RING,350.94000000000005,119,46,16,2.9490756302521013,0.0017138558988333042
90161A,ANT COPPER RED BOUDICCA BRACELET,349.96,70,43,14,4.999428571428571,0.0017090699559916313
22268,DECORATION SITTING BUNNY,349.53999999999996,1480,83,32,0.23617567567567566,0.0017070188376309143
23421,PANTRY HOOK SPATULA,349.2,160,33,24,2.1825,0.0017053584084817627
72750A,"F.FAIRY S/3 CANDLE/GLASS,LILY/VALLY",349.15000000000003,177,8,8,1.9725988700564974,0.0017051142277245347
22029,SPACE BOY BIRTHDAY CARD,349.12,823,67,51,0.4242041312272175,0.0017049677192701976
82011B,BATHROOM SCALES RUBBER DUCKS,348.8,93,48,23,3.750537634408602,0.0017034049624239374
23044,PAPER LANTERN 9 POINT HOLLY STAR S,348.59000000000003,83,20,19,4.199879518072289,0.0017023794032435787
23057,GEMSTONE CHANDELIER T-LIGHT HOLDER,347.7,78,7,7,4.457692307692308,0.0016980329857649167
84249D,FAIRY CAKE GREETINGS CARD,347.3,823,64,48,0.42199270959902796,0.0016960795397070912
84535A,ENGLISH ROSE NOTEBOOK A6 SIZE,346.93,607,64,44,0.5715485996705107,0.0016942726021036024
22257,FELT FARM ANIMAL SHEEP,345.48,419,57,23,0.8245346062052507,0.0016871913601439847
84801B,WHITE HYDRANGEA ART FLOWER,345.0,214,18,14,1.6121495327102804,0.0016848472248745935
90148,LONG SILVER NECKLACE PASTEL FLOWER,343.98,27,18,15,12.74,0.0016798659374271385
35004c,SET OF 3 COLOURED  FLYING DUCKS,343.72,27,25,0,12.730370370370371,0.001678596197489552
84881,BLUE WIRE SPIRAL CANDLE HOLDER,342.94,52,24,21,6.595,0.0016747869776767917
21306,SET/4 DAISY MIRROR MAGNETS,342.8,681,68,48,0.5033773861967695,0.0016741032715565528
20940,SET/6 GARDEN GNOME T-LIGHT CANDLES,342.75,118,22,15,2.9046610169491527,0.0016738590907993246
90191,SILVER LARIAT 40CM,342.6,40,21,13,8.565000000000001,0.0016731265485276402
35833P,4 PINK FLOCK CHRISTMAS BALLS,342.17,185,64,32,1.8495675675675676,0.0016710265940154776
72814,SET/3 CHRISTMAS BRIAR CANDLES,341.53,90,23,18,3.7947777777777776,0.0016679010803229565
72811,SMALL ZINC/GLASS CANDLEHOLDER,340.45,445,22,18,0.7650561797752808,0.0016626267759668272
23523,WALL ART TREASURE AHOY,340.35,90,25,21,3.7816666666666667,0.0016621384144523711
75149N,STRING CRYSTALS NATURAL,340.0,272,25,18,1.25,0.0016604291491517733
79303B,BLUE STAR BLOCK TABLE LAMP,339.57,109,10,4,3.115321100917431,0.001658329194639611
84925A,WAKE UP COCKEREL WALL THERMOMETER,339.29,179,17,14,1.8954748603351956,0.001656961782399133
84576,BLUE CAT BISCUIT BARREL PINK HEART,337.04,96,32,19,3.5108333333333337,0.0016459736483238642
23127,DOLLCRAFT GIRL NICOLE,336.6,68,12,12,4.95,0.001643824857660256
35914,PINK CHICK EGG WARMER + EGG CUP,336.58,243,56,25,1.3851028806584362,0.0016437271853573644
17011F,ORIGAMI SANDLEWOOD INCENSE+FLOWER,336.2,385,20,15,0.8732467532467533,0.0016418714116024301
20847,ZINC HEART LATTICE CHARGER LARGE,334.35,80,27,17,4.179375,0.0016328367235849868
17109A,FLOWER FAIRY INCENSE LILY,333.61,709,13,12,0.4705359661495064,0.0016292228483780092
21402,RED  EGG  SPOON,333.42,1698,151,81,0.19636042402826856,0.0016282949615005421
90175C,BLUE GLASS CHUNKY CHARM BRACELET,332.95,37,20,15,8.998648648648649,0.0016259996623825968
20688,BEAUTY SPEED EXPRESSO CUPS,332.9,464,11,9,0.7174568965517241,0.0016257554816253687
47583B,SET OF 3 WICKER BASKET TEA AND CAKE,332.6,27,6,6,12.31851851851852,0.0016242903970819997
21420,OYSTER TRINKET BOX,332.16,120,31,21,2.7680000000000002,0.0016221416064183915
35637C,PINK STRING CURTAIN WITH POLE,331.14,100,19,14,3.3114,0.0016171603189709361
85024B,EAU DE NILE JEWELLED PHOTOFRAME,330.90000000000003,218,20,19,1.5178899082568809,0.001615988251336241
84870C,GREEN GEISHA GIRL,330.36,93,41,21,3.552258064516129,0.0016133510991581763
35921,EASTER BUNNY HANGING GARLAND,330.32,183,49,23,1.8050273224043716,0.0016131557545523935
90129B,TURQUOISE GLASS TASSLE BAG CHARM,329.95,146,62,17,2.259931506849315,0.0016113488169489049
37467,PIG MUG IN TWO COLOUR DESIGNS,328.51,273,64,28,1.2033333333333334,0.0016043164111407327
72739B,WHITE CHOCOLATE SCENT CANDLE,328.39,394,28,10,0.8334771573604061,0.0016037303773233848
90014B,GOLD M PEARL  ORBIT NECKLACE,327.81,32,26,11,10.2440625,0.0016008978805395378
21722,SWEET PUDDING STICKER SHEET,327.75,347,79,33,0.9445244956772334,0.001600604863630864
23236,DOILEY BISCUIT TIN,327.59999999999997,120,13,13,2.7299999999999995,0.001599872321359179
84902,PINK KNITTED COW STUFFED TOY,326.33,84,53,28,3.884880952380952,0.0015936701301255832
84706A,ENGLISH ROSE TABLE CLOCK,325.88,137,7,6,2.3786861313868615,0.0015914725033105293
21309,LOUVRE CHALKBOARD,325.6,49,5,5,6.644897959183674,0.0015901050910700513
90209A,PURPLE ENAMEL+GLASS HAIR COMB,325.5,173,10,7,1.8815028901734103,0.001589616729555595
22045,SPACE BOY GIFT WRAP,325.5,775,27,26,0.42,0.001589616729555595
23037,CANDLE HOLDER SILVER MADELINE,325.16,196,20,17,1.6589795918367347,0.0015879563004064432
23478,WOODLAND LARGE PINK FELT HEART,324.40000000000003,285,13,9,1.1382456140350878,0.0015842447528965748
23521,CAT AND BIRD WALL ART,323.64,270,4,3,1.1986666666666665,0.0015805332053867058
90175B,PINK GLASS CHUNKY CHARM BRACELET,322.85,36,27,6,8.968055555555557,0.0015766751494225005
84870B,BLUE GEISHA GIRL,322.61,90,40,22,3.5845555555555557,0.0015755030817878048
90197B,BLACK GLASS BRACELET W HEART CHARMS,322.52,64,51,2,5.039375,0.0015750635564247939
90178A,AMBER CHUNKY GLASS+BEAD NECKLACE,322.40999999999997,27,21,14,11.94111111111111,0.0015745263587588919
23205,CHARLOTTE BAG ALPHABET  DESIGN,320.5,400,22,22,0.80125,0.0015651986538327749
72801G,4 BURGUNDY WINE DINNER CANDLES,320.2,537,38,28,0.5962756052141527,0.0015637335692894054
85131C,BEADED CRYSTAL HEART BLUE ON STICK,320.15,439,72,20,0.7292710706150342,0.0015634893885321773
85070,ANT WHITE SWEETHEART TABLE W 3 DRAW,320.0,3,3,3,106.66666666666667,0.0015627568462604929
22287,DECORATION WOBBLY CHICKEN,319.14,560,45,25,0.5698928571428571,0.0015585569372361674
84795b,SUNSET CHECK HAMMOCK,317.71999999999997,19,17,0,16.722105263157893,0.0015516222037308867
85089,CANDY SPOT BUNNY,317.54,99,29,15,3.207474747474748,0.0015507431530048653
85033S,SET/6 SILVER REINDEER T-LIGHTS,317.34999999999997,258,49,34,1.2300387596899223,0.0015498152661273979
84933C,LARGE BLUE ORIENTAL FOLDING STOOL,317.0,136,6,6,2.3308823529411766,0.0015481060008268005
90018A,SILVER M.O.P ORBIT DROP EARRINGS,316.99,75,56,15,4.226533333333333,0.0015480571646753552
17091B,JASMINE TEA INCENSE IN TIN,316.98,276,51,35,1.1484782608695654,0.0015480083285239095
21401,BLUE PUDDING SPOON,315.7,1437,121,72,0.2196938065414057,0.0015417573011388673
84509G,FAIRY CAKE PLACEMATS,315.55,82,27,18,3.848170731707317,0.0015410247588671826
85129B,BEADED CRYSTAL HEART GREEN SMALL,315.11,233,56,26,1.3524034334763948,0.0015388759682035745
84673A,PINK FLY SWAT,314.84,500,99,57,0.6296799999999999,0.0015375573921145422
84933A,LARGE GREEN PEONY FOLDING STOOL,314.34999999999997,131,6,5,2.3996183206106867,0.0015351644206937059
90000D,COPPER/OLIVE GREEN FLOWER NECKLACE,313.75,51,34,13,6.151960784313726,0.0015322342516069676
46000U,POLYESTER FILLER PAD 30CMx30CM,313.75,251,51,39,1.25,0.0015322342516069676
35638B,PINK/BLUE STRING CURTAIN,313.28999999999996,118,11,7,2.655,0.0015299877886404678
37343,POLKADOT MUG PINK,313.26,193,30,18,1.6231088082901555,0.001529841280186131
23695,DOILY THANK YOU CARD,313.24,741,57,41,0.42272604588394064,0.00152974360788324
23130,MISELTOE HEART WREATH,312.8,80,5,5,3.91,0.0015275948172196318
84802A,WHITE ANEMONE ARTIFICIAL FLOWER,312.65000000000003,185,24,21,1.6900000000000002,0.0015268622749479474
84838,ANT WHITE HIGH RISE BIRD BOX,312.5,50,4,3,6.25,0.0015261297326762625
90016B,GOLD/M.O.P PENDANT ORBIT NECKLACE,312.14,37,30,14,8.436216216216216,0.0015243716312242192
84522,PINK PARTY SUNGLASSES,311.86,186,26,19,1.6766666666666667,0.0015230042189837416
84984C,ORIENTAL BLUE CUSHION COVER,311.57,219,8,6,1.4226940639269405,0.0015215879705918179
35979,SIX STRING SCANDINAVIAN HEART DECS,311.03000000000003,94,27,19,3.308829787234043,0.0015189508184137535
62095B,TURQOISE ICE CREAM SUNHAT,310.83,292,21,18,1.0644863013698629,0.0015179740953848403
84623,PINK GINGHAM ROSE FLOOR CUSHION,310.44,56,14,8,5.543571428571428,0.0015160694854784605
84933B,LARGE PINK PEONY FOLDING STOOL,309.15,136,6,5,2.273161764705882,0.0015097696219419727
84661A,WHITE SQUARE TABLE CLOCK,308.99,222,43,22,1.3918468468468468,0.0015089882435188426
20795,LARGE BLUE PROVENCAL CERAMIC BALL,308.7,135,29,15,2.2866666666666666,0.001507571995126919
22844,VINTAGE DOG FOOD CONTAINER,308.64,36,6,6,8.573333333333332,0.0015072789782182453
77081,FLOWER WINDMILL,308.38,242,33,17,1.274297520661157,0.0015060092382806587
21196,ROUND WHITE CONFETTI IN TUBE,306.89,178,22,16,1.7241011235955055,0.001498732651715258
22453,MEASURING TAPE RUSSIAN DOLL BLUE,306.81000000000006,103,28,22,2.9787378640776705,0.0014983419625036933
84671B,CROCHET BEAR WITH BLUE STRIPES,306.77,109,32,20,2.8144036697247703,0.0014981466178979105
23495,SET OF 3 PANTRY WOODEN SPOONS,306.66,225,41,21,1.3629333333333336,0.0014976094202320085
90173,PAIR BUTTERFLY HAIR CLIPS,306.64,81,51,7,3.7856790123456787,0.001497511747929117
72130,COLUMBIAN CANDLE ROUND,306.35,753,57,39,0.4068393094289509,0.0014960954995371937
16254,TRANSPARENT ACRYLIC TAPE DISPENSER,305.66,941,40,17,0.3248246546227418,0.0014927258050874445
23131,MISELTOE HEART WREATH WHITE,304.5,78,4,4,3.9038461538461537,0.00148706081151975
20800,LARGE GLASS SUNDAE DISH CLEAR,303.96,1005,5,2,0.30244776119402983,0.0014844236593416853
84219,BOX/12 MOTHER & CHICK IN BASKET/BOW,303.86,137,28,24,2.217956204379562,0.0014839352978272293
72753D,S/3 FLWR FAIRY SUMMER CANDLES,302.40000000000003,144,9,9,2.1,0.0014768052197161657
90036D,"FLOWER GLASS GARLAND NECKL.36""BLACK",302.29,38,16,11,7.955000000000001,0.0014762680220502635
84968e,SET OF 16 VINTAGE BLACK CUTLERY,302.16999999999996,12,9,0,25.18083333333333,0.0014756819882329156
85147,JARDIN ETCHED GLASS CANDLEHLDR LONG,301.95,61,16,14,4.95,0.0014746075929011118
23430,BLUE RETRO KITCHEN WALL CLOCK,301.88,36,18,16,8.385555555555555,0.0014742657398409923
35645,VINTAGE BEAD PINK JEWEL BOX,301.81,61,34,18,4.947704918032787,0.001473923886780873
21321,GLASS CHALICE BLUE  LARGE,301.8,122,18,10,2.4737704918032786,0.0014738750506294272
23522,WALL ART DOG AND BALL,301.56,102,28,17,2.956470588235294,0.0014727029829947318
90098,NECKLACE+BRACELET PINK BUTTERFLY,301.28,137,55,22,2.199124087591241,0.0014713355707542538
90035C,"PEARL & SHELL 42""NECKL. IVORY",301.0,28,5,5,10.75,0.001469968158513776
22852,ENAMEL DOG BOWL CREAM,300.48,76,3,3,3.953684210526316,0.0014674286786386028
84509E,SET OF 4 CAROUSEL PLACEMATS,300.3,157,29,9,1.9127388535031848,0.0014665496279125812
23440,PAINT YOUR OWN EGGS IN CRATE,299.36,164,5,5,1.8253658536585367,0.0014619590296766909
17001,HEAVENS SCENT FRAGRANCE OILS ASSTD,299.34999999999997,1211,23,20,0.24719240297274978,0.0014619101935252452
90124A,PINK MURANO TWIST NECKLACE,299.28,30,20,16,9.975999999999999,0.0014615683404651258
18096C,WHITE ROUND PORCELAIN TLIGHT HOLDER,298.7,117,20,12,2.552991452991453,0.0014587358436812786
35981C,WHITE SNOW SCANDINAVIAN STOCKING,297.62,589,67,55,0.5052971137521223,0.0014534615393251495
84627,CANDY STRIPE ROSE C/COVER,297.5,50,19,15,5.95,0.0014528755055078018
84509C,SET OF 4 DOTTY PLACEMATS,297.48,70,23,11,4.249714285714286,0.0014527778332049106
84247N,PACK/12 BLUE FOLKART CARDS,297.48,113,53,33,2.632566371681416,0.0014527778332049106
22135,MINI LADLE LOVE HEART PINK,297.4,528,166,20,0.5632575757575757,0.0014523871439933453
21157,RED RETROSPOT WASHBAG,296.99,103,44,13,2.8833980582524275,0.0014503848617840743
17012E,ORIGAMI OPIUM INCENSE/CANDLE SET,296.78999999999996,263,29,12,1.1284790874524713,0.0014494081387551611
79190D,RETRO PLASTIC DAISY TRAY,296.58,641,112,44,0.4626833073322933,0.0014483825795748029
35920,FOUR RABBIT EASTER DECORATIONS,296.34,1070,24,18,0.27695327102803735,0.0014472105119401075
47471,RAINBOW PEGS PHOTO CLIP STRING,295.72,428,63,35,0.6909345794392524,0.001444182670550478
DCGSSGIRL,GIRLS PARTY BAG,295.63,92,23,0,3.2133695652173913,0.001443743145187467
79051A,SMOKEY GREY COLOUR D.O.F. GLASS,295.58,702,39,30,0.42105413105413103,0.0014434989644302387
90129A,PINK GLASS TASSLE BAG CHARM,295.38,151,73,14,1.956158940397351,0.0014425222414013261
20869,GOLD FABRIC MIRROR,295.12,529,53,30,0.557882797731569,0.0014412525014637395
21697,SET 5 MINI DOUGHNUT FRIDGE MAGNET,295.08000000000004,372,7,6,0.793225806451613,0.001441057156857957
23126,DOLLCRAFT GIRL AMELIE KIT,294.7,66,8,8,4.465151515151515,0.0014392013831030224
90185D,CRYSTAL DIAMANTE EXPANDABLE RING,293.33,69,35,14,4.251159420289855,0.0014325108303549698
84926A,WAKE UP COCKEREL TILE COASTER,293.08,664,51,29,0.44138554216867465,0.0014312899265688287
84482,BUTTONS DESIGN JEWELLERY BOX,293.02,75,32,22,3.906933333333333,0.0014309969096601548
72801F,S/4 FESTIVE RED DINNER CANDLES,292.5,234,25,20,1.25,0.0014284574297849816
90030B,RED KUKUI COCONUT SEED NECKLACE,292.08000000000004,139,36,17,2.1012949640287775,0.001426406311424265
37422,WHITE WITH BLACK CATS BOWL,292.08,434,73,14,0.6729953917050691,0.0014264063114242647
84800S,SMALL WHITE/PINK ROSE ART FLOWER,292.03999999999996,388,19,19,0.7526804123711339,0.001426210966818482
22952,SET 72 CAKE CASES VINTAGE CHRISTMAS,291.6,672,4,4,0.43392857142857144,0.001424062176154874
23567,EGG CUP HENRIETTA HEN PINK,291.58,211,37,15,1.3818957345971563,0.0014239645038519825
21030,SPACE CADET RED,290.9,239,51,37,1.2171548117154811,0.0014206436455536792
84529A,PINK KNITTED KIDS RUCKSACK,290.78,50,19,9,5.8156,0.0014200576117363313
20826,SILVER APERITIF GLASS,290.72,355,14,11,0.8189295774647888,0.0014197645948276576
16202A,PASTEL PINK PHOTO ALBUM,290.45,662,21,16,0.4387462235649547,0.0014184460187386253
21388,IVORY HANGING DECORATION  CHICKEN,290.16999999999996,311,29,27,0.9330225080385851,0.0014170786064981473
23410,CURIO CABINET LINEN AND LACE,290.1,36,18,16,8.058333333333334,0.001416736753438028
84882,GREEN WIRE STANDING CANDLE HOLDER,289.43,66,36,22,4.385303030303031,0.00141346473129117
85014a,BLACK/BLUE POLKADOT UMBRELLA,288.92,23,19,0,12.561739130434784,0.0014109740875674424
23015,CORDIAL GLASS JUG,288.88,34,16,13,8.496470588235294,0.0014107787429616598
20987,GEISHA GIRL CHOPSTICKS SET/5,288.35,131,22,11,2.201145038167939,0.001408190426935041
23047,PAPER LANTERN 5 POINT SEQUIN STAR,287.5,50,21,21,5.75,0.0014040393540621615
21144,PINK POODLE HANGING DECORATION,287.47,543,60,40,0.5294106813996318,0.0014038928456078248
84997a,GREEN 3 PIECE POLKADOT CUTLERY SET,287.08000000000004,34,10,0,8.443529411764708,0.0014019882357014448
16212,FUNKY GIRLZ ASST MAGNETIC MEMO PAD,287.01,366,37,29,0.7841803278688524,0.001401646382641325
20821,GOLDIE LOOKING MIRROR,286.42,42,25,10,6.81952380952381,0.0013987650497060322
37413,ICON MUG REVOLUTIONARY,284.49,703,81,52,0.40467994310099575,0.0013893396724770238
90185B,AMETHYST DIAMANTE EXPANDABLE RING,284.43,67,34,12,4.245223880597015,0.00138904665556835
84247E,PACK OF 12 CHRISTMAS FUN CARDS,283.79,106,37,13,2.6772641509433965,0.0013859211418758288
82093,HEART SHAPE BUTTON FRAME,283.49,139,28,7,2.039496402877698,0.0013844560573324596
20980,36 PENCILS TUBE POSY,282.31,233,58,35,1.2116309012875537,0.001378693391461874
22546,MINI JIGSAW FIDO,282.24,672,10,10,0.42000000000000004,0.0013783515384017545
85049g,CHOCOLATE BOX RIBBONS,281.44,115,52,0,2.447304347826087,0.0013744446462861032
84977,WIRE FLOWER T-LIGHT HOLDER,281.33,223,44,34,1.2615695067264574,0.0013739074486202013
16052,TEATIME PUSH DOWN RUBBER,281.32,848,35,18,0.3317452830188679,0.0013738586124687556
23481,PEARLISED IVORY HEART SMALL,281.17,228,29,23,1.233201754385965,0.0013731260701970711
90163A,PINK ROSEBUD & PEARL NECKLACE,280.71,37,24,5,7.586756756756756,0.0013708796072305714
47578A,ENGLISH ROSE SMALL SCENTED FLOWER,279.88,307,69,42,0.9116612377850163,0.0013668262066605834
84508C,BLUE CIRCLES DESIGN TEDDY,279.82,103,43,22,2.7166990291262136,0.0013665331897519096
72739C,DARK CHOCOLATE SCENTCANDLE,279.08,326,23,10,0.8560736196319018,0.0013629193145449322
21412,VINTAGE GOLD TINSEL REEL,279.0,275,67,33,1.0145454545454546,0.0013625286253333671
84625B,BLCK NEW BAROQUE CANDLESTICK CANDLE,279.0,180,17,15,1.55,0.0013625286253333671
90115,SUMMER BUTTERFLIES BAG CHARM,278.96,108,60,11,2.582962962962963,0.0013623332807275845
22954,HEN PARTY CORDON BARRIER TAPE,278.89,226,49,27,1.2340265486725663,0.001361991427667465
84457,SET/3 RABBITS FLOWER SKIPPPING ROPE,278.72999999999996,291,64,37,0.9578350515463916,0.0013612100492443346
21367,MIRRORED WALL ART GENTS,278.47999999999996,211,60,37,1.3198104265402841,0.0013599891454581935
84926F,PSYCHEDELIC TILE COASTER,277.9,484,42,24,0.5741735537190082,0.0013571566486743466
23413,DECORATIVE VINTAGE COFFEE  BOX,277.0,52,22,13,5.326923076923077,0.001352761395044239
44235,ASS COL CIRCLE MOBILE,276.96,752,15,12,0.3682978723404255,0.0013525660504384563
90146,FINE SILVER NECKLACE W PASTEL FLOWE,276.49,41,19,12,6.743658536585366,0.0013502707513205114
22889,NUMBER TILE VINTAGE FONT No,276.42,173,36,7,1.5978034682080926,0.001349928898260392
84966C,GREEN KASHMIRI BOXED MIRROR,276.0,23,2,1,12.0,0.001347877779899675
DCGS0076,SUNJAR LED NIGHT NIGHT LIGHT,275.96,17,14,0,16.232941176470586,0.0013476824352938923
23137,ZINC WIRE SWEETHEART LETTER TRAY,275.62,83,23,18,3.320722891566265,0.0013460220061447406
90085,CRYSTAL STILETTO PHONE CHARM,275.53,311,29,14,0.8859485530546622,0.0013455824807817296
21095,SET/6 POSIES PAPER PLATES,274.57,295,40,24,0.9307457627118644,0.0013408942102429483
84924F,PSYCHEDELIC METAL SIGN CALENDAR,274.55,975,10,8,0.2815897435897436,0.0013407965379400573
21193,WHITE HONEYCOMB PAPER FAN,274.37,111,22,14,2.471801801801802,0.0013399174872140358
75178,ASSTD COL BUTTERFLY/CRYSTAL W/CHIME,273.93,497,25,11,0.5511670020120725,0.0013377686965504276
90122A,PINK CRYSTAL+GLASS BRACELET,273.89,55,31,14,4.979818181818182,0.0013375733519446448
84927F,PSYCHEDELIC TILE HOOK,273.32,335,62,44,0.8158805970149253,0.0013347896913122432
23141,TRIPLE WIRE HOOK PINK HEART,272.91,79,25,18,3.454556962025317,0.0013327874091029722
84924D,LA PALMIERA METAL SIGN CALENDAR,272.61,764,15,11,0.3568193717277487,0.001331322324559603
23203,JUMBO BAG VINTAGE DOILEY,272.57,144,7,6,1.8928472222222221,0.0013311269799538203
79303D,LILAC FLOWER BLOCK TABLE LAMP,272.45,78,19,5,3.492948717948718,0.0013305409461364726
35096A,BLUE VICTORIAN FABRIC HEART BOX,272.45,765,50,18,0.3561437908496732,0.0013305409461364726
84499,BLACK FLOWER CANDLE PLATE,272.16999999999996,326,41,16,0.8348773006134969,0.0013291735338959946
90185C,BLACK DIAMANTE EXPANDABLE RING,271.96,64,32,17,4.249375,0.0013281479747156361
90032,IVORY SHELL HEART NECKLACE,271.88,48,24,12,5.664166666666667,0.0013277572855040713
90014C,SILVER/BLACK ORBIT NECKLACE,271.33,27,18,12,10.049259259259259,0.001325071297174561
84192,ASSORTED COLOUR METAL CAT,271.1,226,38,29,1.1995575221238939,0.0013239480656913113
23474,WOODLAND SMALL BLUE FELT HEART,270.96000000000004,312,37,26,0.8684615384615386,0.0013232643595710723
21629,SQUARE FLOOR CUSHION VINTAGE PINK,270.47,19,14,3,14.235263157894739,0.001320871388150236
47586A,PINK FAIRY CAKE CUSHION COVER,270.43,200,29,23,1.35215,0.0013206760435444532
47351B,BLUE  VOILE LAMPSHADE,269.90000000000003,98,14,11,2.7540816326530617,0.0013180877275178345
85195,HANGING HEART BASKET,269.44000000000005,146,17,14,1.8454794520547948,0.0013158412645513352
90122C,TURQUOISE CRYSTAL+GLASS BRACELET,269.1,54,30,12,4.983333333333333,0.0013141808354021833
72793,BLACK BOX MIRROR LANTERN,268.75,55,10,5,4.886363636363637,0.0013124715701015857
20818,GOLD TEDDY BEAR,268.5,87,30,20,3.086206896551724,0.0013112506663154448
21372,MIRRORED WALL ART TABLE LAMP,267.01,156,50,28,1.711602564102564,0.001303974079750044
79030D,TUMBLER BAROQUE,266.19,525,40,22,0.5070285714285714,0.0012999695153315016
23489,"GARLAND, VINTAGE BELLS",265.88,92,10,10,2.89,0.001298455594636687
47481,50CM METAL STRING WITH  7 CLIPS,265.4,326,44,31,0.8141104294478527,0.0012961114593672961
23476,WOODLAND LARGE RED FELT HEART,264.72,205,22,18,1.2913170731707317,0.0012927906010689926
21950,SET OF 6 DOTS CHOPSTICKS,263.63,211,18,2,1.249431279620853,0.0012874674605614178
90157,RIVIERA NECKLACE,263.28000000000003,53,24,14,4.967547169811321,0.0012857581952608204
90129E,PURPLE GLASS TASSLE BAG CHARM,263.14,129,59,10,2.03984496124031,0.0012850744891405815
84906,PINK B'FLY C/COVER W BOBBLES,262.62,43,16,11,6.107441860465117,0.0012825350092654081
84806A,PINK CANDYSTUFT ARTIFICIAL FLOWER,261.90999999999997,319,20,19,0.8210344827586206,0.0012790676425127674
23194,GYMKHANNA TREASURE BOOK BOX,261.84000000000003,120,14,14,2.1820000000000004,0.0012787257894526483
21268,VINTAGE BLUE TINSEL REEL,261.66,397,49,31,0.6590931989924433,0.0012778467387266268
79328,BLUE FLOCK GLASS CANDLEHOLDER,260.76,594,17,6,0.438989898989899,0.0012734514850965188
72799D,BLUE PILLAR CANDLE SILVER FLOCK,260.67,78,18,12,3.341923076923077,0.0012730119597335085
44234,ASSORTED CIRCULAR MOBILE,260.39,1213,56,28,0.21466611706512778,0.0012716445474930302
84597B,RETRO BROWN BALL ASHTRAY,259.37,205,27,11,1.265219512195122,0.001266663260045575
85095,THREE CANVAS LUGGAGE TAGS,259.09,174,49,9,1.4890229885057469,0.001265295847805097
23032,DOORKNOB CRACKED GLAZE IVORY,258.3,174,5,5,1.4844827586206897,0.0012614377918408915
84613C,BLUE NEW BAROQUE FLOCK CANDLESTICK,258.06,62,12,11,4.162258064516129,0.001260265724206196
72801D,4 SKY BLUE DINNER CANDLES,257.93,381,29,19,0.676981627296588,0.0012596308542374027
90035A,"PEARL & SHELL 42""NECKL. GREEN",257.55,24,16,7,10.731250000000001,0.0012577750804824686
84520b,PACK 20 ENGLISH ROSE PAPER NAPKINS,257.4,110,10,0,2.34,0.0012570425382107838
85179C,PINK BITTY LIGHT CHAIN,257.15,116,40,10,2.216810344827586,0.0012558216344246427
84371,BIG PINK POODLE,257.1,30,6,4,8.57,0.0012555774536674147
90040B,MURANO STYLE GLASS BRACELET BLACK,255.97,71,36,17,3.605211267605634,0.0012500589685540573
22870,NUMBER TILE COTTAGE GARDEN 2,254.56,98,43,15,2.5975510204081633,0.001243173071200222
17038,PORCELAIN BUDAH INCENSE HOLDER,254.51000000000002,2559,55,21,0.0994568190699492,0.0012429288904429938
10123C,HEARTS WRAPPING TAPE,254.41000000000003,650,63,39,0.3914,0.0012424405289285375
22869,NUMBER TILE COTTAGE GARDEN 1,253.94,100,46,19,2.5394,0.0012401452298105922
84461,12 PINK HEN+CHICKS IN BASKET,253.79,99,40,33,2.5635353535353533,0.0012394126875389076
gift_0001_50,Dotcomgiftshop Gift Voucher £50.00,253.59,6,6,0,42.265,0.0012384359645099948
21493,VINTAGE DESIGN GIFT TAGS,252.45,272,29,22,0.928125,0.001232868643245192
79338,DARK PINK FLOCK GLASS CANDLEHOLDER,252.29,553,13,8,0.45622061482820975,0.0012320872648220616
21032,SPACE CADET WHITE,252.16,203,50,28,1.242167487684729,0.0012314523948532682
21370,MIRRORED WALL ART FOXY,251.97,54,22,15,4.666111111111111,0.0012305245079758012
90208,PAIR OF ENAMEL FLOWER CLUSTER SLIDE,251.59,105,30,5,2.396095238095238,0.0012286687342208669
23149,ANTIQUE IVORY WIRE BOWL SMALL,251.45,99,21,17,2.53989898989899,0.0012279850281006277
DCGSSBOY,BOYS PARTY BAG,251.35,77,21,0,3.2642857142857142,0.0012274966665861713
90081C,LILY BROOCH OLIVE COLOUR,250.47,50,36,13,5.0094,0.001223199085258955
90073,VINTAGE ENAMEL & CRYSTAL EARRINGS,250.34,50,34,7,5.0068,0.0012225642152901618
20836,FRENCH PAISLEY CUSHION COVER,250.00000000000003,224,22,18,1.1160714285714286,0.00122090378614101
21460,GREEN EASTER EGG HUNT START POST,249.64999999999998,113,27,20,2.2092920353982297,0.0012191945208404125
90170,DAISY HAIR BAND,249.58,150,73,10,1.6638666666666668,0.0012188526677802932
90087,CRYSTAL SEA HORSE PHONE CHARM,249.55999999999997,311,53,13,0.8024437299035369,0.0012187549954774015
22984,"CARD, GINGHAM ROSE",249.44,596,47,38,0.4185234899328859,0.001218168961660054
22812,PACK 3 BOXES CHRISTMAS PANETTONE,248.48,76,24,9,3.269473684210526,0.0012134806911212727
84030c,KNITTED RAINBOW HOT WATER BOTTLE,248.0,32,13,0,7.75,0.001211136555851882
22328,"ROUND SNACK BOXES ,SET 4, FRUITS",247.8,84,5,5,2.95,0.0012101598328229692
23168,CLASSIC SUGAR DISPENSER,247.32,216,12,12,1.145,0.0012078156975535782
84621,BLUE GINGHAM ROSE FLOOR CUSHION,247.26,29,15,9,8.526206896551724,0.0012075226806449045
90036C,"FLOWER GLASS GARLAND NECKL.36""BLUE",246.83,31,15,7,7.96225806451613,0.0012054227261327419
82011A,"BATHROOM SCALES, TROPICAL BEACH",246.58,59,34,19,4.1793220338983055,0.001204201822346601
47503H,ASS FLORAL PRINT SPIRIT LEVEL,246.12,160,60,45,1.5382500000000001,0.0012019553593801014
46307,ROSES BLUE BASE CUSHION COVER,246.03,51,33,4,4.824117647058824,0.0012015158340170906
22175,PINK OWL DECORATION,244.8,96,1,1,2.5500000000000003,0.001195508987389277
22176,BLUE OWL DECORATION,244.8,96,1,1,2.5500000000000003,0.001195508987389277
90028,NEW BAROQUE LARGE NECKLACE BLK/WHIT,244.79,29,24,5,8.44103448275862,0.0011954601512378313
84993B,75 BLACK PETIT FOUR CASES,243.66,551,86,57,0.4422141560798548,0.0011899416661244739
90096,NECKLACE+BRACELET SET BLUE BLOSSOM,243.60999999999999,104,49,10,2.342403846153846,0.0011896974853672455
90129C,GREEN GLASS TASSLE BAG CHARM,243.38,107,51,16,2.2745794392523364,0.0011885742538839958
90119,METALIC LEAVES BAG CHARMS,243.07,97,42,6,2.5058762886597936,0.001187060333189181
90081A,LILY BROOCH AMETHYST COLOUR,242.8,49,24,15,4.955102040816326,0.0011857417571001488
90196A,PURPLE GEMSTONE NECKLACE 45CM,242.25,19,11,9,12.75,0.0011830557687706386
23475,WOODLAND SMALL PINK FELT HEART,242.18,286,31,25,0.8467832167832168,0.001182713915710519
35818P,"ACRYLIC JEWEL ICICLE, PINK",242.15,559,25,18,0.4331842576028623,0.0011825674072561822
90196B,BLACK GEMSTONE NECKLACE 45CM,241.98,19,14,9,12.73578947368421,0.0011817371926816063
16156L,"WRAP, CAROUSEL",241.5,575,22,20,0.42,0.0011793930574122158
23143,ZINC WIRE KITCHEN ORGANISER,239.97,30,16,12,7.999,0.0011719211262410326
84984D,ORIENTAL RED CUSHION COVER,239.8,132,10,9,1.8166666666666667,0.0011710909116664568
23324,RUSTIC STRAWBERRY JAMPOT LARGE,238.56,120,6,6,1.988,0.0011650352288871974
23028,DOORKNOB CRACKED GLAZE BLUE,238.5,162,3,3,1.4722222222222223,0.0011647422119785234
22447,PIN CUSHION RUSSIAN DOLL BLUE,238.06,68,23,18,3.5008823529411766,0.0011625934213149152
84629,WHITE 3 FRAME BIRDS AND TREE,237.8,24,13,12,9.908333333333333,0.0011613236813773286
82553,POP'S GREASY SPOON METAL SIGN,237.73000000000002,114,42,14,2.0853508771929827,0.0011609818283172093
22882,NUMBER TILE VINTAGE FONT 3,237.72,118,49,18,2.014576271186441,0.0011609329921657635
84510C,SET OF 4 POLKADOT COASTERS,237.59,152,61,30,1.563092105263158,0.0011602981221969701
90133,TEAL/FUSCHIA COL BEAD NECKLACE,236.46,47,36,7,5.031063829787234,0.001154779637083613
44217M,MULTICOLOUR FEATHERS CURTAIN,236.40000000000003,72,3,1,3.2833333333333337,0.001154486620174939
20891,LARGE GLASS ROSE SCENTED CANDLE,236.33,684,3,1,0.34551169590643277,0.0011541447671148195
82585,SWEET VALENCIA CANDLE+CUP,235.9,164,47,18,1.4384146341463415,0.001152044812602657
90210D,PURPLE ACRYLIC FACETED BANGLE,235.73000000000002,142,23,10,1.6600704225352114,0.0011512145980280813
23580,SNACK TRAY HAPPY FOREST,234.92,116,25,20,2.0251724137931033,0.0011472588697609841
20855,PINK PATCH PURSE BLUE HEART,234.29999999999998,142,47,41,1.65,0.0011442310283713544
84796a,PINK HAWAIIAN PICNIC HAMPER FOR 2,234.28,28,20,0,8.367142857142857,0.0011441333560684632
84660c,PINK STITCHED WALL CLOCK,233.98,31,28,0,7.547741935483871,0.001142668271525094
20736,PINK MINI TAPE MEASURE,233.5,290,19,18,0.8051724137931034,0.0011403241362557032
84247K,"FOLK ART GREETING CARD,pack/12",233.48000000000002,75,28,20,3.113066666666667,0.0011402264639528122
90185A,AMBER DIAMANTE EXPANDABLE RING,233.29,55,26,8,4.241636363636363,0.0011392985770753447
37483,ENGLISH ROSE MUG IN GIFT BOX,232.89,143,10,10,1.6286013986013985,0.0011373451310175192
84797b,BLUE SAVANNAH PICNIC HAMPER FOR 4,232.62,21,19,0,11.077142857142857,0.001136026554928487
23036,T-LIGHT HOLDER SILVER PETIT FOUR,232.42000000000002,184,16,14,1.2631521739130436,0.0011350498318995741
16256B,FLOWER PENCIL/RUBBER+5 MINI PENCILS,232.35,524,35,17,0.44341603053435114,0.0011347079788394546
35991,SET/6 BLACK SNOWFLAKE T-LIGHTS,232.08,402,54,43,0.5773134328358209,0.0011333894027504225
90210B,CLEAR ACRYLIC FACETED BANGLE,232.04000000000002,102,24,15,2.2749019607843137,0.0011331940581446398
23447,PINK BUNNY EASTER EGG BASKET,231.9,158,4,4,1.4677215189873418,0.001132510352024401
22878,NUMBER TILE COTTAGE GARDEN No,231.54,83,40,12,2.7896385542168676,0.0011307522505723578
90181B,AMETHYST GLASS/SHELL/PEARL NECKLACE,231.27,25,24,0,9.2508,0.0011294336744833255
16202C,BEIGE PHOTO ALBUM,230.59,97,12,10,2.377216494845361,0.001126112816185022
21226,POCKET MIRROR WOODLAND,230.55,213,37,17,1.082394366197183,0.0011259174715792396
22842,"BISCUIT TIN, RED,IVORY, VINTAGE",230.55,37,7,7,6.231081081081081,0.0011259174715792396
90164A,PINK ROSEBUD PEARL BRACELET,230.39,40,25,7,5.7597499999999995,0.001125136093156109
23446,BLUE BUNNY EASTER EGG BASKET,230.25,157,3,3,1.46656050955414,0.0011244523870358701
37508,NEW ENGLAND CERAMIC CAKE SERVER,229.57,89,46,35,2.579438202247191,0.0011211315287375666
72781,BLACK SILOUETTE CANDLE PLATE,229.5,121,15,11,1.896694214876033,0.001120789675677447
90122B,JADE CRYSTAL+GLASS BRACELET,228.99,46,26,14,4.97804347826087,0.0011182990319537195
21639,ASSORTED TUTTI FRUTTI KEYRING,228.64999999999998,259,15,12,0.8828185328185327,0.0011166386028045676
90199B,5 STRAND GLASS NECKLACE AMETHYST,228.61,36,31,12,6.350277777777778,0.0011164432581987852
90090,PINK CRYSTAL HEART PHONE CHARM,227.72,263,22,12,0.8658555133079848,0.0011120968407201232
35809B,ENAMEL BLUE RIM TEA CONTAINER,227.54,104,33,21,2.187884615384615,0.0011112177899941017
71028B,SILVER BLUE EGG T-LIGHT HOLDER,227.48,494,13,7,0.46048582995951415,0.0011109247730854276
21395,BLUE SPOTTY BEAKER,227.44,112,23,18,2.0307142857142857,0.0011107294284796452
84705C,PINK FLOCK PHOTO FRAME,227.33,162,8,5,1.4032716049382716,0.0011101922308137432
22899,CHILDRENS APRON DOLLY GIRL,226.81,107,17,15,2.1197196261682243,0.00110765275093857
72750D,F.FAIRY S/3 CANDLE/GLASS,226.5,110,11,11,2.059090909090909,0.001106138830243755
23003,TRAVEL CARD WALLET VINTAGE ROSE,226.2,542,53,38,0.41734317343173427,0.0011046737457003856
90003D,CRYSTAL PAIR HEART HAIR SLIDES,226.17,60,32,15,3.7695,0.0011045272372460489
90155,RESIN NECKLACE W PASTEL BEADS,226.16,30,21,12,7.538666666666667,0.0011044784010946032
84966A,PINK KASHMIRI BOXED MIRROR,225.95,13,4,3,17.38076923076923,0.0011034528419142447
90116,FRUIT SALAD BAG CHARM,225.51999999999998,106,63,11,2.1275471698113204,0.0011013528874020823
21369,MIRRORED WALL ART SPLODGES,225.36,133,22,15,1.694436090225564,0.0011005715089789521
TEST001,This is a test product.,225.0,50,9,2,4.5,0.001098813407526909
84927E,FLOWERS TILE HOOK,224.31,494,29,22,0.4540688259109312,0.0010954437130771598
35597B,BLACKCHRISTMAS TREE 30CM,224.1,78,7,6,2.873076923076923,0.0010944181538968011
90125D,PURPLE BERTIE GLASS BEAD BAG CHARM,223.74,136,36,9,1.6451470588235295,0.0010926600524447582
72812,LARGE ZINC GLASS CANDLEHOLDER,223.23,78,22,9,2.861923076923077,0.0010901694087210305
17084P,DRAGONS BLOOD INCENSE,222.75,990,70,23,0.225,0.0010878252734516398
47591A,CAROUSEL DES CHILD'S APRON,221.57,134,58,30,1.6535074626865671,0.0010820626075810542
17011C,ORIGAMI LAVENDER INCENSE+FLOWER,221.4,335,2,1,0.6608955223880597,0.0010812323930064784
21102,"CANDLE IN JAR COLLAGE , VANILLA",221.08,82,20,10,2.69609756097561,0.001079669636160218
16258B,DAISY ERASERS IN BAG,221.06,1016,15,13,0.21757874015748033,0.0010795719638573265
17013B,ORIGAMI JASMINE INCENSE IN TUBE,221.03,256,3,2,0.8633984375,0.0010794254554029898
72807b,SET/3 OCEAN SCENT CANDLE JEWEL BOX,220.94000000000003,26,19,0,8.497692307692308,0.001078985930039979
35833G,4 GOLD FLOCK CHRISTMAS BALLS,220.66,134,34,23,1.6467164179104476,0.001077618517799501
62086A,PINK RETRO BIG FLOWER BAG,220.35,113,24,20,1.95,0.0010761045971046863
90124C,GREEN MURANO TWIST NECKLACE,220.20999999999998,22,16,7,10.009545454545453,0.001075420890984447
72225D,VANILLA SCENT CAKE CANDLE,219.45999999999998,962,11,9,0.2281288981288981,0.001071758179626024
85168A,WHITE BAROQUE CARRIAGE CLOCK,218.89999999999998,22,15,12,9.95,0.0010690233551450682
90058A,CRYSTAL STUD EARRINGS CLEAR DISPLAY,218.88,576,13,12,0.38,0.001068925682842177
48173c,DOOR MAT BLACK FLOCK,218.58,16,12,0,13.66125,0.001067460598298808
84509C,DOTTY PLACEMATS,218.29000000000002,58,13,9,3.763620689655173,0.0010660443499068842
22845,VINTAGE CAT FOOD CONTAINER,218.14,34,5,5,6.415882352941176,0.0010653118076351996
72801d,4 SKY BLUE DINNER CANDLES,217.32999999999998,88,51,0,2.4696590909090905,0.0010613560793681026
22588,CARDHOLDER GINGHAM HEART,216.9,102,2,2,2.126470588235294,0.0010592561248559402
90005A,JADE GREEN ENAMEL HAIR COMB,216.87,106,57,5,2.045943396226415,0.0010591096164016033
84725,FREESTYLE CANVAS ART PICTURE,216.5,134,29,24,1.6156716417910448,0.0010573026787981145
35793,S/3 PUPPIES CHRISTMAS DECORATIONS,216.33,108,15,7,2.0030555555555556,0.0010564724642235389
23360,SET 8 CANDLES VINTAGE DOILEY,216.29999999999998,122,7,7,1.772950819672131,0.0010563259557692017
37492A,YELLOW RED FLOWER PIGGY BANK,216.07,108,11,7,2.000648148148148,0.001055202724285952
84807,RED POPPY ARTIFICIAL FLOWER,215.93,233,7,7,0.9267381974248927,0.0010545190181657131
90036A,FLOWER GARLAND NECKLACE RED,215.76000000000002,27,20,10,7.9911111111111115,0.0010536888035911373
21543,BUTTERFLY WATER TRANSFER TATTOOS,215.0,284,24,13,0.7570422535211268,0.0010499772560812685
22834,MINI HAND WARMER BABUSHKA DESIGN,214.8,108,5,5,1.988888888888889,0.001049000533052356
84690,S/2 BEACH HUT STOOLS,214.65,27,14,12,7.95,0.0010482679907806711
48179,DOOR MAT SWEET HOME,214.47,34,11,6,6.307941176470588,0.0010473889400546496
90123A,PINK HEART OF GLASS BRACELET,214.07,36,19,14,5.9463888888888885,0.001045435493996824
51012C,"FEATHER DUSTER, COAL BLACK",213.75,171,27,22,1.25,0.0010438727371505634
90214A,"LETTER ""A"" BLING KEY RING",213.65,213,104,27,1.0030516431924883,0.0010433843756361071
90019C,SILVER BLACK ORBIT BRACELET,213.38,40,34,7,5.3345,0.0010420657995470748
16201A,PASTEL PINK PHOTO ALBUM,213.37,101,9,7,2.1125742574257425,0.0010420169633956293
21400,RED PUDDING SPOON,213.07,1078,91,54,0.19765306122448978,0.0010405518788522599
22880,NUMBER TILE VINTAGE FONT 1,212.91,103,36,10,2.067087378640777,0.0010397705004291297
84805A,CREAM CLIMBING HYDRANGA ART FLOWER,212.85,147,8,7,1.4479591836734693,0.001039477483520456
85039a,SET/4 RED MINI ROSE CANDLE IN BOWL,212.45,64,44,0,3.31953125,0.0010375240374626302
84313A,PINK TV TRAY TABLE,212.42,38,19,10,5.59,0.0010373775290082933
84247C,PACK/12 BLUE REINDEER CARD,212.40000000000003,72,22,22,2.9500000000000006,0.0010372798567054023
90024B,NEW BAROQUE B'FLY NECKLACE RED,212.24,25,22,6,8.489600000000001,0.0010364984782822717
35817P,"ACRYLIC JEWEL SNOWFLAKE,PINK",212.14,408,10,8,0.5199509803921568,0.0010360101167678152
47593B,SCOTTIES DESIGN BABY BIB,212.06,194,52,15,1.0930927835051547,0.0010356194275562502
21368,MIRRORED WALL ART LADIES,212.04,201,47,32,1.0549253731343282,0.001035521755253359
84927D,LA PALMIERA TILE HOOK,211.29,953,28,22,0.22171038824763903,0.0010318590438949359
20827,GOLD APERITIF GLASS,209.36,173,8,5,1.2101734104046245,0.0010224336666659274
20814,SILVER FINCH DECORATION,208.89000000000001,189,13,7,1.1052380952380954,0.0010201383675479824
84706F,RED PEONY TABLE CLOCK,208.3,34,17,15,6.126470588235295,0.0010172570346126896
47574B,ENGLISH ROSE SCENTED HANGING HEART,208.25,49,27,25,4.25,0.0010170128538554612
90211B,JET BLACK LAS VEGAS NECKLACE 45CM,208.21,35,26,8,5.948857142857143,0.0010168175092496788
90056,CHUNKY CRACKED GLAZE NECKLACE IVORY,207.94,19,14,1,10.94421052631579,0.0010154989331606463
90016A,SILVER/M.O.P PENDANT ORBIT NECKLACE,207.86,29,16,8,7.167586206896552,0.0010151082439490812
37485,ENGLISH ROSE TEA SET IN GIFT BOX,207.69,49,15,10,4.238571428571428,0.0010142780293745054
90210A,GREY ACRYLIC FACETED BANGLE,207.34,88,21,12,2.3561363636363635,0.001012568764073908
90040A,MURANO STYLE GLASS BRACELET RED,207.05,53,34,10,3.906603773584906,0.0010111525156819845
47343A,FUSCHIA FLOWER PURSE WITH BEADS,206.26,200,23,21,1.0312999999999999,0.0010072944597177788
17014D,ORIGAMI ROSE INCENSE CONES,204.36,479,8,5,0.4266388308977036,0.0009980155909431073
35962,SET/12 ZINC CHRISTMAS DECORATIONS,203.73000000000002,94,16,15,2.1673404255319153,0.0009949389134020319
90186A,AMETHYST HOOP EARRING FLORAL LEAF,203.73000000000002,69,33,14,2.952608695652174,0.0009949389134020319
35824B,"HANGING FLOWERS+MIRROR,BLUE",203.24,528,6,4,0.38492424242424245,0.0009925459419811954
20890,SMALL GLASS ROSE SCENTED CANDLE,202.62,605,4,1,0.33490909090909093,0.0009895181005915657
22872,NUMBER TILE COTTAGE GARDEN 4,202.1,80,37,16,2.52625,0.0009869786207163922
22881,NUMBER TILE VINTAGE FONT 2,201.45999999999998,104,35,9,1.9371153846153844,0.0009838531070238713
84723,CHERRY BLOSSOM CANVAS ART PICTURE,201.3,54,12,11,3.727777777777778,0.0009830717286007412
72754A,FLOWER FAIRY POTPOURRI CUSHION LILY,201.24,292,5,4,0.6891780821917809,0.0009827787116920674
20672,PINK TEATIME PRINT BOWL,201.0,138,36,21,1.4565217391304348,0.000981606644057372
22884,NUMBER TILE VINTAGE FONT 5,199.9,102,38,14,1.9598039215686276,0.0009762346673983515
90144,SILVER DROP EARRINGS WITH FLOWER,199.45,53,33,11,3.763207547169811,0.0009740370405832978
79403,FROSTED WHITE BASE,199.01999999999998,216,36,19,0.9213888888888888,0.000971937086071135
90000A,RASPBERRY ANT COPPER FLOWER NECKLAC,198.98000000000002,33,21,14,6.02969696969697,0.0009717417414653527
84797a,PINK HAWAIIAN PICNIC HAMPER FOR 4,198.84,18,17,0,11.046666666666667,0.0009710580353451137
22330,72 ROUND PINK DOILIES,197.89999999999998,128,22,15,1.5460937499999998,0.0009664674371092233
84855,BLOKEY SILVER TOOL SET,196.70000000000002,36,15,10,5.4638888888888895,0.0009606070989357467
47504F,ENGLISH ROSE TORCH,196.46,527,14,12,0.37278937381404176,0.0009594350313010513
22849,"BREAD BIN, DINER STYLE, MINT",196.35,13,4,4,15.103846153846153,0.0009588978336351492
22883,NUMBER TILE VINTAGE FONT 4,195.69,101,33,9,1.9375247524752475,0.000955674647639737
90029,NEW BAROQUE SMALL NECKLACE BLACK,195.14,23,12,10,8.484347826086957,0.0009529886593102266
84985B,SET OF 72 BLACK PAPER DOILIES,194.95999999999998,128,24,12,1.5231249999999998,0.0009521096085842051
22326,"ROUND SNACK BOXES ,SET4, WOODLAND",194.70000000000002,66,3,3,2.95,0.0009508398686466187
23697,A PRETTY THANK YOU CARD,194.58,456,35,26,0.4267105263157895,0.0009502538348292709
22289,HANGING METAL CHICKEN DECORATION,193.52,148,34,19,1.3075675675675675,0.0009450772027760331
21582,KINGS CHOICE SMALL TUBE MATCHES,193.04999999999998,117,16,15,1.65,0.0009427819036580878
22885,NUMBER TILE VINTAGE FONT 6,192.89999999999998,104,34,13,1.8548076923076922,0.0009420493613864031
35819B,"ACRYLIC HANGING JEWEL,BLUE",192.3,385,32,26,0.4994805194805195,0.0009391191922996649
90036F,"FLOWER GLASS GARLD NECKL36""TURQUOIS",192.17000000000002,24,15,4,8.007083333333334,0.0009384843223308717
84899F,YELLOW PURPLE DAISY FELT PURSE KIT,192.17,121,53,20,1.5881818181818181,0.0009384843223308715
90003C,MIDNIGHT BLUE PAIR HEART HAIR SLIDE,191.54,51,35,10,3.7556862745098036,0.0009354076447897962
90178B,PURPLE CHUNKY GLASS+BEAD NECKLACE,191.40999999999997,16,11,9,11.963124999999998,0.0009347727748210028
72051S,BAG OF SILVER STONES,190.89,300,54,18,0.6363,0.0009322332949458296
22841,"CAKE TIN, ROUND, VINTAGE MINT,IVORY",190.65,27,4,4,7.061111111111111,0.0009310612273111342
37506,NEW ENGLAND MILK JUG W GIFT BOX,190.4,32,26,21,5.95,0.0009298403235249932
84255B,ORANGE COCKTAIL GLASS LAMP,190.16,65,18,11,2.9255384615384616,0.0009286682558902979
84926C,FAIRY CAKES TILE COASTER,189.6,138,31,17,1.373913043478261,0.0009259334314093419
23229,DONKEY TAIL GAME,189.54000000000002,54,4,4,3.5100000000000002,0.0009256404145006682
84803A,PINK ALLIUM  ARTIFICIAL FLOWER,189.28,112,17,16,1.69,0.0009243706745630814
85128,PLANTPOT SINGLE HOOK PISTACHIO,188.95000000000002,167,4,2,1.1314371257485032,0.0009227590815653753
84744,S/6 SEW ON CROCHET FLOWERS,188.77,149,31,26,1.2669127516778524,0.0009218800308393538
84706B,FAIRY CAKES TABLE CLOCK,188.73,20,9,8,9.436499999999999,0.0009216846862335711
90159,COTE D'AZURE NECKLACE,188.58,38,20,13,4.962631578947369,0.0009209521439618866
72801D,S/4 SKY BLUE DINNER CANDLES,188.24,172,32,19,1.0944186046511628,0.000919291714812735
22510,DOORSTOP RUSSIAN DOLL GINGHAM,188.22,44,28,20,4.277727272727272,0.0009191940425098435
90130B,TURQ STONE/CRYSTAL EARRINGS,188.09,64,49,4,2.93890625,0.0009185591725410502
20837,FRENCH FLORAL CUSHION COVER,188.07000000000002,165,18,17,1.1398181818181818,0.000918461500238159
90094,NECKLACE+BRACELET SET FRUIT SALAD,187.62,74,38,20,2.5354054054054056,0.0009162638734231052
85114b,IVORY ENCHANTED FOREST PLACEMAT,186.76,56,19,0,3.335,0.00091206396439878
90210C,RED   ACRYLIC FACETED BANGLE,186.56,118,14,9,1.5810169491525423,0.0009110872413698672
84893,ANT WHITE IRON BASKET,186.35000000000002,33,15,12,5.646969696969697,0.0009100616821895089
84452,METAL RABBIT LADDER EASTER,186.16,198,44,23,0.9402020202020202,0.0009091337953120416
16053,POPART COL BALLPOINT PEN ASST,185.73,4313,10,8,0.04306283329469047,0.0009070338407998791
84510a,SET OF 4 ENGLISH ROSE COASTERS,185.7,75,58,0,2.476,0.0009068873323455421
84877A,PINK ROUND COMPACT MIRROR,185.66,74,17,14,2.5089189189189187,0.0009066919877397596
85114a,BLACK ENCHANTED FOREST PLACEMAT,185.64,56,17,0,3.315,0.0009065943154368683
20968,GREEN FLORAL FELTCRAFT SHOULDER BAG,185.11,43,19,14,4.304883720930233,0.0009040059994102495
23436,GIFT BAG LARGE VINTAGE CHRISTMAS,185.0,148,9,9,1.25,0.0009034688017443474
35911B,PINK/FLOWER RABBIT EGG WARMER,184.76,159,24,12,1.1620125786163522,0.000902296734109652
23416,CHAMBRE HOOK,184.68,132,25,18,1.3990909090909092,0.0009019060448980869
20957,PORCELAIN HANGING BELL SMALL,184.61,126,15,12,1.4651587301587303,0.0009015641918379675
35838A,S/6 MULTICOLOUR ORNAMENETAL CANDLE,184.4,180,20,18,1.0244444444444445,0.0009005386326576089
84029D,LEOPARD PRINT HOT WATER BOTTLE,183.98000000000002,51,15,12,3.6074509803921573,0.0008984875142968922
90125A,PINK BERTIE GLASS BEAD BAG CHARM,183.97,149,18,9,1.2346979865771812,0.0008984386781454464
90129F,RED GLASS TASSLE BAG CHARM,183.26000000000002,81,41,14,2.2624691358024696,0.000894971311392806
21530,DAIRY MAID CERAMIC TOASTRACK,183.06000000000003,59,19,13,3.10271186440678,0.0008939945883638934
90086,CRYSTAL FROG PHONE CHARM,182.79,216,46,12,0.84625,0.0008926760122748607
21018,BIRD BOX CHRISTMAS TREE DECORATION,182.71,213,42,30,0.857793427230047,0.0008922853230632957
17090A,LAVENDER INCENSE 40 CONES IN TIN,182.65,173,26,24,1.0557803468208093,0.0008919923061546219
20796,SMALL BLUE PROVENCAL CERAMIC BALL,182.16,99,22,11,1.8399999999999999,0.0008895993347337854
22344,PARTY PIZZA DISH PINK RETROSPOT,181.54999999999998,185,24,18,0.9813513513513512,0.0008866203294956013
37379B,BLUE CHERRY BLOSSOM CUP & SAUCER,181.5,1122,3,3,0.16176470588235295,0.0008863761487383732
22545,MINI JIGSAW BUNNIES AT HOME,181.44,432,9,9,0.42,0.0008860831318296994
90214S,"LETTER ""S"" BLING KEY RING",181.34,184,86,26,0.9855434782608696,0.0008855947703152431
79144B,PAINTED LIGHTBULB STAR+ MOON,181.03,350,91,36,0.5172285714285715,0.0008840808496204281
90065A,WHITE VINTAGE CRYSTAL BRACELET,180.46,26,16,7,6.940769230769231,0.0008812971889880267
16043,POP ART PUSH DOWN RUBBER,180.3,2145,13,11,0.08405594405594406,0.0008805158105648965
22871,NUMBER TILE COTTAGE GARDEN 3,180.19,71,28,10,2.537887323943662,0.0008799786128989944
79144C,PAINTED LIGHTBULB RAINBOW DESIGN,180.14,306,97,19,0.5886928104575163,0.000879734432141766
35818B,"ACRYLIC JEWEL ICICLE, BLUE",180.05,408,11,8,0.4412990196078432,0.0008792949067787555
22384,LUNCHBAG PINK RETROSPOT,179.91,108,14,13,1.6658333333333333,0.0008786112006585164
47347B,BLUE FLOWER T-LIGHT HOLDER,179.88,240,11,6,0.7494999999999999,0.0008784646922041794
90180B,PURPLE AMETHYST NECKLACE W TASSEL,179.88,18,14,10,9.993333333333332,0.0008784646922041794
84962,SET/3 COLOUR PAINTED KASHMIRI STOOL,179.85000000000002,3,2,2,59.95000000000001,0.0008783181837498426
84661C,PINK SQUARE TABLE CLOCK,179.75,150,25,12,1.1983333333333333,0.0008778298222353861
21310,CAPIZ CHANDELIER,179.7,6,4,3,29.95,0.0008775856414781579
17011A,ORIGAMI VANILLA INCENSE+FLOWER,179.56,261,12,6,0.6879693486590038,0.000876901935357919
84464,S/60 PINK FLUFFY CHICKS IN BOX,179.1,82,11,10,2.1841463414634146,0.0008746554723914195
85123A,CREAM HANGING HEART T-LIGHT HOLDER,178.51000000000002,61,9,7,2.926393442622951,0.000871774139456127
90063A,WHITE VINT ART DECO CRYSTAL NECKLAC,178.48,21,13,10,8.49904761904762,0.0008716276310017898
22345,PARTY PIZZA DISH BLUE RETROSPOT,178.34,206,28,23,0.8657281553398058,0.0008709439248815508
23126,DOLLCRAFT GIRL AMELIE,178.2,36,8,8,4.949999999999999,0.0008702602187613118
90013D,PURPLE VINTAGE EARRINGS,178.11,46,17,7,3.8719565217391305,0.0008698206933983011
90000B,MIDNIGHT BLUE COPPER FLOWER NECKLAC,177.29000000000002,29,21,9,6.11344827586207,0.0008658161289797588
72801C,S/4 ROSE PINK DINNER CANDLES,176.91,171,28,21,1.034561403508772,0.0008639603552248242
22839,"CAKE TIN, 3 TIER MINT/IVORY",176.75,13,4,4,13.596153846153847,0.000863178976801694
21031,SPACE CADET BLACK,176.7,144,39,23,1.2270833333333333,0.0008629347960444658
90072,RUBY DROP CHANDELIER EARRINGS,176.31,44,30,4,4.007045454545454,0.0008610301861380859
82607C,GLASS BONBON JAR. SUPERFINES,175.60999999999999,115,43,16,1.5270434782608695,0.000857611655536891
84564,6 SEGMENT COLOURED SNACK BOWL,175.48000000000002,21,11,9,8.356190476190477,0.0008569767855680977
84967A,PINK KASHMIRI OCCASIONAL TABLE,174.9,3,3,2,58.300000000000004,0.0008541442887842506
75011,BLUE DAISY MOBILE,172.51,181,15,11,0.9530939226519336,0.0008424724485887425
90123D,WHITE HEART OF GLASS BRACELET,172.39,29,14,7,5.944482758620689,0.0008418864147713947
84951B,S/4 BLACK LOVEBIRD COASTERS,171.60999999999999,88,28,3,1.9501136363636362,0.0008380771949586349
85185C,COW  SOCK PUPPET,171.10000000000002,58,27,24,2.95,0.0008355865512349073
21461,BLUE EASTER EGG HUNT START POST,171.04,82,23,17,2.0858536585365854,0.0008352935343262333
84706C,PINK FLOCK TABLE CLOCK,170.8,84,4,4,2.0333333333333337,0.0008341214666915381
90063B,BLACK VINT ART DEC CRYSTAL NECKLACE,170.17000000000002,20,14,8,8.508500000000002,0.0008310447891504628
17014A,ORIGAMI VANILLA INCENSE CONES,170.13,276,16,9,0.6164130434782609,0.0008308494445446801
85040a,S/4 PINK FLOWER CANDLES IN BOWL,169.75,51,34,0,3.3284313725490198,0.0008289936707897457
47570b,TEA TIME TABLE CLOTH,169.4,8,8,0,21.175,0.0008272844054891484
47593A,CAROUSEL DESIGN BABY BIB,169.4,164,53,13,1.0329268292682927,0.0008272844054891484
84531A,PINK KNITTED EGG COSY,169.35999999999999,191,45,35,0.8867015706806282,0.0008270890608833657
90166,PINK & WHITE ROSEBUD RING,168.94,40,31,7,4.2235,0.0008250379425226488
90019B,GOLD M.O.P ORBIT BRACELET,168.62,32,28,6,5.269375,0.0008234751856763884
90204,PAIR OF ENAMEL BUTTERFLY HAIRCLIP,168.46,50,37,9,3.3692,0.0008226938072532582
85205A,IVORY FELT EASTER RABBIT GARLAND,168.29999999999998,66,21,21,2.55,0.0008219124288301278
90186B,CRYSTAL HOOP EARRING FLORAL LEAF,168.26000000000002,57,31,13,2.951929824561404,0.0008217170842243455
21087,SET/6 POSIES PAPER CUPS,168.08,260,32,19,0.6464615384615385,0.000820838033498324
35916C,PINK FELT HANGING HEART W FLOWER,167.55,157,42,9,1.0671974522292995,0.0008182497174717049
37491C,GREEN/BLUE CERAMIC CANDLE HOLDER,167.52,58,10,7,2.8882758620689657,0.000818103209017368
82587,TEXRIO TOMATOES CANDLE+CUP,166.78,128,40,26,1.30296875,0.0008144893338103905
90211A,DIAMOND LAS VEGAS NECKLACE 45CM,166.57000000000002,28,21,5,5.9489285714285725,0.0008134637746300323
84231,EASTER BUNNY WITH BASKET ON BACK,166.21,230,50,28,0.7226521739130435,0.0008117056731779892
90060F,FIRE POLISHED GLASS NECKL GREEN,166.14000000000001,28,18,7,5.933571428571429,0.0008113638201178696
84951A,S/4 PISTACHIO LOVEBIRD COASTERS,166.1,106,24,5,1.5669811320754716,0.0008111684755120871
gift_0001_40,Dotcomgiftshop Gift Voucher £40.00,166.09,5,5,0,33.218,0.0008111196393606414
90214L,"LETTER ""L"" BLING KEY RING",166.06,176,68,20,0.9435227272727272,0.0008109731309063046
90003B,ROSE COLOUR PAIR HEART HAIR SLIDES,165.81,44,25,9,3.768409090909091,0.0008097522271201633
21394,RED SPOTTY BEAKER,165.75,85,16,14,1.95,0.0008094592102114896
10123G,ARMY CAMO WRAPPING TAPE,165.55999999999997,2251,16,12,0.0735495335406486,0.0008085313233340222
90093,CLEAR CRYSTAL STAR PHONE CHARM,165.34,209,25,15,0.7911004784688995,0.0008074569280022183
84984D,ORIENTAL RED C/COVER,165.11,27,11,5,6.115185185185186,0.0008063336965189686
23694,PAISLEY PARK CARD,165.08,376,41,23,0.4390425531914894,0.0008061871880646317
90018B,GOLD M.O.P ORBIT DROP EARRINGS,164.62,39,31,10,4.2210256410256415,0.0008039407250981323
84531B,BLUE KNITTED EGG COSY,164.01,194,42,35,0.8454123711340206,0.0008009617198599482
84510C,SET OF 4 POLKADOTS COASTERS,164.0,122,40,22,1.3442622950819672,0.0008009128837085025
85024C,PINK SMALL JEWELLED PHOTOFRAME,163.35,99,42,33,1.65,0.0007977385338645358
85232b,SET/3 RUSSIAN DOLL STACKING TINS,162.94,16,14,0,10.18375,0.0007957362516552647
22874,NUMBER TILE COTTAGE GARDEN 6,162.82,70,26,14,2.326,0.000795150217837917
16202E,BLACK PHOTO ALBUM,162.73,82,14,12,1.984512195121951,0.0007947106924749061
90039D,FIRE POLISHED GLASS BRACELET GREEN,162.66,43,24,4,3.7827906976744186,0.0007943688394147866
90214C,"LETTER ""C"" BLING KEY RING",162.53,165,69,21,0.985030303030303,0.0007937339694459935
90162B,ANT SILVER LIME GREEN BOUDICCA RING,162.25000000000003,55,20,14,2.9500000000000006,0.0007923665572055155
20693,FLORAL DINOSAUR GREEN,161.89000000000001,33,18,10,4.905757575757576,0.0007906084557534724
90190C,SILVER/AMETHYST DROP EARRINGS LEAF,161.82,55,36,10,2.942181818181818,0.0007902666026933529
90129D,AMBER GLASS TASSLE BAG CHARM,161.57000000000002,67,34,12,2.4114925373134333,0.000789045698907212
90214J,"LETTER ""J"" BLING KEY RING",161.47,157,88,19,1.0284713375796177,0.0007885573373927555
90042A,FRESHWATER PEARL BRACELET GOLD,160.79,63,33,6,2.552222222222222,0.0007852364790944519
90123C,GREEN HEART OF GLASS BRACELET,160.75,27,12,7,5.953703703703703,0.0007850411344886693
21353,SILVER SLEIGHBELL  WREATH,160.45,19,9,8,8.444736842105263,0.0007835760499453001
84599,CANDY STRIPE ROSE FLOOR CUSHION,160.15,15,6,2,10.676666666666668,0.0007821109654019311
37479P,CUBIC MUG FLOCK PINK ON BROWN,160.08,170,34,17,0.9416470588235295,0.0007817691123418115
23305,SET 4 PICNIC CUTLERY BLUEBERRY,159.9,82,9,9,1.9500000000000002,0.00078089006161579
23545,WRAP RED DOILEY,159.6,380,16,15,0.42,0.0007794249770724208
22645,CERAMIC HEART CAKE MONEY BANK,159.6,120,5,5,1.3299999999999998,0.0007794249770724208
37379A,PINK CHERRY BLOSSOM CUP & SAUCER,159.2,41,16,5,3.8829268292682926,0.0007774715310145952
16054,POPART RECT PENCIL SHARPENER ASST,159.0,1210,39,32,0.13140495867768595,0.0007764948079856823
85166A,WHITE METAL BAROQUE PHOTO FRAME,158.9,77,12,8,2.0636363636363635,0.000776006446471226
90048,GREEN WITH METAL BAG CHARM,158.89000000000001,31,8,4,5.125483870967742,0.0007759576103197804
22864,MUG AND COASTER SET RED CIRCLES,158.76,378,2,1,0.42,0.0007753227403509868
90214K,"LETTER ""K"" BLING KEY RING",158.4,154,83,23,1.0285714285714287,0.0007735646388989439
16012,FOOD/DRINK SPUNGE STICKERS,158.19,759,20,18,0.2084189723320158,0.0007725390797185854
48175,DOOR MAT CAMOUFLAGE,158.04,39,2,1,4.052307692307692,0.0007718065374469008
22853,ENAMEL CAT BOWL CREAM,157.8,52,3,3,3.034615384615385,0.0007706344698122055
84927A,WAKE UP COCKEREL TILE HOOK,157.61,226,33,22,0.6973893805309735,0.0007697065829347385
21489,BLUE WHITE SCARF HOT WATER BOTTLE,157.60000000000002,28,14,6,5.628571428571429,0.0007696577467832928
23417,BATHROOM HOOK,157.5,146,27,21,1.0787671232876712,0.0007691693852688363
16156L,WRAP CAROUSEL,157.5,375,14,13,0.42,0.0007691693852688363
90059A,DIAMANTE HAIR GRIP PACK/2 CRYSTAL,156.98,94,48,3,1.67,0.0007666299053936629
22868,NUMBER TILE COTTAGE GARDEN 0,156.97,67,24,12,2.3428358208955222,0.0007665810692422173
22886,NUMBER TILE VINTAGE FONT 7,156.8,90,28,8,1.7422222222222223,0.0007657508546676415
23468,TUSCAN VILLA BIRD TABLE,156.75,19,11,11,8.25,0.0007655066739104131
72140E,BEST DAD CANDLE LETTERS,156.72,218,29,26,0.7188990825688073,0.0007653601654560763
17178,FLAT PALM T-LIGHT HOLDER,156.65,133,24,20,1.1778195488721805,0.0007650183123959569
46138B,BLUE CHENILLE SHAGGY CUSHION COVER,156.29,71,25,12,2.2012676056338027,0.0007632602109439138
84914A,PINK ROSE PICNIC RUG,155.7,6,5,2,25.95,0.0007603788780086209
90183A,AMBER DROP EARRINGS W LONG BEADS,155.65,53,31,6,2.936792452830189,0.0007601346972513928
20664,TROPICAL HOLIDAY PURSE,155.41,57,31,11,2.7264912280701754,0.0007589626296166974
22875,NUMBER TILE COTTAGE GARDEN 7,154.94,66,27,16,2.3475757575757576,0.0007566673304987523
72351a,SET/6 TURQUOISE BUTTERFLY T-LIGHTS,154.89,37,28,0,4.1862162162162155,0.0007564231497415241
90065B,BLACK VINT ART DEC CRYSTAL BRACELET,154.87,22,16,4,7.039545454545455,0.0007563254774386329
90123B,TURQUOISE HEART OF GLASS BRACELET,154.69,26,13,8,5.9496153846153845,0.0007554464267126112
22587,"FELTCRAFT HAIRBAND, S/2, RED/BLUE",154.68,204,6,6,0.7582352941176471,0.0007553975905611657
23496,PANTRY KITCHEN THERMOMETER,154.52,112,31,21,1.3796428571428572,0.0007546162121380355
22877,NUMBER TILE COTTAGE GARDEN 9,154.32999999999998,69,23,15,2.2366666666666664,0.0007536883252605681
23196,RETRO LEAVES MAGNETIC NOTEPAD,154.08999999999997,105,19,17,1.4675238095238092,0.0007525162576258727
37342,SPOTTY COFFEE CUP & SAUCER,153.78,40,14,6,3.8445,0.000751002336931058
47369B,BLUE GREEN EMBROIDERY COSMETIC BAG,153.18,54,29,10,2.836666666666667,0.0007480721678443196
47518F,ICON PLACEMAT POP ART ELVIS,153.14,903,34,22,0.16959025470653377,0.000747876823238537
79192A,RETRO PLASTIC 70'S TRAY,152.64,114,35,26,1.3389473684210524,0.000745435015666255
84622,PINK GINGHAM ROSE CUSHION COVER,152.6,23,9,7,6.634782608695652,0.0007452396710604724
23484,HEART TRELLISTRIPLE T-LIGHT HOLDER,152.24,56,5,5,2.718571428571429,0.0007434815696084295
22873,NUMBER TILE COTTAGE GARDEN 5,151.35,63,28,14,2.4023809523809523,0.0007391351521297674
90030C,BROWN KUKUI COCONUT SEED NECKLACE,151.3,87,16,10,1.739080459770115,0.0007388909713725392
22536,MAGIC DRAWING SLATE FIDO,151.2,360,8,8,0.42,0.0007384026098580827
20952,PORCELAIN CHERUB BELL SMALL,150.72,329,24,19,0.45811550151975683,0.0007360584745886921
84989a,75 GREEN FAIRY CAKE CASES,150.57,74,41,0,2.0347297297297295,0.0007353259323170074
79161A,ST GEORGE SET OF 10 PARTY LIGHTS,150.45000000000002,51,16,16,2.95,0.0007347398984996599
17107D,FLOWER FAIRY 5 DRAWER LINERS,150.45,59,20,18,2.55,0.0007347398984996596
90042C,FRESHWATER PEARL BRACELET IVORY,150.20999999999998,59,26,8,2.54593220338983,0.0007335678308649644
84228,HEN HOUSE W CHICK STANDING,150.19,340,43,16,0.44173529411764706,0.0007334701585620731
23256,KIDS CUTLERY SPACEBOY,149.4,36,8,8,4.15,0.0007296121025978675
23254,KIDS CUTLERY DOLLY GIRL,149.4,36,8,8,4.15,0.0007296121025978675
17108D,FLOWER FAIRY SUMMER BOUQUET SACHET,149.1,355,23,17,0.42,0.0007281470180544983
90040D,MURANO STYLE GLASS BRACELET PINK,148.87,41,25,9,3.6309756097560975,0.0007270237865712486
23465,TUSCAN VILLA BIRD FEEDER,148.63,17,9,8,8.742941176470588,0.0007258517189365532
71496A,A4 WALL TIDY BLUE OFFICE,148.01000000000002,244,17,8,0.6065983606557378,0.0007228238775469236
35980C,REDWHITE STRIPE SCANDINAVIAN HEART,147.64,377,29,28,0.3916180371352785,0.0007210169399434348
84720,DOT MATRIX CANVAS ART PICTURE,147.05,35,3,3,4.201428571428572,0.0007181356070081421
90040C,MURANO STYLE GLASS BRACELET GOLD,146.75,41,21,10,3.5792682926829267,0.0007166705224647728
84527,FLAMES SUNGLASSES PINK LENSES,146.10999999999999,77,22,19,1.8975324675324674,0.0007135450087722518
23292,SPACE BOY CHILDRENS CUP,145.76,131,6,5,1.1126717557251908,0.0007118357434716544
35610B,BLACK CHRISTMAS FLOCK DROPLET,144.07,179,13,13,0.8048603351955307,0.0007035824338773412
90016C,SILVER/BLACK PENDANT ORBIT NECKLACE,144.07,17,14,4,8.474705882352941,0.0007035824338773412
79191D,RETRO PLASTIC DAISY TRAY,143.87,138,56,28,1.042536231884058,0.0007026057108484284
90036B,"FLOWER GLASS GARLAND NECKL.36""GREEN",143.1,18,10,8,7.949999999999999,0.0006988453271871141
22876,NUMBER TILE COTTAGE GARDEN 8,143.02,62,21,11,2.3067741935483874,0.0006984546379755491
22887,NUMBER TILE VINTAGE FONT 8,143.0,84,27,10,1.7023809523809523,0.0006983569656726576
10120,DOGGY RUBBER,142.74,664,73,52,0.2149698795180723,0.000697087225735071
84874B,BLUE TRAVEL FIRST AID KIT,141.76,86,36,26,1.6483720930232557,0.0006923012828933983
90202D,PINK ENAMEL FLOWER HAIR TIE,141.49,48,24,5,2.9477083333333334,0.000690982706804366
72740A,LARGE STRAWBERRY CHOCOLATE CANDLE,141.23,65,12,5,2.1727692307692306,0.0006897129668667793
47590b,PINK HAPPY BIRTHDAY BUNTING,140.5,13,10,0,10.807692307692308,0.0006861479278112476
47369A,PINK GREEN EMBROIDERY COSMETIC BAG,140.4,48,25,10,2.9250000000000003,0.0006856595662967913
84617,NEW BAROQUE BLACK BOXES,140.25,11,7,7,12.75,0.0006849270240251066
84765,SILVER ROCOCO CANDELABRA,140.23,9,6,4,15.58111111111111,0.0006848293517222152
90212B,JET BLACK LAS VEGAS BRACELET ROUND,140.07,37,28,7,3.7856756756756753,0.000684047973299085
78026,SEAGRASS S/3 SQU LAUNDRY BOX,139.95,12,2,1,11.6625,0.0006834619394817373
90214M,"LETTER ""M"" BLING KEY RING",139.82,138,64,19,1.0131884057971015,0.000682827069512944
23306,SET OF 36 PANTRY PAPER DOILIES,139.78,67,33,14,2.086268656716418,0.0006826317249071615
22869,"NUMBER TILE COTTAGE GARDEN, 1",139.69,67,11,7,2.0849253731343285,0.0006821921995441507
23091,METAL HERB GERDEN CONTAINER,139.68,24,5,5,5.82,0.0006821433633927051
90022,EDWARDIAN DROP EARRINGS JET BLACK,139.67,37,32,4,3.7748648648648646,0.0006820945272412594
47592A,CAROUSEL CHILDRENS OVERALL,139.56,74,27,4,1.885945945945946,0.0006815573295753574
90199A,5 STRAND GLASS NECKLACE BLACK,139.5,22,16,9,6.340909090909091,0.0006812643126666836
23463,VINTAGE ZINC WATERING CAN,139.39999999999998,13,8,7,10.72307692307692,0.000680775951152227
90199D,5 STRAND GLASS NECKLACE AMBER,139.28,22,16,9,6.330909090909091,0.0006801899173348795
90214E,"LETTER ""E"" BLING KEY RING",139.28,142,67,25,0.9808450704225352,0.0006801899173348795
22195,HEART MEASURING SPOONS LARGE,138.6,84,5,4,1.65,0.000676869059036576
23304,SET 4 PICNIC CUTLERY CHERRY,138.45,71,9,9,1.9499999999999997,0.0006761365167648912
72754B,F FAIRY POTPOURRI CUSHIONS LAVENDER,137.54,170,8,8,0.8090588235294117,0.000671692426983338
35816P,"ACRYLIC JEWEL ANGEL,PINK",137.43,297,9,7,0.46272727272727276,0.000671155229317436
90156,RESIN BRACELET W PASTEL BEADS,137.37,25,14,7,5.494800000000001,0.0006708622124087622
84549,CROCHET WHITE RABBIT KEYRING,137.27,75,16,9,1.8302666666666667,0.0006703738508943058
47593A,CAROUSEL PONIES BABY BIB,137.27,139,44,24,0.9875539568345324,0.0006703738508943058
84709A,SILVER OVAL JEWELLED MIRROR,136.85,23,13,11,5.95,0.0006683227325335889
S,SAMPLES,136.85,3,3,0,45.61666666666667,0.0006683227325335889
37330,BIG POLKADOT MUG,136.76,80,7,5,1.7094999999999998,0.0006678832071705781
35824P,"HANGING FLOWERS+MIRROR,PINK",136.44,324,3,2,0.4211111111111111,0.0006663204503243175
90151,SILVER/NATURAL SHELL NECKLACE,136.17000000000002,16,9,5,8.510625000000001,0.0006650018742352854
90024E,NEW BAROQUE B'FLY NECKLACE MONTANA,135.98,16,11,7,8.49875,0.0006640739873578181
21004,ROSE DU SUD CHILDRENS APRON,135.93,31,18,14,4.384838709677419,0.0006638298066005899
90194,SILVER LARIAT BLACK STONE EARRINGS,135.84,32,21,14,4.245,0.0006633902812375792
90038A,GLASS AND PAINTED BEADS BRACELET TO,135.8,36,22,4,3.7722222222222226,0.0006631949366317966
90177D,DROP DIAMANTE EARRINGS PURPLE,135.76000000000002,46,25,9,2.9513043478260874,0.0006629995920260141
17011D,ORIGAMI ROSE INCENSE+FLOWER,135.7,209,4,2,0.6492822966507177,0.0006627065751173401
77079,DOLPHIN WINDMILL,135.68,64,12,10,2.12,0.0006626089028144489
90208,PAIR OF PINK FLOWER CLUSTER SLIDE,135.24,54,38,4,2.5044444444444447,0.0006604601121508408
85132a,CHARLIE + LOLA BISCUITS TINS,135.13,10,10,0,13.513,0.0006599229144849387
90002A,FLOWER BURST SILVER RING OPAL,135.0,36,14,14,3.75,0.0006592880445161454
72134,COLUMBIAN  CUBE CANDLE,134.85,339,29,15,0.397787610619469,0.0006585555022444608
16020C,CLEAR STATIONERY BOX SET,134.5,160,39,22,0.840625,0.0006568462369438634
35015,JACOBS LADDER SMALL,134.08,2072,39,35,0.06471042471042472,0.0006547951185831466
22241,"GARLAND , WOODEN  "" HAPPY EASTER""",133.89,105,11,9,1.275142857142857,0.0006538672317056792
84555A,YELLOW VW BEETLE CERAMIC MONEY BOX,133.85000000000002,47,16,13,2.8478723404255324,0.0006536718870998968
35609A,PINK FEATHER CHRISTMAS DECORATION,133.23,447,24,17,0.2980536912751678,0.000650644045710267
46137D,GREEN CHENILLE SHAGGY RUG,132.75,45,4,2,2.95,0.0006482999104408763
90190B,GOLD/AMBER DROP EARRINGS W LEAF,132.58,45,15,6,2.9462222222222225,0.0006474696958663005
90137,PINK COMBO MINI CRYSTALS NECKLACE,132.52,26,15,8,5.096923076923077,0.0006471766789576266
23066,SMALL JEWELLERY STAND,132.0,16,6,6,8.25,0.0006446371990824532
23081,GREEN METAL BOX TOP SECRET,132.0,16,4,4,8.25,0.0006446371990824532
45013,FOLDING SHOE TIDY,132.0,48,8,8,2.75,0.0006446371990824532
90023,FILIGREE DIAMANTE EARRINGS,131.74,31,21,7,4.249677419354839,0.0006433674591448666
90165B,WHITE ROSEBUD  PEARL EARRINGS,131.65,52,35,5,2.5317307692307693,0.0006429279337818558
35933,PINK STOCKING CHRISTMAS DECORATION,131.38,319,28,20,0.41184952978056427,0.0006416093576928235
90101,WHITE FRANGIPANI NECKLACE,131.16,52,29,4,2.522307692307692,0.0006405349623610194
84656,WHITE ROSE C/COVER,130.9,22,13,12,5.95,0.0006392652224234328
22888,NUMBER TILE VINTAGE FONT 9,130.82999999999998,79,23,9,1.6560759493670885,0.0006389233693633133
16119,FUNKY GIRL ADDRESS BOOK,130.71,273,8,7,0.47879120879120884,0.0006383373355459657
84925E,FLOWERS WALL THERMOMETER,130.05,75,3,3,1.7340000000000002,0.0006351141495505535
20899,VINTAGE NOTEBOOK RED ROSE,129.8,44,12,12,2.95,0.0006338932457644125
90099,NECKLACE+BRACELET SET BLUE HIBISCUS,129.69,42,25,16,3.0878571428571426,0.0006333560480985103
90190A,SILVER/CRYSTAL DROP EARRINGS W LEAF,129.59,44,31,8,2.945227272727273,0.0006328676865840539
10080,GROOVY CACTUS INFLATABLE,129.29,315,27,23,0.41044444444444445,0.0006314026020406846
85160a,WHITE BIRD GARDEN DESIGN MUG,129.04,8,3,0,16.13,0.0006301816982545437
84858A,NATURAL RIVIERA HANDBAG,128.83,53,8,7,2.430754716981132,0.0006291561390741853
90181A,AMBER GLASS/SHELL/PEARL NECKLACE,128.64,14,14,2,9.188571428571427,0.000628228252196718
22848,"BREAD BIN, DINER STYLE, PINK",127.6,8,3,3,15.95,0.0006231492924463715
84251G,"GREETING CARD, OVERCROWDED POOL.",127.55999999999999,472,91,32,0.2702542372881356,0.0006229539478405889
84782B,BLACK 3 TIER GLASS PLATE STAND,127.5,10,6,6,12.75,0.000622660930931915
90024D,NEW BAROQUE B'FLY NECKLACE PINK,127.5,15,13,11,8.5,0.000622660930931915
85018C,S/6 PAPER BOXES CURIOUS IMAGES,127.2,36,4,4,3.533333333333333,0.0006211958463885458
85014a,BLACK/BLUE DOTS RUFFLED UMBRELLA,127.2,10,9,0,12.72,0.0006211958463885458
16168S,FUNKY MONKEY GIFT BAG SMALL,126.83,1283,11,4,0.09885424785658613,0.0006193889087850572
23303,SET 4 PICNIC CUTLERY FONDANT,126.75,65,6,6,1.95,0.000618998219573492
84559D,3D SHEET OF SEA WORLD STICKERS,126.71,147,31,23,0.8619727891156462,0.0006188028749677094
23020,GLASS SONGBIRD STORAGE JAR,126.7,11,3,3,11.518181818181818,0.0006187540388162639
84367,LA STREGA CANVAS PICTURE,126.30000000000001,74,8,6,1.706756756756757,0.0006168005927584383
82607E,GLASS BONBON JAR. D'AMANDES,126.25,101,25,18,1.25,0.00061655641200121
gift_0001_10,Dotcomgiftshop Gift Voucher £10.00,126.21,15,14,0,8.414,0.0006163610673954274
90174,BUTTERFLY HAIR BAND,126.12,50,32,4,2.5224,0.0006159215420324167
90108,BLUE BLOSSOM HAIR CLIP,125.83,109,21,12,1.1544036697247706,0.0006145052936404931
23578,SNACK TRAY RED GINGHAM,125.72,60,14,11,2.0953333333333335,0.000613968095974591
90138,WHITE/PINK MINI CRYSTALS NECKLACE,125.64,24,17,5,5.235,0.000613577406763026
47592B,SCOTTIES DESIGN CHILD'S OVERALL,125.6,64,28,14,1.9625,0.0006133820621572434
84968a,SET OF 16 VINTAGE ROSE CUTLERY,125.32999999999998,5,3,0,25.065999999999995,0.000612063486068211
84558a,3D DOG PICTURE PLAYING CARDS,125.17,21,19,0,5.96047619047619,0.0006112821076450809
23065,LARGE JEWELLERY STAND,125.0,10,4,4,12.5,0.0006104518930705049
84614A,PINK BAROQUE FLOCK CANDLE HOLDER,124.83,17,10,7,7.342941176470588,0.000609621678495929
90002C,FLOWER BURST SILVER RING MIDN'T BLU,124.38,33,19,8,3.769090909090909,0.0006074240516808753
90162C,ANT SILVER FUSCHIA BOUDICCA RING,123.90000000000002,42,16,10,2.9500000000000006,0.0006050799164114846
85185B,PINK HORSE SOCK PUPPET KIT,123.9,42,14,13,2.95,0.0006050799164114846
22359,"GLASS JAR, KINGS CHOICE SOAP",123.9,42,8,8,2.95,0.0006050799164114846
90168,2 DAISIES HAIR COMB,123.76,42,24,3,2.9466666666666668,0.0006043962102912456
17191A,ROSE FLOWER CANDLE+INCENSE 16X16CM,123.75,33,12,9,3.75,0.0006043473741397998
22850,BREAD BIN DINER STYLE BLACK,123.6,8,1,1,15.45,0.0006036148318681153
20816,GOLD FLOWER CUSHION COVER,123.6,24,7,5,5.1499999999999995,0.0006036148318681153
23477,WOODLAND LARGE BLUE FELT HEART,123.47,92,13,8,1.3420652173913044,0.000602979961899322
23454,SET OF 3 MINI HANGING PORTRAITS,123.2,32,2,2,3.85,0.0006016613858102897
23457,LARGE PARLOUR FRAME,122.85,27,2,2,4.55,0.0005999521205096922
72133,COLUMBIAN CANDLE RECTANGLE,122.63,109,31,24,1.125045871559633,0.0005988777251778882
22832,SWEETHEART WIRE WALL TIDY,122.6,12,3,3,10.216666666666667,0.0005987312167235512
21228,"POCKET MIRROR ""GLAMOROUS""",122.57,97,31,25,1.2636082474226804,0.0005985847082692143
85190,PINK FLOWER HANGING HEART,122.46,138,17,14,0.8873913043478261,0.0005980475106033123
79308B,MOSAIC CANDLE DISH BLUE PURPLE,122.4,144,2,1,0.8500000000000001,0.0005977544936946385
90205C,LARGE CRYSTAL DIAMANTE HAIRSLIDE,122.31,78,24,5,1.5680769230769231,0.0005973149683316277
44242B,PINK FEATHERS CURTAIN,121.53,109,9,8,1.114954128440367,0.0005935057485188678
79532,MOSAIC GLASS BALL CANDLEHOLDER,121.25,97,18,15,1.25,0.0005921383362783898
84199,GLOW IN DARK DOLPHINS,121.08,554,69,58,0.21855595667870037,0.0005913081217038139
22535,MAGIC SLATE BUNNIES AT HOME,120.96000000000001,288,6,6,0.42000000000000004,0.0005907220878864662
22536,MAGIC SLATE FIDO,120.96000000000001,288,6,6,0.42000000000000004,0.0005907220878864662
22534,MAGIC SLATE SPACEBOY,120.96000000000001,288,6,6,0.42000000000000004,0.0005907220878864662
90003E,GREEN PAIR HEART HAIR SLIDES,120.31,32,22,3,3.7596875,0.0005875477380424996
23467,VINTAGE ZINC PLANTER,120.08,32,11,5,3.7525,0.0005864245065592498
84509F,NEW ENGLAND PLACEMATS,120.0,32,10,6,3.75,0.0005860338173476848
23438,GIFT BAG LARGE SPOT,120.0,96,6,6,1.25,0.0005860338173476848
23209,LUNCH BAG VINTAGE DOILEY,119.63,71,5,4,1.6849295774647888,0.0005842268797441961
84886,BLUE METAL WALL SHELF,119.39999999999999,12,9,8,9.95,0.0005831036482609463
84288B,SET/2 BLUE  NOODLE BASKETS,118.95,61,24,19,1.95,0.0005809060214458925
23359,SET OF 12 T-LIGHTS VINTAGE DOILEY,118.94999999999999,61,6,6,1.9499999999999997,0.0005809060214458924
23280,FOLDING MIRROR HOT PINK,118.92000000000002,156,5,5,0.7623076923076925,0.0005807595129915556
22972,CHILDRENS SPACEBOY MUG,118.80000000000001,72,5,5,1.6500000000000001,0.000580173479174208
90018C,SILVER BLACK ORBIT DROP EARRINGS,118.51,28,20,7,4.2325,0.0005787572307822844
35607A,PINK FLUFFY CHRISTMAS DECORATION,118.43,554,31,27,0.21377256317689533,0.0005783665415707192
20887,BOX OF 6 PEBBLE CANDLES,118.39,18,8,4,6.577222222222222,0.0005781711969649367
90139,FLOWER BROOCH 4 ASSORTED COLOURS,118.24000000000001,23,18,3,5.1408695652173915,0.0005774386546932521
84510E,SET OF 4 GREEN CAROUSEL COASTERS,117.77,148,28,12,0.7957432432432432,0.0005751433555753069
22877,"NUMBER TILE COTTAGE GARDEN, 9",117.30999999999999,59,5,4,1.9883050847457626,0.0005728968926088074
35824C,"HANGING FLOWERS+MIRROR,CLEAR",117.05,235,8,8,0.4980851063829787,0.0005716271526712208
22879,NUMBER TILE VINTAGE FONT 0,117.04,74,20,7,1.5816216216216217,0.0005715783165197752
23244,STORAGE TIN VINTAGE LEAF,117.0,60,7,7,1.95,0.0005713829719139927
72038P,PRICE'S CANDLE PEACH,116.5,1050,9,9,0.11095238095238096,0.0005689411643417106
16206B,RED PURSE WITH PINK HEART,116.4,96,16,14,1.2125000000000001,0.0005684528028272542
84751B,BLACK MEDIUM GLASS CAKE STAND,115.86,38,19,18,3.0489473684210524,0.0005658156506491897
20848,ZINC HEART LATTICE CHARGER SMALL,115.05000000000001,39,12,10,2.95,0.0005618599223820929
20896,VINTAGE NOTEBOOK PINK FLOWER,115.05000000000001,39,14,13,2.95,0.0005618599223820929
84462,3 PINK HEN+CHICKS IN BASKET,114.86,100,14,13,1.1486,0.0005609320355046256
23185,FRENCH STYLE STORAGE JAR JAM,114.85,317,30,27,0.36230283911671923,0.0005608831993531799
20698,LITTLE PINK MONSTER SOFT TOY,114.44999999999999,47,21,17,2.435106382978723,0.0005589297532953543
23151,ZINC SWEETHEART SOAP DISH,114.33000000000001,61,21,18,1.8742622950819674,0.0005583437194780067
84509c,SET OF 4 DOTTY PLACEMATS,114.3,15,11,0,7.62,0.0005581972110236698
90049,IVORY GOLD METAL BAG CHARM,114.24,20,6,3,5.712,0.0005579041941149959
23535,WALL ART BICYCLE SAFTEY,114.15,21,3,3,5.435714285714286,0.0005574646687519851
90030A,SPOTTED WHITE NATURAL SEED NECKLACE,113.76,79,10,8,1.4400000000000002,0.0005555600588456051
84510c,SET OF 4 POLKADOT COASTERS,113.75999999999999,46,26,0,2.4730434782608692,0.0005555600588456051
22875,"NUMBER TILE COTTAGE GARDEN, 7",113.41,57,3,2,1.9896491228070174,0.0005538507935450077
22868,"NUMBER TILE COTTAGE GARDEN, 0",113.40999999999998,57,3,2,1.9896491228070172,0.0005538507935450077
22870,"NUMBER TILE COTTAGE GARDEN, 2",113.40999999999998,57,3,2,1.9896491228070172,0.0005538507935450077
84705B,FAIRY CAKES PHOTO FRAME,113.27,84,3,2,1.348452380952381,0.0005531670874247687
84249A,"GREETING CARD,SQUARE, DOUGHNUTS",113.22,252,34,18,0.4492857142857143,0.0005529229066675406
90179C,BLACK FINE BEAD NECKLACE W TASSEL,112.78,19,16,7,5.935789473684211,0.0005507741160039324
21089,SET/6 GREEN SPRING PAPER CUPS,112.54,323,40,32,0.34842105263157896,0.0005496020483692371
44236,PINK/PURPLE CIRCLE CURTAIN,112.32000000000001,64,12,9,1.7550000000000001,0.000548527653037433
71510,SQUARE METAL CANDLEHOLDER BASE,112.05,177,17,11,0.6330508474576271,0.0005472090769484006
35916A,YELLOW FELT HANGING HEART W FLOWER,112.03999999999999,129,44,7,0.8685271317829457,0.000547160240796955
71495B,CD WALL TIDY RED FLOWERS,111.57000000000001,294,18,8,0.37948979591836735,0.0005448649416790099
35966,FOLKART CHRISTMAS TREE T-LIGHT HOLD,111.34,255,26,20,0.4366274509803922,0.0005437417101957602
10138,ASSORTED COLOUR JUMBO PEN,111.22,261,21,14,0.4261302681992337,0.0005431556763784125
22873,"NUMBER TILE COTTAGE GARDEN, 5",111.14999999999999,57,3,3,1.95,0.000542813823318293
84493,BLUE/PINK NEST STRIPE BOX,111.12,1142,5,5,0.09730297723292469,0.0005426673148639561
90103,PURPLE FRANGIPANI NECKLACE,110.85,44,30,5,2.5193181818181816,0.0005413487387749238
82069,BEECH WOOD P/FRAME,109.85,17,11,2,6.461764705882352,0.0005364651236303597
22874,"NUMBER TILE COTTAGE GARDEN, 6",109.19999999999999,56,2,2,1.9499999999999997,0.0005332907737863931
22872,"NUMBER TILE COTTAGE GARDEN, 4",109.19999999999999,56,2,2,1.9499999999999997,0.0005332907737863931
22876,"NUMBER TILE COTTAGE GARDEN, 8",109.19999999999999,56,2,2,1.9499999999999997,0.0005332907737863931
22871,"NUMBER TILE COTTAGE GARDEN, 3",109.19999999999999,56,2,2,1.9499999999999997,0.0005332907737863931
85185F,LION SOCK PUPPET,109.15,37,19,16,2.95,0.000533046593029165
84247H,PACK/12 DECOUPAGE CARD,109.13000000000001,42,20,12,2.5983333333333336,0.0005329489207262736
90177C,DROP DIAMANTE EARRINGS CRYSTAL,109.03,37,24,6,2.946756756756757,0.0005324605592118173
90071,RUBY GLASS CLUSTER EARRINGS,108.99,87,73,2,1.252758620689655,0.0005322652146060346
20667,CHERRY BLOSSOM PURSE,108.69,40,24,6,2.71725,0.0005308001300626654
90104,PURPLE FRANGIPANI HAIRCLIP,108.11,129,49,11,0.8380620155038759,0.0005279676332788183
23041,PAPER LANTERN 6 POINT SNOW STAR,107.9,26,6,6,4.15,0.0005269420740984599
72753C,S/3 FLWR FAIRY ROSE CANDLES,107.68,43,6,5,2.504186046511628,0.0005258676787666558
90118,PINK DAISY BAG CHARM,107.39,42,29,3,2.556904761904762,0.0005244514303747323
35840,FLAT GLASS  BAUBLE WHITE FLOCK,107.13,45,11,5,2.3806666666666665,0.0005231816904371456
23626,SET 10 CARDS DINKY TREE 17076,107.07000000000001,43,16,0,2.49,0.0005228886735284717
23455,SMALL PARLOUR FRAME,106.98000000000002,42,2,2,2.5471428571428576,0.000522449148165461
90059D,DIAMANTE HAIR GRIP PACK/2 PERIDOT,106.74,64,40,5,1.6678125,0.0005212770805307657
84562B,BLUE/WHITE RIBBED MELAMINE JUG,106.59,10,7,5,10.659,0.000520544538259081
48103,DOORMAT KISS MY.......,106.58,22,2,2,4.844545454545455,0.0005204957021076353
35096B,RED VICTORIAN FABRIC HEART BOX,106.49000000000001,293,25,20,0.3634470989761093,0.0005200561767446247
90165A,PINK ROSEBUD PEARL EARRINGS,106.49,42,27,2,2.5354761904761904,0.0005200561767446245
22445,PENCIL CASE GINGHAM FOREST,106.20000000000002,36,4,4,2.9500000000000006,0.0005186399283527011
84867A,PINK BABY GIRLS PHOTO ALBUM,105.82000000000001,16,4,3,6.6137500000000005,0.0005167841545977667
90051,CRACKED GLAZE NECKLACE RED,105.72,15,11,4,7.048,0.0005162957930833102
35610A,PINK CHRISTMAS FLOCK DROPLET,105.43,143,12,8,0.7372727272727273,0.0005148795446913867
84458,S/3 RABBIT FLOWER/EGG/CARROT ROPE,105.39999999999999,124,20,17,0.85,0.0005147330362370498
22433,WATERING CAN PINK BUNNY,105.3,54,5,5,1.95,0.0005142446747225934
17090D,VANILLA INCENSE 40 CONES IN TIN,105.2,88,28,21,1.1954545454545455,0.0005137563132081369
16169D,WRAP WINTER FOREST,105.0,250,9,9,0.42,0.0005127795901792242
23574,PACKING CHARGE,105.0,14,14,9,7.5,0.0005127795901792242
90141A,GREEN PENDANT TRIPLE SHELL NECKLACE,104.95,20,17,4,5.2475000000000005,0.000512535409421996
90079,VINTAGE ENAMEL & CRYSTAL NECKLACE,104.77,21,13,5,4.989047619047619,0.0005116563586959745
21118,SHOPPING BAG DOORSTOP,104.25,69,7,7,1.5108695652173914,0.0005091168788208012
21337,SILVER WASHBAG,103.53000000000002,33,12,7,3.1372727272727277,0.0005056006759167151
72801c,4 ROSE PINK DINNER CANDLES,103.47,42,26,0,2.4635714285714285,0.0005053076590080413
35910A,MULTICOLOUR EASTER RABBIT,103.35,53,13,12,1.95,0.0005047216251906935
84679,CLASSICAL ROSE TABLE LAMP,103.3,14,4,4,7.378571428571428,0.0005044774444334653
35594,WOODEN CHRISTMAS TREE 3 HANGING,103.06,165,39,18,0.6246060606060606,0.0005033053767987699
84613A,PINK NEW BAROQUE FLOCK CANDLESTICK,102.3,22,10,9,4.6499999999999995,0.0004995938292889012
84968e,S/16 VINTAGE BLACK CUTLERY,101.96,4,4,0,25.49,0.0004979334001397495
90125C,TURQUOISE BERTIE GLASS BEAD CHARM,101.35,92,10,5,1.1016304347826087,0.0004949543949015654
72369A,PINK CLEAR GLASS CANDLE PLATE,101.28999999999999,67,14,8,1.5117910447761194,0.0004946613779928915
16248B,BLUE HOLE PUNCH,101.25,81,12,12,1.25,0.0004944660333871091
84921,CREAM AND PINK FLOWERS PONY,101.25,27,14,13,3.75,0.0004944660333871091
85050,FRENCH ENAMEL SOAP DISH WITH LID,100.8,48,1,1,2.1,0.0004922684065720552
72821,CUPID SCENTED CANDLE IN GLASS,100.65,61,14,13,1.6500000000000001,0.0004915358643003706
75172,PAINTED SEA SHELL METAL WINDCHIME,100.31,97,11,11,1.0341237113402062,0.0004898754351512188
78027,SEAGRASS S/2 CORNER LAUNDRY,100.15,6,5,3,16.691666666666666,0.0004890940567280886
23611,SET 10 CARDS RED RIDING HOOD 17214,99.60000000000001,40,16,0,2.49,0.0004864080683985784
23464,VINTAGE ZINC WATERING CAN SMALL,99.2,18,8,6,5.511111111111111,0.00048445462234075276
37471,MULTICOLOUR DOTS PLATE,99.02,692,6,2,0.14309248554913295,0.0004835755716147312
23191,BUNDLE OF 3 RETRO EXERCISE BOOKS,99.0,60,5,5,1.65,0.00048347789931183996
23466,TUSCAN VILLA DOVECOTE,99.0,12,4,4,8.25,0.00048347789931183996
23465,TUSCAN VILLA FEEDING STATION,99.0,12,7,7,8.25,0.00048347789931183996
22736,"RIBBON REEL, MAKING SNOWMEN",99.0,60,5,5,1.65,0.00048347789931183996
21266,VINTAGE SILVER TINSEL REEL,98.9,23,9,0,4.3,0.0004829895377973835
90169,DAISY HAIR COMB,98.87,39,23,3,2.5351282051282054,0.0004828430293430466
37471,MULTICOLOUR POLKADOT PLATE,98.83,713,4,2,0.13861150070126227,0.000482647684737264
84575A,PINK DOG CANNISTER,98.8,24,13,13,4.116666666666666,0.0004825011762829271
22878,"NUMBER TILE COTTAGE GARDEN, No",98.72,45,5,3,2.1937777777777776,0.000482110487071362
90163B,WHITE ROSEBUD & PEARL NECKLACE,98.45,13,9,2,7.573076923076924,0.0004807919109823297
84705D,CHERRY BLOSSOM PHOTO FRAME,97.9,22,14,3,4.45,0.00047810592265281953
16161G,WRAP BAD HAIR DAY,97.5,975,33,31,0.1,0.0004761524765949939
90150,BLUE SHELL+SILVER NECKLACE,97.5,13,8,7,7.5,0.0004761524765949939
90067A,PINK VINTAGE VICTORIAN EARRINGS,97.24000000000001,33,16,8,2.9466666666666668,0.0004748827366574073
20861,GOLD COSMETIC BAG PINK STAR,96.60000000000001,46,16,15,2.1,0.0004717572229648863
20697,LITTLE GREEN MONSTER SOFT TOY,96.6,40,21,17,2.415,0.00047175722296488625
84465,15 PINK FLUFFY CHICKS IN BOX,96.51,32,23,18,3.0159375,0.00047131769760187553
85132b,CHARLIE AND LOLA TABLE TINS,95.83999999999999,10,10,0,9.584,0.0004680456754550175
17084J,LOVE POTION MASALA INCENSE,95.76,456,20,17,0.21000000000000002,0.00046765498624345243
84559a,3D SHEET OF DOG STICKERS,95.69999999999999,57,40,0,1.6789473684210525,0.0004673619693347786
48103,DOOR MAT KISS MY.......,95.15,13,8,8,7.31923076923077,0.00046467598100526845
72606A,BROWN ANTIQUE CUBE CANDLE,94.92,226,18,18,0.42,0.00046355274952201867
21241,GREEN POLKADOT CUP,94.35,111,10,9,0.85,0.0004607690888896171
20622,VIP PASSPORT COVER,94.04,43,17,8,2.1869767441860466,0.0004592551681948023
23402,HOME SWEEET HOME 3 PEG HANGER,93.75,25,4,4,3.75,0.00045783891980287874
90214R,"LETTER ""R"" BLING KEY RING",93.72999999999999,91,50,15,1.0299999999999998,0.00045774124749998736
22432,WATERING CAN GREEN DINOSAUR,93.6,48,6,6,1.95,0.00045710637753119406
90024C,NEW BAROQUE B'FLY NECKLACE GREEN,93.48,11,10,5,8.498181818181818,0.0004565203437138465
90026A,GLASS BEAD HOOP NECKLACE BLACK,93.47,11,9,6,8.497272727272728,0.00045647150756240076
90214G,"LETTER ""G"" BLING KEY RING",93.17999999999999,100,48,13,0.9318,0.0004550552591704772
81950B,FLOWER BLUE CLOCK W/SUCKER,93.1,100,26,14,0.9309999999999999,0.000454664569958912
17084A,TRANQUILITY MASALA INCENSE,92.82,442,18,14,0.21,0.00045329715771843415
35913B,WHITE/PINK CHICK EASTER DECORATION,92.39,100,21,17,0.9239,0.00045119720320627166
90075,MONTANA DIAMOND CLUSTER NECKLACE,92.17999999999999,10,8,3,9.218,0.0004501716440259131
84753A,PINK EAU DE COLOGNE BOTTLE,92.16999999999999,97,24,14,0.9502061855670102,0.0004501228078744675
21343,GOLD JEWELERY BOX,92.0,20,3,3,4.6,0.00044929259329989165
90089,PINK CRYSTAL SKULL PHONE CHARM,91.89999999999999,104,26,11,0.8836538461538461,0.0004488042317854352
85232b,SET OF 3 BABUSHKA STACKING TINS,91.53,9,8,0,10.17,0.0004469972941819466
90202C,GREEN ENAMEL FLOWER HAIR TIE,91.46000000000001,31,25,4,2.9503225806451616,0.0004466554411218272
90177B,DROP DIAMANTE EARRINGS BLACK DIAMON,91.38000000000001,31,19,5,2.9477419354838714,0.000446264751910262
23075,DOUBLE CERAMIC PARLOUR HOOK,91.30000000000001,22,5,5,4.15,0.0004458740626986969
90112,PINK DOLLY HAIR CLIPS,91.25,84,20,13,1.0863095238095237,0.0004456298819414686
84437A,S/6 PINK EASTER DECS IN BOX,90.94999999999999,106,18,17,0.8580188679245282,0.0004441647973980994
90202A,PURPLE ENAMEL FLOWER HAIR TIE,90.9,31,23,3,2.9322580645161294,0.0004439206166408712
90214D,"LETTER ""D"" BLING KEY RING",90.82,100,50,11,0.9081999999999999,0.0004435299274293061
84539,KNITTED RABBIT DOLL,90.75,55,11,9,1.65,0.0004431880743691866
81952V,ROUND PURPLE CLOCK W/SUCKER,90.52,99,22,6,0.9143434343434343,0.00044206484288593687
72783,BLACK SIL'T SQU CANDLE PLATE,90.30000000000001,43,9,7,2.1,0.00044099044755413285
71406C,BLACK ORANGE SQUEEZER,89.92,210,35,21,0.4281904761904762,0.00043913467379919844
84984C,ORIENTAL BLUE C/COVER,89.59,13,8,5,6.891538461538461,0.0004375230808014923
17013C,ORIGAMI LAVENDER INCENSE IN TUBE,89.46000000000001,213,2,2,0.42000000000000004,0.000436888210832699
79026B,"S/4 ICON COASTER,ELVIS LIVES",89.25,69,37,17,1.2934782608695652,0.00043586265165234056
47598,NEW ENGLAND EGG WARMER,89.12,138,32,17,0.6457971014492754,0.00043522778168354726
84388,WISE MAN STAR SHAPE EGG PAN,89.03999999999999,70,22,21,1.2719999999999998,0.00043483709247198204
20660,VIP LUGGAGE TAG,88.75,71,26,22,1.25,0.0004334208440800585
90162A,ANT SILVER TURQUOISE BOUDICCA RING,88.5,30,11,8,2.95,0.0004321999402939175
90059E,DIAMANTE HAIR GRIP PACK/2 RUBY,88.31,53,33,5,1.6662264150943398,0.00043127205341645037
35638A,PINK AND BLACK STRING CURTAIN,88.04999999999998,39,6,6,2.257692307692307,0.00043000231347886366
71495A,CD WALL TIDY BLUE OFFICE,87.96000000000001,225,20,5,0.39093333333333335,0.00042956278811585294
84721,MANHATTAN CANVAS ART PICTURE,87.8,20,2,2,4.39,0.00042878140969272266
90092,BLUE CRYSTAL BOOT PHONE CHARM,87.50999999999999,102,10,6,0.8579411764705881,0.0004273651613007991
84891B,GREEN WIRE GOBLET CANDLEHOLDER,87.45,11,6,5,7.95,0.0004270721443921253
37462B,"PET MUG, BUDGIE",87.28,170,32,4,0.5134117647058823,0.0004262419298175494
20835,FRENCH LATTICE CUSHION COVER,87.02000000000001,80,10,8,1.0877500000000002,0.00042497218987996274
35822B,"ACRYLIC BEAD CHAIN, BLUE",87.02,229,1,1,0.38,0.0004249721898799627
90088,CRYSTAL KEY+LOCK PHONE CHARM,86.69999999999999,101,14,8,0.8584158415841583,0.0004234094330337022
90039C,FIRE POLISHED GLASS BRACELET BLACK,86.65,23,12,3,3.7673913043478264,0.00042316525227647405
23614,SET 10 CARDS 12 DAYS WRAP  17058,86.58,26,11,0,3.33,0.00042282339921635454
84424A,FOUR PICTURE WHITE GLASS FRAME,86.25,23,10,10,3.75,0.0004212118062186484
35271S,GOLD PRINT PAPER BAG,85.97,420,20,17,0.2046904761904762,0.0004198443939781705
90012B,BLACK DROP CRYSTAL NECKLACE,85.9,17,6,3,5.052941176470589,0.000419502540918051
90162D,ANT SILVER PURPLE BOUDICCA RING,85.55000000000001,29,14,7,2.95,0.0004177932756174536
84454,WOBBLING METAL CHICKEN EASTER,85.53,93,18,11,0.9196774193548387,0.00041769560331456236
85099c,JUMBO  BAG BAROQUE BLACK WHITE,85.17,17,10,0,5.01,0.0004159375018625193
35838B,S/6 SILVER ORNAMENETAL CANDLE,85.0,100,23,21,0.85,0.00041510728728794333
90026D,GLASS BEAD HOOP NECKLACE AMETHYST,85.0,10,8,6,8.5,0.00041510728728794333
22844,"DOG FOOD CONTAINER , VINTAGE",85.0,10,3,3,8.5,0.00041510728728794333
90001D,ANTIQUE OLIVE GREEN FLOWER EARRINGS,84.96000000000001,20,11,7,4.248,0.0004149119426821608
17027A,INCENSE BAZAAR CANNABIS,84.84,228,2,1,0.3721052631578948,0.00041432590886481316
84251B,"GREETING CARD, STICKY GORDON",84.83999999999999,319,61,19,0.2659561128526645,0.00041432590886481306
79051A,SMOKEY GREY COLOUR GLASS,84.75999999999999,236,15,10,0.3591525423728813,0.000413935219653248
46775B,BERRIES CHUNKY KNITTED THROW,84.75,5,4,3,16.95,0.0004138863835018024
16051,TEATIME PENCIL W STAMP ASST,84.69,941,4,3,0.09,0.0004135933665931285
23456,MEDIUM PARLOUR FRAME,84.1,22,2,2,3.8227272727272723,0.00041071203365783567
84251F,"GREETING CARD, RITA",83.97,341,50,26,0.24624633431085044,0.00041007716368904237
90141C,TURQ PENDANT TRIPLE SHELL NECKLACE,83.69,16,13,4,5.230625,0.0004087097514485645
22016,Dotcomgiftshop Gift Voucher £100.00,83.33,1,1,0,83.33,0.0004069516499965214
23442,12 HANGING EGGS HAND PAINTED,83.2,40,7,7,2.08,0.0004063167800277281
82605,OLD DOC.RUSSEL METAL SIGN,82.94,41,24,4,2.0229268292682927,0.00040504704009014145
90176D,DIAMANTE NECKLACE PURPLE,82.81,11,7,6,7.528181818181818,0.00040441217012134815
84030C,KNITTED RAINBOW HOT WATER BOTTLE,82.78,21,6,4,3.941904761904762,0.00040426566166701117
90002B,FLOWER BURST SILVER RING ROSE,82.74,22,11,7,3.7609090909090908,0.00040407031706122864
90177E,DROP DIAMANTE EARRINGS GREEN,82.71000000000001,28,22,3,2.953928571428572,0.0004039238086068918
90189A,SILVER 2 STRAND NECKLACE-LEAF CHARM,82.64,11,8,5,7.512727272727273,0.00040358195554677227
90130A,WHITE STONE/CRYSTAL EARRINGS,82.51,28,16,6,2.9467857142857143,0.00040294708557797896
90069,RUBY GLASS CLUSTER NECKLACE,82.5,11,5,5,7.5,0.0004028982494265333
21699,SET 5 MINI CHOCOLATE FRIDGE MAGNETS,82.44,108,3,2,0.7633333333333333,0.00040260523251785946
84907,PINK/YELLOW PATCH CUSHION COVER,82.34,8,5,3,10.2925,0.000402116871003403
90183B,AMETHYST DROP EARRINGS W LONG BEADS,81.92999999999999,28,24,0,2.9260714285714284,0.00040011458879413175
22566,"FELTCRAFT HAIRBAND S/2, PINK/PURPLE",81.6,96,8,8,0.85,0.00039850299579642564
22579,WOODEN TREE CHRISTMAS SCANDISPOT,81.6,96,3,3,0.85,0.00039850299579642564
35610C,WHITE CHRISTMAS FLOCK DROPLET,81.56,94,8,6,0.8676595744680852,0.0003983076511906431
72779,SET/6 BLACK ROSE T-LIGHT CANDLES,81.12,48,15,14,1.6900000000000002,0.00039615886052703496
16201B,PASTEL BLUE PHOTO ALBUM,81.1,34,5,2,2.385294117647059,0.0003960611882241436
90121B,VINTAGE ROSE BEAD BRACELET BLUE,80.75,19,9,8,4.25,0.0003943519229235462
22530,MAGIC SLATE DOLLY GIRL,80.64,192,4,4,0.42,0.0003938147252576442
22531,MAGIC SLATE CIRCUS PARADE,80.64,192,4,4,0.42,0.0003938147252576442
84596I,WRAP SWEETS LIGHT PINK SMALL BOWL,80.62,72,10,9,1.1197222222222223,0.0003937170529547529
17011E,ORIGAMI OPIUM SCENT INCENSE+FLOWER,80.60000000000001,124,1,1,0.65,0.00039361938065186165
22346,PARTY PIZZA DISH GREEN RETROSPOT,80.50999999999999,89,19,12,0.9046067415730336,0.0003931798552888508
DCGS0069,OOH LA LA DOGS COLLAR,80.31,5,5,0,16.062,0.00039220313225993807
35265,COLOURFUL FLOWER FRUIT BOWL,80.0,21,16,14,3.8095238095238093,0.0003906892115651232
84415B,BLUE FLOCK CUSHION COVER,80.0,24,7,3,3.3333333333333335,0.0003906892115651232
23370,SET 36 COLOUR PENCILS DOILEY,80.0,64,3,3,1.25,0.0003906892115651232
90059F,DIAMANTE HAIR GRIP PACK/2 LT ROSE,79.87,48,27,5,1.6639583333333334,0.0003900543415963299
90206A,GOLD DIAMANTE STAR BROOCH,79.6,16,12,5,4.975,0.0003887357655072976
90125B,AQUA BERTIE GLASS BEAD BAG CHARM,79.57,44,17,6,1.8084090909090909,0.00038858925705296057
84795E,RIO PINK STRIPE HAMMOCK,79.5,10,5,3,7.95,0.00038824740399284117
22649,STRAWBERRY CAKE TEAPOT,79.2,16,4,4,4.95,0.00038678231944947193
84548,CROCHET BEAR RED/BLUE  KEYRING,79.2,48,13,11,1.6500000000000001,0.00038678231944947193
90038B,GLASS AND PAINTED BEADS BRACELET OL,79.19,21,13,2,3.770952380952381,0.0003867334832980263
90064A,WHITE VINTAGE CRYSTAL EARRINGS,79.14,20,12,4,3.957,0.0003864893025407981
90039B,FIRE POLISHED GLASS BRACELET MONTAN,78.99,21,11,3,3.761428571428571,0.0003857567602691135
90064B,BLACK VINTAGE  CRYSTAL EARRINGS,78.75,21,12,8,3.75,0.0003845846926344181
22344,PARTY PIZZA DISH PINK WHITE SPOT,78.72999999999999,75,19,10,1.0497333333333332,0.0003844870203315268
35931,PINK STAR CHRISTMAS DECORATION,78.11999999999999,156,15,14,0.5007692307692307,0.0003815080150933427
84455,SET OF 3 RABBIT CARROTS EASTER,77.96,85,20,15,0.9171764705882353,0.0003807266366702125
90214H,"LETTER ""H"" BLING KEY RING",77.71,83,53,14,0.9362650602409638,0.0003795057328840715
23497,CLASSIC CROME BICYCLE BELL,77.4,60,2,2,1.29,0.0003779918121892567
21450,DISTRESSED CANDLE STICK WHITE,77.35,13,3,3,5.949999999999999,0.00037774763143202846
90176C,DIAMANTE NECKLACE,77.0,10,6,4,7.7,0.00037603836613143103
21595,Dad's Cab Electronic Meter,76.95,9,9,0,8.55,0.00037579418537420285
84251C,"GREETING CARD, TWO SISTERS.",76.67999999999999,247,53,13,0.3104453441295546,0.00037447560928517053
85014b,RED/WHITE DOTS RUFFLED UMBRELLA,76.60000000000001,6,5,0,12.766666666666667,0.00037408492007360547
84425A,WHITE GLASS TV TRIPLE FRAME,76.6,18,9,8,4.2555555555555555,0.0003740849200736054
90100,NECKLACE+BRACELET SET PINK DAISY,76.5,30,12,7,2.55,0.00037359655855914904
90214N,"LETTER ""N"" BLING KEY RING",76.39999999999999,78,43,11,0.9794871794871793,0.0003731081970446926
90020,FILIGREE DIAMANTE CHAIN,76.23,6,4,2,12.705,0.0003722779824701168
35815P,"ACRYLIC JEWEL SNOWFLAKE, PINK",75.88,168,7,7,0.45166666666666666,0.0003705687171695193
90176A,CLASSIC DIAMANTE NECKLACE JET,75.88,10,7,3,7.587999999999999,0.0003705687171695193
22416,SET OF 36 SPACEBOY PAPER DOILIES,75.42,51,8,7,1.4788235294117646,0.0003683222542030199
62043B,BLUE CHECK BAG W HANDLE 34X20CM,75.16000000000001,54,10,8,1.3918518518518521,0.0003670525142654333
23061,VINTAGE ENGRAVED HEART,75.0,60,4,4,1.25,0.000366271135842303
37399,"ASS RETROSPOOF MUGS,SPORTS",75.0,143,6,6,0.5244755244755245,0.000366271135842303
16161E,WRAP BOUDOIR,75.0,750,9,8,0.1,0.000366271135842303
72802a,ROSE SCENT CANDLE IN JEWELLED BOX,74.97,9,4,0,8.33,0.000366124627387966
84968d,SET OF 16 VINTAGE RED CUTLERY,74.88,3,3,0,24.959999999999997,0.00036568510202495525
72807a,SET/3 ROSE CANDLE IN JEWELLED BOX,74.78999999999999,9,6,0,8.309999999999999,0.0003652455766619445
84757,ENCHANTED GARDEN WROUGHT IRON TABLE,74.75,5,4,4,14.95,0.00036505023205616195
23068,ALUMINIUM HEART,74.7,30,6,6,2.49,0.00036480605129893376
23044,PAPER LANTERN 9 POINT HOLLY STAR 23,74.7,18,5,5,4.15,0.00036480605129893376
21267,VINTAGE PINK TINSEL REEL,74.6,24,10,3,3.108333333333333,0.00036431768978447733
90012A,MIDNIGHT BLUE DROP CRYSTAL NECKLACE,74.38,13,7,2,5.7215384615384615,0.00036324329445267325
84919,L BLUE C/COVER W PINK/YELLOW FLOWER,74.31,8,4,2,9.28875,0.0003629014413925538
84593,CROCHET ROSE DES CLOTHES HANGER,73.75,25,7,7,2.95,0.00036016661691159796
15030,FAN BLACK FRAME,73.66,254,26,23,0.29,0.00035972709154858713
90130C,GREEN STONE/CRYSTAL EARRINGS,73.62,25,24,2,2.9448000000000003,0.0003595317469428046
79331,PINK FLOCK GLASS CANDLEHOLDER,73.60000000000001,60,9,8,1.2266666666666668,0.00035943407463991334
84447,6 RABBIT CHAIN EASTER,72.42,69,19,7,1.0495652173913044,0.00035367140876932775
90214B,"LETTER ""B"" BLING KEY RING",72.33,75,40,13,0.9643999999999999,0.000353231883406317
84427B,BLACK GLASS TV DOUBLE P/FRAME 15X10,72.25,17,5,5,4.25,0.00035284119419475186
90027D,GLASS BEAD HOOP EARRINGS AMETHYST,72.18,23,16,6,3.138260869565218,0.0003524993411346324
84746,PINK EASTER HENS+FLOWER,72.06,23,16,6,3.13304347826087,0.0003519133073172847
90031,BILI NUT AND WOOD NECKLACE,71.9,52,9,5,1.3826923076923079,0.0003511319288941545
90038C,GLASS AND BEADS BRACELET IVORY,71.46000000000001,19,9,3,3.7610526315789476,0.0003489831382305463
35937,CERISE+GOLD CHRISTMAS STOCKING DEC,71.44,188,17,16,0.38,0.000348885465927655
90060D,FIRE POLISHED GLASS NECKL BRONZE,71.4,12,8,6,5.95,0.0003486901213218725
17007B,S/3 POT POURI CUSHIONS BLUE COLOURS,71.4,34,6,6,2.1,0.0003486901213218725
84925C,FAIRY CAKES  WALL THERMOMETER,71.39999999999999,28,10,10,2.55,0.0003486901213218724
37509,NEW ENGLAND MUG W GIFT BOX,71.39999999999999,28,14,14,2.55,0.0003486901213218724
22950,SET OF 36 VINTAGE CHRISTMAS DOILIES,71.27,38,8,6,1.8755263157894735,0.0003480552513530791
84415A,PINK FLOCK SUEDE CUSHION COVER,71.25,27,6,3,2.638888888888889,0.0003479575790501878
90037B,TINY CRYSTAL BRACELET GREEN,71.17,28,10,5,2.5417857142857145,0.0003475668898386227
23413,DECROTIVEVINTAGE COFFEE GRINDER BOX,71.08,12,6,4,5.923333333333333,0.00034712736447561194
90179A,AMBER FINE BEAD NECKLACE W TASSEL,71.0,12,9,5,5.916666666666667,0.0003467366752640468
16256C,HEARTS PENCIL/RUBBER+5 MINI PENCILS,70.98,169,10,8,0.42000000000000004,0.00034663900296115556
84803B,WHITE ALLIUM  ARTIFICIAL FLOWER,70.98,42,11,10,1.6900000000000002,0.00034663900296115556
84905,PINK BUTTERFLY C/COVER,70.82,10,6,3,7.081999999999999,0.0003458576245380252
84086B,YELLOW/BLUE RETRO RADIO,70.80000000000001,24,12,7,2.9500000000000006,0.00034575995223513407
90187B,GREEN DROP EARRINGS W BEAD CLUSTER,70.6,21,15,2,3.3619047619047615,0.00034478322920622115
20958,PORCELAIN HANGING BELL LARGE,70.5,38,10,9,1.855263157894737,0.00034429486769176483
90202B,WHITE ENAMEL FLOWER HAIR TIE,70.49,24,16,3,2.9370833333333333,0.0003442460315403191
90050,CRACKED GLAZE NECKLACE IVORY,70.16,10,6,2,7.016,0.000342634438542613
22949,SET OF 36 DOLLY GIRL PAPER DOILIES,69.66,45,15,12,1.5479999999999998,0.000340192630970331
90131,PINK/AMETHYST/GOLD NECKLACE,69.62,10,5,4,6.962000000000001,0.0003399972863645485
gift_0001_80,Dotcomgiftshop Gift Voucher £80.00,69.56,1,1,0,69.56,0.00033970426945587463
84918,CREAM C/COVER W YELLOW/GREEN FLOWER,69.5,10,3,3,6.95,0.0003394112525472008
81952V,ROUND PURPLE CLOCK WITH SUCKER,69.35,365,24,22,0.18999999999999997,0.0003386787102755161
72140F,HAPPY ANNIVERSARY CANDLE LETTERS,69.18,175,14,14,0.39531428571428573,0.00033784849570094033
35916B,BLUE FELT HANGING HEART W FLOWER,69.1,57,16,4,1.212280701754386,0.0003374578064893751
90059C,DIAMANTE HAIR GRIP PACK/2 MONTANA,68.17999999999999,41,23,6,1.6629268292682926,0.0003329648805563762
71215,METAL BASE FOR CANDLES,68.1,177,12,10,0.3847457627118644,0.00033257419134481107
47420,ASSORTED COLOUR SUCTION CUP HOOK,68.02,358,31,23,0.19,0.00033218350213324595
84857A,SILVER MONTE CARLO HANDBAG,68.0,8,3,2,8.5,0.0003320858298303547
DCGS0004,HAYNES CAMPER SHOULDER BAG,67.94,4,4,0,16.985,0.00033179281292168084
90140,PINK SWEETIE NECKLACE,67.9,9,7,2,7.544444444444445,0.0003315974683158983
90026C,GLASS BEAD HOOP NECKLACE GREEN,67.82,8,6,5,8.4775,0.00033120677910433315
90026B,GLASS BEAD HOOP NECKLACE MONTANA,67.82,8,7,4,8.4775,0.00033120677910433315
20879,TREE OF NOAH FESTIVE SCENTED CANDLE,67.8,57,11,8,1.1894736842105262,0.0003311091068014419
84596e,SMALL LICORICE DES PINK BOWL,67.77,27,17,0,2.51,0.00033096259834710496
90002E,FLOWER BURST SILVER RING GREEN,67.77,18,11,7,3.7649999999999997,0.00033096259834710496
84864A,PINK PAISLEY PHOTO ALBUM,67.71000000000001,7,4,3,9.672857142857143,0.00033066958143843116
90078,PINK/WHITE GLASS DEMI CHOKER,67.64,9,5,4,7.515555555555555,0.00033032772837831166
90024F,NEW BAROQUE B'FLY NECKLACE CRYSTAL,67.61,8,6,2,8.45125,0.00033018121992397473
47341B,BLUE TABLE RUN FLOWER,67.5,48,14,13,1.40625,0.0003296440222580727
84926B,SCOTTS ROSES TILE COASTER,67.5,54,10,8,1.25,0.0003296440222580727
47504J,ENGLISH ROSE SET/3 GARDEN TOOLS,67.25,5,4,2,13.45,0.0003284231184719317
90214P,"LETTER ""P"" BLING KEY RING",66.59,77,33,13,0.8648051948051948,0.0003251999324765194
35819P,"ACRYLIC HANGING JEWEL,PINK",66.55,95,7,7,0.7005263157894737,0.00032500458787073684
90037A,TINY CRYSTAL BRACELET RED,66.31,26,12,4,2.5503846153846155,0.0003238325202360415
40002,WHITE BAMBOO RIBS LAMPSHADE,66.3,78,1,1,0.85,0.0003237836840845958
90037C,TINY CRYSTAL BRACELET BLUE,66.08,26,13,4,2.5415384615384613,0.0003227092887527917
85072,OCCASIONS GIFT CARD ASSORTMENT,66.0,120,1,1,0.55,0.0003223185995412266
79329,PINK FLOCK GLASS CANDLEHOLDER,65.94,100,7,7,0.6594,0.0003220255826325528
84340,LARGE FIBRE OPTIC CHRISTMAS TREE,65.76,21,11,5,3.1314285714285717,0.00032114653190653126
79406,FROSTED WHITE BASE,65.62,259,21,14,0.2533590733590734,0.0003204628257862923
90179B,PURPLE FINE BEAD NECKLACE W TASSEL,65.31,11,9,5,5.9372727272727275,0.00031894890509147746
72812,LARGE ZINC/GLASS CANDLEHOLDER,65.23,27,9,5,2.4159259259259263,0.00031855821587991234
84705A,ENGLISH ROSE PHOTO FRAME,65.10000000000001,14,7,5,4.65,0.00031792334591111904
47016,LIGHT DECORATION BATTERY OPERATED,65.10000000000001,31,5,4,2.1,0.00031792334591111904
90141B,IVORY PENDANT TRIPLE SHELL NECKLACE,64.94,13,9,2,4.995384615384615,0.00031714196748798876
23235,BISCUIT TIN VINTAGE LEAF,64.56,24,3,3,2.69,0.0003152861937330544
84551,CROCHET DOG KEYRING,64.35,39,8,6,1.65,0.00031426063455269594
90046,WHITE WITH METAL BAG CHARM,64.35,13,7,6,4.949999999999999,0.00031426063455269594
90074,BLACK DIAMOND CLUSTER NECKLACE,64.09,7,6,4,9.155714285714286,0.00031299089461510934
79534,MULTICOLOUR GLASS PLATE,63.800000000000004,116,16,14,0.55,0.00031157464622318576
23253,16 PC CUTLERY SET PANTRY DESIGN,63.8,4,1,1,15.95,0.00031157464622318576
85018A,S/6 PAPER BOXES ROMANTIC IMAGES,63.75,15,10,10,4.25,0.0003113304654659575
85018B,S/6 PAPER BOXES BLOSSOM IMAGES,63.75,15,10,10,4.25,0.0003113304654659575
84968B,SET OF 16 VINTAGE IVORY CUTLERY,63.75,5,5,4,12.75,0.0003113304654659575
20791,BLUE TILED SET OF 3 DRAWERS,63.75,5,1,1,12.75,0.0003113304654659575
20905,VINTAGE KEEPSAKE BOX BEAUTY GIRL,63.5,10,4,3,6.35,0.0003101095616798165
22845,"CAT FOOD CONTAINER , VINTAGE",63.5,10,3,3,6.35,0.0003101095616798165
90205A,LARGE MINT DIAMANTE HAIRSLIDE,63.46,38,22,6,1.67,0.000309914217074034
37491D,PURPLE/BLUE CERAMIC CANDLE HOLDER,63.28,26,13,5,2.433846153846154,0.00030903516634801244
22987,"WRAP , SUMMER ROSE DESIGN",63.0,150,6,6,0.42,0.0003076677541075345
72709,IVORY SCULPTED RND CANDLE,62.89999999999999,74,13,10,0.8499999999999999,0.00030717939259307804
84529B,BLUE KNITTED KID'S RUCKSACK,62.35,13,5,2,4.796153846153846,0.0003044934042635679
35607B,BLACK FEATHER CHRISTMAS DECORATION,62.3,312,17,15,0.19967948717948716,0.00030424922350633966
47348A,FUSCHIA VOILE POINTY SHOE DEC,62.01,103,16,12,0.6020388349514563,0.00030283297511441614
84450B,PINK/YELLOW RABBIT SAT EASTER,61.92,88,29,4,0.7036363636363636,0.0003023934497514053
17136A,BLUE STONES ON WIRE FOR CANDLE,61.78,743,34,28,0.08314939434724092,0.0003017097436311664
20620,RED SPOTTY PASSPORT COVER,61.76,15,14,1,4.117333333333333,0.0003016120713282751
35817B,"ACRYLIC JEWEL SNOWFLAKE,BLUE",61.3,143,3,2,0.4286713286713287,0.0002993656083617756
35973,GERANIUM FOLKART HEART DECORATION,61.25,49,13,11,1.25,0.00029912142760454743
16151A,FLOWERS HANDBAG blue and orange,61.25,49,3,3,1.25,0.00029912142760454743
23541,"WALL ART ,PUDDINGS",61.2,8,2,2,7.65,0.00029887724684731924
22578,WOODEN STAR CHRISTMAS SCANDISPOT,61.2,72,2,2,0.8500000000000001,0.00029887724684731924
22565,FELTCRAFT HAIRBANDS PINK + WHITE,61.199999999999996,72,6,6,0.85,0.0002988772468473192
35910B,PINK FLOWERS RABBIT EASTER,61.07,29,8,6,2.1058620689655174,0.0002982423768785259
90214I,"LETTER ""I"" BLING KEY RING",61.0,62,27,10,0.9838709677419355,0.00029790052381840643
22537,MAGIC SLATE DINOSAUR,60.480000000000004,144,3,3,0.42000000000000004,0.0002953610439432331
84984B,RED PEONY DES C/COVER,60.45,13,6,6,4.65,0.0002952145354888962
22953,BIRTHDAY BANNER TAPE,60.0,48,3,3,1.25,0.0002930169086738424
22619,SET Of 6 SOLDIER SKITTLES,60.0,16,3,3,3.75,0.0002930169086738424
22409,TIN CAN BISCUITS DESIGN,60.0,48,4,4,1.25,0.0002930169086738424
84875A,PINK SQUARE COMPACT MIRROR,60.0,16,12,10,3.75,0.0002930169086738424
23629,SET 10 CARDS DRESSING UP 17077,59.760000000000005,24,10,0,2.49,0.000291844841039147
90021,LASER CUT MULTI STRAND NECKLACE,59.75,5,4,4,11.95,0.0002917960048877014
90171,DAISY RING,59.65,47,27,2,1.2691489361702126,0.00029130764337324496
gift_0001_70,Dotcomgiftshop Gift Voucher £70.00,59.57,1,1,0,59.57,0.00029091695416167985
84582,PINK CROCHET CAT WITH SCARF,59.5,14,11,9,4.25,0.00029057510110156034
44241C,BLUE BUTTERFLY ON SPRING,59.5,70,8,7,0.85,0.00029057510110156034
22973,CHILDRENS CIRCUS PARADE MUG,59.400000000000006,36,3,3,1.6500000000000001,0.000290086739587104
23325,RUSTIC STRAWBERRY JAMPOT SMALL,59.400000000000006,36,3,3,1.6500000000000001,0.000290086739587104
22329,ROUND FOOD CONTAINER S/5 RETROSPOT,59.400000000000006,36,3,3,1.6500000000000001,0.000290086739587104
23537,I LOVE LONDON WALL ART,59.400000000000006,12,2,2,4.95,0.000290086739587104
35654,VINTAGE BEAD FILLED PINK CUSHION,59.400000000000006,12,5,4,4.95,0.000290086739587104
35001B,HAND OPEN SHAPE BLACK,59.330000000000005,17,6,5,3.49,0.0002897448865269845
90011B,BLACK CRYSTAL DROP EARRINGS,59.06,20,15,4,2.9530000000000003,0.0002884263104379522
35909A,RABBIT EASTER DECORATION,59.00000000000001,20,5,5,2.95,0.00028813329352927834
22903,CALENDAR FAMILY FAVORITES,59.0,20,4,4,2.95,0.00028813329352927834
81985A,"ICON ALARM CLOCK,FUSCHIA  PIN UP",58.65,23,7,7,2.55,0.00028642402822868097
85023C,PINK LARGE JEWELED PHOTOFRAME,58.64999999999999,23,11,10,2.55,0.0002864240282286809
90188,DROP EARRINGS W FLOWER & LEAF,58.5,23,20,3,2.5434782608695654,0.00028569148595699635
84984A,GREEN PEONY DES C/COVER,58.370000000000005,11,5,4,5.306363636363637,0.00028505661598820305
84226,HEN HOUSE W FAMILY IN BARN & NEST,58.31,77,18,17,0.7572727272727273,0.00028476359907952915
35816B,"ACRYLIC JEWEL ANGEL,BLUE",58.07,139,3,2,0.41776978417266186,0.0002835915314448338
18094C,WHITE/BLUE RECT CERAMIC OIL BURNER,58.05,33,13,3,1.759090909090909,0.0002834938591419425
17129C,SKY BLUE COLOUR GLASS GEMS IN BAG,57.98,86,11,7,0.6741860465116278,0.00028315200608182304
35821B,"JEWELLED DECORATION,BLUE",57.0,150,3,3,0.38,0.00027836606324015026
72771B,BURG FLOCK GOLD CUP/CANDLE,56.9,117,8,6,0.4863247863247863,0.0002778777017256938
90212C,PURPLE LAS VEGAS BRACELET ROUND,56.25,15,7,5,3.75,0.00027470335188172726
47344B,BLUE FLOWER DES PURSE,56.16,54,10,10,1.04,0.0002742638265187165
85023A,CRYSTAL LARGE JEWELLED PHOTO FRAME,56.099999999999994,22,10,9,2.55,0.0002739708096100426
90033,IVORY SHELL HEART EARRINGS,55.879999999999995,22,18,2,2.5399999999999996,0.0002728964142782385
85080,PADDED RED HEART DECORATION,55.76,113,22,19,0.4934513274336283,0.0002723103804608908
90182C,BLACK 3 BEAD DROP EARRINGS,55.74,19,13,2,2.933684210526316,0.00027221270815799955
90177A,CLASSIC DIAMANTE EARRINGS JET,55.690000000000005,19,14,2,2.9310526315789476,0.0002719685274007714
90214T,"LETTER ""T"" BLING KEY RING",55.57,57,24,9,0.9749122807017544,0.00027138249358342367
90001B,ANTIQUE MID BLUE FLOWER EARRINGS,55.120000000000005,13,10,4,4.24,0.0002691848667683699
85151,WELCOME METAL SIGN,55.0,44,8,8,1.25,0.00026859883295102217
90014A,SILVER M.O.P. ORBIT NECKLACE,54.800000000000004,11,6,3,4.981818181818182,0.0002676221099221094
90135A,ORANGE/FUSCHIA STONES NECKLACE,54.620000000000005,11,4,2,4.965454545454546,0.00026674305919608787
90142D,MOP PENDANT SHELL NECKLACE,54.59,11,5,4,4.962727272727273,0.00026659655074175094
90043,COPPER AND BRASS BAG CHARM,54.510000000000005,10,6,5,5.4510000000000005,0.00026620586153018583
20820,SILVER LOOKING MIRROR,54.45,11,8,6,4.95,0.000265912844621512
20953,PORCELAIN CHERUB BELL LARGE,54.449999999999996,33,9,7,1.65,0.00026591284462151193
90084,PINK CRYSTAL GUITAR PHONE CHARM,54.4,64,9,8,0.85,0.00026566866386428374
46115B,GREEN POP ART MAO CUSHION COVER,54.34,286,22,19,0.19,0.00026537564695560995
22345,PARTY PIZZA DISH BLUE WHITE SPOT,54.28,53,17,8,1.0241509433962264,0.00026508263004693604
23389,SPACEBOY MINI RUCKSACK,53.95,13,4,4,4.15,0.00026347103704922993
22252,BIRDCAGE DECORATION MAGIC GARDEN,53.55,21,3,3,2.55,0.0002615175909914043
84559b,3D SHEET OF CAT STICKERS,53.54,32,25,0,1.673125,0.00026146875483995866
84660b,BLACK STITCHED WALL CLOCK,53.18,7,6,0,7.597142857142857,0.0002597106533879156
72798C,SET/4 GARDEN ROSE DINNER CANDLE,53.11,28,15,10,1.8967857142857143,0.00025936880032779617
84660a,WHITE STITCHED WALL CLOCK,52.699999999999996,7,5,0,7.528571428571428,0.0002573665181185249
84899E,YELLOW + BROWN BEAR FELT PURSE KIT,52.65,39,15,9,1.3499999999999999,0.0002571223373612967
84845C,CARNATION SQUARE HANDY TIN,52.5,42,14,14,1.25,0.0002563897950896121
23035,DOORKNOB CERAMIC IVORY,52.2,36,1,1,1.4500000000000002,0.0002549247105462429
20870,OPULENT VELVET CANDLE IN BOX,52.2,29,7,4,1.8,0.0002549247105462429
23196,RETO LEAVES MAGNETIC SHOPPING LIST,52.199999999999996,36,3,3,1.45,0.00025492471054624284
84292B,BLUE COL METAL FOLDING CHAIR,51.8,8,5,4,6.475,0.0002529712644884173
84845D,GERANIUM SQUARE HANDY TIN,51.25,41,11,11,1.25,0.00025028527615890704
84402B,PURPLE DRESS JEWELLERY STAND,51.14,62,4,4,0.8248387096774193,0.000249748078493005
35071,ASSORTED SANTA CHRISTMAS DECORATION,51.13999999999999,50,7,5,1.0228,0.000249748078493005
20964,POLYESTER FILLER PAD 60x40cm,51.0,20,6,6,2.55,0.00024906437237276604
84612B,SET/4 BLACK  BAROQUE FLOCK COASTER,51.0,20,4,4,2.55,0.00024906437237276604
84968f,SET OF 16 VINTAGE SKY BLUE CUTLERY,50.98,2,2,0,25.49,0.0002489667000698747
85069,CREAM SWEETHEART DOUBLE SHELF,50.85,3,1,1,16.95,0.0002483318301010814
22846,"BREAD BIN, DINER STYLE, RED",50.849999999999994,3,2,2,16.95,0.00024833183010108137
85035b,CHOCOLATE 3 WICK MORRIS BOX CANDLE,50.82000000000001,6,6,0,8.47,0.00024818532164674455
22889,"NUMBER TILE VINTAGE FONT, No",50.7,23,3,2,2.2043478260869565,0.0002475992878293968
85124a,PINK JUICY FRUIT PHOTO FRAME,50.599999999999994,10,9,0,5.06,0.00024711092631494037
35916B,BLUE FELT HANGING HEART WITH FLOWER,50.57,75,30,1,0.6742666666666667,0.00024696441786060345
90034,WHITE SILVER NECKLACE SHELL GLASS,50.48,5,5,2,10.096,0.0002465248924975927
72083A,STRAWBERY SWIRL FLARE CANDLE,50.400000000000006,24,7,7,2.1,0.0002461342032860276
72801c,S/4 ROSE PINK DINNER CANDLES,50.199999999999996,20,10,0,2.51,0.00024515748025711475
22657,HEN & 2 CHICKS IN BASKET,50.15,59,7,7,0.85,0.00024491329949988657
90141E,ORANGE PENDANT TRIPLE SHELL NECKLAC,50.06,10,5,3,5.006,0.00024447377413687585
72817,SET/2 CHRISTMAS DECOUPAGE CANDLES,50.0,40,6,6,1.25,0.000244180757228202
23603,SET 10 CARD KRAFT REINDEER 17084,49.800000000000004,20,14,0,2.49,0.0002432040341992892
23197,VEGETABLE MAGNETIC  SHOPPING LIST,49.8,36,3,3,1.3833333333333333,0.00024320403419928914
90052,CRACKED GLAZE NECKLACE BROWN,49.58,7,5,1,7.082857142857143,0.00024212963886748506
23015,CORDIAL JUG,49.5,6,2,2,8.25,0.00024173894965591998
84537B,FAIRY CAKES GIFT BAG,49.14,117,11,10,0.42,0.00023998084820387692
72129,COLUMBIAN CANDLE ROUND,49.11,74,18,16,0.6636486486486486,0.00023983433974954002
35603C,SET/16 WHITE SHINY & MATT BAUBLES,48.3,83,24,19,0.5819277108433735,0.00023587861148244312
37491A,YELLOW/PINK CERAMIC CANDLE HOLDER,48.3,18,13,5,2.683333333333333,0.00023587861148244312
90083,CRYSTAL CZECH CROSS PHONE CHARM,48.08,52,15,6,0.9246153846153846,0.00023480421615063902
47591A,CAROUSEL CHILDRENS APRON,47.97,29,12,3,1.6541379310344828,0.000234267018484737
84608,ORNATE EDWARDIAN CANDLE HOLDER,47.7,6,4,4,7.95,0.0002329484423957047
23539,"WALL ART , LOVES' SECRET",47.6,8,2,2,5.95,0.0002324600808812483
21347,GOTHIC CARRIAGE LANTERN,47.6,8,4,4,5.95,0.0002324600808812483
20895,VINTAGE NOTEBOOK FRENCH LETTER,47.20000000000001,16,4,3,2.9500000000000006,0.0002305066348234227
35909B,PINK FLOWERS RABBIT EASTER,47.2,16,6,6,2.95,0.00023050663482342268
90067B,BROWN VINTAGE VICTORIAN EARRINGS,47.120000000000005,16,6,2,2.9450000000000003,0.00023011594561185756
37462E,"PET MUG, GOLDFISH",47.12,107,28,9,0.4403738317757009,0.00023011594561185754
84227,HEN HOUSE W CHICK IN NEST,47.04,112,13,13,0.42,0.00022972525640029242
90181C,BLACK GLASS/SHELL/PEARL NECKLACE,46.93,5,5,0,9.386,0.0002291880587343904
84596f,SMALL MARSHMALLOWS PINK BOWL,46.89,19,14,0,2.4678947368421054,0.0002289927141286078
20988,TRELLIS FLOWER CHOPSTICKS SET/5,46.8,24,9,8,1.95,0.00022855318876559703
84857B,BLUE MONTE CARLO HANDBAG,46.8,24,1,1,1.95,0.00022855318876559703
90001C,ANTIQUE OPAL WHITE FLOWER EARRINGS,46.7,11,10,5,4.245454545454546,0.00022806482725114068
90001A,ANTIQUE RASPBERRY FLOWER EARRINGS,46.6,11,10,3,4.236363636363636,0.00022757646573668428
37489A,YELLOW/PINK FLOWER DESIGN BIG MUG,46.56,46,23,21,1.0121739130434784,0.0002273811211309017
81952B,ROUND BLUE CLOCK W/SUCKER,46.56,54,11,6,0.8622222222222222,0.0002273811211309017
16050,TEATIME PENCIL WITH RUBBER,46.45,151,8,4,0.3076158940397351,0.00022684392346499966
47341A,FUSCHIA TABLE RUN FLOWER,46.25,29,7,7,1.5948275862068966,0.00022586720043608685
23107,WHITE WIRE PLANT POT HOLDER,46.24,16,2,2,2.89,0.00022581836428464121
90128A,PINK LEAVES AND BEADS PHONE CHARM,46.21,31,10,5,1.4906451612903227,0.00022567185583030426
84951b,S/4 BLACK LOVEBIRD COASTERS,46.2,9,4,0,5.133333333333334,0.00022562301967885863
72024U,LILAC VOTIVE CANDLE,46.2,220,11,10,0.21000000000000002,0.00022562301967885863
85081,PADDED HOLLY CHRISTMAS DECORATION,46.17,104,21,20,0.4439423076923077,0.00022547651122452173
85132c,CHARLIE AND LOLA FIGURES TINS,46.099999999999994,4,4,0,11.524999999999999,0.00022513465816440217
23047,PAPER LANTERN 5 POINT STUDDED STAR,46.0,8,4,4,5.75,0.00022464629664994582
84626,CANDY STRIPE ROSE QUILT,45.95,1,1,1,45.95,0.00022440211589271766
22604,SET OF 4 NAPKIN CHARM CUTLERY,45.900000000000006,18,3,3,2.5500000000000003,0.00022415793513548945
35611B,BLACK ASSORTED DROPLET DECORATION,45.76,62,3,2,0.7380645161290322,0.00022347422901525043
16161C,WRAP SPEED DEMONS,45.0,450,2,2,0.1,0.00021976268150538178
22406,TIN CAN KINGS CHOICE DESIGN,45.0,36,3,3,1.25,0.00021976268150538178
22347,PIZZA DISH SLICE,45.0,36,2,2,1.25,0.00021976268150538178
72724,SET/6 CHRISTMAS ICICLE T-LIGHTS,45.0,36,10,9,1.25,0.00021976268150538178
23625,SET 6 CARDS SPARKLY REINDEER 17262,44.910000000000004,9,4,0,4.99,0.00021932315614237106
90059B,DIAMANTE HAIR GRIP PACK/2 BLACK DIA,44.87,27,16,4,1.6618518518518517,0.00021912781153658842
84906,PINK BUTTERFLY CUSHION COVER,44.849999999999994,23,5,3,1.9499999999999997,0.00021903013923369716
21685,MEDINA STAMPED METAL TRAY,44.849999999999994,3,2,2,14.949999999999998,0.00021903013923369716
90135,ORANGE/WHT/FUSCHIA STONES NECKLACE,44.75,9,3,1,4.972222222222222,0.00021854177771924075
90197D,AMBER GLASS BRACELET HEART CHARMS,44.550000000000004,9,4,4,4.95,0.000217565054690328
72796B,S/3 FRENCH VANILLA SQU CANDLE,44.55,27,12,11,1.65,0.00021756505469032794
90011A,MIDNIGHT BLUE CRYSTAL DROP EARRINGS,44.28,15,15,2,2.952,0.00021624647860129566
84586L,"PINK ROSES/GINGHAM PATCH RABBIT 8""",44.25000000000001,15,9,9,2.9500000000000006,0.0002160999701469588
35085E,IVORY ROSE LAMPSHADE,44.25,39,9,7,1.1346153846153846,0.00021609997014695876
90125E,AMBER BERTIE GLASS BEAD BAG CHARM,44.19,18,17,2,2.455,0.00021580695323828488
35815B,"ACRYLIC JEWEL SNOWFLAKE,BLUE",43.94,95,3,2,0.4625263157894737,0.0002145860494521439
17014C,ORIGAMI LAVENDER INCENSE CONES,43.75,97,2,1,0.45103092783505155,0.00021365816257467674
79063C,"RETRO PILL BOX KEY CHAIN,THE KING",43.65,235,14,13,0.18574468085106383,0.00021316980106022033
18097A,PINK TALL PORCELAIN T-LIGHT HOLDER,43.349999999999994,17,12,10,2.55,0.0002117047165168511
90042B,FRESHWATER PEARL BRACELET PINK,43.349999999999994,17,6,4,2.55,0.0002117047165168511
35822P,"ACRYLIC BEAD CHAIN, PINK",43.32,114,1,1,0.38,0.0002115582080625142
90054,CRACKED GLAZE EARRINGS RED,43.019999999999996,17,17,2,2.5305882352941174,0.00021009312351914498
23038,T-LIGHT HOLDER SILVER SAUCER,42.92,44,8,4,0.9754545454545455,0.0002096047620046886
22987,WRAP SUMMER ROSE DESIGN,42.84,102,5,4,0.42000000000000004,0.00020921407279312346
79066k,RETRO MOD TRAY,42.71,26,16,0,1.6426923076923077,0.0002085792028243301
84993a,75 GREEN PETIT FOUR CASES,42.71,51,30,0,0.8374509803921569,0.0002085792028243301
21596,Hypochondriac Pill Stress Ball,42.64,10,9,0,4.264,0.00020823734976421066
90024A,NEW BAROQUE B'FLY NECKLACE BLACK,42.5,5,4,4,8.5,0.00020755364364397167
22346,PARTY PIZZA DISH GREEN WHITE SPOT,42.3,40,15,7,1.0574999999999999,0.00020657692061505886
90126C,AMBER BERTIE MOBILE PHONE CHARM,42.1,21,5,2,2.0047619047619047,0.00020560019758614608
72771C,BLACK FLOCK GOLD CANDLE,42.08,54,6,4,0.7792592592592592,0.00020550252528325478
20860,GOLD COSMETICS BAG WITH BUTTERFLY,42.0,20,11,10,2.1,0.00020511183607168967
23231,WRAP  VINTAGE DOILEY,42.0,100,2,2,0.42,0.00020511183607168967
15060b,FAIRY CAKE DESIGN UMBRELLA,41.81,5,5,0,8.362,0.0002041839491942225
90152C,BLUE/NAT SHELL NECKLACE W PENDANT,41.650000000000006,7,4,4,5.950000000000001,0.0002034025707710923
84611B,BLACK NEW BAROQUE FLOCK BOX,41.65,7,4,4,5.95,0.00020340257077109224
90060C,FIRE POLISHED GLASS NECKL SILVER,41.65,7,3,3,5.95,0.00020340257077109224
35809a,ENAMEL PINK TEA CONTAINER,41.54,10,10,0,4.154,0.0002028653731051902
23045,PAPER LANTERN 5 POINT STAR MOON 30,41.5,10,5,5,4.15,0.00020267002849940765
85184B,SET 4 EASTER DECOUPAGE OVAL BOXES,41.300000000000004,14,7,7,2.95,0.00020169330547049487
23448,CREAM BUNNY EASTER EGG BASKET,41.25,25,3,3,1.65,0.00020144912471326665
37477B,"FLOWER FAIRY MUG+COASTER,LAVENDER",41.25,11,8,6,3.75,0.00020144912471326665
90027C,GLASS BEAD HOOP EARRINGS GREEN,41.17,14,12,2,2.940714285714286,0.0002010584355017015
18096c,WHITE ROUND PORCELAIN TLIGHT HOLDER,41.14,8,6,0,5.1425,0.0002009119270473646
21119,Glow In The Dark Shot Glasses,41.01,3,3,0,13.67,0.00020027705707857126
35644,PAIR PINK/BLACK COATHANGERS,40.95,21,7,6,1.9500000000000002,0.00019998404016989744
84798C,WHITE FOXGLOVE ARTIIFCIAL FLOWER,40.8,16,3,3,2.55,0.00019925149789821282
23148,MINITURE ANTIQUE ROSE HOOK IVORY,40.8,48,4,4,0.85,0.00019925149789821282
44228,CANNABIS LEAF BEAD CURTAIN,40.8,48,3,3,0.85,0.00019925149789821282
22740,POLKADOT PENS,40.8,48,1,1,0.85,0.00019925149789821282
47013C,WINE BOTTLE DRESSING DARK BLUE,40.519999999999996,147,27,18,0.27564625850340135,0.00019788408565773487
90136,PALE PINK/AMETHYST STONE NECKLACE,40.47,4,3,2,10.1175,0.00019763990490050665
90152A,SILVER/NAT SHELL NECKLACE W PENDANT,40.34,7,7,4,5.762857142857143,0.0001970050349317134
22532,MAGIC SLATE LEAP FROG,40.32,96,2,2,0.42,0.0001969073626288221
22529,MAGIC SLATE GO TO THE FAIR,40.32,96,2,2,0.42,0.0001969073626288221
20994,JAZZ HEARTS SPIRAL NOTEPAD,39.949999999999996,47,12,12,0.8499999999999999,0.00019510042502533337
23462,ROCOCO WALL MIROR,39.9,2,1,1,19.95,0.0001948562442681052
47013A,WINE BOTTLE DRESSING LT.BLUE,39.87,141,25,21,0.2827659574468085,0.00019470973581376826
37468,HARDMAN MUG 3 ASSORTED,39.81,65,14,11,0.6124615384615385,0.0001944167189050944
79065A,TEATIME ROUND CAKE TINS,39.8,4,1,1,9.95,0.0001943678827536488
22853,"CAT BOWL, ENAMEL , CREAM COLOUR",39.0,12,2,2,3.25,0.00019046099063799754
82545A,COGNAC AUX OEUFS METAL 1 HOOK,38.75,31,11,11,1.25,0.00018924008685185654
47567b,TEA TIME KITCHEN APRON,38.72,3,3,0,12.906666666666666,0.00018909357839751962
35963,FOLKART ZINC CLIP ON ANGEL WINGS,38.379999999999995,101,11,10,0.37999999999999995,0.00018743314924836782
90130D,RED STONE/CRYSTAL EARRINGS,38.31,13,8,1,2.946923076923077,0.00018709129618824837
90027B,GLASS BEAD HOOP EARRINGS MONTANA,38.28,13,10,3,2.9446153846153846,0.00018694478773391144
90183C,BLACK DROP EARRINGS W LONG BEADS,38.12,13,13,2,2.9323076923076923,0.0001861634093107812
81952B,ROUND BLUE CLOCK WITH SUCKER,38.0,200,9,9,0.19,0.00018557737549343352
47518f,ICON PLACEMAT POP ART ELVIS,37.75,9,9,0,4.194444444444445,0.0001843564717072925
72801d,S/4 SKY BLUE DINNER CANDLES,37.65,15,10,0,2.51,0.0001838681101928361
90176B,DIAMANTE NECKLACE BLACK,37.620000000000005,5,4,2,7.524000000000001,0.0001837216017384992
85115B,S/4 BLACK DISCO PARTITION PANEL,37.620000000000005,6,2,1,6.2700000000000005,0.0001837216017384992
90039A,FIRE POLISHED GLASS BRACELET RED,37.61,10,5,2,3.761,0.00018367276558705354
35233,PASTA ENAMEL/BRASS CONTAINER,37.5,10,8,8,3.75,0.0001831355679211515
79413,GLASS WINE GLASS DECORATIONS,37.5,30,9,7,1.25,0.0001831355679211515
37112,YELLOW BIRDS FELT DES FOODCOVER,37.5,10,5,4,3.75,0.0001831355679211515
23043,PAPER LANTERN 9 POINT HOLLY STAR 40,37.5,6,3,3,6.25,0.0001831355679211515
84509b,SET OF 4 FAIRY CAKE PLACEMATS,37.3,5,4,0,7.459999999999999,0.00018215884489223866
84705F,RED PEONY PHOTO FRAME,37.2,8,5,4,4.65,0.0001816704833777823
90126A,PINK BERTIE MOBILE PHONE CHARM,37.14,20,5,3,1.857,0.00018137746646910844
84251J,"GREETING CARD, THE BLACK CAT",37.04,74,17,4,0.5005405405405405,0.00018088910495465203
72715,SPHERICAL IVORY CANDLE,36.96,88,13,8,0.42,0.0001804984157430869
16162M,THE KING GIFT BAG 25x24x12cm,36.96,88,13,10,0.42,0.0001804984157430869
22407,MONEY BOX FIRST AID DESIGN,36.78,44,11,9,0.8359090909090909,0.0001796193650170654
17014E,ORIGAMI OPIUM INCENSE CONES,36.599999999999994,95,6,4,0.3852631578947368,0.00017874031429104383
90141D,ROSE PENDANT TRIPLE SHELL NECKLACE,36.33,7,5,1,5.1899999999999995,0.00017742173820201157
90214F,"LETTER ""F"" BLING KEY RING",36.28,44,27,11,0.8245454545454546,0.00017717755744478338
90037D,TINY CRYSTALS BRACELET BLACK,35.870000000000005,14,8,1,2.5621428571428573,0.00017517527523551213
37348,SET OF 4 PASTEL STACKING MUGS,35.7,14,7,5,2.5500000000000003,0.00017434506066093625
90060B,FIRE POLISHED GLASS NECKL GOLD,35.7,6,4,4,5.95,0.00017434506066093625
90132,LIGHT TOPAZ TEAL/AQUA COL NECKLACE,35.63,7,7,0,5.090000000000001,0.00017400320760081674
90011C,GREEN CRYSTAL DROP EARRINGS,35.33,12,7,1,2.9441666666666664,0.00017253812305744753
90152B,BLUE/GREEN SHELL NECKLACE W PENDANT,35.26,6,5,4,5.876666666666666,0.00017219626999732805
79063D,"RETRO PILL BOX , REVOLUTIONARY",35.14,189,11,9,0.18592592592592594,0.00017161023617998035
84510e,SET OF 4 GREEN CAROUSEL COASTERS,35.089999999999996,14,6,0,2.5064285714285712,0.00017136605542275213
82613b,"METAL SIGN,CUPCAKE SINGLE HOOK",35.04,14,11,0,2.5028571428571427,0.00017112187466552395
84745B,BLUE HANGING GINGHAM EASTER HEN,34.86,83,17,15,0.42,0.00017024282393950243
DCGS0058,MISO PRETTY  GUM,34.82,42,30,0,0.829047619047619,0.00017004747933371987
23196,LEAVES MAGNETIC  SHOPPING LIST,34.8,24,2,2,1.45,0.00016994980703082858
84868B,BLUE BABY BOY'S MEMORY BOX,34.75,5,4,4,6.95,0.0001697056262736004
37482p,CUBIC MUG PINK POLKA DOT,34.7,2,2,0,17.35,0.0001694614455163722
84546,CROCHET POODLE KEYRING,34.65,21,3,3,1.65,0.000169217264759144
90081B,LILY BROOCH WHITE/SILVER COLOUR,34.65,7,3,2,4.95,0.000169217264759144
35955,SMALL FOLKART CHRISTMAS TREE DEC,34.62,135,4,4,0.2564444444444444,0.00016907075630480704
22852,"DOG BOWL, ENAMEL , CREAM COLOUR",34.0,8,2,2,4.25,0.00016604291491517734
44265,M/COLOUR POM-POM CURTAIN,34.0,8,4,4,4.25,0.00016604291491517734
22200,FRYING PAN PINK RETROSPOT,33.97,7,3,2,4.852857142857142,0.00016589640646084042
90066A,PINK VINTAGE VICTORIAN CHOKER,33.75,5,2,2,6.75,0.00016482201112903635
81950B,FLOWER BLUE CLOCK WITH SUCKER,33.64,116,8,8,0.29,0.0001642848134631343
47591b,SCOTTIES CHILDRENS APRON,33.6,8,4,0,4.2,0.00016408946885735173
23390,DOLLY GIRL MINI RUCKSACK,33.2,8,2,2,4.15,0.00016213602279952614
84456,SET OF 3 RABBIT EGG EASTER,33.15,37,16,12,0.8959459459459459,0.0001618918420422979
90076,MONTANA DIAMOND CLUSTER EARRINGS,33.0,12,7,1,2.75,0.0001611592997706133
DCGS0003,BOXED GLASS ASHTRAY,32.589999999999996,13,13,0,2.506923076923077,0.00015915701756134205
82613c,"METAL SIGN,CUPCAKE SINGLE HOOK",32.48,13,12,0,2.4984615384615383,0.00015861981989544
85079,EMBROIDERED REINDEER DECORATION,32.25,23,8,6,1.4021739130434783,0.00015749658841219028
90214O,"LETTER ""O"" BLING KEY RING",31.419999999999998,36,18,11,0.8727777777777778,0.00015344318784220212
85131D,BEADED CRYSTAL HEART PINK\ON STICK,31.299999999999997,20,11,8,1.565,0.00015285715402485443
23632,SET 10 CARDS CHEERFUL ROBIN 17065,31.200000000000003,15,10,0,2.08,0.00015236879251039805
23366,SET 12 COLOUR PENCILS DOILEY,31.200000000000003,48,3,3,0.65,0.00015236879251039805
44091C,MULTICOLOUR CRUSOE CHECK LAMPSHADE,30.66,61,17,10,0.5026229508196721,0.00014973164033233347
22937,BAKING MOULD CUPCAKE CHOCOLATE,30.6,12,1,1,2.5500000000000003,0.00014943862342365962
22937,BAKING MOULD CHOCOLATE CUP CAKES,30.6,12,2,2,2.5500000000000003,0.00014943862342365962
22641,SET OF 4 NAPKIN CHARMS INSTUMENT,30.6,12,2,2,2.5500000000000003,0.00014943862342365962
22577,WOODEN HEART CHRISTMAS SCANDISPOT,30.6,36,1,1,0.8500000000000001,0.00014943862342365962
21919,Electronic Talking Breath-A-Loser,30.47,6,5,0,5.078333333333333,0.0001488037534548663
37489B,BLUE/YELLOW FLOWER DESIGN BIG MUG,30.419999999999998,38,17,17,0.8005263157894736,0.00014855957269763808
84745A,PINK HANGING GINGHAM EASTER HEN,30.240000000000002,72,15,13,0.42000000000000004,0.00014768052197161656
90025F,BAROQUE BUTTERFLY EARRINGS CRYSTAL,30.23,8,8,2,3.77875,0.00014763168582017093
18010,ASSORTED FRAGRANCE BATH CONFETTI,30.16,64,9,6,0.47125,0.00014728983276005145
37491B,BLUE/YELLOW CERAMIC CANDLE HOLDER,30.08,14,8,5,2.1485714285714286,0.0001468991435484863
23250,ENAMEL BOWL PANTRY,30.0,24,2,2,1.25,0.0001465084543369212
23396,BUTTERFLY CUSHION COVER,30.0,8,2,2,3.75,0.0001465084543369212
22772,DRAWER KNOB ACRYLIC EDWARDIAN PINK,30.0,24,1,1,1.25,0.0001465084543369212
23252,ENAMEL JUG PANTRY,30.0,8,2,2,3.75,0.0001465084543369212
22775,DRAWERKNOB ACRYLIC EDWARDIAN PURPLE,30.0,24,1,1,1.25,0.0001465084543369212
22771,DRAWER KNOB ACRYLIC EDWARDIAN CLEAR,30.0,24,1,1,1.25,0.0001465084543369212
22410,TIN CAN HOUSEKEEPING DESIGN,30.0,24,2,2,1.25,0.0001465084543369212
47563B,WAVELINE SURF IRONING BOARD COVER,30.0,8,6,6,3.75,0.0001465084543369212
23437,GIFT BAG LARGE 50'S CHRISTMAS,30.0,24,2,2,1.25,0.0001465084543369212
22405,TIN CAN POCKET MONEY DESIGN,30.0,24,2,2,1.25,0.0001465084543369212
22773,DRAWER KNOB ACRYLIC EDWARDIAN GREEN,30.0,24,1,1,1.25,0.0001465084543369212
90176E,DIAMANTE NECKLACE GREEN,29.98,4,3,2,7.495,0.00014641078203402993
21767,FRENCH STYLE WIRE DOOR CABINET,29.95,1,1,1,29.95,0.00014626427357969298
78056,CAMOUFLAGE BACKPACK ON WHEELS,29.849999999999998,3,2,1,9.95,0.00014577591206523657
22351,DOTCOMGIFTSHOP TEA TOWEL,29.81,15,3,1,1.9873333333333332,0.00014558056745945402
84985a,SET OF 72 GREEN PAPER DOILIES,29.8,10,8,0,2.98,0.00014553173130800839
22472,"TRAY FOR TV DINNER , DOLLY GIRL",29.700000000000003,6,1,1,4.95,0.000145043369793552
23530,"WALL ART,ONLY ONE PERSON",29.700000000000003,6,1,1,4.95,0.000145043369793552
22474,"TRAY FOR TV DINNER ,SPACEBOY",29.700000000000003,6,1,1,4.95,0.000145043369793552
35598A,DUSTY PINK CHRISTMAS TREE 60CM,29.500000000000004,10,3,3,2.95,0.00014406664676463917
78034B,BLUE NETTING STORAGE HANGER,29.25,15,9,9,1.95,0.00014284574297849817
90214V,"LETTER ""V"" BLING KEY RING",28.98,38,24,7,0.7626315789473684,0.00014152716688946589
46776f,WOVEN ROSE GARDEN CUSHION COVER,28.91,7,1,0,4.13,0.0001411853138293464
37489D,PINK/GREEN FLOWER DESIGN BIG MUG,28.86,46,20,20,0.6273913043478261,0.0001409411330721182
44089C,LILAC GAUZE BUTTERFLY LAMPSHADE,28.56,68,18,14,0.42,0.00013947604852874898
23380,PACK OF 12 DOILEY TISSUES,28.08,72,2,2,0.38999999999999996,0.00013713191325935825
40005B,BLUE ORGANDY ROUND LAMPSHADE W BEA,28.05,33,13,11,0.85,0.00013698540480502132
17091F,SANDALWOOD INCENSE IN TIN,27.71,19,8,6,1.458421052631579,0.00013532497565586955
23613,SET 10 XMAS CARDS & BADGES 17070,27.39,11,6,0,2.49,0.00013376221880960905
23637,SET 10 CARDS OUT OF ORDER 17216,27.39,11,9,0,2.49,0.00013376221880960905
21097,SET/6 GREEN SPRING  PAPER PLATE,27.2,32,7,5,0.85,0.00013283433193214187
84867b,BLUE BABY BOY'S PHOTO ALBUM,27.14,2,1,0,13.57,0.00013254131502346802
90187A,BLUE DROP EARRINGS W BEAD CLUSTER,27.04,8,7,1,3.38,0.00013205295350901162
23702,High Resolution Image,27.0,4,3,3,6.75,0.00013185760890322906
44235,ASSORTED COLOURED CIRCLE MOBILE,26.88,64,7,6,0.42,0.0001312715750858814
17013F,ORIGAMI SANDLEWOOD INCENSE IN TUBE,26.7,62,5,4,0.43064516129032254,0.00013039252435985985
90027A,GLASS BEAD HOOP EARRINGS BLACK,26.52,9,6,3,2.9466666666666668,0.00012951347363383833
90025E,BAROQUE BUTTERFLY EARRINGS MONTANA,26.5,7,7,3,3.7857142857142856,0.00012941580133094707
22232,3 PIECE JIGSAW TOADSTOOLS,26.4,16,2,2,1.65,0.00012892743981649066
84876C,SILVER HEART COMPACT MIRROR,26.25,7,4,4,3.75,0.00012819489754480604
23636,SET 10 CARDS WISHING TREE 17116,26.19,9,7,0,2.91,0.0001279018806361322
90182A,AMBER 3 BEAD DROP EARRINGS,26.16,9,9,0,2.9066666666666667,0.00012775537218179527
37489C,GREEN/BLUE FLOWER DESIGN BIG MUG,26.06,27,12,10,0.9651851851851851,0.00012726701066733887
85164b,BLACK BAROQUE CUCKOO CLOCK,26.04,1,1,0,26.04,0.0001271693383644476
90041,PEARL AND CHERRY QUARTZ BRACLET,25.67,7,6,2,3.6671428571428573,0.0001253624007609589
20954,*USB Office Mirror Ball,25.590000000000003,3,3,0,8.530000000000001,0.0001249717115493938
22168,"ORGANISER WOOD, ANTIQUE WHITE",25.5,3,2,2,8.5,0.00012453218618638302
84968b,S/16 VINTAGE IVORY CUTLERY,25.49,1,1,0,25.49,0.00012448335003493736
84968b,SET OF 16 VINTAGE IVORY CUTLERY,25.49,1,1,0,25.49,0.00012448335003493736
84968a,S/16 VINTAGE ROSE CUTLERY,25.49,1,1,0,25.49,0.00012448335003493736
84968d,S/16 VINTAGE RED CUTLERY,25.49,1,1,0,25.49,0.00012448335003493736
90142A,GREEN PENDANT SHELL NECKLACE,25.45,5,4,0,5.09,0.0001242880054291548
DCGS0070,CAMOUFLAGE DOG COLLAR,25.44,2,2,0,12.72,0.00012423916927770917
85035a,GARDENIA 3 WICK MORRIS BOXED CANDLE,25.410000000000004,3,3,0,8.47,0.00012409266082337228
84997c,BLUE 3 PIECE MINI DOTS CUTLERY SET,25.410000000000004,3,2,0,8.47,0.00012409266082337228
90214Y,"LETTER ""Y"" BLING KEY RING",25.339999999999996,68,10,4,0.37264705882352933,0.00012375080776325274
90055,CRACKED GLAZE EARRINGS BROWN,25.28,10,10,1,2.528,0.00012345779085457895
35597D,PINK/WHITE CHRISTMAS TREE 30CM,25.28,58,7,7,0.43586206896551727,0.00012345779085457895
90053,CRACKED GLAZE EARRINGS IVORY,25.23,10,10,0,2.523,0.0001232136100973507
84596b,SMALL DOLLY MIX DESIGN ORANGE BOWL,25.099999999999998,10,8,0,2.51,0.00012257874012855738
84510c,SET OF 4 POLKADOTS COASTERS,25.099999999999998,10,8,0,2.51,0.00012257874012855738
90128C,GREEN LEAVES AND BEADS PHONE CHARM,25.04,17,6,3,1.4729411764705882,0.00012228572321988356
23104,IVORY PANTRY HANGING LAMP,25.0,2,1,1,12.5,0.000122090378614101
22719,"GUMBALL COATHOOK., BLACK & WHITE",25.0,20,4,4,1.25,0.000122090378614101
23214,BELL HEART ANTIQUE GOLD,24.96,12,1,1,2.08,0.00012189503400831843
23620,SET 10 CARDS PERFECT POST 17090,24.900000000000002,10,7,0,2.49,0.0001216020170996446
23240,SET OF 4 KNICK KNACK TINS  DOILEY,24.9,6,1,1,4.1499999999999995,0.00012160201709964457
85034a,3 GARDENIA MORRIS BOXED CANDLES,24.869999999999997,3,3,0,8.29,0.00012145550864530766
84550,CROCHET LILAC/RED BEAR KEYRING,24.75,15,5,4,1.65,0.00012086947482795999
35633B,BLUE TINSEL GARLAND,24.7,130,12,12,0.19,0.00012062529407073177
35596,WOOD XMAS TREE 9 FIG SHELVES,24.65,29,4,4,0.85,0.00012038111331350357
10124A,SPOTS ON RED BOOKCOVER TAPE,24.36,58,18,18,0.42,0.00011896486492158
84450A,PINK RABBIT SITTING EASTER,24.18,52,5,4,0.46499999999999997,0.00011808581419555847
37494a,FAIRY CAKE CERAMIC BUTTER DISH,24.16,4,3,0,6.04,0.00011798814189266721
72801E,4 FESTIVE GREEN DINNER CANDLES,23.91,51,2,2,0.4688235294117647,0.0001167672381065262
84575B,BROWN DOG CANNISTER W BONE,23.8,4,3,3,5.95,0.00011623004044062415
85184c,S/4 VALENTINE DECOUPAGE HEART BOX,23.77,4,4,0,5.9425,0.00011608353198628724
79302m,"ART LIGHTS,FUNK MONKEY",23.77,4,4,0,5.9425,0.00011608353198628724
90128B,BLUE LEAVES AND BEADS PHONE CHARM,23.759999999999998,18,6,5,1.3199999999999998,0.00011603469583484158
17014F,ORIGAMI SANDLEWOOD INCENSE CONES,23.699999999999996,61,4,4,0.38852459016393437,0.00011574167892616772
47556b,TEA TIME TEA TOWELS,23.64,4,4,0,5.91,0.00011544866201749391
90011E,AMBER CRYSTAL DROP EARRINGS,23.61,8,8,1,2.95125,0.00011530215356315697
85040b,SET/4 BLUE FLOWER CANDLES IN BOWL,23.519999999999996,7,3,0,3.3599999999999994,0.0001148626282001462
47552A,DOTS IRONING BOARD COVER,23.4,12,11,11,1.95,0.00011427659438279852
23244,CANNISTER VINTAGE LEAF DESIGN,23.4,12,2,2,1.95,0.00011427659438279852
23623,SET 10 CARD CHRISTMAS WELCOME 17112,23.28,8,6,0,2.91,0.00011369056056545085
23236,STORAGE TIN VINTAGE DOILEY,23.13,7,2,1,3.3042857142857143,0.00011295801829376624
23106,ZINC PLANT POT HOLDER,23.12,8,1,1,2.89,0.00011290918214232061
84509E,CAROUSEL PLACEMATS,23.060000000000002,4,3,2,5.765000000000001,0.00011261616523364677
90095,NECKLACE+BRACELET SET PINK BLOSSOM,22.91,8,3,2,2.86375,0.00011188362296196215
23145,ZINC T-LIGHT HOLDER STARS LARGE,22.8,24,2,2,0.9500000000000001,0.00011134642529606012
84450B,YELLOW RABBIT SAT EASTER,22.63,51,6,3,0.44372549019607843,0.00011051621072148422
90025C,BAROQUE BUTTERFLY EARRINGS GREEN,22.56,6,6,2,3.76,0.00011017435766136472
90189B,GOLD 2 STRAND NECKLACE-LEAF CHARMS,22.5,3,2,2,7.5,0.00010988134075269089
85225,BLING KEY RING STAND,22.5,19,11,10,1.1842105263157894,0.00010988134075269089
37477C,"FLOWER FAIRY MUG+COASTER,ROSE",22.5,6,1,1,3.75,0.00010988134075269089
23645,SET 10 CHRISTMAS CARDS HOHOHO 16956,22.410000000000004,9,4,0,2.49,0.00010944181538968016
23640,SET 10 CARDS SCOTTIE DOG 17211,22.410000000000004,9,8,0,2.49,0.00010944181538968016
35652,VINTAGE BEAD CHAISE LONG JEWEL BOX,21.5,18,2,2,1.1944444444444444,0.00010499772560812686
90214Z,"LETTER ""Z"" BLING KEY RING",21.49,31,18,5,0.6932258064516128,0.0001049488894566812
84387A,BIRD ON BRANCH CANVAS SCREEN,21.45,11,1,1,1.95,0.00010475354485089866
84899E,YELLOW BROWN BEAR FELT PURSE KIT,21.28,14,6,3,1.52,0.00010392333027632277
21387,IVORY HANGING DECORATION  RABBIT,21.25,25,4,4,0.85,0.00010377682182198583
35591T,TURQUOISE CHRISTMAS TREE,21.25,17,9,9,1.25,0.00010377682182198583
90128D,PURPLE LEAVES AND BEADS PHONE CHAR,21.24,13,7,2,1.6338461538461537,0.0001037279856705402
22201,FRYING PAN BLUE RETROSPOT,21.22,4,3,2,5.305,0.00010363031336764892
21594,Dr. Jam's Arouzer Stress Ball,21.06,5,5,0,4.212,0.00010284893494451867
35603B,S/16 BLACK SHINY/MAT BAUBLES,21.0,50,2,1,0.42,0.00010255591803584484
23692,WRAP A PRETTY THANK YOU,21.0,50,2,2,0.42,0.00010255591803584484
23691,KEEP CALM BIRTHDAY WRAP,21.0,50,2,2,0.42,0.00010255591803584484
23388,WOODLAND MINI RUCKSACK,20.75,5,2,2,4.15,0.00010133501424970383
DCGS0072,CAT CAMOUFLAGUE COLLAR,20.68,4,3,0,5.17,0.00010099316118958434
46776a,WOVEN BUBBLE GUM CUSHION COVER,20.65,5,1,0,4.13,0.00010084665273524741
10002R,ROBOT PENCIL SHARPNER,20.57,4,3,0,5.1425,0.0001004559635236823
79172D,PURPLE TINT ACRYLIC FLOWER VASE,20.4,24,4,4,0.85,9.962574894910641e-05
22344,PARTY PIZZA DISH PINK+WHITE SPOT,20.4,24,2,2,0.85,9.962574894910641e-05
22418,"PEN, 10 COLOURS - SPACEBOY",20.4,24,1,1,0.85,9.962574894910641e-05
22345,PARTY PIZZA DISH BLUE+WHITE SPOT,20.4,24,2,2,0.85,9.962574894910641e-05
85232a,SET/3 POLKA DOT STACKING TINS,20.34,2,2,0,10.17,9.933273204043258e-05
22533,MAGIC SLATE BAKE A CAKE,20.16,48,1,1,0.42,9.845368131441104e-05
72801g,4 BURGUNDY WINE DINNER CANDLES,20.08,8,1,0,2.51,9.80629921028459e-05
84536a,ENGLISH ROSE NOTEBOOK A7 SIZE,19.970000000000002,25,12,0,0.7988000000000001,9.752579443694388e-05
90082C,DIAMANTE BOW BROOCH WHITE COLOUR,19.93,3,3,1,6.6433333333333335,9.733044983116131e-05
90127A,PINK BEADS+HAND PHONE CHARM,19.92,14,2,1,1.422857142857143,9.728161367971568e-05
23646,SET 10 CARDS JINGLE BELLS 16957,19.92,8,5,0,2.49,9.728161367971568e-05
23616,SET 10 CARDS JINGLE BELLS 17217,19.92,8,7,0,2.49,9.728161367971568e-05
23601,SET 10 CARDS SNOWY SNOWDROPS  17100,19.92,8,4,0,2.49,9.728161367971568e-05
84570B,WHITE SATIN DRESS JEWEL STAND,19.8,4,2,2,4.95,9.669557986236798e-05
23031,DOORKNOB CRACKED GLAZE PINK,19.8,12,2,2,1.6500000000000001,9.669557986236798e-05
23029,DOORKNOB CRACKED GLAZE GREEN,19.8,12,2,2,1.6500000000000001,9.669557986236798e-05
23249,ENAMEL DINNER PLATE PANTRY,19.8,12,1,1,1.6500000000000001,9.669557986236798e-05
37488A,YELLOW PINK FLOWER DESIGN BIG BOWL,19.770000000000003,31,5,4,0.637741935483871,9.654907140803109e-05
37487B,YELLOW/ORANGE FLOWER DESIGN PLATE,19.72,68,2,2,0.29,9.630489065080287e-05
44092C,PURPLE/COPPER HANGING LAMPSHADE,19.55,23,10,6,0.85,9.547467607622699e-05
20680,PINK FLOWERS CHILDS UMBRELLA,19.5,6,4,4,3.25,9.523049531899877e-05
79062D,"RETRO TIN ASHTRAY,REVOLUTIONARY",19.4,52,4,4,0.37307692307692303,9.474213380454237e-05
22963,JAM JAR WITH BLUE LID,18.98,26,2,2,0.73,9.269101544382548e-05
84030B,KNITTED POM POM HOT WATER BOTTLE,18.75,5,3,2,3.75,9.156778396057575e-05
23056,CRYSTAL CHANDELIER T-LIGHT HOLDER,18.75,3,1,1,6.25,9.156778396057575e-05
90025D,BAROQUE BUTTERFLY EARRINGS PINK,18.69,5,5,2,3.7380000000000004,9.127476705190192e-05
84732B,CUTE BIRD CEATURE SCREEN,18.48,28,6,6,0.66,9.024920787154345e-05
72796A,S/3 ENGLISH LAVENDER SQU CANDLE,18.15,11,5,5,1.65,8.863761487383731e-05
84311,CAMOFLAGE CUSHION COVER,18.15,11,1,1,1.65,8.863761487383731e-05
84986b,SET OF 36 SILVER PAPER DOILIES,17.88,6,5,0,2.98,8.731903878480502e-05
84614C,BLUE BAROQUE FLOCK CANDLE HOLDER,17.85,3,1,1,5.95,8.717253033046812e-05
71050,SMALL SINGLE FLAME CANDLE HOLDER,17.849999999999998,51,8,7,0.35,8.71725303304681e-05
18097B,BLUE TALL PORCELAIN T-LIGHT HOLDER,17.849999999999998,7,3,3,2.55,8.71725303304681e-05
21249,WOOD ANIMALS HEIGHT CHART STICKERS,17.700000000000003,6,1,1,2.9500000000000006,8.643998805878352e-05
90182B,AMETHYST 3 BEAD DROP EARRINGS,17.53,6,6,0,2.921666666666667,8.560977348420762e-05
23627,SET 10 CARDS XMAS GRAPHIC  17218,17.43,7,2,0,2.4899999999999998,8.512141196975121e-05
22883,"NUMBER TILE VINTAGE FONT, 4",17.36,8,1,1,2.17,8.477955890963172e-05
22882,"NUMBER TILE VINTAGE FONT, 3",17.36,8,1,1,2.17,8.477955890963172e-05
22881,"NUMBER TILE VINTAGE FONT, 2",17.36,8,1,1,2.17,8.477955890963172e-05
22887,"NUMBER TILE VINTAGE FONT, 8",17.36,8,1,1,2.17,8.477955890963172e-05
22879,"NUMBER TILE VINTAGE FONT, 0",17.36,8,1,1,2.17,8.477955890963172e-05
22884,"NUMBER TILE VINTAGE FONT, 5",17.36,8,1,1,2.17,8.477955890963172e-05
22885,"NUMBER TILE VINTAGE FONT, 6",17.36,8,1,1,2.17,8.477955890963172e-05
22886,"NUMBER TILE VINTAGE FONT, 7",17.36,8,1,1,2.17,8.477955890963172e-05
22880,"NUMBER TILE VINTAGE FONT, 1",17.36,8,1,1,2.17,8.477955890963172e-05
37482b,CUBIC MUG BLUE POLKA DOT,17.35,1,1,0,17.35,8.47307227581861e-05
DCGS0066N,NAVY CUDDLES DOG HOODIE,17.3,2,2,0,8.65,8.448654200095789e-05
DCGS0068,DOGS NIGHT COLLAR,17.12,2,2,0,8.56,8.360749127493637e-05
84796b,BLUE SAVANNAH PICNIC HAMPER FOR 2,17.12,2,2,0,8.56,8.360749127493637e-05
23342,MINT DINER CLOCK,17.0,2,1,1,8.5,8.302145745758867e-05
22777,GLASS BELL JAR LARGE,17.0,2,1,1,8.5,8.302145745758867e-05
84993b,75 BLACK PETIT FOUR CASES,16.99,20,13,0,0.8494999999999999,8.297262130614303e-05
21120,*Boombox Ipod Classic,16.98,1,1,0,16.98,8.29237851546974e-05
85036b,CHOCOLATE 1 WICK MORRIS BOX CANDLE,16.94,2,2,0,8.47,8.272844054891484e-05
85035c,ROSE 3 WICK MORRIS BOX CANDLE,16.94,2,2,0,8.47,8.272844054891484e-05
72805,VANILLA CANDLE IN EMBOSSED ZINC POT,16.9,10,3,3,1.69,8.253309594313227e-05
47591c,BLUE FAIRY CAKE CHILD'S APRON,16.84,4,3,0,4.21,8.224007903445843e-05
72785A,S/4 CONTEMPORY PINK ROSEBUD CANDLES,16.8,8,4,4,2.1,8.204473442867586e-05
44089A,PINK GAUZE BUTTERFLY LAMPSHADE,16.8,40,13,11,0.42000000000000004,8.204473442867586e-05
21511,VINTAGE COLLAGE  GREETING  CARD,16.8,40,2,1,0.42000000000000004,8.204473442867586e-05
23644,SET 10 CARDS CHRISTMAS TREE 16955,16.65,5,5,0,3.3299999999999996,8.131219215699126e-05
84031a,CHARLIE+LOLA RED HOT WATER BOTTLE,16.63,1,1,0,16.63,8.121451985409997e-05
84031b,CHARLIE LOLA BLUE HOT WATER BOTTLE,16.63,1,1,0,16.63,8.121451985409997e-05
85036a,GARDENIA 1 WICK MORRIS BOXED CANDLE,16.58,2,1,0,8.29,8.097033909687176e-05
22384,LUNCH BAG PINK POLKADOTS,16.5,10,1,1,1.65,8.057964988530665e-05
23502,PLAYING CARDS VINTAGE DOILEY,16.25,13,2,2,1.25,7.935874609916565e-05
85160b,BLACK BIRD GARDEN DESIGN MUG,16.13,1,1,0,16.13,7.877271228181796e-05
90102,WHITE FRANGIPANI HAIR CLIP,16.11,19,4,3,0.8478947368421053,7.867503997892668e-05
62074B,ELEPHANT CLIP W SUCTION CUP,15.96,38,12,8,0.42000000000000004,7.794249770724207e-05
84630,FLOWERS AND BIRDS WALL PLAQUE,15.9,2,1,1,7.95,7.764948079856822e-05
84250M,"GREETING CARD, BLACKPOOL ROCK",15.899999999999999,28,13,1,0.5678571428571428,7.764948079856822e-05
22778,GLASS BELL JAR SMALL,15.8,4,1,1,3.95,7.716111928411183e-05
35932,PINK CHRISTMAS TREE DECORATION,15.629999999999999,37,10,10,0.4224324324324324,7.633090470953593e-05
84912a,PINK ROSE WASHBAG,15.56,2,1,0,7.78,7.598905164941645e-05
84509a,ENGLISH ROSE PLACEMATS,15.56,2,1,0,7.78,7.598905164941645e-05
21560,TOADSTOOL  LUNCHBOX WITH CUTLERY,15.44,4,4,0,3.86,7.540301783206877e-05
21853,GUMBALL CUSTOM CARS TOP TRUMPS GAME,15.399999999999999,3,3,0,5.133333333333333,7.52076732262862e-05
37481,CUBIC MUG TEATIME CAKES,15.3,6,1,1,2.5500000000000003,7.471931171182981e-05
17107D,FLOWER FAIRY 5 SUMMER DRAW LINERS,15.3,6,1,1,2.5500000000000003,7.471931171182981e-05
22932,BAKING MOULD TOFFEE CUP  CHOCOLATE,15.3,6,1,1,2.5500000000000003,7.471931171182981e-05
84509e,SET OF 4 CAROUSEL PLACEMATS,15.24,2,1,0,7.62,7.442629480315596e-05
85124c,GREEN JUICY FRUIT PHOTO FRAME,15.18,3,2,0,5.06,7.413327789448211e-05
17174,ASSTD RASTA KEY-CHAINS,15.120000000000001,36,7,7,0.42000000000000004,7.384026098580828e-05
m,Manual,15.049999999999999,5,4,0,3.01,7.34984079256888e-05
84206A,3 BLACK CATS W HEARTS BLANK CARD,15.01,79,9,9,0.19,7.330306331990623e-05
23449,SET OF 6 EASTER RAINBOW CHICKS,15.0,12,1,1,1.25,7.32542271684606e-05
23251,ENAMEL MUG PANTRY,15.0,12,1,1,1.25,7.32542271684606e-05
90068,"RUBY GLASS NECKLACE 42""",15.0,2,2,0,7.5,7.32542271684606e-05
22408,TIN CAN CONFECTIONERY DESIGN,15.0,12,1,1,1.25,7.32542271684606e-05
22954,HEN PARTY BANNER TAPE,15.0,12,1,1,1.25,7.32542271684606e-05
23212,PAINTED HEART WREATH WITH BELL,15.0,12,1,1,1.25,7.32542271684606e-05
21475,SWEETHEART CREAM STEEL FOLDIN CHAIR,14.95,1,1,1,14.95,7.301004641123238e-05
23281,FOLDING MIRROR RED,14.940000000000001,18,2,2,0.8300000000000001,7.296121025978675e-05
23621,SET 10 CARDS DAVID'S MADONNA 17074,14.940000000000001,6,4,0,2.49,7.296121025978675e-05
23282,FOLDING MIRROR IVORY,14.940000000000001,18,2,2,0.8300000000000001,7.296121025978675e-05
84509g,SET OF 4 FAIRY CAKE PLACEMATS,14.92,2,2,0,7.46,7.286353795689547e-05
35650,VINTAGE BEAD PINK JEWEL STAND,14.850000000000001,3,3,3,4.95,7.2521684896776e-05
22139,11 PC CERAMIC TEA SET POLKADOT,14.85,3,1,1,4.95,7.252168489677599e-05
84567,FROSTED GLASS WITH SILVER SURROUND,14.85,9,1,1,1.65,7.252168489677599e-05
SP1002,KID'S CHALKBOARD/EASEL,14.75,5,2,2,2.95,7.203332338231959e-05
90011D,PURPLE CRYSTAL DROP EARRINGS,14.75,5,5,0,2.95,7.203332338231959e-05
23634,SET 10 CARDS XMAS CHOIR 17068,14.55,5,5,0,2.91,7.105660035340678e-05
81950V,FLOWER PURPLE CLOCK W/SUCKER,14.45,17,7,7,0.85,7.056823883895037e-05
48195,DOORMAT GREEN PAISLEY,14.43,1,1,0,14.43,7.04705665360591e-05
90077,BLACK DIAMOND CLUSTER EARRINGS,14.399999999999999,5,5,1,2.88,7.032405808172217e-05
10124G,ARMY CAMO BOOKCOVER TAPE,14.28,33,10,9,0.4327272727272727,6.973802426437449e-05
71143,ANTIQUE SILVER BOOK MARK WITH BEADS,14.11,17,3,0,0.83,6.890780968979859e-05
21852,EMPIRE TEDDY,13.9,2,2,1,6.95,6.788225050944016e-05
84868A,PINK BABY GIRL'S MEMORY BOX,13.9,2,2,2,6.95,6.788225050944016e-05
23540,"WALL ART , THE MAGIC FOREST",13.9,2,1,1,6.95,6.788225050944016e-05
84406b,CREAM CUPID HEARTS COAT HANGER,13.82,2,2,0,6.91,6.749156129787504e-05
16245A,PINK MINI STATIONERY SET W CASE,13.75,11,7,7,1.25,6.714970823775554e-05
35936,CERISE+GOLD CHRISTMAS TREE DEC,13.68,36,9,8,0.38,6.680785517763606e-05
84814B,RHOMBUS CRYSTAL PERFUME BOTTLE,13.65,7,3,2,1.95,6.666134672329915e-05
35443,RASTA IN BATH W SPLIFF ASHTRAY,13.6,16,10,9,0.85,6.641716596607094e-05
79342b,BROWN FLOWER LIGHTS,13.57,1,1,0,13.57,6.627065751173401e-05
84867a,PINK BABY GIRLS PHOTO ALBUM,13.57,1,1,0,13.57,6.627065751173401e-05
21525,BEWARE OF THE CAT DOORMAT,13.5,2,2,1,6.75,6.592880445161453e-05
85039b,S/4 IVORY MINI ROSE CANDLE IN BOWL,13.44,4,1,0,3.36,6.56357875429407e-05
62097B,BLUE STRIPES SHOULDER BAG,13.370000000000001,11,4,3,1.2154545454545456,6.529393448282122e-05
90014C,SILVER AND BLACK ORBIT NECKLACE,13.350000000000001,2,2,1,6.675000000000001,6.519626217992994e-05
23639,SET 10 CARDS MAGICAL TREE 17086,13.32,4,4,0,3.33,6.504975372559301e-05
23271,CHRISTMAS TABLE CANDLE SILVER SPIKE,13.28,16,1,1,0.83,6.485440911981044e-05
23607,SET 10 CARDS HATS & STOCKINGS 17081,13.28,8,7,0,1.66,6.485440911981044e-05
35004s,SET OF 3 SILVER FLYING DUCKS,13.0,1,1,0,13.0,6.348699687933252e-05
85159b,"WHITE TEA,COFFEE,SUGAR JARS",13.0,1,1,0,13.0,6.348699687933252e-05
16192,PINK BALLET OPENING CUBE BOX,12.9,3,1,0,4.3,6.299863536487612e-05
84989b,75 BLACK FAIRY CAKE CASES,12.8,10,6,0,1.28,6.251027385041971e-05
84247J,PACK/12 RUSSIAN DOLL CARDS,12.780000000000001,10,9,2,1.278,6.241260154752842e-05
84648,NEW BAROQUE WALL MIRROR,12.75,1,1,1,12.75,6.226609309319151e-05
21772,VINTAGE METAL CAKE STAND CREAM,12.75,1,1,1,12.75,6.226609309319151e-05
72752B,"F.FAIRY,CANDLE IN GLASS,LAVENDER",12.75,3,2,2,4.25,6.226609309319151e-05
20812,EMBOSSED FLOWER TRELLIS PHOTO FRAME,12.75,5,3,3,2.55,6.226609309319151e-05
44092B,BLUE WHITE PLASTIC RINGS LAMPSHADE,12.75,15,6,4,0.85,6.226609309319151e-05
85083,KISS REINDEER SCANDINAVIAN STOCKING,12.749999999999998,5,2,2,2.55,6.22660930931915e-05
DCGS0037,KEY-RING CORKSCREW,12.72,1,1,0,12.72,6.211958463885459e-05
85157,SET OF 2 CHESTS CHOCOLAT AU LAIT,12.72,1,1,0,12.72,6.211958463885459e-05
35004p,SET OF 3 PINK FLYING DUCKS,12.72,1,1,0,12.72,6.211958463885459e-05
DCGS0075,CAMOUFLAGUE DOG LEAD,12.72,1,1,0,12.72,6.211958463885459e-05
35751C,PURPLE CURRENT CANDLE RING,12.61,31,2,2,0.40677419354838706,6.158238697295254e-05
72801e,S/4 FESTIVE GREEN DINNER CANDLES,12.549999999999999,5,3,0,2.51,6.128937006427869e-05
35597A,DUSTY PINK CHRISTMAS TREE 30CM,12.5,10,4,4,1.25,6.10451893070505e-05
23071,MARIE ANTOIENETT TRINKET BOX GOLD,12.5,1,1,1,12.5,6.10451893070505e-05
51012L,"FEATHER DUSTER, LIGHT PINK",12.5,10,6,5,1.25,6.10451893070505e-05
35918B,BLUE FLORIBUNDA EGG WARMER,12.5,10,5,5,1.25,6.10451893070505e-05
23635,SET 10 CARDS CHRISTMAS HOLLY  17259,12.48,3,3,0,4.16,6.0947517004159215e-05
23654,SET 10 CARD SNOWMAN 16965,12.450000000000001,5,4,0,2.49,6.08010085498223e-05
84596g,SMALL CHOCOLATES PINK BOWL,12.399999999999999,5,2,0,2.4799999999999995,6.055682779259408e-05
90000C,OPAL WHITE/SILVER FLOWER NECKLACE,12.32,2,2,1,6.16,6.016613858102897e-05
79149B,SILICON STAR BULB  BLUE,12.18,29,12,11,0.42,5.948243246079e-05
44242A,LILAC FEATHERS CURTAIN,11.98,14,2,2,0.8557142857142858,5.85057094318772e-05
22206,"MUG , DOTCOMGIFTSHOP.COM",11.82,14,10,0,0.8442857142857143,5.7724331008746954e-05
85185E,DUCK SOCK PUPPET,11.8,4,2,2,2.95,5.762665870585567e-05
85179a,GREEN BITTY LIGHT CHAIN,11.780000000000001,2,2,0,5.890000000000001,5.752898640296439e-05
23608,SET 10 CARDS RUDOLPHS NOSE 17097,11.64,4,3,0,2.91,5.684528028272542e-05
23605,SET 10 CARDS 12 DAYS OF XMAS 17059,11.64,4,1,0,2.91,5.684528028272542e-05
85184c,SET 4 VALENTINE DECOUPAGE HEART BOX,11.58,2,2,0,5.79,5.6552263374051575e-05
90025B,BAROQUE BUTTERFLY EARRINGS RED,11.29,3,3,1,3.763333333333333,5.513601498212801e-05
79070b,ENGLISH ROSE SQUARE CAKE TINS,11.26,1,1,0,11.26,5.498950652779109e-05
16151A,FLOWER DES BLUE HANDBAG/ORANG HANDL,11.25,3,2,2,3.75,5.4940670376345445e-05
84743C,ORANGE FELT VASE + FLOWERS,11.25,9,5,5,1.25,5.4940670376345445e-05
23299,"FOOD COVER WITH BEADS , SET 2 SIZES",11.25,3,1,1,3.75,5.4940670376345445e-05
84366,VENDETTA CANVAS PICTURE,11.25,3,3,2,3.75,5.4940670376345445e-05
17011B,ORIGAMI JASMINE INCENSE+FLOWER,11.100000000000001,19,2,2,0.5842105263157895,5.4208128104660845e-05
47590a,BLUE HAPPY BIRTHDAY BUNTING,11.02,1,1,0,11.02,5.381743889309571e-05
72785B,S/4 CONTEMPORY RED ROSEBUD CANDLES,10.9,9,3,3,1.2111111111111112,5.323140507574804e-05
84732D,CUTE RABBIT CEATURE SCREEN,10.89,15,6,6,0.7260000000000001,5.31825689243024e-05
16169G,WRAP ROMANTIC DECOUPAGE,10.5,25,1,1,0.42,5.127795901792242e-05
17084G,MOON INCENSE,10.5,50,2,2,0.21,5.127795901792242e-05
22959,"WRAPPING PAPER, XMAS VILLAGE",10.5,25,1,1,0.42,5.127795901792242e-05
16169A,WRAP CHRISTMAS DECOUPAGE,10.5,25,1,1,0.42,5.127795901792242e-05
21496,WOODLAND CREATURES  WRAP,10.5,25,1,1,0.42,5.127795901792242e-05
85124b,BLUE JUICY FRUIT PHOTO FRAME,10.23,2,2,0,5.115,4.995938292889012e-05
21857,STAR WARS TOP TRUMPS GAME,10.23,2,2,0,5.115,4.995938292889012e-05
21858,HIGH SCHOOL MUSICAL 3 TOP TRUMPS,10.23,2,2,0,5.115,4.995938292889012e-05
20939,ORANGE CANDLE,10.2,12,1,1,0.85,4.9812874474553205e-05
22196,HEART MEASURING SPOONS SMALL,10.2,12,1,1,0.85,4.9812874474553205e-05
22343,PARTY PIZZA DISH RED+WHITE SPOT,10.2,12,1,1,0.85,4.9812874474553205e-05
22346,PARTY PIZZA DISH GREEN+WHITE SPOT,10.2,12,1,1,0.85,4.9812874474553205e-05
90214W,"LETTER ""W"" BLING KEY RING",10.17,19,8,3,0.5352631578947369,4.966636602021629e-05
85232d,SET/3 DECOUPAGE STACKING TINS,10.17,1,1,0,10.17,4.966636602021629e-05
84661c,PINK SQUARE TABLE CLOCK,10.12,2,2,0,5.06,4.942218526298807e-05
84661a,WHITE SQUARE TABLE CLOCK,10.02,2,2,0,5.01,4.8933823748531674e-05
23086,ZINC STAR T-LIGHT HOLDER,10.0,8,1,1,1.25,4.88361514456404e-05
23619,SET 10 CARDS POINSETTIA 17093,9.96,4,2,0,2.49,4.864080683985784e-05
23624,SET 10 CARD PERFECT NATIVITY 17089,9.96,4,4,0,2.49,4.864080683985784e-05
23650,SET 10 CARDS FILIGREE BAUBLE 16961,9.96,4,4,0,2.49,4.864080683985784e-05
23615,SET 10 CARDS PRINTED GRAPHIC 17219,9.96,4,4,0,2.49,4.864080683985784e-05
84971s,SMALL HEART FLOWERS HOOK,9.959999999999999,6,3,0,1.66,4.864080683985783e-05
22829,BROCANTE SHELF WITH HOOKS,9.95,1,1,1,9.95,4.85919706884122e-05
85049b,LUSH GREENS RIBBONS,9.94,4,3,0,2.485,4.8543134536966555e-05
85231g,ORANGE SCENTED SET/9 T-LIGHTS,9.78,6,6,0,1.63,4.776175611383631e-05
81953P,ROUND ARTICULATED PINK CLOCK W/SUCK,9.57,33,6,5,0.29000000000000004,4.673619693347786e-05
20822,SILVER WINE GOBLET,9.3,2,1,1,4.65,4.541762084444557e-05
72708,SCULPTED ROUND IVORY CANDLE,9.24,44,5,5,0.21,4.5124603935771724e-05
23441,HAND PAINTED HANGING EASTER EGG,9.24,22,3,3,0.42,4.5124603935771724e-05
90184c,BLACK CHUNKY BEAD BRACELET W STRAP,9.15,1,1,0,9.15,4.4685078572760965e-05
18098B,BLUE PORCELAIN B'FLY OIL BURNER,8.850000000000001,3,3,3,2.9500000000000006,4.321999402939176e-05
62097A,PINK STRIPES SHOULDER BAG,8.850000000000001,3,3,1,2.9500000000000006,4.321999402939176e-05
20882,MODERN CHRISTMAS TREE CANDLE,8.850000000000001,3,2,1,2.9500000000000006,4.321999402939176e-05
35598C,WHITE CHRISTMAS TREE 60CM,8.850000000000001,3,3,3,2.9500000000000006,4.321999402939176e-05
71496B,A4 WALL TIDY RED FLOWERS,8.67,15,6,6,0.578,4.234094330337022e-05
21406,SPOTTY CAT DOORSTOP,8.65,1,1,0,8.65,4.224327100047894e-05
20739,*USB Office Glitter Lamp,8.65,1,1,0,8.65,4.224327100047894e-05
90013E,AMBER VINTAGE EARRINGS,8.57,2,2,0,4.285,4.185258178891382e-05
84572,6 HOOK JEWEL STAND LILAC DRESS,8.49,1,1,1,8.49,4.14618925773487e-05
90126B,BLUE BERTIE MOBILE PHONE CHARM,8.48,3,3,0,2.8266666666666667,4.141305642590306e-05
72803b,OCEAN SCENT CANDLE JEWELLED DRAWER,8.47,1,1,0,8.47,4.136422027445742e-05
84030b,KNITTED POM POM HOT WATER BOTTLE,8.46,1,1,0,8.46,4.131538412301178e-05
84534b,FAIRY CAKE NOTEBOOK A5 SIZE,8.3,5,4,0,1.6600000000000001,4.0534005699881534e-05
23612,SET 10 MINICARDS CUTE SNOWMAN 17071,8.299999999999999,5,2,0,1.6599999999999997,4.053400569988153e-05
72802c,VANILLA SCENT CANDLE JEWELLED BOX,8.29,1,1,0,8.29,4.048516954843588e-05
85034b,3 WHITE CHOC MORRIS BOXED CANDLES,8.29,1,1,0,8.29,4.048516954843588e-05
47591C,BLUE FAIRY CAKE CHILDRENS APRON,7.8,4,4,4,1.95,3.8092198127599505e-05
84509c,DOTTY PLACEMATS,7.78,1,1,0,7.78,3.799452582470823e-05
84029c,BROWN FURRY HOT WATER BOTTLE,7.78,1,1,0,7.78,3.799452582470823e-05
84997d,PINK 3 PIECE MINI DOTS CUTLERY SET,7.62,1,1,0,7.62,3.721314740157798e-05
44091A,BLUE CRUSOE CHECK LAMPSHADE,7.56,18,6,6,0.42,3.692013049290414e-05
46037A,PINK CANVAS DES CUSHION COVER,7.5,6,2,2,1.25,3.66271135842303e-05
20942,SET/6 GINGERBREAD TREE T-LIGHTS,7.5,6,4,4,1.25,3.66271135842303e-05
90025A,BAROQUE BUTTERFLY EARRINGS BLACK,7.5,2,2,2,3.75,3.66271135842303e-05
82011E,"BATHROOM SCALES, FAG BREAK",7.5,2,2,2,3.75,3.66271135842303e-05
82613a,"METAL SIGN,CUPCAKE SINGLE HOOK",7.4799999999999995,3,3,0,2.493333333333333,3.6529441281339014e-05
23633,SET 10 CARDS WORLD CHILDREN 17067,7.470000000000001,3,3,0,2.49,3.6480605129893375e-05
84201B,HAPPY BIRTHDAY CARD STRIPEY TEDDY,7.41,39,8,6,0.19,3.618758822121953e-05
90111,BLUE HIBISCUS  HAIR CLIP,7.35,7,6,6,1.05,3.589457131254569e-05
35001P,HAND OPEN SHAPE PINK,6.98,2,2,2,3.49,3.4087633709057e-05
85230D,VANILLA SCENTED VOTIVE CANDLE,6.959999999999999,24,1,1,0.29,3.398996140616571e-05
85230C,ROSE SCENTED VOTIVE CANDLE,6.959999999999999,24,1,1,0.29,3.398996140616571e-05
84705b,FAIRY CAKES PHOTO FRAME,6.86,2,2,0,3.43,3.3501599891709316e-05
22843,"BISCUIT TIN, MINT,IVORY, VINTAGE",6.75,1,1,1,6.75,3.2964402225807265e-05
37484,ENGLISH ROSE TEA FOR ONE GIFT BOX,6.75,1,1,1,6.75,3.2964402225807265e-05
48173A,DOOR MAT BLUE FLOCK,6.75,1,1,1,6.75,3.2964402225807265e-05
23604,SET 10 MINI SANTA & SNOWMAN  17087,6.640000000000001,4,2,0,1.6600000000000001,3.242720455990523e-05
20678,LARGE BLACK DIAMANTE HAIRSLIDE,6.6,4,1,1,1.65,3.2231859954122665e-05
20858,SILVER PURSE GOLD PINK BUTTERFLY,6.6,4,1,1,1.65,3.2231859954122665e-05
85231b,CINAMMON SET OF 9 T-LIGHTS,6.58,4,4,0,1.645,3.213418765123138e-05
84536b,FAIRY CAKES NOTEBOOK A7 SIZE,6.48,8,4,0,0.81,3.1645826136774976e-05
20884,MODERN CHRISTMAS TREE CANDLE,6.300000000000001,3,3,2,2.1,3.076677541075345e-05
47592B,SCOTTIE DOGS CHILDRENS OVERALL,6.300000000000001,3,1,1,2.1,3.076677541075345e-05
79140,ASS WINDPROOF MARIJUANA LIGHTERS,6.3,15,2,2,0.42,3.076677541075345e-05
37408,ASSORTED DESIGN GEISHA GIRL MUGS,6.25,5,1,1,1.25,3.052259465352525e-05
82072,WHITE WOOD SINGLE P/FRAME,6.25,5,3,3,1.25,3.052259465352525e-05
20673,STRAWBERRIES PRINT BOWL,6.25,5,2,2,1.25,3.052259465352525e-05
23610,SET 10 CARDS CHRISTMAS ROBIN 17095,6.24,3,3,0,2.08,3.0473758502079608e-05
85123b,ZINC HANGING HEART T-LITE HLDR,6.04,1,1,0,6.04,2.9497035473166802e-05
79051a,SMOKEY GREY COLOUR D.O.F. GLASS,6.04,1,1,0,6.04,2.9497035473166802e-05
85077,KISSING REINDEER TABLE RUNNER,5.95,1,1,0,5.95,2.9057510110156037e-05
72751A,"F.FAIRY S/3 SML CANDLE,LILY/VALLEY",5.95,1,1,1,5.95,2.9057510110156037e-05
72751B,"F.FAIRY S/3 SML CANDLE, LAVENDER",5.95,1,1,1,5.95,2.9057510110156037e-05
72751C,"F.FAIRY S/3 SML CANDLE, ROSE",5.95,1,1,1,5.95,2.9057510110156037e-05
37409,ASSORTED DESIGN FLOWER MUGS,5.949999999999999,7,3,3,0.8499999999999999,2.9057510110156033e-05
85184d,S/4 BLUE ROUND DECOUPAGE BOXES,5.91,1,1,0,5.91,2.8862165504373477e-05
35821P,"JEWELLED DECORATION,PINK",5.9,2,2,2,2.95,2.8813329352927834e-05
35823P,"ACRYLIC BEAD GARLAND,PINK",5.9,2,2,2,2.95,2.8813329352927834e-05
90014B,GOLD M.O.P. ORBIT NECKLACE,5.9,2,2,2,2.95,2.8813329352927834e-05
22360,"GLASS JAR, ENGLISH CONFECTIONERY",5.9,2,1,1,2.95,2.8813329352927834e-05
79303A,WHITE ROHMBIC BLOCK TABLE LAMP,5.9,2,1,1,2.95,2.8813329352927834e-05
18098A,PINK PORCELAIN B'FLY OIL BURNER,5.9,2,2,2,2.95,2.8813329352927834e-05
84228,HEN HOUSE WITH CHICK STANDING,5.88,14,3,3,0.42,2.8715657050036553e-05
85186B,BUNNY BUNCH OF FLOWERS,5.88,14,2,2,0.42,2.8715657050036553e-05
35051B,PINK BEADED CONE CHRISTMAS,5.88,14,2,2,0.42,2.8715657050036553e-05
23652,SET 10 CARD CHRISTMAS STAMPS 16963,5.82,2,1,0,2.91,2.842264014136271e-05
23617,SET 10 CARDS SWIRLY XMAS TREE 17104,5.82,2,1,0,2.91,2.842264014136271e-05
23638,SET 10 CARDS ROBIN WATERPUMP  17096,5.82,2,2,0,2.91,2.842264014136271e-05
23630,SET 10 CARDS HANGING BAUBLES 17080,5.48,2,2,1,2.74,2.676221099221094e-05
35537,CANDLE RING W/CLEAR BEADS,5.46,13,3,3,0.42,2.6664538689319657e-05
21838,DADDY MOUSE RED GINGHAM BOW TIE,5.45,1,1,1,5.45,2.661570253787402e-05
35751D,PINK CURRENT CANDLE RING,5.32,28,1,1,0.19,2.5980832569080693e-05
16215,FUNKY GIRLZ MAGNETIC TO DO LIST,5.2,8,3,3,0.65,2.5394798751733007e-05
21854,EURO FOOTBALL STARS TOP TRUMPS GAME,5.17,1,1,0,5.17,2.5248290297396086e-05
21860,DR WHO TOP TRUMPS GAME,5.17,1,1,0,5.17,2.5248290297396086e-05
71434B,"BLACK RND BULLET""KEEP CLEAN"" BIN",5.1,2,2,1,2.55,2.4906437237276602e-05
71101A,ANGEL ON KNEES METAL POLE 100CM H,5.1,6,1,1,0.85,2.4906437237276602e-05
90142B,IVORY PENDANT SHELL NECKLACE,5.09,1,1,0,5.09,2.485760108583096e-05
90142C,ROSE PINK PENDANT SHELL NECKLACE,5.09,1,1,0,5.09,2.485760108583096e-05
84942,KASHMIR FOLKART HEART DISHES,5.07,3,3,3,1.6900000000000002,2.4759928782939685e-05
72740B,LARGE WHITE CHOCOLATE CANDLE,5.06,1,1,0,5.06,2.4711092631494036e-05
84951b,SET OF 4 BLACK LOVEBIRD COASTERS,5.06,1,1,0,5.06,2.4711092631494036e-05
DCGS0041,HAYNES MINI-COOPER PLAYING CARDS,5.06,1,1,0,5.06,2.4711092631494036e-05
20877,MODERN CHRISTMAS BAUBLE CANDLE,5.04,12,5,3,0.42,2.461342032860276e-05
72801e,4 FESTIVE GREEN DINNER CANDLES,5.02,2,1,0,2.51,2.4515748025711476e-05
84596j,MIXED NUTS LIGHT GREEN BOWL,5.02,2,2,0,2.51,2.4515748025711476e-05
72801g,S/4 BURGUNDY WINE DINNER CANDLES,5.02,2,2,0,2.51,2.4515748025711476e-05
23649,SET 10 CARDS DECK THE HALLS 16960,4.98,2,2,0,2.49,2.432040341992892e-05
47593b,SCOTTIE DOGS BABY BIB,4.98,6,1,0,0.8300000000000001,2.432040341992892e-05
84661b,BLACK SQUARE TABLE CLOCK,4.96,1,1,0,4.96,2.4222731117037638e-05
85043,RED HEART CANDY POP LIGHTS,4.95,1,1,1,4.95,2.4173894965591996e-05
37451,CERAMIC CAKE TEAPOT WITH CHERRY,4.95,1,1,1,4.95,2.4173894965591996e-05
85232C,RUSSIAN FOLKART STACKING TINS,4.95,1,1,1,4.95,2.4173894965591996e-05
84971l,LARGE HEART FLOWERS HOOK,4.92,2,1,0,2.46,2.4027386511255072e-05
85049d,BRIGHT BLUES RIBBONS,4.92,2,2,0,2.46,2.4027386511255072e-05
90214U,"LETTER ""U"" BLING KEY RING",4.7299999999999995,13,2,2,0.3638461538461538,2.3099499633787905e-05
45014,FOLDING SHIRT TIDY,4.65,1,1,1,4.65,2.2708810422222786e-05
79151B,"SILICON CUBE 25W, BLUE",4.62,11,2,2,0.42,2.2562301967885862e-05
37326,FAIRY DESIGN MUGS,4.609999999999999,2,2,1,2.3049999999999997,2.251346581644022e-05
35817P,PINK ACRYLIC JEWEL SNOWFLAKE,4.5600000000000005,12,1,1,0.38000000000000006,2.2269285059212024e-05
81950V,FLOWER PURPLE CLOCK WITH SUCKER,4.35,15,3,3,0.29,2.1243725878853573e-05
72529w,WHITE ADVENT CANDLE,4.3,1,1,0,4.3,2.099954512162537e-05
79157B,UBO-LIGHT TRIOBASE BLUE,4.25,5,3,3,0.85,2.0755364364397168e-05
72752A,"F.FAIRY,CANDLE IN GLASS,LILY/VALLEY",4.25,1,1,1,4.25,2.0755364364397168e-05
79157V,UBO-LIGHT TRIOBASE PURPLE,4.25,5,3,3,0.85,2.0755364364397168e-05
21409,SPOTTY COCKEREL DOORSTOP,4.25,1,1,1,4.25,2.0755364364397168e-05
47594a,CAROUSEL DESIGN WASHBAG,4.21,1,1,0,4.21,2.056001975861461e-05
84255A,PINK GLASS COCKTAIL LAMP,4.2,2,2,2,2.1,2.0511183607168966e-05
23391,I LOVE LONDON MINI RUCKSACK,4.15,1,1,1,4.15,2.0267002849940767e-05
46776e,WOVEN CANDY CUSHION COVER,4.13,1,1,0,4.13,2.0169330547049482e-05
46776b,WOVEN BERRIES CUSHION COVER,4.13,1,1,0,4.13,2.0169330547049482e-05
37432,MUG PINK AND PURPLE ARABIC DESIGN,3.9,6,1,1,0.65,1.9046099063799753e-05
72084B,CHOCOLATE ICE CREAM CANDLE,3.9,2,1,1,1.95,1.9046099063799753e-05
16010,FOLDING CAMPING SCISSOR W/KNIF & S,3.84,32,4,4,0.12,1.875308215512591e-05
35995,SET/6 BLACK GLITTER REINDEER CANDLE,3.7800000000000002,5,5,4,0.756,1.846006524645207e-05
40046C,PINK BUTTERFLY PAPER LAMPSHADE,3.75,3,3,3,1.25,1.831355679211515e-05
90004A,JADE GREEN PAIR ENAMEL HAIR SLIDES,3.75,1,1,1,3.75,1.831355679211515e-05
35974,S/6 CHRISTMAS TREE PLACE SETTING,3.75,1,1,1,3.75,1.831355679211515e-05
37438,FUNKY FLOWER COFFEE POT,3.75,1,1,1,3.75,1.831355679211515e-05
84731,3 BIRDS CANVAS SCREEN,3.69,3,3,3,1.23,1.8020539883441305e-05
35818C,"ACRYLIC JEWEL ICICLE, CLEAR",3.43,1,1,0,3.43,1.6750799945854658e-05
21081,SET/20 POSIES PAPER NAPKINS,3.4,4,4,4,0.85,1.6604291491517734e-05
84559d,3D SHEET OF SEA WORLD STICKERS,3.38,2,1,0,1.69,1.6506619188626452e-05
23643,SET 10 CARDS CHRISTMAS BAUBLE 16954,3.33,1,1,0,3.33,1.6262438431398253e-05
20683,RAIN GIRL CHILDS UMBRELLA,3.25,1,1,1,3.25,1.587174921983313e-05
84985b,SET OF 72 BLACK PAPER DOILIES,2.98,1,1,0,2.98,1.4553173130800838e-05
79301,FEATHER HEART LIGHTS,2.95,1,1,1,2.95,1.4406664676463917e-05
20885,BOX OF 3 PEBBLE CANDLES,2.95,1,1,1,2.95,1.4406664676463917e-05
23609,SET 10 CARDS SNOWY ROBIN 17099,2.91,1,1,0,2.91,1.4211320070681356e-05
23602,SET 10 CARDS 3 WISE MEN 17107,2.91,1,1,0,2.91,1.4211320070681356e-05
23628,SET 10 CARDS TRIANGLE ICONS  17220,2.91,1,1,0,2.91,1.4211320070681356e-05
90183c,BLACK DROP EARRINGS W LONG BEADS,2.9,1,1,0,2.9,1.4162483919235715e-05
DCGS0044,HANDZ-OFF CAR FRESHENER,2.57,1,1,0,2.57,1.2550890921529583e-05
20881,MODERN CHRISTMAS TREE CANDLE,2.55,3,2,1,0.85,1.2453218618638301e-05
47569,ENGLISH ROSE DESIGN SHOPPING BAG,2.55,1,1,1,2.55,1.2453218618638301e-05
85171,S/2 HYACINTH BULB CANDLES,2.55,1,1,1,2.55,1.2453218618638301e-05
81953B,ROUND ARTICULATED BLUE CLOCK W/SUCK,2.55,3,3,3,0.85,1.2453218618638301e-05
47554,S/3 COLOURS FLOCK TEA TOWELS,2.55,1,1,1,2.55,1.2453218618638301e-05
35999,S/6 SCANDINAVIAN HEART T-LIGHT,2.55,1,1,1,2.55,1.2453218618638301e-05
21036,SET/2 TEA TOWELS MODERN VINTAGE,2.55,1,1,1,2.55,1.2453218618638301e-05
47556,SET/2 SPOTTY + ROSE TEA TOWELS,2.55,1,1,1,2.55,1.2453218618638301e-05
90091,CRYSTAL DRAGONFLY PHONE CHARM,2.55,3,2,2,0.85,1.2453218618638301e-05
17028J,INCENSE BAZAAR PEACH,2.52,6,1,1,0.42,1.230671016430138e-05
21008,ETCHED GLASS HEART TREE DECORATION,2.51,1,1,0,2.51,1.2257874012855738e-05
DCGS0062,ROAD-RAGE CAR FRESHENER,2.51,1,1,0,2.51,1.2257874012855738e-05
47593a,CAROUSEL DESIGN BABY BIB,2.51,1,1,0,2.51,1.2257874012855738e-05
21290,LARGE SPOTTY CHOCOLATE GIFT BAG,2.5,2,1,0,1.25,1.22090378614101e-05
21225,POCKET MIRROR BUTTERFLY,2.5,2,2,2,1.25,1.22090378614101e-05
90127B,BLUE BEADS+HAND PHONE CHARM,2.5,2,2,2,1.25,1.22090378614101e-05
84596l,BISCUITS SMALL BOWL LIGHT BLUE,2.46,1,1,0,2.46,1.2013693255627536e-05
85049c,ROMANTIC PINKS RIBBONS,2.46,1,1,0,2.46,1.2013693255627536e-05
84510b,SET OF 4 FAIRY CAKES COASTERS,2.15,1,1,0,2.15,1.0499772560812685e-05
81953B,ROUND BLUE CLOCK WITH SUCKER,2.09,11,3,2,0.18999999999999997,1.0206755652138842e-05
17061,ASSORTED SHAPED STENCIL FOR HENNA,2.08,52,1,1,0.04,1.0157919500693203e-05
85192S,HANGING SPRING FLOWER HEART SMALL,1.9500000000000002,3,2,2,0.65,9.523049531899878e-06
84814A,HEXAGONAL CRYSTAL PERFUME BOTTLE,1.95,1,1,1,1.95,9.523049531899876e-06
22659,LUNCHBOX I LOVE LONDON,1.95,1,1,1,1.95,9.523049531899876e-06
46138D,GREEN CHENILLE SHAGGY C/COVER,1.95,1,1,1,1.95,9.523049531899876e-06
22631,CIRCUS PARADE LUNCHBOX,1.95,1,1,1,1.95,9.523049531899876e-06
35945,GOLD CHRISTMAS STOCKING DECORATION,1.95,1,1,1,1.95,9.523049531899876e-06
84201C,HAPPY BIRTHDAY CARD TEDDY/CAKE,1.9,10,3,3,0.19,9.278868774671674e-06
84206C,CHAMPAGNE TRAY BLANK CARD,1.9,10,4,4,0.19,9.278868774671674e-06
30086C,ASSORTED FRUIT STRAWS,1.7,1,1,0,1.7,8.302145745758867e-06
35837,SET OF SIX SILVER+RED FLOCK BAUBLES,1.7,2,1,1,0.85,8.302145745758867e-06
20737,RED MINI TAPE MEASURE,1.7,1,1,0,1.7,8.302145745758867e-06
72754D,F FAIRY POTPOURRI CUSHIONS SUMMER,1.69,1,1,1,1.69,8.253309594313226e-06
10109,BENDY COLOUR PENCILS,1.68,4,1,1,0.42,8.204473442867587e-06
85231e,STRAWBERRY SCENTED SET/9 T-LIGHTS,1.66,1,1,0,1.66,8.106801139976305e-06
72796C,S/3 ROSE GARDEN SCENT SQU CANDLE,1.65,1,1,1,1.65,8.057964988530666e-06
85024A,CRYSTAL SMALL JEWELLED PHOTOFRAME,1.65,1,1,1,1.65,8.057964988530666e-06
21585,SWALLOW SMALL TUBE MATCHES,1.65,1,1,1,1.65,8.057964988530666e-06
23664,FLOWER SHOP DESIGN MUG,1.65,1,1,1,1.65,8.057964988530666e-06
35980B,RED TOP SCANDINAVIAN HEART,1.52,4,2,2,0.38,7.423095019737341e-06
23370,SET 36 COLOURING PENCILS DOILEY,1.25,1,1,1,1.25,6.10451893070505e-06
35950,FOLKART HEART CHRISTMAS DECORATIONS,1.25,1,1,1,1.25,6.10451893070505e-06
35976B,WHITE SCANDINAVIAN HEART CHRISTMAS,1.25,1,1,1,1.25,6.10451893070505e-06
84845A,HOLLYHOCK SQUARE HANDY TIN,1.25,1,1,1,1.25,6.10451893070505e-06
TEST002,This is a test product.,1.0,1,1,1,1.0,4.88361514456404e-06
84206B,CAT WITH SUNGLASSES BLANK CARD,0.95,5,1,1,0.19,4.639434387335837e-06
20721,OWLS CHARLOTTE BAG,0.85,1,1,1,0.85,4.1510728728794334e-06
51014c,"FEATHER PEN,COAL BLACK",0.83,1,1,0,0.83,4.053400569988153e-06
84206B,CAT W SUNGLASSES BLANK CARD,0.76,4,1,1,0.19,3.7115475098686706e-06
23366,SET 12 COLOURING PENCILS DOILEY,0.65,1,1,1,0.65,3.174349843966626e-06
35930,PINK HEART CHRISTMAS DECORATION,0.38,1,1,1,0.38,1.8557737549343353e-06
84205C,HAPPY BIRTHDAY GINGER CAT CARD,0.38,2,1,1,0.19,1.8557737549343353e-06
PADS,PADS TO MATCH ALL CUSHIONS,0.017,17,17,15,0.001,8.302145745758868e-08
