stockcode,description,revenue,sold_quantity,orders,customers,returned_quantity,return_value,return_rate,return_value_rate
10002,INFLATABLE POLITICAL GLOBE,6638.2699999999995,8479,297,164,1223.0,883.5500000000001,14.423870739473996,13.309943705212355
10080,GROOVY CACTUS INFLATABLE,124.60999999999999,303,26,23,0.0,0.0,0.0,0.0
10109,BENDY COLOUR PENCILS,1.68,4,1,1,0.0,0.0,0.0,0.0
10120,DOGGY RUBBER,136.07999999999998,648,62,52,30.0,6.3,4.62962962962963,4.62962962962963
10123C,HEARTS WRAPPING TAPE,226.76000000000002,628,46,39,150.0,12.540000000000001,23.88535031847134,5.5300758511201265
10123G,ARMY CAMO WRAPPING TAPE,157.18,2246,12,12,1104.0,66.24,49.15405164737311,42.14276625524875
10124A,SPOTS ON RED BOOKCOVER TAPE,24.36,58,18,18,0.0,0.0,0.0,0.0
10124G,ARMY CAMO BOOKCOVER TAPE,13.44,32,9,9,0.0,0.0,0.0,0.0
10125,MINI FUNKY DESIGN TAPES,1562.7,1970,120,87,0.0,0.0,0.0,0.0
10133,COLOURING PENCILS BROWN TUBE,1910.79,3307,203,153,20.0,12.7,0.6047777441790142,0.6646465597998733
10134,COLOURING PENCILS BROWN TUBE,702.3,612,48,44,10.0,12.5,1.6339869281045754,1.7798661540652145
10135,COLOURING PENCILS BROWN TUBE,4048.14,3887,249,178,11.0,13.75,0.2829945973758683,0.33966216583418557
10138,ASSORTED COLOUR JUMBO PEN,103.74,247,16,14,194.0,81.9,78.54251012145748,78.94736842105264
11001,ASSTD DESIGN RACING CAR PEN,6608.8099999999995,4273,178,118,811.0,1093.3900000000003,18.979639597472502,16.544430843071602
15030,FAN BLACK FRAME,73.66,254,26,23,0.0,0.0,0.0,0.0
15034,PAPER POCKET TRAVELING FAN,1156.1200000000001,9818,172,123,1448.0,116.06000000000002,14.748421267060502,10.03875030273674
15036,ASSORTED COLOURS SILK FAN,28766.32,40994,634,303,929.0,644.03,2.2661852954090844,2.2388334691403
15039,SANDALWOOD FAN,2848.9,4146,180,127,27.0,22.95,0.6512301013024602,0.8055740812243322
15044A,PINK PAPER PARASOL,12803.78,4894,194,116,3.0,8.05,0.06129955046996322,0.06287205809534371
15044B,BLUE PAPER PARASOL,4376.400000000001,1624,148,97,1.0,2.95,0.06157635467980296,0.0674070011881912
15044C,PURPLE PAPER PARASOL,2428.5,862,160,100,5.0,13.950000000000001,0.580046403712297,0.5744286596664607
15044D,RED PAPER PARASOL,4252.84,1544,188,105,9.0,26.150000000000002,0.582901554404145,0.6148832309703633
15056BL,EDWARDIAN PARASOL BLACK,45885.07,9351,788,321,213.0,1071.3500000000001,2.277831247994867,2.334855324400726
15056N,EDWARDIAN PARASOL NATURAL,54332.61,10948,863,347,155.0,840.55,1.4157837047862623,1.5470451355088592
15056P,EDWARDIAN PARASOL PINK,11872.810000000001,2436,321,186,313.0,1091.0500000000002,12.848932676518885,9.189484208034997
15058A,BLUE POLKADOT GARDEN PARASOL,1104.6,148,51,40,17.0,120.75000000000001,11.486486486486488,10.931558935361219
15058A,BLUE WHITE SPOTS GARDEN PARASOL,1394.45,271,55,41,17.0,120.75000000000001,6.273062730627306,8.659328050485856
15058B,PINK POLKADOT GARDEN PARASOL,913.95,121,44,35,9.0,69.15,7.43801652892562,7.566059412440505
15058B,PINK WHITE SPOTS GARDEN PARASOL,1007.0,180,47,36,9.0,69.15,5.0,6.866931479642504
15058C,ICE CREAM DESIGN GARDEN PARASOL,1963.35,413,71,56,4.0,23.8,0.9685230024213075,1.2122138182188607
15059A,ENGLISH ROSE EDWARDIAN PARASOL,1515.0,505,1,1,0.0,0.0,0.0,0.0
15060B,FAIRY CAKE DESIGN UMBRELLA,4138.17,1137,274,174,10.0,42.22,0.8795074758135445,1.02025774678179
16008,SMALL FOLDING SCISSOR(POINTED EDGE),422.96,3141,85,64,0.0,0.0,0.0,0.0
16010,FOLDING CAMPING SCISSOR W/KNIF & S,3.84,32,4,4,0.0,0.0,0.0,0.0
16011,ANIMAL STICKERS,799.3199999999999,3812,112,83,24.0,5.04,0.6295907660020986,0.6305359555622279
16012,FOOD/DRINK SPONGE STICKERS,444.78,2118,62,53,0.0,0.0,0.0,0.0
16012,FOOD/DRINK SPUNGE STICKERS,158.19,759,20,18,0.0,0.0,0.0,0.0
16014,SMALL CHINESE STYLE SCISSOR,9512.68,29354,92,46,0.0,0.0,0.0,0.0
16015,MEDIUM CHINESE STYLE SCISSOR,711.38,1572,65,40,0.0,0.0,0.0,0.0
16016,LARGE CHINESE STYLE SCISSOR,1864.75,2307,105,57,0.0,0.0,0.0,0.0
16020C,CLEAR STATIONERY BOX SET,69.69999999999999,82,24,22,0.0,0.0,0.0,0.0
16033,MINI HIGHLIGHTER PENS,1530.12,15001,49,43,480.0,57.6,3.1997866808879407,3.764410634460043
16043,POP ART PUSH DOWN RUBBER,179.04000000000002,2142,12,11,984.0,67.68,45.938375350140056,37.801608579088466
16044,POP-ART FLUORESCENT PENS,388.8,6192,2,2,0.0,0.0,0.0,0.0
16045,POPART WOODEN PENCILS ASST,428.0,9300,72,65,0.0,0.0,0.0,0.0
16046,TEATIME PEN CASE & PENS,1043.53,9949,45,44,4632.0,389.03999999999996,46.55744295909137,37.2811514762393
16047,POP ART PEN CASE & PENS,1015.59,10587,23,21,5184.0,414.72,48.965712666477756,40.83537648066641
16048,TEATIME ROUND PENCIL SHARPENER,498.66,3413,69,59,0.0,0.0,0.0,0.0
16049,TEATIME GEL PENS ASST,542.88,3144,25,22,0.0,0.0,0.0,0.0
16050,TEATIME PENCIL WITH RUBBER,30.5,122,4,4,0.0,0.0,0.0,0.0
16051,TEATIME PENCIL W STAMP ASST,82.2,938,3,3,0.0,0.0,0.0,0.0
16052,TEATIME PUSH DOWN RUBBER,249.35,810,21,18,24.0,10.08,2.9629629629629632,4.0425105273711655
16053,POPART COL BALLPOINT PEN ASST,182.58,4298,8,8,2000.0,60.0,46.53327128897162,32.86230693394676
16054,POPART RECT PENCIL SHARPENER ASST,156.9,1205,37,32,108.0,12.96,8.962655601659751,8.260038240917781
16119,FUNKY GIRL ADDRESS BOOK,128.21,271,7,7,0.0,0.0,0.0,0.0
16151A,FLOWER DES BLUE HANDBAG/ORANG HANDL,11.25,3,2,2,0.0,0.0,0.0,0.0
16151A,FLOWERS HANDBAG blue and orange,61.25,49,3,3,0.0,0.0,0.0,0.0
16156L,WRAP CAROUSEL,157.5,375,14,13,0.0,0.0,0.0,0.0
16156L,"WRAP, CAROUSEL",241.5,575,22,20,0.0,0.0,0.0,0.0
16156N,"WRAP, FRIENDSHIP ON GREEN",609.0,1450,55,51,0.0,0.0,0.0,0.0
16156S,WRAP PINK FAIRY CAKES,6527.12,16586,417,271,146.0,61.32,0.8802604606294464,0.9394648788439618
16161C,WRAP SPEED DEMONS,45.0,450,2,2,0.0,0.0,0.0,0.0
16161E,WRAP BOUDOIR,75.0,750,9,8,0.0,0.0,0.0,0.0
16161G,WRAP BAD HAIR DAY,97.5,975,33,31,0.0,0.0,0.0,0.0
16161M,WRAP  PINK FLOCK,439.0,1050,39,36,25.0,10.5,2.380952380952381,2.3917995444191344
16161P,WRAP ENGLISH ROSE,5435.4,13198,440,289,25.0,10.5,0.18942263979390817,0.1931780549729551
16161U,WRAP SUKI AND FRIENDS,2721.92,6676,208,148,75.0,31.5,1.1234272019173157,1.1572713378791442
16161U,"WRAP,SUKI AND FRIENDS",1352.5,3325,109,86,75.0,31.5,2.2556390977443606,2.32902033271719
16162L,THE KING GIFT BAG,553.79,8083,17,16,3744.0,187.2,46.31943585302486,33.803427291933765
16162M,THE KING GIFT BAG 25x24x12cm,36.12,86,12,10,0.0,0.0,0.0,0.0
16168M,FUNKY MONKEY GIFT BAG MEDIUM,425.16,1578,53,42,0.0,0.0,0.0,0.0
16168S,FUNKY MONKEY GIFT BAG SMALL,121.86,1274,7,4,0.0,0.0,0.0,0.0
16169A,WRAP CHRISTMAS DECOUPAGE,10.5,25,1,1,0.0,0.0,0.0,0.0
16169C,WRAP BLUE REINDEER,567.0,1350,43,42,0.0,0.0,0.0,0.0
16169D,WRAP WINTER FOREST,105.0,250,9,9,0.0,0.0,0.0,0.0
16169E,WRAP 50'S  CHRISTMAS,1892.46,4563,149,143,125.0,52.5,2.739425816348893,2.7741669572936813
16169F,WRAP BLIZZARD,409.5,975,34,34,0.0,0.0,0.0,0.0
16169G,WRAP ROMANTIC DECOUPAGE,10.5,25,1,1,0.0,0.0,0.0,0.0
16169K,WRAP FOLK ART,648.25,2050,59,56,0.0,0.0,0.0,0.0
16169M,WRAP DAISY CARPET,640.95,2060,59,56,0.0,0.0,0.0,0.0
16169N,WRAP BLUE RUSSIAN FOLKART,626.25,2025,56,52,0.0,0.0,0.0,0.0
16169P,WRAP GREEN RUSSIAN FOLKART,533.75,1750,48,46,25.0,10.5,1.4285714285714286,1.9672131147540985
16201A,PASTEL PINK PHOTO ALBUM,199.8,100,8,7,2.0,3.9,2.0,1.9519519519519517
16201B,PASTEL BLUE PHOTO ALBUM,46.8,24,2,2,0.0,0.0,0.0,0.0
16202A,PASTEL PINK PHOTO ALBUM,266.45,660,19,16,324.0,97.80000000000001,49.09090909090909,36.704822668418096
16202B,PASTEL BLUE PHOTO ALBUM,469.21,1034,18,13,472.0,144.48000000000002,45.64796905222437,30.792182604803823
16202C,BEIGE PHOTO ALBUM,201.29999999999998,94,10,10,0.0,0.0,0.0,0.0
16202E,BLACK PHOTO ALBUM,150.6,81,13,12,1.0,5.55,1.2345679012345678,3.6852589641434266
16206B,RED PURSE WITH PINK HEART,116.4,96,16,14,0.0,0.0,0.0,0.0
16207A,PINK STRAWBERRY HANDBAG,162.25000000000003,55,19,17,0.0,0.0,0.0,0.0
16207B,PINK HEART RED HANDBAG,315.96000000000004,211,13,12,0.0,0.0,0.0,0.0
16212,FUNKY GIRLZ ASST MAGNETIC MEMO PAD,232.04999999999998,357,30,29,0.0,0.0,0.0,0.0
16215,FUNKY GIRLZ MAGNETIC TO DO LIST,5.2,8,3,3,0.0,0.0,0.0,0.0
16216,LETTER SHAPE PENCIL SHARPENER,358.18,4135,78,69,110.0,17.6,2.6602176541717046,4.913730526550896
16218,CARTOON  PENCIL SHARPENERS,375.6,4525,70,60,0.0,0.0,0.0,0.0
16219,HOUSE SHAPE PENCIL SHARPENER,371.01,3206,66,58,48.0,2.88,1.4971927635683093,0.7762594000161721
16225,RATTLE SNAKE EGGS,1078.64,1420,112,90,0.0,0.0,0.0,0.0
16235,RECYCLED PENCIL WITH RABBIT ERASER,1031.58,5088,160,124,133.0,27.93,2.613993710691824,2.7074972372477175
16236,KITTY PENCIL ERASERS,503.65,2425,143,108,28.0,5.88,1.1546391752577319,1.1674774148714384
16237,SLEEPING CAT ERASERS,1959.3,9730,340,209,91.0,19.11,0.935251798561151,0.9753483386923901
16238,PARTY TIME PENCIL ERASERS,469.42,2232,135,104,0.0,0.0,0.0,0.0
16239,BALLERINA HEART DECORATION.,468.4,338,13,13,0.0,0.0,0.0,0.0
16243B,BROWN COZY SQUARE PHOTO ALBUM,399.75,205,1,1,0.0,0.0,0.0,0.0
16244A,MAXWELL 2 TONE PINK 60 PAGE PHOTO A,293.0,142,6,6,0.0,0.0,0.0,0.0
16244B,MAXWELL 2 TONE BLUE 60 PAGE PHOTO A,612.85,309,8,8,0.0,0.0,0.0,0.0
16245A,PINK MINI STATIONERY SET W CASE,13.75,11,7,7,0.0,0.0,0.0,0.0
16248B,BLUE HOLE PUNCH,101.25,81,12,12,0.0,0.0,0.0,0.0
16254,TRANSPARENT ACRYLIC TAPE DISPENSER,258.36,912,19,17,0.0,0.0,0.0,0.0
16256B,FLOWER PENCIL/RUBBER+5 MINI PENCILS,207.06,493,20,17,0.0,0.0,0.0,0.0
16256C,HEARTS PENCIL/RUBBER+5 MINI PENCILS,70.98,169,10,8,14.0,5.88,8.284023668639055,8.284023668639053
16258A,SWIRLY CIRCULAR RUBBERS IN BAG,347.19,1026,74,58,1.0,0.42,0.09746588693957114,0.12097122612978484
16258B,DAISY ERASERS IN BAG,219.34,1014,13,13,0.0,0.0,0.0,0.0
16259,PIECE OF CAMO STATIONERY SET,766.09,5473,55,46,134.0,14.100000000000001,2.4483829709482916,1.8405148220183007
17001,HEAVENS SCENT FRAGRANCE OILS ASSTD,299.34999999999997,1211,23,20,6.0,1.7399999999999998,0.495458298926507,0.581259395356606
17003,BROCADE RING PURSE,14640.96,70082,387,215,740.0,215.78,1.0559059387574554,1.4738104605162503
17007B,S/3 POT POURI CUSHIONS BLUE COLOURS,71.4,34,6,6,0.0,0.0,0.0,0.0
17011A,ORIGAMI VANILLA INCENSE+FLOWER,150.0,254,6,6,0.0,0.0,0.0,0.0
17011B,ORIGAMI JASMINE INCENSE+FLOWER,11.100000000000001,19,2,2,0.0,0.0,0.0,0.0
17011C,ORIGAMI LAVENDER INCENSE+FLOWER,217.1,334,1,1,0.0,0.0,0.0,0.0
17011D,ORIGAMI ROSE INCENSE+FLOWER,129.3,207,2,2,0.0,0.0,0.0,0.0
17011E,ORIGAMI OPIUM SCENT INCENSE+FLOWER,80.60000000000001,124,1,1,0.0,0.0,0.0,0.0
17011F,ORIGAMI SANDLEWOOD INCENSE+FLOWER,315.15,380,15,15,0.0,0.0,0.0,0.0
17012A,ORIGAMI VANILLA INCENSE/CANDLE SET,586.6,644,34,30,0.0,0.0,0.0,0.0
17012B,ORIGAMI JASMINE INCENSE/CANDLE SET,590.8499999999999,617,48,43,0.0,0.0,0.0,0.0
17012C,ORIGAMI LAVENDER INCENSE/CANDL SET,747.25,777,56,47,0.0,0.0,0.0,0.0
17012D,ORIGAMI ROSE INCENSE/CANDLE SET,426.7,426,51,41,0.0,0.0,0.0,0.0
17012E,ORIGAMI OPIUM INCENSE/CANDLE SET,236.39999999999998,240,12,12,0.0,0.0,0.0,0.0
17012F,ORIGAMI SANDLEWOOD INCENSE/CAND SET,451.45,493,47,38,0.0,0.0,0.0,0.0
17013B,ORIGAMI JASMINE INCENSE IN TUBE,217.6,255,2,2,0.0,0.0,0.0,0.0
17013C,ORIGAMI LAVENDER INCENSE IN TUBE,89.46000000000001,213,2,2,96.0,40.32,45.07042253521127,45.070422535211264
17013D,ORIGAMI ROSE INCENSE IN TUBE,515.46,1048,21,17,1.0,1.57,0.09541984732824427,0.30458231482559267
17013F,ORIGAMI SANDLEWOOD INCENSE IN TUBE,25.05,61,4,4,0.0,0.0,0.0,0.0
17014A,ORIGAMI VANILLA INCENSE CONES,111.81,247,9,9,0.0,0.0,0.0,0.0
17014C,ORIGAMI LAVENDER INCENSE CONES,40.32,96,1,1,0.0,0.0,0.0,0.0
17014D,ORIGAMI ROSE INCENSE CONES,194.28,476,5,5,0.0,0.0,0.0,0.0
17014E,ORIGAMI OPIUM INCENSE CONES,33.3,93,4,4,0.0,0.0,0.0,0.0
17014F,ORIGAMI SANDLEWOOD INCENSE CONES,23.699999999999996,61,4,4,0.0,0.0,0.0,0.0
17021,NAMASTE SWAGAT INCENSE,982.44,3714,75,45,78.0,23.400000000000002,2.10016155088853,2.381824844265299
17027A,INCENSE BAZAAR CANNABIS,84.84,228,2,1,0.0,0.0,0.0,0.0
17028J,INCENSE BAZAAR PEACH,2.52,6,1,1,0.0,0.0,0.0,0.0
17033,"BROCADE PURSE,SMALL ARCH BUTTON",867.55,3279,68,58,36.0,10.44,1.0978956999085088,1.2033888536683766
17038,PORCELAIN BUDAH INCENSE HOLDER,225.4,2524,30,21,0.0,0.0,0.0,0.0
17039,INLAID WOOD INCENSE HOLDER,813.0899999999999,3641,30,20,0.0,0.0,0.0,0.0
17061,ASSORTED SHAPED STENCIL FOR HENNA,2.08,52,1,1,0.0,0.0,0.0,0.0
17084A,TRANQUILITY MASALA INCENSE,92.82,442,18,14,0.0,0.0,0.0,0.0
17084G,MOON INCENSE,10.5,50,2,2,0.0,0.0,0.0,0.0
17084J,LOVE POTION MASALA INCENSE,95.34,454,19,17,0.0,0.0,0.0,0.0
17084N,FAIRY DREAMS INCENSE,485.86,2391,67,42,0.0,0.0,0.0,0.0
17084P,DRAGONS BLOOD INCENSE,173.54,874,26,23,0.0,0.0,0.0,0.0
17084R,ASSORTED INCENSE PACK,1968.45,10625,66,29,0.0,0.0,0.0,0.0
17090A,LAVENDER INCENSE 40 CONES IN TIN,182.65,173,26,24,0.0,0.0,0.0,0.0
17090D,VANILLA INCENSE 40 CONES IN TIN,105.2,88,28,21,0.0,0.0,0.0,0.0
17091A,LAVENDER INCENSE IN TIN,1255.65,2073,110,78,0.0,0.0,0.0,0.0
17091B,JASMINE TEA INCENSE IN TIN,286.8,264,43,35,0.0,0.0,0.0,0.0
17091F,SANDALWOOD INCENSE IN TIN,20.0,16,6,6,0.0,0.0,0.0,0.0
17091J,VANILLA INCENSE IN TIN,2122.19,3931,161,108,0.0,0.0,0.0,0.0
17096,ASSORTED LAQUERED INCENSE HOLDERS,1081.65,6157,35,25,0.0,0.0,0.0,0.0
17107D,FLOWER FAIRY 5 DRAWER LINERS,150.45,59,20,18,2.0,5.1,3.389830508474576,3.389830508474576
17107D,FLOWER FAIRY 5 SUMMER DRAW LINERS,15.3,6,1,1,2.0,5.1,33.33333333333333,33.33333333333333
17107D,"FLOWER FAIRY,5 SUMMER B'DRAW LINERS",614.55,241,61,52,2.0,5.1,0.8298755186721992,0.8298755186721992
17108D,FLOWER FAIRY SUMMER BOUQUET SACHET,149.1,355,23,17,0.0,0.0,0.0,0.0
17109A,FLOWER FAIRY INCENSE LILY,333.61,709,13,12,0.0,0.0,0.0,0.0
17109B,FLOWER FAIRY INCENSE LAVENDER,892.91,4541,16,13,0.0,0.0,0.0,0.0
17109C,FLOWER FAIRY INCENSE ROSE,661.23,3124,15,13,1.0,1.69,0.03201024327784891,0.255584289884004
17109D,FLOWER FAIRY INCENSE BOUQUET,584.87,1253,36,33,1.0,1.69,0.07980845969672785,0.288953100689042
17129C,SKY BLUE COLOUR GLASS GEMS IN BAG,56.28,84,10,7,0.0,0.0,0.0,0.0
17129D,CLEAR COLOUR GLASS GEMS IN BAG,344.53999999999996,518,19,12,0.0,0.0,0.0,0.0
17129F,BLUE GLASS GEMS IN BAG,418.38,624,25,14,8.0,11.66,1.282051282051282,2.7869401022993454
17129F,DEEP BLUE GLASS GEMS IN BAG,208.12,316,16,8,8.0,11.66,2.5316455696202533,5.602536997885835
17136A,BLUE STONES ON WIRE FOR CANDLE,61.78,743,34,28,0.0,0.0,0.0,0.0
17164B,ASS COL SMALL SAND GECKO P'WEIGHT,633.24,1584,80,64,2.0,0.84,0.12626262626262627,0.13265112753458402
17164D,ASS COL SMALL SAND FROG P'WEIGHT,444.48,1144,27,26,0.0,0.0,0.0,0.0
17165B,ASS COL LARGE SAND GECKO P'WEIGHT,750.63,809,56,43,4.0,4.2,0.4944375772558714,0.5595299948043644
17165D,ASS COL LARGE SAND FROG P'WEIGHT,682.32,716,89,62,6.0,6.300000000000001,0.8379888268156425,0.9233204361589871
17174,ASSTD RASTA KEY-CHAINS,15.120000000000001,36,7,7,0.0,0.0,0.0,0.0
17178,FLAT PALM T-LIGHT HOLDER,156.65,133,24,20,0.0,0.0,0.0,0.0
17181,CIRCLE OF FRIENDS CANDLE HOLDER,341.7,294,28,26,0.0,0.0,0.0,0.0
17191A,ROSE FLOWER CANDLE+INCENSE 16X16CM,123.75,33,12,9,0.0,0.0,0.0,0.0
18007,ESSENTIAL BALM 3.5g TIN IN ENVELOPE,1017.18,11335,51,40,2400.0,120.0,21.1733568592854,11.797322007904206
18010,ASSORTED FRAGRANCE BATH CONFETTI,23.52,56,6,6,0.0,0.0,0.0,0.0
18094C,WHITE AND BLUE CERAMIC OIL BURNER,351.6,312,39,21,1.0,1.25,0.3205128205128205,0.35551763367463024
18094C,WHITE/BLUE RECT CERAMIC OIL BURNER,25.0,20,4,3,1.0,1.25,5.0,5.0
18096C,WHITE ROUND PORCELAIN TLIGHT HOLDER,241.5,106,13,12,12.0,30.6,11.320754716981133,12.670807453416149
18097A,PINK TALL PORCELAIN T-LIGHT HOLDER,43.349999999999994,17,12,10,0.0,0.0,0.0,0.0
18097B,BLUE TALL PORCELAIN T-LIGHT HOLDER,17.849999999999998,7,3,3,0.0,0.0,0.0,0.0
18097C,WHITE TALL PORCELAIN T-LIGHT HOLDER,3293.7,1534,159,110,292.0,571.8000000000001,19.035202086049544,17.36041533837326
18098A,PINK PORCELAIN B'FLY OIL BURNER,5.9,2,2,2,0.0,0.0,0.0,0.0
18098B,BLUE PORCELAIN B'FLY OIL BURNER,8.850000000000001,3,3,3,0.0,0.0,0.0,0.0
18098C,PORCELAIN BUTTERFLY OIL BURNER,2832.8500000000004,1123,177,104,24.0,70.80000000000001,2.13713268032057,2.4992498720369944
20615,BLUE POLKADOT PASSPORT COVER,243.84,236,40,32,0.0,0.0,0.0,0.0
20615,BLUE SPOTTY PASSPORT COVER,341.2,222,38,32,0.0,0.0,0.0,0.0
20616,CHERRY BLOSSOM PASSPORT COVER,236.18,188,44,31,0.0,0.0,0.0,0.0
20617,FIRST CLASS PASSPORT COVER,863.88,452,74,59,0.0,0.0,0.0,0.0
20618,QUEEN OF THE SKIES PASSPORT COVER,400.38,193,74,50,0.0,0.0,0.0,0.0
20619,TROPICAL PASSPORT COVER,566.33,373,68,46,0.0,0.0,0.0,0.0
20620,RED SPOTTY PASSPORT COVER,2.1,1,1,1,0.0,0.0,0.0,0.0
20621,ECONOMY PASSPORT COVER,417.90000000000003,199,29,23,0.0,0.0,0.0,0.0
20622,VIP PASSPORT COVER,73.5,35,11,8,0.0,0.0,0.0,0.0
20622,VIPPASSPORT COVER,840.6800000000001,488,71,54,0.0,0.0,0.0,0.0
20652,BLUE POLKADOT LUGGAGE TAG,206.01,159,45,34,0.0,0.0,0.0,0.0
20652,BLUE SPOTTY LUGGAGE TAG,486.0,1056,44,40,0.0,0.0,0.0,0.0
20653,CHERRY BLOSSOM LUGGAGE TAG,428.89,1927,31,26,0.0,0.0,0.0,0.0
20654,FIRST CLASS LUGGAGE TAG,414.63,339,84,65,0.0,0.0,0.0,0.0
20655,QUEEN OF SKIES LUGGAGE TAG,321.02,264,91,55,0.0,0.0,0.0,0.0
20657,TROPICAL LUGGAGE TAG,534.14,1692,71,54,0.0,0.0,0.0,0.0
20658,RED RETROSPOT LUGGAGE TAG,571.25,457,98,72,36.0,45.0,7.87746170678337,7.87746170678337
20658,RED SPOTTY LUGGAGE TAG,1090.44,876,125,96,36.0,45.0,4.10958904109589,4.126774513040607
20659,ECONOMY LUGGAGE TAG,380.81,287,89,55,0.0,0.0,0.0,0.0
20660,VIP LUGGAGE TAG,88.75,71,26,22,0.0,0.0,0.0,0.0
20661,BLUE POLKADOT PURSE,218.82000000000002,354,12,9,354.0,210.3,100.0,96.10638881272277
20661,BLUE SPOTTY PURSE,443.3500000000001,433,30,29,354.0,210.3,81.75519630484989,47.43430698094056
20662,FIRST CLASS HOLIDAY PURSE,394.27000000000004,697,25,23,300.0,51.00000000000001,43.0416068866571,12.9352981459406
20663,QUEEN OF THE SKIES HOLIDAY PURSE,277.19,1037,15,13,503.0,93.85,48.5053037608486,33.85764277210577
20664,TROPICAL HOLIDAY PURSE,91.45000000000002,31,16,11,0.0,0.0,0.0,0.0
20665,RED RETROSPOT PURSE,1368.0500000000002,467,99,78,32.0,94.40000000000002,6.852248394004283,6.900332590183107
20665,RED SPOTTY PURSE,2051.9,698,123,100,32.0,94.40000000000002,4.584527220630372,4.600614065012915
20666,ECONOMY HOLIDAY PURSE,340.65000000000003,871,22,22,400.0,68.0,45.924225028702644,19.961837663290765
20667,CHERRY BLOSSOM PURSE,61.95,21,9,6,0.0,0.0,0.0,0.0
20668,DISCO BALL CHRISTMAS DECORATION,2292.04,20550,309,181,3.0,0.36,0.014598540145985403,0.0157065321722134
20669,RED HEART LUGGAGE TAG,781.47,627,132,103,0.0,0.0,0.0,0.0
20670,VIP HOLIDAY PURSE,296.48,664,22,20,312.0,86.4,46.98795180722892,29.14193200215866
20671,BLUE TEATIME PRINT BOWL,900.07,731,106,70,0.0,0.0,0.0,0.0
20672,PINK TEATIME PRINT BOWL,145.0,116,22,21,0.0,0.0,0.0,0.0
20673,STRAWBERRIES PRINT BOWL,6.25,5,2,2,0.0,0.0,0.0,0.0
20674,GREEN POLKADOT BOWL,1931.56,1599,184,118,15.0,18.560000000000002,0.9380863039399625,0.9608813601441323
20674,GREEN SPOTTY BOWL,1816.53,1497,176,119,15.0,18.560000000000002,1.002004008016032,1.0217282401061365
20675,BLUE POLKADOT BOWL,3649.9700000000003,3116,275,180,40.0,49.81,1.2836970474967908,1.3646687507020605
20675,BLUE SPOTTY BOWL,3197.16,2700,258,157,40.0,49.81,1.4814814814814816,1.5579451763440055
20676,RED RETROSPOT BOWL,5827.1900000000005,5020,375,227,137.0,156.81,2.7290836653386457,2.6910054417309195
20676,RED SPOTTY BOWL,5145.87,4383,345,212,137.0,156.81,3.125712981975816,3.0472981245153883
20677,PINK POLKADOT BOWL,4147.58,3563,279,163,14.0,17.310000000000002,0.3929273084479371,0.4173518051490267
20677,PINK SPOTTY BOWL,3882.65,3325,266,161,14.0,17.310000000000002,0.42105263157894735,0.44582952365008444
20678,LARGE BLACK DIAMANTE HAIRSLIDE,6.6,4,1,1,0.0,0.0,0.0,0.0
20679,EDWARDIAN PARASOL RED,28557.920000000002,6029,622,271,18.0,107.10000000000002,0.2985569746226571,0.3750273129135456
20680,PINK FLOWERS CHILDS UMBRELLA,19.5,6,4,4,0.0,0.0,0.0,0.0
20681,PINK POLKADOT CHILDRENS UMBRELLA,1144.5,354,99,82,31.0,99.75,8.757062146892656,8.715596330275229
20681,PINK SPOTTY CHILDS UMBRELLA,2991.25,949,175,127,31.0,99.75,3.2665964172813484,3.3347262849979105
20682,RED RETROSPOT CHILDRENS UMBRELLA,4670.16,1462,265,190,57.0,178.75,3.8987688098495212,3.8274919917090635
20682,RED SPOTTY CHILDS UMBRELLA,4464.5,1430,213,153,57.0,178.75,3.986013986013986,4.003807817224773
20683,RAIN GIRL CHILDS UMBRELLA,3.25,1,1,1,0.0,0.0,0.0,0.0
20684,STRAWBERRY DREAM CHILDS UMBRELLA,1781.0,560,157,117,12.0,36.5,2.142857142857143,2.0494104435710274
20685,DOOR MAT RED SPOT,15093.48,2426,369,245,91.0,632.53,3.751030502885408,4.190749913207557
20685,DOORMAT RED RETROSPOT,31864.2,4806,758,416,91.0,632.53,1.893466500208073,1.9850804350964404
20685,DOORMAT RED SPOT,7050.21,1035,187,159,91.0,632.53,8.792270531400966,8.97178949279525
20685,RED SPOTTY COIR DOORMAT,6538.75,1097,164,132,91.0,632.53,8.295350957155879,9.6735614605238
20686,DOLLY MIXTURE CHILDREN'S UMBRELLA,1817.63,561,160,117,8.0,25.0,1.4260249554367201,1.375417439192795
20688,BEAUTY SPEED EXPRESSO CUPS,306.9,462,9,9,0.0,0.0,0.0,0.0
20689,RETRO SISTERS EXPRESSO CUPS,436.00000000000006,400,27,25,12.0,23.4,3.0,5.366972477064219
20692,FLORAL ELEPHANT SOFT TOY,3434.25,879,116,75,2.0,8.5,0.22753128555176336,0.24750673363907694
20693,FLORAL DINOSAUR GREEN,110.5,26,12,10,1.0,4.25,3.8461538461538463,3.8461538461538463
20694,FLORAL PINK MONSTER,408.48,112,25,23,4.0,15.0,3.571428571428571,3.672150411280846
20695,FLORAL BLUE MONSTER,332.0,82,26,24,4.0,17.0,4.878048780487805,5.120481927710843
20696,FLORAL SOFT CAR TOY,461.25,123,34,28,0.0,0.0,0.0,0.0
20697,LITTLE GREEN MONSTER SOFT TOY,91.49999999999999,38,19,17,0.0,0.0,0.0,0.0
20698,LITTLE PINK MONSTER SOFT TOY,104.25,43,18,17,0.0,0.0,0.0,0.0
20699,MOUSEY LONG LEGS SOFT TOY,519.6,208,45,42,0.0,0.0,0.0,0.0
20700,GREEN CAT FLORAL CUSHION COVER,420.0,288,12,11,2.0,7.5,0.6944444444444444,1.7857142857142856
20701,PINK CAT FLORAL CUSHION COVER,397.5,282,13,12,0.0,0.0,0.0,0.0
20702,PINK PADDED MOBILE,3178.0,758,237,151,11.0,46.75,1.4511873350923483,1.4710509754562617
20703,BLUE PADDED SOFT MOBILE,1938.25,459,165,122,29.0,123.25,6.318082788671024,6.358828840448859
20704,MR ROBOT SOFT TOY,1200.95,345,64,60,4.0,27.8,1.1594202898550725,2.314834089679004
20705,MRS ROBOT SOFT TOY,972.5500000000001,269,49,47,1.0,1.95,0.37174721189591076,0.200503830137268
20707,CRAZY DAISY HEART DECORATION,914.12,1279,63,48,7.0,8.75,0.547302580140735,0.9572047433597339
20711,JUMBO BAG TOYS,20283.78,11326,671,326,38.0,70.30999999999999,0.33551121313791277,0.3466316436088342
20712,JUMBO BAG WOODLAND ANIMALS,29105.5,15709,915,387,251.0,447.61,1.5978101725125724,1.5378880280359382
20713,JUMBO BAG OWLS,35162.42,19463,920,371,252.0,448.97999999999996,1.2947644248060421,1.2768745723417216
20714,POSY SHOPPER BAG,586.25,1513,12,10,0.0,0.0,0.0,0.0
20715,LITTLE FLOWER SHOPPER BAG,424.0,400,1,1,400.0,424.0,100.0,100.0
20716,PARTY FOOD SHOPPER BAG,1705.8,1392,169,121,11.0,13.75,0.7902298850574714,0.8060733966467347
20717,STRAWBERRY SHOPPER BAG,6353.53,5335,500,283,125.0,137.25,2.343017806935333,2.160216446605273
20718,RED RETROSPOT SHOPPER BAG,6647.31,5596,469,280,58.0,71.74000000000001,1.0364546104360257,1.0792335546258562
20718,RED SPOTTY SHOPPER BAG,7711.95,6659,397,237,58.0,71.74000000000001,0.8710016518996846,0.930244620361906
20719,WOODLAND CHARLOTTE BAG,15030.64,19027,1062,365,135.0,106.82,0.7095180532926894,0.7106816476211258
20721,OWLS CHARLOTTE BAG,0.85,1,1,1,0.0,0.0,0.0,0.0
20723,STRAWBERRY CHARLOTTE BAG,11654.8,14542,988,356,187.0,157.78,1.2859304084720122,1.3537769845900403
20724,RED RETROSPOT CHARLOTTE BAG,12034.8,15168,908,390,321.0,252.82999999999998,2.1162974683544302,2.1008242762654965
20724,RED SPOTTY CHARLOTTE BAG,8468.4,10648,587,282,321.0,252.82999999999998,3.0146506386175806,2.985569883330972
20725,LUNCH BAG RED RETROSPOT,32137.5,20294,1520,605,931.0,1383.75,4.587562826451168,4.305717619603267
20725,LUNCH BAG RED SPOTTY,27237.6,17456,1059,499,931.0,1383.75,5.3334097158570115,5.080293417922284
20726,LUNCH BAG WOODLAND,33004.76,20916,1585,585,1015.0,1497.9500000000003,4.852744310575636,4.538587767340227
20727,LUNCH BAG  BLACK SKULL.,39904.0,25392,1997,705,1211.0,1778.9500000000003,4.7692186515437935,4.458074378508421
20728,LUNCH BAG CARS BLUE,36644.28,23304,1797,702,1140.0,1678.0000000000002,4.891864057672503,4.579159421333972
20729,RED SPOTTY CANDY BAG,1154.9,4626,67,39,22.0,27.5,0.4755728491137051,2.3811585418650965
20730,STRAWBERRY CANDY BAG,524.25,1659,41,34,11.0,13.75,0.6630500301386377,2.6227944682880304
20731,POSY CANDY BAG,1179.0,4100,46,40,55.0,58.3,1.3414634146341464,4.944868532654792
20733,GOLD MINI TAPE MEASURE,1123.7,1546,101,67,300.0,216.0,19.404915912031047,19.222212334252912
20734,SILVER MINI TAPE MEASURE,1079.85,1379,68,50,1.0,0.85,0.0725163161711385,0.0787146362920776
20735,BLACK MINI TAPE MEASURE,588.0,824,63,30,0.0,0.0,0.0,0.0
20736,PINK MINI TAPE MEASURE,230.1,286,18,18,0.0,0.0,0.0,0.0
20738,GREEN MINI TAPE MEASURE,1270.55,1585,65,46,0.0,0.0,0.0,0.0
20747,PICCADILLY TEA SET,4212.55,309,70,48,4.0,55.4,1.2944983818770228,1.3151179214490034
20748,KENSINGTON COFFEE SET,3371.25,359,114,86,0.0,0.0,0.0,0.0
20749,ASSORTED COLOUR MINI CASES,21169.64,2972,726,426,13.0,101.75000000000001,0.4374158815612382,0.4806411445825248
20750,RED RETROSPOT MINI CASES,14548.55,2021,479,307,20.0,144.6,0.9896091044037605,0.9939134827869444
20750,RED/WHITE DOT MINI CASES,11387.93,1587,388,246,20.0,144.6,1.260239445494644,1.2697654446418267
20751,FUNKY WASHING UP GLOVES ASSORTED,5652.120000000001,2736,408,264,3.0,6.300000000000001,0.10964912280701754,0.1114626016432772
20752,BLUE POLKADOT WASHING UP GLOVES,989.1,471,156,117,3.0,6.300000000000001,0.6369426751592357,0.6369426751592357
20752,RETRO BLUE SPOTTY WASHING UP GLOVES,1326.6000000000001,846,114,93,3.0,6.300000000000001,0.3546099290780142,0.47489823609226595
20753,RETRO PINK SPOT WASHING UP GLOVES,391.1,187,38,30,2.0,4.2,1.06951871657754,1.0738941447200203
20754,RETRO RED SPOTTY WASHING UP GLOVES,5747.46,3011,338,212,33.0,66.29999999999998,1.0959814015277316,1.1535530477811065
20754,RETROSPOT RED WASHING UP GLOVES,3581.76,1804,341,208,33.0,66.29999999999998,1.8292682926829267,1.8510452961672468
20755,BLUE PAISLEY POCKET BOOK,1031.0,5084,86,74,0.0,0.0,0.0,0.0
20756,GREEN FERN POCKET BOOK,816.7499999999999,5679,44,40,0.0,0.0,0.0,0.0
20757,RED DAISY POCKET BOOK,856.23,5301,55,49,0.0,0.0,0.0,0.0
20758,ABSTRACT CIRCLES POCKET BOOK,920.9,5378,74,61,1.0,0.85,0.01859427296392711,0.09230100988163753
20759,CHRYSANTHEMUM POCKET BOOK,863.5,5734,44,35,0.0,0.0,0.0,0.0
20760,GARDEN PATH POCKET BOOK,1270.2,5484,59,47,0.0,0.0,0.0,0.0
20761,BLUE PAISLEY SKETCHBOOK,1207.37,413,116,93,4.0,15.0,0.9685230024213075,1.2423697789410042
20762,GREEN FERN SKETCHBOOK,1171.71,416,111,88,4.0,15.0,0.9615384615384616,1.2801802493791126
20763,DAISY SKETCHBOOK,606.86,245,59,54,4.0,15.0,1.6326530612244898,2.471739775236463
20764,ABSTRACT CIRCLES SKETCHBOOK,1721.88,597,144,107,4.0,15.0,0.6700167504187605,0.8711408460519897
20765,CHRYSANTHEMUM SKETCHBOOK,1104.79,405,120,96,5.0,18.75,1.2345679012345678,1.6971551154518052
20766,GARDEN PATH SKETCHBOOK,1345.98,475,123,100,4.0,15.0,0.8421052631578947,1.1144296349128515
20767,BLUE PAISLEY JOURNAL,1546.52,750,148,112,7.0,17.85,0.9333333333333335,1.1542042779918786
20768,GREEN FERN JOURNAL,1357.81,702,117,98,0.0,0.0,0.0,0.0
20769,DAISY JOURNAL,708.47,403,61,48,0.0,0.0,0.0,0.0
20770,ABSTRACT CIRCLE JOURNAL,1831.2,902,113,94,10.0,20.1,1.1086474501108647,1.0976408912188729
20771,CHRYSANTHEMUM  JOURNAL,1051.96,551,112,91,6.0,15.3,1.0889292196007259,1.4544279250161603
20772,GARDEN PATH JOURNAL,1721.56,926,130,105,151.0,320.25000000000006,16.30669546436285,18.602314180162182
20773,BLUE PAISLEY NOTEBOOK,889.9499999999999,3303,95,78,1.0,1.65,0.030275507114744173,0.18540367436372832
20774,GREEN FERN NOTEBOOK,841.35,3419,76,68,1.0,1.65,0.029248318221702253,0.1961133891959351
20775,DAISY NOTEBOOK,749.85,3509,53,43,0.0,0.0,0.0,0.0
20776,ABSTRACT CIRCLES NOTEBOOK,698.55,3187,53,50,0.0,0.0,0.0,0.0
20777,CHRYSANTHEMUM NOTEBOOK,1016.25,3525,94,78,3.0,4.949999999999999,0.0851063829787234,0.4870848708487084
20778,GARDEN PATH NOTEBOOK,891.75,3595,80,66,3.0,4.949999999999999,0.08344923504867872,0.5550883095037846
20780,BLACK EAR MUFF HEADPHONES,857.6,174,58,35,1.0,5.49,0.5747126436781609,0.6401585820895522
20781,GOLD EAR MUFF HEADPHONES,373.17,77,41,34,6.0,32.94,7.792207792207792,8.827076131521826
20782,CAMOUFLAGE EAR MUFF HEADPHONES,556.25,101,51,39,7.0,38.43,6.9306930693069315,6.90876404494382
20783,HEART EAR MUFF HEADPHONES,658.26,130,34,20,4.0,21.119999999999997,3.076923076923077,3.2084586637498855
20784,RED RETRO BAR STOOL,970.7,26,8,6,1.0,39.95,3.8461538461538463,4.115586690017514
20785,FUSCHIA RETRO BAR STOOL,1657.8,44,17,14,1.0,39.95,2.272727272727273,2.4098202436964655
20786,BLACK RETRO BAR STOOL,830.9,22,9,9,2.0,79.9,9.090909090909092,9.616078950535565
20787,BLUE RETRO BAR STOOL,435.45000000000005,11,8,7,0.0,0.0,0.0,0.0
20791,BLUE TILED SET OF 3 DRAWERS,63.75,5,1,1,5.0,63.75,100.0,100.0
20793,BLUE TILED TRAY,402.75,273,15,13,5.0,33.75,1.8315018315018317,8.379888268156424
20794,BLUE  TILE HOOK,480.9,190,30,27,18.0,45.9,9.473684210526317,9.544603867747972
20795,LARGE BLUE PROVENCAL CERAMIC BALL,228.84,116,17,15,7.0,14.7,6.0344827586206895,6.42370214997378
20796,SMALL BLUE PROVENCAL CERAMIC BALL,145.2,88,13,11,0.0,0.0,0.0,0.0
20798,CLEAR MILKSHAKE GLASS,869.7,445,41,35,76.0,140.25,17.078651685393258,16.126250431183166
20799,PINK MILKSHAKE GLASS,215.5,167,13,11,8.0,29.46,4.790419161676647,13.670533642691415
20800,LARGE GLASS SUNDAE DISH CLEAR,258.2,996,2,2,0.0,0.0,0.0,0.0
20801,LARGE PINK GLASS SUNDAE DISH,845.86,902,69,61,32.0,24.0,3.5476718403547673,2.8373489702787693
20802,SMALL GLASS SUNDAE DISH CLEAR,1137.99,895,76,68,48.0,34.92,5.363128491620111,3.0685682650989903
20803,SMALL PINK GLASS SUNDAE DISH,680.91,1091,61,50,74.0,38.46,6.782768102658111,5.648323566991233
20804,GLASS CHICKEN BUTTER DISH,438.15,283,24,21,48.0,69.6,16.96113074204947,15.884970900376583
20812,EMBOSSED FLOWER TRELLIS PHOTO FRAME,12.75,5,3,3,0.0,0.0,0.0,0.0
20814,SILVER FINCH DECORATION,206.39000000000001,187,12,7,13.0,16.25,6.951871657754011,7.873443480788797
20816,GOLD FLOWER CUSHION COVER,123.6,24,7,5,5.0,33.75,20.833333333333336,27.305825242718445
20818,GOLD TEDDY BEAR,211.25,79,22,20,0.0,0.0,0.0,0.0
20819,SILVER TEDDY BEAR,543.71,208,50,39,0.0,0.0,0.0,0.0
20820,SILVER LOOKING MIRROR,54.45,11,8,6,0.0,0.0,0.0,0.0
20821,GOLDIE LOOKING MIRROR,128.70000000000002,26,10,10,14.0,69.30000000000001,53.84615384615385,53.84615384615385
20822,SILVER WINE GOBLET,9.3,2,1,1,2.0,9.3,100.0,100.0
20823,GOLD WINE GOBLET,513.2,248,17,14,4.0,18.6,1.6129032258064515,3.624318004676539
20825,GOLD WINE GLASS,1229.04,360,6,5,6.0,22.5,1.6666666666666667,1.830697129466901
20826,SILVER APERITIF GLASS,290.72,355,14,11,0.0,0.0,0.0,0.0
20827,GOLD APERITIF GLASS,209.36,173,8,5,0.0,0.0,0.0,0.0
20828,GLITTER BUTTERFLY CLIPS,9951.0,4220,499,261,30.0,76.5,0.7109004739336493,0.7687669580946638
20829,GLITTER HANGING BUTTERFLY STRING,9350.390000000001,4700,404,207,1094.0,1801.96,23.27659574468085,19.27149562745511
20830,SILVER PHOTO FRAME,501.59999999999997,296,46,36,11.0,27.32,3.7162162162162162,5.446570972886763
20831,GOLD PHOTO FRAME,594.84,394,51,34,6.0,12.6,1.5228426395939088,2.118216663304418
20832,RED FLOCK LOVE HEART PHOTO FRAME,994.0999999999999,1576,103,86,8.0,6.799999999999999,0.5076142131979695,0.6840358112865909
20833,SHAKER THROW  QUILTED,811.8,52,5,3,1.0,49.95,1.9230769230769231,6.1529933481153005
20835,FRENCH LATTICE CUSHION COVER,64.98,78,8,8,0.0,0.0,0.0,0.0
20836,FRENCH PAISLEY CUSHION COVER,250.00000000000003,224,22,18,24.0,45.36000000000001,10.714285714285714,18.144000000000002
20837,FRENCH FLORAL CUSHION COVER,188.07000000000002,165,18,17,0.0,0.0,0.0,0.0
20838,FRENCH LATTICE CUSHION COVER,387.29,391,39,36,12.0,10.2,3.0690537084398977,2.6336853520617622
20839,FRENCH PAISLEY CUSHION COVER,574.09,507,60,53,0.0,0.0,0.0,0.0
20840,FRENCH FLORAL CUSHION COVER,1170.83,813,60,50,219.0,365.85,26.937269372693727,31.247064048580924
20845,ZINC HEART LATTICE 2 WALL PLANTER,463.55,73,21,15,0.0,0.0,0.0,0.0
20846,ZINC HEART LATTICE T-LIGHT HOLDER,1627.97,1321,127,105,0.0,0.0,0.0,0.0
20847,ZINC HEART LATTICE CHARGER LARGE,266.25,71,20,17,1.0,7.62,1.4084507042253522,2.8619718309859152
20848,ZINC HEART LATTICE CHARGER SMALL,115.05000000000001,39,12,10,0.0,0.0,0.0,0.0
20849,ZINC HEART LATTICE DOUBLE PLANTER,566.1,670,20,15,0.0,0.0,0.0,0.0
20850,ZINC HEART LATTICE PLANTER BOWL,713.8000000000001,820,23,19,0.0,0.0,0.0,0.0
20851,ZINC HEART LATTICE TRAY OVAL,417.7,334,27,21,2.0,11.9,0.5988023952095809,2.848934642087623
20854,BLUE PATCH PURSE PINK HEART,581.15,363,83,66,15.0,24.75,4.132231404958678,4.258797212423643
20855,PINK PATCH PURSE BLUE HEART,234.29999999999998,142,47,41,1.0,1.65,0.7042253521126761,0.7042253521126761
20856,DENIM PATCH PURSE PINK BUTTERFLY,547.8,332,88,70,11.0,18.15,3.313253012048193,3.313253012048193
20857,BLUE ROSE PATCH PURSE PINK BUTTERFL,409.2,248,72,57,16.0,26.4,6.451612903225806,6.451612903225806
20858,SILVER PURSE GOLD PINK BUTTERFLY,6.6,4,1,1,0.0,0.0,0.0,0.0
20860,GOLD COSMETICS BAG WITH BUTTERFLY,39.900000000000006,19,10,10,0.0,0.0,0.0,0.0
20861,GOLD COSMETIC BAG PINK STAR,94.5,45,15,15,0.0,0.0,0.0,0.0
20862,PINK PATCH PENCIL CASE BLUE HEART,652.5300000000001,316,28,21,1.0,2.1,0.31645569620253167,0.3218242839409682
20863,BLUE PATCH PENCIL CASE PINK HEART,563.19,284,42,35,1.0,2.1,0.35211267605633806,0.372875938848346
20864,DENIM PATCH PENCIL CASE BUTTERFLY,483.33,247,26,20,1.0,2.1,0.4048582995951417,0.434485755074173
20865,PATCHWORK PENCIL CASE BUTTERFLY,485.49,247,30,24,82.0,145.47,33.198380566801625,29.96354198850646
20866,BLUE ROSE FABRIC MIRROR,972.29,963,87,76,120.0,127.2,12.461059190031152,13.08251653313312
20867,PINK ROSE FABRIC MIRROR,791.72,844,75,68,0.0,0.0,0.0,0.0
20868,SILVER FABRIC MIRROR,437.66,789,46,40,0.0,0.0,0.0,0.0
20869,GOLD FABRIC MIRROR,225.49,459,31,30,0.0,0.0,0.0,0.0
20870,OPULENT VELVET CANDLE IN BOX,39.300000000000004,26,4,4,1.0,2.1,3.8461538461538463,5.343511450381679
20871,OPULENT VELVET SET/3 CANDLES,1713.3,1202,76,72,2.0,4.2,0.16638935108153077,0.2451409560497286
20877,MODERN CHRISTMAS BAUBLE CANDLE,4.2,10,3,3,0.0,0.0,0.0,0.0
20878,SET/9 CHRISTMAS T-LIGHTS SCENTED,833.89,689,67,61,0.0,0.0,0.0,0.0
20879,TREE OF NOAH FESTIVE SCENTED CANDLE,32.5,50,8,8,96.0,201.6,192.0,620.3076923076923
20881,MODERN CHRISTMAS TREE CANDLE,1.7,2,1,1,0.0,0.0,0.0,0.0
20882,MODERN CHRISTMAS TREE CANDLE,5.9,2,1,1,0.0,0.0,0.0,0.0
20884,MODERN CHRISTMAS TREE CANDLE,4.2,2,2,2,0.0,0.0,0.0,0.0
20885,BOX OF 3 PEBBLE CANDLES,2.95,1,1,1,1.0,2.95,100.0,100.0
20886,BOX OF 9 PEBBLE CANDLES,3161.4,1686,244,163,6.0,11.7,0.3558718861209964,0.3700892009869045
20887,BOX OF 6 PEBBLE CANDLES,17.25,5,4,4,0.0,0.0,0.0,0.0
20888,SET 3 JARDIN DE FEMME SCENT CANDLES,499.81,359,11,10,0.0,0.0,0.0,0.0
20889,JARDIN DE FEMME SCENTED CANDLE,392.0,656,12,12,0.0,0.0,0.0,0.0
20890,SMALL GLASS ROSE SCENTED CANDLE,15.0,4,1,1,0.0,0.0,0.0,0.0
20891,LARGE GLASS ROSE SCENTED CANDLE,15.9,2,1,1,0.0,0.0,0.0,0.0
20892,SET/3 TALL GLASS CANDLE HOLDER PINK,699.7,86,23,21,21.0,206.15,24.418604651162788,29.462626840074318
20893,HANGING BAUBLE T-LIGHT HOLDER SMALL,1210.3500000000001,538,63,41,111.0,234.45000000000005,20.63197026022305,19.37043004089726
20894,HANGING BAUBLE T-LIGHT HOLDER LARGE,650.45,227,60,47,6.0,16.9,2.643171806167401,2.5982012452917207
20895,VINTAGE NOTEBOOK FRENCH LETTER,47.20000000000001,16,4,3,0.0,0.0,0.0,0.0
20896,VINTAGE NOTEBOOK PINK FLOWER,112.10000000000001,38,13,13,0.0,0.0,0.0,0.0
20897,VINTAGE NOTEBOOK PARIS DAYS,613.9000000000001,298,37,29,12.0,35.400000000000006,4.026845637583892,5.766411467665743
20898,VINTAGE NOTEBOOK TRAVELOGUE,620.0500000000001,307,37,35,6.0,17.700000000000003,1.9543973941368076,2.8546084993145713
20899,VINTAGE NOTEBOOK RED ROSE,129.8,44,12,12,0.0,0.0,0.0,0.0
20901,VINTAGE KEEPSAKE BOX PINK FLOWER,209.54999999999998,33,16,14,2.0,12.7,6.0606060606060606,6.0606060606060606
20902,VINTAGE KEEPSAKE BOX PARIS DAYS,313.34999999999997,69,15,11,0.0,0.0,0.0,0.0
20903,VINTAGE KEEPSAKE BOX TRAVELOGUE,337.25,103,19,19,1.0,6.35,0.9708737864077669,1.882876204595997
20905,VINTAGE KEEPSAKE BOX BEAUTY GIRL,38.1,6,3,3,0.0,0.0,0.0,0.0
20906,VINTAGE NOTEBOOK BEAUTY GIRL,227.15000000000003,77,28,25,0.0,0.0,0.0,0.0
20910,VINTAGE PHOTO ALBUM PARIS DAYS,488.79999999999995,80,28,11,0.0,0.0,0.0,0.0
20913,SET/5 BLUE SPOTTY LID GLASS BOWLS,787.05,295,30,26,0.0,0.0,0.0,0.0
20914,SET/5 RED RETROSPOT LID GLASS BOWLS,21682.030000000002,7709,1003,442,400.0,1068.8000000000002,5.188740433259826,4.929427733473296
20914,SET/5 RED SPOTTY LID GLASS BOWLS,28513.300000000003,10526,787,357,400.0,1068.8000000000002,3.8001140034201026,3.7484261730490687
20931,BLUE POT PLANT CANDLE,1776.2500000000002,611,102,91,27.0,87.55000000000001,4.4189852700491,4.9289232934553135
20932,PINK POT PLANT CANDLE,932.0500000000001,305,56,54,17.0,55.75,5.573770491803279,5.981438764014806
20933,YELLOW POT PLANT CANDLE,1245.15,493,42,38,0.0,0.0,0.0,0.0
20934,SET/3 POT PLANT CANDLES,877.1500000000001,167,47,44,20.0,107.50000000000001,11.976047904191617,12.255600524425697
20935,ROUND CACTUS CANDLE,535.5500000000001,293,39,35,6.0,17.700000000000003,2.04778156996587,3.3050135374848284
20936,FORKED CACTUS CANDLE,704.33,309,55,42,9.0,25.750000000000004,2.912621359223301,3.6559567248306903
20939,ORANGE CANDLE,10.2,12,1,1,0.0,0.0,0.0,0.0
20940,SET/6 GARDEN GNOME T-LIGHT CANDLES,312.55,113,18,15,36.0,106.2,31.858407079646017,33.97856342985122
20941,FROG CANDLE,719.62,928,69,54,47.0,41.35,5.064655172413793,5.746088213223646
20942,SET/6 GINGERBREAD TREE T-LIGHTS,7.5,6,4,4,1.0,1.25,16.666666666666664,16.666666666666664
20943,SET/6 GINGERBREAD STAR T-LIGHTS,415.0,332,48,46,1.0,1.25,0.30120481927710846,0.30120481927710846
20950,SET/6  ANGEL T-LIGHTS WHITE/GOLD,282.96999999999997,652,65,57,0.0,0.0,0.0,0.0
20952,PORCELAIN CHERUB BELL SMALL,134.82,321,20,19,260.0,119.16,80.99688473520249,88.38451268357811
20953,PORCELAIN CHERUB BELL LARGE,31.349999999999998,19,7,7,0.0,0.0,0.0,0.0
20956,PORCELAIN T-LIGHT HOLDERS ASSORTED,2538.43,2120,140,117,30.0,37.5,1.4150943396226416,1.4772910814952551
20957,PORCELAIN HANGING BELL SMALL,97.15,67,12,12,1.0,1.45,1.4925373134328357,1.4925373134328357
20958,PORCELAIN HANGING BELL LARGE,50.7,26,9,9,0.0,0.0,0.0,0.0
20960,WATERMELON BATH SPONGE,2169.95,1739,141,85,0.0,0.0,0.0,0.0
20961,STRAWBERRY BATH SPONGE,3850.66,3138,314,177,71.0,88.75,2.2625876354365837,2.304799696675375
20963,APPLE BATH SPONGE,3729.29,3038,293,168,10.0,12.5,0.32916392363396973,0.3351844452965578
20964,POLYESTER FILLER PAD 60x40cm,51.0,20,6,6,0.0,0.0,0.0,0.0
20966,SANDWICH BATH SPONGE,3182.0,2576,232,137,1.0,1.25,0.03881987577639751,0.03928346951602766
20967,GREY FLORAL FELTCRAFT SHOULDER BAG,3771.09,1023,272,187,20.0,75.0,1.9550342130987293,1.9888149049744237
20968,GREEN FLORAL FELTCRAFT SHOULDER BAG,138.75,37,14,14,0.0,0.0,0.0,0.0
20969,RED FLORAL FELTCRAFT SHOULDER BAG,11155.41,3090,518,285,145.0,491.91,4.692556634304207,4.409609328567933
20970,PINK FLORAL FELTCRAFT SHOULDER BAG,8796.77,2403,504,278,3.0,11.25,0.12484394506866417,0.1278878497448495
20971,PINK BLUE FELT CRAFT TRINKET BOX,23554.3,20500,1003,490,2571.0,2739.3199999999997,12.541463414634146,11.629808569985098
20972,PINK CREAM FELT CRAFT TRINKET BOX,23812.52,20064,1224,568,1497.0,1553.3899999999999,7.461124401913875,6.523417093192991
20973,12 PENCIL SMALL TUBE WOODLAND,5776.55,9091,514,309,7.0,4.55,0.07699923000769993,0.07876673793181051
20974,12 PENCILS SMALL TUBE SKULL,8049.150000000001,12699,684,370,612.0,397.79999999999995,4.819277108433735,4.942136747358416
20975,12 PENCILS SMALL TUBE RED RETROSPOT,6111.650000000001,9493,459,317,1483.0,858.3500000000001,15.622037290635205,14.04448880416909
20975,12 PENCILS SMALL TUBE RED SPOTTY,4998.05,7997,304,220,1483.0,858.3500000000001,18.544454170313866,17.17369774211943
20976,12 PENCILS SMALL TUBE POSY,336.7,518,64,51,0.0,0.0,0.0,0.0
20977,36 PENCILS TUBE WOODLAND,4357.64,3508,357,242,76.0,95.0,2.1664766248574687,2.180079125398151
20978,36 PENCILS TUBE SKULLS,4654.17,3789,396,253,18.0,22.5,0.4750593824228029,0.4834374335273529
20979,36 PENCILS TUBE RED RETROSPOT,5450.4400000000005,4516,316,214,390.0,463.18,8.635961027457927,8.49802951688304
20979,36 PENCILS TUBE RED SPOTTY,3882.29,3225,202,144,390.0,463.18,12.093023255813954,11.930587359522345
20980,36 PENCILS TUBE POSY,213.75,171,39,35,9.0,11.25,5.263157894736842,5.263157894736842
20981,12 PENCILS TALL TUBE WOODLAND,3691.47,4431,427,290,79.0,67.14999999999999,1.782893252087565,1.8190585322378345
20982,12 PENCILS TALL TUBE SKULLS,3899.93,4601,487,316,29.0,24.650000000000002,0.630297761356227,0.6320626267650958
20983,12 PENCILS TALL TUBE RED RETROSPOT,3229.71,3807,336,245,31.0,26.349999999999998,0.8142894667717363,0.8158627245170618
20983,12 PENCILS TALL TUBE RED SPOTTY,1878.1899999999998,2239,210,156,31.0,26.349999999999998,1.3845466726217062,1.4029464537666583
20984,12 PENCILS TALL TUBE POSY,1887.29,5821,225,178,216.0,44.760000000000005,3.710702628414362,2.371654594683382
20985,HEART CALCULATOR,2531.53,2131,216,162,44.0,54.43,2.0647583294228062,2.1500831512958567
20986,BLUE CALCULATOR RULER,1173.76,994,130,94,0.0,0.0,0.0,0.0
20987,GEISHA GIRL CHOPSTICKS SET/5,228.15,117,12,11,0.0,0.0,0.0,0.0
20988,TRELLIS FLOWER CHOPSTICKS SET/5,46.8,24,9,8,0.0,0.0,0.0,0.0
20989,URBAN CHIC CHOPSTICKS SET/5,744.15,397,48,29,2.0,3.9,0.5037783375314862,0.5240878855069542
20990,SPRING FLOWER CHOPSTICKS SET/5,1581.1499999999999,857,87,54,1.0,1.95,0.11668611435239205,0.1233279574992885
20991,JAZZ HEARTS MAGNETIC MEMO PAD,850.9000000000001,7058,16,12,0.0,0.0,0.0,0.0
20992,JAZZ HEARTS PURSE NOTEBOOK,3069.62,6030,377,222,0.0,0.0,0.0,0.0
20993,JAZZ HEARTS MEMO PAD,1305.49,10945,24,23,0.0,0.0,0.0,0.0
20994,JAZZ HEARTS SPIRAL NOTEPAD,39.949999999999996,47,12,12,0.0,0.0,0.0,0.0
20996,JAZZ HEARTS ADDRESS BOOK,1568.46,6123,270,179,14.0,5.88,0.22864608851869997,0.3748900195095827
20997,ROSE DU SUD CUSHION COVER,400.95,81,28,25,0.0,0.0,0.0,0.0
20998,ROSE DU SUD OVEN GLOVE,637.35,217,58,52,0.0,0.0,0.0,0.0
21000,ROSE DU SUD COSMETICS BAG,1493.0,616,40,37,0.0,0.0,0.0,0.0
21001,ROSE DU SUD WASHBAG,398.65000000000003,67,31,29,0.0,0.0,0.0,0.0
21002,ROSE DU SUD DRAWSTRING BAG,467.5,110,26,25,0.0,0.0,0.0,0.0
21003,ROSE DU SUD CUSHION COVER,139.7,22,11,10,0.0,0.0,0.0,0.0
21004,ROSE DU SUD CHILDRENS APRON,110.5,26,15,14,0.0,0.0,0.0,0.0
21004,ROSE DU SUD CHILDS APRON,335.75,79,33,28,0.0,0.0,0.0,0.0
21007,ETCHED GLASS DROPLET DECORATION,851.23,1905,39,36,0.0,0.0,0.0,0.0
21009,ETCHED GLASS STAR TREE DECORATION,1106.25,885,79,72,15.0,18.75,1.694915254237288,1.694915254237288
21010,ETCHED GLASS BIRD TREE DECORATION,1007.5,806,66,62,12.0,15.0,1.488833746898263,1.488833746898263
21011,GLITTER SNOW PEAR TREE DECORATION,1249.78,1774,101,84,3.0,4.35,0.16910935738444194,0.34806125878154553
21012,ANTIQUE ALL GLASS CANDLESTICK,2143.08,1470,141,112,5.0,10.5,0.3401360544217687,0.4899490452992889
21014,SWISS CHALET TREE DECORATION,737.66,1662,107,91,1.0,0.72,0.060168471720818295,0.09760594311742536
21015,DARK BIRD HOUSE TREE DECORATION,511.38999999999993,1431,90,80,4.0,1.16,0.2795248078266946,0.22683274995600228
21016,LIGHT BIRD HOUSE TREE DECORATION,538.92,804,65,58,4.0,1.68,0.4975124378109453,0.31173458027165446
21017,RED BIRD HOUSE TREE DECORATION,358.28,548,39,32,0.0,0.0,0.0,0.0
21018,BIRD BOX CHRISTMAS TREE DECORATION,175.95,207,37,30,0.0,0.0,0.0,0.0
21025,SPACE FROG,278.5,221,36,30,0.0,0.0,0.0,0.0
21026,SPACE OWL,493.62,396,55,48,0.0,0.0,0.0,0.0
21027,NINJA RABBIT PINK,339.3,276,46,39,0.0,0.0,0.0,0.0
21028,NINJA RABBIT BLACK,297.64,237,40,31,0.0,0.0,0.0,0.0
21030,SPACE CADET RED,272.37,219,39,37,0.0,0.0,0.0,0.0
21031,SPACE CADET BLACK,154.91,126,25,23,1.0,1.25,0.7936507936507936,0.8069201471822348
21032,SPACE CADET WHITE,210.48,167,32,28,3.0,3.75,1.7964071856287425,1.781641961231471
21033,JUMBO BAG CHARLIE AND LOLA TOYS,6463.67,3411,293,163,11.0,31.29,0.32248607446496624,0.4840903078282152
21034,REX CASH+CARRY JUMBO SHOPPER,3689.7999999999997,3884,1857,800,28.0,26.6,0.7209062821833162,0.7209062821833163
21035,SET/2 RED RETROSPOT TEA TOWELS,8670.71,3001,292,191,207.0,570.65,6.897700766411196,6.581352622795595
21035,SET/2 RED SPOTTY TEA TOWELS,7225.150000000001,2533,327,192,207.0,570.65,8.172127911567312,7.898105921676366
21036,SET/2 TEA TOWELS MODERN VINTAGE,2.55,1,1,1,0.0,0.0,0.0,0.0
21038,SET/4 MODERN VINTAGE COTTON NAPKINS,319.8,156,49,39,2.0,5.9,1.282051282051282,1.8449030644152598
21039,RED RETROSPOT SHOPPING BAG,1544.76,612,97,73,16.0,40.8,2.6143790849673203,2.6411869805018253
21039,RED SPOTTY SHOPPING BAG,1708.3500000000001,671,103,80,16.0,40.8,2.384500745156483,2.3882693827377293
21040,MODERN VINTAGE COTTON SHOPPING BAG,1011.45,855,46,43,0.0,0.0,0.0,0.0
21041,RED RETROSPOT OVEN GLOVE DOUBLE,2890.2000000000003,996,200,141,13.0,38.35000000000001,1.3052208835341366,1.326897792540309
21041,RED SPOTTY OVEN GLOVE DOUBLE,3408.4,1232,130,78,13.0,38.35000000000001,1.0551948051948052,1.1251613660368505
21042,RED RETROSPOT APRON,3556.15,637,159,109,18.0,105.80000000000001,2.8257456828885403,2.9751275958550685
21042,RED SPOTTY APRON,4292.3,764,177,120,18.0,105.80000000000001,2.356020942408377,2.4648789693171493
21043,APRON MODERN VINTAGE COTTON,1519.95,601,89,81,3.0,17.85,0.49916805324459235,1.174380736208428
21051,RIBBONS PURSE,1308.23,663,93,79,6.0,12.6,0.904977375565611,0.9631333939750655
21054,NURSE'S BAG SOFT TOY,3112.5,350,163,119,2.0,17.9,0.5714285714285714,0.5751004016064256
21055,TOOL BOX SOFT TOY,2889.64,316,176,122,7.0,62.650000000000006,2.2151898734177213,2.16809014271674
21056,DOCTOR'S BAG SOFT TOY,4681.63,525,179,119,82.0,693.9000000000001,15.619047619047619,14.821760796987377
21058,PARTY INVITES WOODLAND,1824.32,2216,207,148,12.0,10.2,0.5415162454873645,0.5591124364146641
21059,PARTY INVITES DINOSAURS,1294.1,1550,198,158,24.0,20.4,1.5483870967741935,1.5763851325245344
21060,PARTY INVITES BALLOON GIRL,864.1999999999999,1208,123,102,0.0,0.0,0.0,0.0
21061,PARTY INVITES FOOTBALL,919.27,1303,124,104,12.0,10.2,0.920951650038373,1.1095760766695313
21062,PARTY INVITES SPACEMAN,833.53,1009,120,102,0.0,0.0,0.0,0.0
21063,PARTY INVITES JAZZ HEARTS,1136.71,1363,198,143,4.0,3.4,0.293470286133529,0.29910883162811974
21064,BOOM BOX SPEAKER BOYS,3620.65,721,103,75,9.0,53.550000000000004,1.248266296809986,1.4790161987488435
21065,BOOM BOX SPEAKER GIRLS,1011.6,516,57,44,7.0,39.910000000000004,1.3565891472868217,3.945235270858047
21066,VINTAGE RED MUG,1429.96,2258,110,81,12.0,15.0,0.5314437555358724,1.0489803910598898
21067,VINTAGE RED TEATIME MUG,3302.7200000000003,4517,180,130,36.0,39.760000000000005,0.7969891520920966,1.203856215482996
21068,VINTAGE BILLBOARD LOVE/HATE MUG,3817.23,3901,257,149,89.0,98.33,2.2814662906946936,2.5759516717619846
21069,VINTAGE BILLBOARD TEA MUG,4909.400000000001,4901,178,110,726.0,770.8900000000001,14.813303407467865,15.702326149835011
21070,VINTAGE BILLBOARD MUG,1836.16,1908,163,107,30.0,33.32,1.5723270440251573,1.8146566747995818
21071,VINTAGE BILLBOARD DRINK ME MUG,4299.7,3981,314,163,12.0,13.670000000000002,0.30143180105501133,0.317929157848222
21076,SET/20 COLLAGE PAPER NAPKIN,584.67,759,73,60,1.0,0.85,0.13175230566534915,0.14538115518155542
21077,SET/20 WOODLAND PAPER NAPKINS,1990.53,2745,167,111,0.0,0.0,0.0,0.0
21078,SET/20 STRAWBERRY PAPER NAPKINS,5097.7699999999995,6539,537,342,2.0,1.7,0.03058571647040832,0.03334791487258154
21080,SET/20 RED RETROSPOT PAPER NAPKINS,11229.27,14329,890,493,653.0,433.66999999999996,4.557191709121362,3.8619607507878952
21080,SET/20 RED SPOTTY PAPER NAPKINS,11310.21,15165,781,481,653.0,433.66999999999996,4.305967688757006,3.8343231469619043
21081,SET/20 POSIES PAPER NAPKINS,3.4,4,4,4,0.0,0.0,0.0,0.0
21082,SET/20 FRUIT SALAD PAPER NAPKINS,1764.3,7062,117,94,3074.0,523.94,43.52874539790428,29.696763588958795
21084,SET/6 COLLAGE PAPER CUPS,650.4000000000001,2486,136,113,24.0,4.5600000000000005,0.9654062751407884,0.7011070110701106
21085,SET/6 WOODLAND PAPER CUPS,1843.1200000000001,13712,56,42,0.0,0.0,0.0,0.0
21086,SET/6 RED SPOTTY PAPER CUPS,9513.300000000001,15834,621,311,792.0,422.64000000000004,5.001894657067071,4.44262243385576
21087,SET/6 POSIES PAPER CUPS,123.22,220,20,19,0.0,0.0,0.0,0.0
21088,SET/6 FRUIT SALAD PAPER CUPS,1723.3300000000002,16503,104,95,7140.0,572.52,43.26486093437557,33.22172770160097
21089,SET/6 GREEN SPRING PAPER CUPS,100.98,316,36,32,0.0,0.0,0.0,0.0
21090,SET/6 COLLAGE PAPER PLATES,1042.03,2285,159,129,36.0,14.04,1.5754923413566742,1.347370037330979
21091,SET/6 WOODLAND PAPER PLATES,1817.16,13668,34,31,0.0,0.0,0.0,0.0
21092,SET/6 STRAWBERRY PAPER PLATES,1504.94,12806,18,15,24.0,20.4,0.18741215055442761,1.3555357688678615
21094,SET/6 RED SPOTTY PAPER PLATES,13068.56,17752,692,328,762.0,495.24,4.292474087426769,3.7895529423287644
21095,SET/6 POSIES PAPER PLATES,205.7,242,27,24,0.0,0.0,0.0,0.0
21096,SET/6 FRUIT SALAD  PAPER PLATES,2572.34,15776,101,91,7008.0,911.04,44.42190669371197,35.416780052403645
21097,SET/6 GREEN SPRING  PAPER PLATE,27.2,32,7,5,0.0,0.0,0.0,0.0
21098,CHRISTMAS TOILET ROLL,7534.29,6431,412,269,219.0,246.39,3.405380189706111,3.270248424204537
21099,SET/6 STRAWBERRY PAPER CUPS,1506.6000000000001,13284,29,20,120.0,78.0,0.9033423667570009,5.1772202309836715
21100,CHARLIE AND LOLA CHARLOTTE BAG,2864.05,2221,159,119,4.0,6.6,0.18009905447996397,0.23044290427890574
21102,"CANDLE IN JAR COLLAGE , VANILLA",165.75,65,12,10,31.0,79.05,47.69230769230769,47.692307692307686
21106,CREAM SLICE FLANNEL CHOCOLATE SPOT,1982.3000000000002,698,120,98,0.0,0.0,0.0,0.0
21107,CREAM SLICE FLANNEL PINK SPOT,5873.55,2157,228,167,0.0,0.0,0.0,0.0
21108,FAIRY CAKE FLANNEL ASSORTED COLOUR,23322.62,12532,408,325,3159.0,6614.370000000001,25.20746887966805,28.360321439015003
21109,LARGE CAKE TOWEL CHOCOLATE SPOTS,2082.15,829,64,51,2.0,13.5,0.24125452352231602,0.6483682731791657
21109,"LARGE CAKE TOWEL, CHOCOLATE SPOTS",1513.95,225,98,88,2.0,13.5,0.8888888888888888,0.8917071237491331
21110,LARGE CAKE TOWEL PINK SPOTS,5426.45,1251,229,173,6.0,38.9,0.4796163069544364,0.7168590883542648
21111,"SWISS ROLL TOWEL, CHOCOLATE  SPOTS",2493.3,1208,128,109,7.0,20.650000000000002,0.5794701986754967,0.8282196286046605
21112,SWISS ROLL TOWEL PINK  SPOTS,1782.18,666,27,21,198.0,507.29999999999995,29.72972972972973,28.46513820152846
21112,"SWISS ROLL TOWEL, PINK  SPOTS",3190.4500000000003,1411,101,86,198.0,507.29999999999995,14.032600992204111,15.900578288329228
21114,LAVENDER SCENTED FABRIC HEART,6920.43,5591,460,359,60.0,75.0,1.0731532820604543,1.0837476861986899
21115,ROSE CARAVAN DOORSTOP,6753.91,1161,356,266,1.0,6.75,0.08613264427217916,0.09994210760877772
21116,OWL DOORSTOP,4569.54,954,246,164,1.0,4.95,0.10482180293501049,0.10832600217965047
21117,BLOND DOLL DOORSTOP,502.08000000000004,328,26,23,0.0,0.0,0.0,0.0
21118,SHOPPING BAG DOORSTOP,104.25,69,7,7,0.0,0.0,0.0,0.0
21121,SET/10 RED POLKADOT PARTY CANDLES,10238.49,8541,438,301,170.0,212.5,1.990399250673223,2.07550136787749
21121,SET/10 RED SPOTTY PARTY CANDLES,7826.91,6495,350,249,170.0,212.5,2.617397998460354,2.714992251092705
21122,SET/10 PINK POLKADOT PARTY CANDLES,7807.610000000001,6464,376,261,73.0,91.25,1.129331683168317,1.1687315324407854
21122,SET/10 PINK SPOTTY PARTY CANDLES,6807.88,5636,363,262,73.0,91.25,1.2952448545067423,1.3403585257084438
21123,SET/10 IVORY POLKADOT PARTY CANDLES,1647.06,1320,115,78,48.0,60.0,3.6363636363636362,3.6428545408181847
21123,SET/10 IVORY SPOTTY PARTY CANDLES,1555.88,1252,74,60,48.0,60.0,3.8338658146964857,3.856338535105535
21124,SET/10 BLUE POLKADOT PARTY CANDLES,6131.12,5080,293,227,49.0,61.25,0.9645669291338582,0.9990018136979867
21124,SET/10 BLUE SPOTTY PARTY CANDLES,5921.35,4883,306,242,49.0,61.25,1.0034814663116935,1.0343924949546979
21125,SET 6 FOOTBALL CELEBRATION CANDLES,2087.77,2045,199,162,15.0,18.75,0.7334963325183375,0.8980874330026775
21126,SET OF 6 GIRLS CELEBRATION CANDLES,2147.93,2197,209,169,14.0,17.5,0.6372325898953117,0.8147379104533203
21127,COLOURFUL FISHING GNOME,838.6,284,36,25,1.0,5.95,0.35211267605633806,0.7095158597662772
21128,GOLD FISHING GNOME,464.71000000000004,96,28,22,0.0,0.0,0.0,0.0
21129,SILVER FISHING GNOME,709.3000000000001,105,42,24,3.0,20.85,2.857142857142857,2.939517834484703
21130,COLOURFUL STANDING GNOME,1115.7,706,39,29,1.0,3.45,0.141643059490085,0.30922290938424307
21131,GOLD STANDING GNOME,910.25,253,28,18,0.0,0.0,0.0,0.0
21132,SILVER STANDING GNOME,300.0,72,29,25,0.0,0.0,0.0,0.0
21133,PAINTED BIRD ASSORTED CHRISTMAS,691.21,409,41,38,0.0,0.0,0.0,0.0
21134,VICTORIAN METAL POSTCARD CHRISTMAS,579.15,351,42,40,0.0,0.0,0.0,0.0
21135,VICTORIAN  METAL POSTCARD SPRING,8155.09,5773,380,251,328.0,182.8,5.68162134072406,2.241544851129785
21136,PAINTED METAL PEARS ASSORTED,16907.51,10255,714,449,225.0,329.36999999999995,2.1940516821062896,1.9480692307737801
21137,BLACK RECORD COVER FRAME,63092.12,18417,539,198,23.0,82.28999999999999,0.1248846174729869,0.13042833241298596
21143,ANTIQUE GLASS HEART DECORATION,3819.45,2003,152,128,19.0,37.050000000000004,0.9485771342985523,0.9700349526764327
21144,PINK POODLE HANGING DECORATION,220.79,505,42,40,12.0,4.5600000000000005,2.376237623762376,2.065310928936999
21145,ANTIQUE GLASS PLACE SETTING,994.03,839,39,34,13.0,16.25,1.5494636471990464,1.6347595143003733
21146,ANTIQUE GLASS RIDGED HANGING BALL,1453.6499999999999,775,52,47,2.0,3.9,0.25806451612903225,0.26829016613352596
21147,JINGLE BELLS TREE DECORATION,559.14,331,46,33,2.0,4.2,0.6042296072507553,0.7511535572486319
21153,RED SPOTTY TABLECLOTH,3832.5,370,123,91,2.0,21.3,0.5405405405405406,0.5557729941291586
21154,RED RETROSPOT OVEN GLOVE,5083.88,4344,344,221,223.0,240.75,5.133517495395949,4.735556307387271
21154,RED SPOTTY OVEN GLOVE,3095.44,2556,249,171,223.0,240.75,8.724569640062597,7.777569586230067
21155,RED RETROSPOT PEG BAG,7382.05,3244,431,247,263.0,562.69,8.10727496917386,7.6224084095881235
21155,RED SPOTTY PEG BAG,4858.62,2561,293,179,263.0,562.69,10.269426005466615,11.58127204844174
21156,RED SPOTTY CHILDS APRON,4482.6,2434,271,208,73.0,142.35,2.999178307313065,3.1756123678222457
21156,RETROSPOT CHILDRENS APRON,11562.37,6437,526,335,73.0,142.35,1.1340686655274197,1.2311489772425548
21157,RED RETROSPOT WASHBAG,134.4,64,17,13,6.0,12.6,9.375,9.375
21157,RED SPOTTY WASHBAG,1133.28,542,92,59,6.0,12.6,1.107011070110701,1.1118170266836087
21158,MOODY GIRL DOOR HANGER,1614.31,2509,260,184,97.0,38.17,3.8660821044240734,2.364477702547838
21159,MOODY BOY  DOOR HANGER,1306.4399999999998,2060,214,146,77.0,34.61,3.737864077669903,2.6491840421297574
21160,KEEP OUT GIRLS DOOR HANGER,485.22999999999996,763,49,44,74.0,30.259999999999998,9.698558322411534,6.2362178760587765
21161,KEEP OUT BOYS DOOR HANGER,1611.1699999999998,2285,161,120,86.0,47.66,3.7636761487964985,2.958098772941403
21162,TOXIC AREA  DOOR HANGER,1475.9499999999998,2325,239,172,84.0,44.76,3.612903225806452,3.0326230563365972
21163,DO NOT TOUCH MY STUFF DOOR HANGER,1577.34,2734,212,158,85.0,46.01,3.108997805413314,2.916936107624228
21164,HOME SWEET HOME METAL SIGN,15888.490000000002,5839,630,356,22.0,64.9,0.3767768453502312,0.40847179310305765
21165,BEWARE OF THE CAT METAL SIGN,14070.08,9080,779,321,51.0,82.59,0.5616740088105727,0.5869902658691352
21166,COOK WITH WINE METAL SIGN,37029.340000000004,19652,1225,475,558.0,967.2299999999999,2.8394056584571543,2.6120638391070425
21167,WHITE SAGE INCENSE,424.68,2058,50,32,50.0,10.5,2.4295432458697768,2.4724498445888665
21169,YOU'RE CONFUSING ME METAL SIGN,13438.58,8642,621,278,33.0,54.57,0.3818560518398519,0.40606968891058426
21171,BATHROOM METAL SIGN,2461.2999999999997,1810,226,142,0.0,0.0,0.0,0.0
21172,PARTY METAL SIGN,10392.72,7444,804,420,77.0,110.85000000000001,1.0343901128425579,1.0666120130245018
21173,LOO ROLL  METAL SIGN,527.25,321,60,44,12.0,19.8,3.7383177570093453,3.755334281650071
21174,POTTERING IN THE SHED METAL SIGN,17814.51,9247,855,402,4.0,7.8,0.043257272628960744,0.04378453294533501
21175,GIN + TONIC DIET METAL SIGN,40940.78,19755,1385,543,2035.0,3785.58,10.301189572260187,9.246477473072082
21175,GIN AND TONIC DIET METAL SIGN,1118.46,474,37,34,2035.0,3785.58,429.32489451476795,338.46360173810416
21179,NO JUNK MAIL METAL SIGN,3040.07,4039,359,231,12.0,4.68,0.2971032433770735,0.15394382366195514
21181,PLEASE ONE PERSON  METAL SIGN,3524.7000000000003,1787,150,124,114.0,225.90000000000003,6.3794068270845,6.40905608987999
21181,PLEASE ONE PERSON METAL SIGN,44310.600000000006,22379,1399,562,114.0,225.90000000000003,0.5094061396845256,0.509810293699476
21185,HOME SWEET HOME  BLACKBOARD,741.36,120,36,34,7.0,44.45,5.833333333333333,5.995737563397
21186,WHITE DOVE HONEYCOMB PAPER GARLAND,7729.05,5017,274,187,10.0,14.5,0.19932230416583618,0.18760390992424683
21187,WHITE BELL HONEYCOMB PAPER GARLAND,1946.55,1251,108,90,0.0,0.0,0.0,0.0
21188,3D HEARTS  HONEYCOMB PAPER GARLAND,2463.6000000000004,856,94,69,35.0,89.64999999999999,4.0887850467289715,3.638983601233966
21189,WHITE HONEYCOMB PAPER GARLAND,866.75,543,61,53,0.0,0.0,0.0,0.0
21190,PINK HEARTS PAPER GARLAND,1188.3999999999999,756,84,71,77.0,111.65,10.185185185185185,9.394984853584653
21191,LARGE WHITE HONEYCOMB PAPER BELL,2323.7000000000003,1210,115,96,0.0,0.0,0.0,0.0
21192,WHITE BELL HONEYCOMB PAPER,2842.25,1845,113,96,48.0,69.6,2.6016260162601625,2.44876418330548
21193,WHITE HONEYCOMB PAPER FAN,158.36,84,14,14,0.0,0.0,0.0,0.0
21194,PINK  HONEYCOMB PAPER FAN,498.64000000000004,501,60,51,10.0,6.5,1.996007984031936,1.3035456441520936
21195,PINK  HONEYCOMB PAPER BALL,1018.6800000000001,622,55,49,0.0,0.0,0.0,0.0
21196,ROUND WHITE CONFETTI IN TUBE,260.7,158,17,16,0.0,0.0,0.0,0.0
21197,MULTICOLOUR  CONFETTI IN TUBE,601.56,412,31,29,21.0,34.65,5.097087378640777,5.76002393776182
21198,WHITE HEART CONFETTI IN TUBE,1304.46,1190,82,75,75.0,64.71000000000001,6.302521008403361,4.960673382089141
21199,PINK  HEART CONFETTI IN TUBE,1271.46,1170,93,86,48.0,20.16,4.102564102564102,1.5855787834458024
21200,MULTICOLOUR HONEYCOMB PAPER GARLAND,1724.3500000000001,1287,75,64,28.0,40.6,2.1756021756021755,2.3545103952213875
21201,TROPICAL  HONEYCOMB PAPER GARLAND,5980.35,2629,183,109,13.0,33.15,0.49448459490300495,0.5543153828789285
21202,DOLLY HONEYCOMB GARLAND,975.9,814,56,53,51.0,74.55,6.2653562653562656,7.639102367045804
21203,BUTTERFLIES  HONEYCOMB GARLAND,2240.25,1445,106,85,49.0,71.25,3.3910034602076125,3.1804486106461334
21204,DAISIES  HONEYCOMB GARLAND,2337.9,1478,144,109,49.0,71.25,3.3152909336941816,3.0476068266392917
21205,MULTICOLOUR 3D BALLS GARLAND,1455.0,596,109,86,21.0,53.550000000000004,3.523489932885906,3.680412371134021
21206,STRAWBERRY HONEYCOMB  GARLAND,2819.7,2058,190,117,11.0,18.15,0.5344995140913509,0.6436854984572826
21207,SKULL AND CROSSBONES  GARLAND,5337.2,3480,212,167,489.0,709.25,14.051724137931036,13.28880311773964
21208,PASTEL COLOUR HONEYCOMB FAN,709.89,981,75,65,42.0,17.64,4.281345565749235,2.4848920255250815
21209,MULTICOLOUR HONEYCOMB FAN,1016.52,1354,84,66,37.0,38.03,2.7326440177252587,3.741195451147051
21210,SET OF 72 RETRO SPOT PAPER  DOILIES,10423.199999999999,7488,449,292,151.0,197.55,2.0165598290598292,1.8952912733133782
21210,SET OF 72 RETROSPOT PAPER  DOILIES,10177.119999999999,7259,482,313,151.0,197.55,2.0801763328282132,1.941118902007641
21211,SET OF 72 SKULL PAPER  DOILIES,3192.6499999999996,2321,184,139,12.0,17.4,0.5170185264971995,0.5450018010116988
21212,PACK OF 72 RETRO SPOT CAKE CASES,21838.23,45129,1160,632,1110.0,549.6600000000001,2.459615768131357,2.5169622263342775
21212,PACK OF 72 RETROSPOT CAKE CASES,21551.8,44721,1348,772,1110.0,549.6600000000001,2.4820554102099686,2.550413422544753
21213,PACK OF 72 SKULL CAKE CASES,18319.18,38530,1156,528,89.0,48.949999999999996,0.2309888398650402,0.2672062832506695
21214,SET OF 72 IVORY PAPER DOILIES,2578.2,1884,125,106,1.0,1.45,0.05307855626326964,0.05624078814676906
21215,IVORY PAPER CUP CAKE CASES,1999.09,3985,182,127,42.0,17.64,1.053952321204517,0.882401492679169
21216,"SET 3 RED SPOT TIN TEA,COFFEE,SUGAR",6605.1,1426,239,127,23.0,111.75000000000001,1.6129032258064515,1.6918744606440481
21216,"SET 3 RETROSPOT TEA,COFFEE,SUGAR",9376.67,2061,283,174,23.0,111.75000000000001,1.1159631246967492,1.19178770288386
21217,RED RETROSPOT ROUND CAKE TINS,11983.6,1268,350,219,50.0,484.4999999999999,3.943217665615142,4.04302546813979
21217,RED SPOTTY ROUND CAKE TINS,13458.25,1415,418,277,50.0,484.4999999999999,3.53356890459364,3.600022291159697
21218,RED SPOTTY BISCUIT TIN,16431.45,4715,588,313,79.0,277.25,1.6755037115588547,1.6873130490614034
21219,SET/4 BADGES BALLOON GIRL,1062.94,848,102,77,10.0,12.5,1.179245283018868,1.1759835926769149
21220,SET/4 BADGES DOGS,658.31,516,82,65,0.0,0.0,0.0,0.0
21221,SET/4 BADGES CUTE CREATURES,578.39,454,61,55,0.0,0.0,0.0,0.0
21222,SET/4 BADGES BEETLES,672.18,530,84,70,0.0,0.0,0.0,0.0
21223,SET/4 BADGES WOODLAND ANIMAL,564.5,482,35,33,0.0,0.0,0.0,0.0
21224,SET/4 SKULL BADGES,2437.4,1956,207,140,22.0,27.5,1.1247443762781186,1.1282514154426848
21225,POCKET MIRROR BUTTERFLY,2.5,2,2,2,0.0,0.0,0.0,0.0
21226,POCKET MIRROR WOODLAND,152.5,122,20,17,0.0,0.0,0.0,0.0
21228,"POCKET MIRROR ""GLAMOROUS""",118.75,95,29,25,0.0,0.0,0.0,0.0
21231,SWEETHEART CERAMIC TRINKET BOX,21793.25,18488,1171,500,323.0,388.93000000000006,1.7470791864993511,1.7846351507921034
21232,STRAWBERRY CERAMIC TRINKET BOX,39682.67,33899,1818,683,804.0,950.0899999999999,2.3717513790967284,2.3942189373850096
21232,STRAWBERRY CERAMIC TRINKET POT,1312.04,1036,75,57,804.0,950.0899999999999,77.60617760617761,72.4131886222981
21238,RED RETROSPOT CUP,3355.05,4175,340,186,149.0,126.38999999999997,3.5688622754491015,3.7671569723252993
21238,RED SPOTTY CUP,3649.17,4473,360,201,149.0,126.38999999999997,3.3310976972948803,3.463527322651452
21239,PINK  POLKADOT CUP,2477.52,3090,255,166,52.0,44.07,1.6828478964401297,1.7787949239562142
21239,PINK  SPOTTY CUP,2756.7,3390,296,163,52.0,44.07,1.5339233038348081,1.5986505604527153
21240,BLUE  SPOTTY CUP,2542.23,3123,298,169,45.0,37.989999999999995,1.440922190201729,1.4943573162145043
21240,BLUE POLKADOT CUP,2898.75,3655,270,176,45.0,37.989999999999995,1.231190150478796,1.3105648986632168
21241,GREEN POLKADOT CUP,94.35,111,10,9,1.0,0.85,0.9009009009009009,0.9009009009009009
21241,GREEN SPOTTY CUP,1662.25,2029,205,125,1.0,0.85,0.04928536224741252,0.051135509099112644
21242,RED RETROSPOT PLATE,5310.5199999999995,3340,272,179,42.0,70.98,1.2574850299401197,1.3365922734496813
21242,RED SPOTTY PLATE,5015.91,3135,247,160,42.0,70.98,1.3397129186602872,1.4150971608342258
21243,PINK  POLKADOT PLATE,3614.66,2282,172,117,16.0,27.04,0.7011393514461,0.7480648249074602
21243,PINK  SPOTTY PLATE,4291.59,2703,205,128,16.0,27.04,0.5919348871624122,0.6300695080378134
21243,PINK POLKADOT PLATE,318.34,202,18,18,16.0,27.04,7.920792079207921,8.494062951561224
21244,BLUE  SPOTTY PLATE,3609.2799999999997,2272,179,120,23.0,38.87,1.012323943661972,1.076946094511925
21244,BLUE POLKADOT PLATE,3805.6299999999997,2395,184,128,23.0,38.87,0.9603340292275574,1.0213814795447798
21245,GREEN  SPOTTY PLATE,2077.7999999999997,1284,131,89,4.0,6.76,0.3115264797507788,0.32534411396669555
21245,GREEN POLKADOT PLATE,1852.9399999999998,1150,123,83,4.0,6.76,0.34782608695652173,0.3648256284607165
21246,RED RETROSPOT BIG BOWL,1042.5,214,50,40,8.0,39.60000000000001,3.7383177570093453,3.7985611510791375
21246,RED SPOTTY BIG BOWL,2002.8000000000002,408,87,68,8.0,39.60000000000001,1.9607843137254901,1.9772318753744758
21247,SET OF RED SALAD SERVERS,596.0,400,61,44,0.0,0.0,0.0,0.0
21248,DOOR HANGER  MUM + DADS ROOM,1192.8,1008,132,106,76.0,33.160000000000004,7.5396825396825395,2.7800134138162313
21249,WOOD ANIMALS HEIGHT CHART STICKERS,17.700000000000003,6,1,1,16.0,46.400000000000006,266.66666666666663,262.1468926553672
21249,WOODLAND  HEIGHT CHART STICKERS,4215.35,1553,188,155,16.0,46.400000000000006,1.03026400515132,1.1007389659221654
21250,SET OF SKULL WALL STICKERS,950.5,394,53,47,0.0,0.0,0.0,0.0
21251,DINOSAUR HEIGHT CHART STICKER SET,1453.5000000000002,546,102,91,0.0,0.0,0.0,0.0
21252,SET OF MEADOW  FLOWER STICKERS,375.65000000000003,161,16,14,0.0,0.0,0.0,0.0
21253,SET OF PICTURE FRAME  STICKERS,598.59,225,51,41,0.0,0.0,0.0,0.0
21255,"FRENCH BOTTLE , LAVENDER",677.1,422,55,46,13.0,21.45,3.080568720379147,3.1679220203810363
21256,"FRENCH BOTTLE, BRASSERIE DES ARTIST",446.09999999999997,282,35,31,0.0,0.0,0.0,0.0
21257,VICTORIAN SEWING BOX MEDIUM,9550.49,1267,360,206,27.0,205.29999999999998,2.131018153117601,2.1496279248499293
21258,VICTORIAN SEWING BOX LARGE,14406.63,1229,344,186,121.0,1360.1499999999999,9.845402766476811,9.441139253246595
21259,VICTORIAN SEWING BOX SMALL,12409.960000000001,2171,553,300,27.0,155.64999999999998,1.243666513127591,1.2542345019645507
21260,FIRST AID TIN,10675.6,3370,442,303,61.0,197.25,1.8100890207715135,1.8476713252650905
21261,GREEN GOOSE FEATHER CHRISTMAS TREE,834.7500000000001,245,43,37,0.0,0.0,0.0,0.0
21262,WHITE GOOSE FEATHER CHRISTMAS TREE,1435.1000000000001,458,81,69,11.0,88.45,2.4017467248908297,6.163333565605185
21263,GREEN GOOSE FEATHER TREE 60CM,581.7,286,44,39,2.0,3.9,0.6993006993006993,0.670448684889118
21264,WHITE GOOSE FEATHER TREE 60CM,782.4,352,57,51,8.0,15.6,2.272727272727273,1.9938650306748467
21265,PINK GOOSE FEATHER TREE 60CM,670.25,315,28,26,20.0,55.0,6.349206349206349,8.205893323386796
21267,VINTAGE PINK TINSEL REEL,27.3,13,4,3,0.0,0.0,0.0,0.0
21268,VINTAGE BLUE TINSEL REEL,209.58,383,38,31,0.0,0.0,0.0,0.0
21269,ANTIQUE CREAM CUTLERY SHELF,901.0,106,58,52,0.0,0.0,0.0,0.0
21270,ANTIQUE CREAM CUTLERY CUPBOARD,497.25,39,27,24,0.0,0.0,0.0,0.0
21272,SALLE DE BAIN HOOK,2703.11,2179,230,167,13.0,16.25,0.5966039467645708,0.6011594052776247
21274,EMBOSSED HEART 3 DRAWER SHELF,2012.85,159,89,61,1.0,12.75,0.628930817610063,0.6334302108949996
21275,ZINC TOP  2 DOOR WOODEN SHELF,1477.9,242,48,45,11.0,138.45,4.545454545454546,9.368022193653156
21276,TWO EMBOSSED HEART MINI DRAWERS,1544.2,676,28,24,16.0,76.2,2.366863905325444,4.934593964512369
21277,FRENCH STYLE EMBOSSED HEART CABINET,968.8,45,40,36,4.0,87.8,8.88888888888889,9.062758051197358
21278,VINTAGE KITCHEN PRINT PUDDINGS,1352.25,2695,70,63,1208.0,320.4,44.823747680890534,23.69384359400998
21279,VINTAGE KITCHEN PRINT FRUITS,1343.85,3471,56,51,1639.0,425.84999999999997,47.219821377124745,31.688804554079695
21280,VINTAGE KITCHEN PRINT VEGETABLES,1714.2,3316,53,44,1248.0,312.0,37.635705669481304,18.200910045502276
21281,VINTAGE KITCHEN PRINT SEAFOOD,1552.2,3644,37,34,1536.0,384.0,42.15148188803512,24.739080015461926
21282,NATURAL BARK CANDLE LARGE,1369.25,337,59,49,12.0,51.0,3.5608308605341246,3.724666788387804
21283,NATURAL BARK CANDLE SMALL,1496.75,491,68,59,12.0,39.0,2.4439918533604885,2.605645565391682
21284,RETRO SPOT CANDLE  SMALL,599.57,365,35,31,48.0,50.64,13.150684931506849,8.446053004653335
21284,RETROSPOT CANDLE  SMALL,847.88,1116,60,55,48.0,50.64,4.301075268817205,5.972543284427042
21285,RETRO SPOT CANDLE  MEDIUM,502.80000000000007,248,23,20,48.0,66.0,19.35483870967742,13.12649164677804
21285,RETROSPOT CANDLE  MEDIUM,729.62,726,50,39,48.0,66.0,6.6115702479338845,9.045804665442285
21286,RETRO SPOT CANDLE  LARGE,672.0,272,30,24,12.0,30.6,4.411764705882353,4.553571428571429
21286,RETROSPOT CANDLE  LARGE,735.82,690,37,34,12.0,30.6,1.7391304347826086,4.158625750862983
21287,SCENTED VELVET LOUNGE CANDLE,1799.82,4077,83,67,0.0,0.0,0.0,0.0
21288,STRIPEY CHOCOLATE NESTING BOXES,2036.8500000000001,851,130,105,25.0,64.15,2.937720329024677,3.149470996882441
21289,LARGE STRIPES CHOCOLATE GIFT BAG,1315.15,1255,60,52,20.0,25.0,1.593625498007968,1.9009238489906093
21291,SMALL POLKADOT CHOCOLATE GIFT BAG,1113.5,1310,61,50,67.0,56.949999999999996,5.114503816793893,5.114503816793893
21291,SMALL SPOTTY CHOCOLATE GIFT BAG,881.5699999999999,1049,65,52,67.0,56.949999999999996,6.3870352716873215,6.460065564844538
21292,SMALL STRIPES CHOCOLATE GIFT BAG,1407.1299999999999,2437,82,69,16.0,13.6,0.6565449322938038,0.9665062929509002
21293,MIRRORED DOVE WALL DECORATION,539.63,256,42,29,2.0,4.2,0.78125,0.778311064988974
21294,ETCHED GLASS COASTER,1465.3799999999999,2130,116,83,0.0,0.0,0.0,0.0
21298,EDWARDIAN 2 DRAWER WALL CABINET,755.8,52,14,14,6.0,99.7,11.538461538461538,13.191320455146865
21299,EDWARDIAN TOILET ROLL UNIT,838.35,161,29,25,4.0,33.4,2.484472049689441,3.9840162223415043
21300,ANTIQUE EDWARDIAN DRESSER,737.4,52,11,11,10.0,127.5,19.230769230769234,17.290480065093572
21303,FILIGREE WALL MIRROR  ANTIQUE WHITE,848.8,92,26,24,11.0,76.45,11.956521739130435,9.006833176248822
21304,ARCHED GREY MIRROR,540.6,84,16,16,0.0,0.0,0.0,0.0
21306,SET/4 DAISY MIRROR MAGNETS,302.9,669,57,48,19.0,7.32,2.8400597907324365,2.41663915483658
21307,SET/4 BUTTERFLY MIRROR MAGNETS,572.3,726,54,41,1.0,2.1,0.13774104683195593,0.3669404158658047
21308,LOUVRE VANITY MIRROR,653.85,129,3,3,2.0,15.9,1.550387596899225,2.4317504014682267
21309,LOUVRE CHALKBOARD,325.6,49,5,5,1.0,9.95,2.0408163265306123,3.0558968058968055
21310,CAPIZ CHANDELIER,149.75,5,3,3,1.0,29.95,20.0,20.0
21311,SET/4 BIRD MIRROR MAGNETS,476.11,682,75,62,27.0,7.83,3.9589442815249267,1.6445779336707902
21312,LARGE CHUNKY GLASS ROMAN BOWL,1097.75,293,20,19,13.0,25.35,4.436860068259386,2.3092689592347986
21313,GLASS HEART T-LIGHT HOLDER,4338.75,5823,258,173,158.0,110.15,2.7133779838571184,2.5387496398732354
21314,SMALL GLASS HEART TRINKET POT,20588.260000000002,10447,711,369,1228.0,2296.8000000000006,11.754570690150283,11.155872327238923
21316,SMALL CHUNKY GLASS ROMAN  BOWL,1008.19,669,34,33,2.0,5.9,0.29895366218236175,0.585207153413543
21317,GLASS SPHERE CANDLE STAND MEDIUM,1181.25,329,64,56,3.0,15.850000000000001,0.911854103343465,1.341798941798942
21318,GLASS CHALICE BLUE SMALL,780.3,936,77,70,32.0,40.06,3.418803418803419,5.133922850185827
21319,GLASS CHALICE GREEN  SMALL,640.26,474,48,44,39.0,56.95,8.227848101265822,8.894823977759037
21320,GLASS CHALICE GREEN  LARGE,726.6600000000001,358,36,31,22.0,52.5,6.145251396648044,7.224836925109404
21321,GLASS CHALICE BLUE  LARGE,245.25,108,13,10,15.0,34.2,13.88888888888889,13.944954128440369
21322,GLASS SPHERE CANDLE STAND LARGE,562.45,299,13,12,0.0,0.0,0.0,0.0
21323,HANGING MEDINA LANTERN LARGE,2201.25,704,54,46,3.0,12.75,0.4261363636363636,0.5792163543441227
21324,HANGING MEDINA LANTERN SMALL,2410.7000000000003,938,126,101,54.0,140.1,5.756929637526652,5.811589994607375
21326,AGED GLASS SILVER T-LIGHT HOLDER,10338.6,17004,532,307,102.0,66.3,0.5998588567395907,0.6412860542046311
21327,SKULLS WRITING SET,2492.4,1512,333,212,0.0,0.0,0.0,0.0
21328,BALLOONS  WRITING SET,2691.4,1632,374,257,0.0,0.0,0.0,0.0
21329,DINOSAURS  WRITING SET,2635.99,1615,369,253,20.0,33.0,1.238390092879257,1.2519015626007686
21330,WOODLAND ANIMAL  WRITING SET,2133.0499999999997,1357,127,101,9.0,14.85,0.6632277081798084,0.696186212231312
21331,MOROCCAN BEATEN METAL DISH LARGE,793.74,104,24,23,3.0,38.25,2.8846153846153846,4.818958349081563
21332,MOROCCAN BEATEN METAL MIRROR,1442.9,262,42,36,21.0,109.75,8.015267175572518,7.606209716543072
21333,CLASSIC WHITE FRAME,2946.65,1007,197,150,18.0,59.02000000000001,1.787487586891758,2.002952505387474
21335,LIBRARY LAMP,754.1999999999999,36,22,17,4.0,84.8,11.11111111111111,11.243701935826042
21336,GOLD WASHBAG,401.64,1788,24,13,865.0,115.27,48.37807606263982,28.699830694153967
21337,SILVER WASHBAG,88.50000000000001,30,9,7,0.0,0.0,0.0,0.0
21338,MARAKESH LANTERN SMALL,848.35,196,11,9,0.0,0.0,0.0,0.0
21339,MARAKESH LANTERN LARGE,544.5,30,12,12,0.0,0.0,0.0,0.0
21340,CLASSIC METAL BIRDCAGE PLANT HOLDER,17888.71,1702,383,249,62.0,670.0999999999999,3.6427732079905994,3.745938080498817
21341,KASBAH LANTERN WITH GLASS,250.8,56,15,15,0.0,0.0,0.0,0.0
21343,GOLD JEWELERY BOX,92.0,20,3,3,2.0,33.9,10.0,36.84782608695652
21344,MOROCCAN BEATEN METAL DISH,707.8000000000001,164,24,21,5.0,37.75,3.048780487804878,5.333427521898841
21347,GOTHIC CARRIAGE LANTERN,47.6,8,4,4,0.0,0.0,0.0,0.0
21348,PINK SPOTS CHOCOLATE NESTING BOXES,1891.2000000000003,816,115,91,31.0,54.25000000000001,3.799019607843137,2.8685490693739424
21349,IVY HEART WREATH,3193.0,492,127,113,8.0,54.0,1.6260162601626018,1.6911994989038521
21350,GINGHAM HEART WREATH,644.8000000000001,224,41,39,2.0,5.9,0.8928571428571428,0.9150124069478908
21351,CINAMMON & ORANGE WREATH,3018.7,986,135,113,25.0,91.95,2.535496957403651,3.046013184483387
21352,EUCALYPTUS & PINECONE  WREATH,2232.7000000000003,742,82,77,11.0,74.25,1.482479784366577,3.3255699377435386
21353,SILVER SLEIGHBELL  WREATH,143.1,18,8,8,0.0,0.0,0.0,0.0
21354,TOAST ITS - BEST MUM,2797.25,2401,169,123,0.0,0.0,0.0,0.0
21355,TOAST ITS - I LOVE YOU,3982.15,3339,278,213,48.0,60.0,1.4375561545372868,1.5067237547555967
21356,TOAST ITS - FAIRY FLOWER,1410.95,1148,177,116,1.0,1.25,0.08710801393728224,0.08859279209043551
21357,TOAST ITS - DINOSAUR,1630.42,1310,164,105,48.0,60.0,3.6641221374045805,3.6800333656358486
21358,TOAST ITS - HAPPY BIRTHDAY,1275.3,1026,158,130,1.0,1.25,0.09746588693957114,0.09801615306202463
21359,RELAX LARGE WOOD LETTERS,1913.9,202,67,57,4.0,39.800000000000004,1.9801980198019802,2.0795234860755527
21360,JOY LARGE WOOD LETTERS,2631.35,433,92,81,2.0,19.9,0.4618937644341801,0.7562657951241758
21361,LOVE LARGE WOOD LETTERS,6422.85,519,250,181,16.0,202.2,3.0828516377649327,3.1481351736378707
21363,HOME SMALL WOOD LETTERS,4509.45,911,331,224,19.0,92.65,2.0856201975850714,2.05457428289481
21364,PEACE SMALL WOOD LETTERS,3031.65,439,144,118,2.0,13.5,0.45558086560364464,0.445302063232893
21365,MIRRORED WALL ART STARS,561.6,444,60,51,0.0,0.0,0.0,0.0
21366,MIRRORED WALL ART PHOTO FRAMES,602.25,153,26,24,0.0,0.0,0.0,0.0
21367,MIRRORED WALL ART GENTS,202.85999999999999,196,45,37,0.0,0.0,0.0,0.0
21368,MIRRORED WALL ART LADIES,171.75,193,39,32,0.0,0.0,0.0,0.0
21369,MIRRORED WALL ART SPLODGES,195.0,128,17,15,0.0,0.0,0.0,0.0
21370,MIRRORED WALL ART FOXY,175.35,48,16,15,0.0,0.0,0.0,0.0
21371,MIRRORED WALL ART POPPIES,389.4,368,41,33,0.0,0.0,0.0,0.0
21372,MIRRORED WALL ART TABLE LAMP,193.23000000000002,141,36,28,0.0,0.0,0.0,0.0
21373,MIRRORED WALL ART SNOWFLAKES,528.15,629,57,52,12.0,9.0,1.9077901430842605,1.7040613462084637
21374,MIRRORED WALL ART SKULLS,700.0,454,61,57,0.0,0.0,0.0,0.0
21375,LARGE CAMPHOR WOOD FIELD MUSHROOM,368.25,93,28,26,0.0,0.0,0.0,0.0
21376,LARGE  TALL CAMPHOR WOOD TOADSTOOL,717.15,171,38,35,0.0,0.0,0.0,0.0
21377,SMALL CAMPHOR WOOD FIELD  MUSHROOM,494.76,444,43,37,24.0,19.200000000000003,5.405405405405405,3.8806694154741703
21378,SMALL TALL CAMPHOR WOOD TOADSTOOL,601.5,522,57,47,0.0,0.0,0.0,0.0
21379,CAMPHOR WOOD PORTOBELLO MUSHROOM,455.27,541,52,43,0.0,0.0,0.0,0.0
21380,WOODEN HAPPY BIRTHDAY GARLAND,13770.150000000001,4877,540,325,582.0,1601.7,11.933565716629076,11.631681572096165
21381,MINI WOODEN HAPPY BIRTHDAY GARLAND,7845.81,4893,376,234,603.0,949.71,12.323727774371552,12.10467752851522
21382,SET/4 SPRING FLOWER DECORATION,1423.2,1132,114,78,8.0,6.0,0.7067137809187279,0.42158516020236086
21383,PACK OF 12 STICKY BUNNIES,1200.9,1866,190,169,62.0,40.3,3.322615219721329,3.3558164709800975
21384,IVORY HANGING DECORATION  BUTTERFLY,1466.81,1733,113,99,0.0,0.0,0.0,0.0
21385,IVORY HANGING DECORATION  HEART,8324.58,10146,505,320,6.0,5.1,0.05913660555884093,0.06126435207542001
21386,IVORY HANGING DECORATION  EGG,596.6899999999999,1097,82,72,0.0,0.0,0.0,0.0
21387,IVORY HANGING DECORATION  RABBIT,21.25,25,4,4,0.0,0.0,0.0,0.0
21388,IVORY HANGING DECORATION  CHICKEN,243.95,287,27,27,0.0,0.0,0.0,0.0
21389,IVORY HANGING DECORATION  BIRD,1826.9299999999998,2153,194,149,30.0,25.5,1.3934045517882026,1.395784184396775
21390,FILIGRIS HEART WITH BUTTERFLY,12849.14,10622,482,280,75.0,93.75,0.7060817171907362,0.7296208150895702
21391,FRENCH EMROIDR LAVENDER SCENT HEART,672.0,320,55,51,3.0,6.300000000000001,0.9375,0.9375000000000001
21391,FRENCH LAVENDER SCENT HEART,861.3,972,77,70,3.0,6.300000000000001,0.30864197530864196,0.7314524555903867
21392,RED POLKADOT PUDDING BOWL,571.17,3708,13,12,3650.0,478.44,98.43581445523193,83.76490361888756
21392,RED SPOTTY PUDDING BOWL,827.04,3818,24,20,3650.0,478.44,95.59979046621268,57.849680789320956
21393,BLUE  SPOTTY PUDDING BOWL,694.08,2672,24,20,2499.0,330.78000000000003,93.52544910179641,47.65733056708161
21393,BLUE POLKADOT PUDDING BOWL,445.05,2564,14,14,2499.0,330.78000000000003,97.46489859594384,74.3242332322211
21394,RED POLKADOT BEAKER,1629.52,3876,116,90,22.0,8.58,0.5675954592363261,0.5265354214738083
21394,RED SPOTTY BEAKER,165.75,85,16,14,22.0,8.58,25.882352941176475,5.176470588235294
21395,BLUE POLKADOT BEAKER,1129.4399999999998,2824,80,64,20.0,23.400000000000002,0.708215297450425,2.07182320441989
21395,BLUE SPOTTY BEAKER,210.6,108,20,18,20.0,23.400000000000002,18.51851851851852,11.111111111111112
21396,RED SPOTTY EGG CUP,1081.53,909,58,45,5.0,6.25,0.5500550055005501,0.5778850332399471
21397,BLUE  SPOTTY EGG CUP,1097.78,922,63,53,12.0,15.0,1.3015184381778742,1.366393995153856
21397,BLUE POLKADOT EGG CUP,537.76,1090,53,51,12.0,15.0,1.1009174311926606,2.789348408211842
21398,RED  SPOTTY COFFEE  MUG,1297.8,692,44,37,2.0,4.2,0.2890173410404624,0.3236245954692557
21398,RED POLKADOT COFFEE  MUG,730.9499999999999,1541,53,47,2.0,4.2,0.12978585334198572,0.5745947055202135
21399,BLUE  SPOTTY  COFFEE MUG,443.1,227,25,23,112.0,45.39,49.33920704845815,10.243737305348679
21399,BLUE POLKADOT COFFEE MUG,989.9399999999999,2113,70,56,112.0,45.39,5.3005205868433505,4.585126371295231
21400,RED PUDDING SPOON,189.54,1027,63,54,12.0,5.04,1.1684518013631937,2.6590693257359925
21401,BLUE PUDDING SPOON,291.06,1388,91,72,0.0,0.0,0.0,0.0
21402,RED  EGG  SPOON,280.98,1589,102,81,1.0,0.42,0.06293266205160479,0.14947683109118085
21403,BLUE EGG  SPOON,440.58,2151,108,80,0.0,0.0,0.0,0.0
21407,BROWN CHECK CAT DOORSTOP,4606.25,1128,329,231,2.0,8.5,0.1773049645390071,0.18453188602442333
21408,SPOTTY PINK DUCK DOORSTOP,2017.34,580,139,114,5.0,21.25,0.8620689655172413,1.0533673054616475
21409,SPOTTY COCKEREL DOORSTOP,4.25,1,1,1,0.0,0.0,0.0,0.0
21410,COUNTRY COTTAGE  DOORSTOP GREEN,1036.75,259,101,81,1.0,4.25,0.3861003861003861,0.40993489269351335
21411,GINGHAM HEART  DOORSTOP RED,7146.39,1943,507,358,8.0,34.0,0.4117344312918168,0.47576468678591566
21412,VINTAGE GOLD TINSEL REEL,111.3,233,42,33,9.0,3.7800000000000002,3.862660944206009,3.39622641509434
21413,PERIWINKLE T-LIGHT HOLDER,1062.1,3134,34,25,0.0,0.0,0.0,0.0
21414,SCALLOP SHELL SOAP DISH,779.4,1614,20,17,1.0,2.1,0.061957868649318466,0.26943802925327176
21415,CLAM SHELL SMALL,613.69,320,56,41,0.0,0.0,0.0,0.0
21416,CLAM SHELL LARGE,572.7,746,17,15,0.0,0.0,0.0,0.0
21417,COCKLE SHELL DISH,702.88,424,58,41,25.0,52.50000000000001,5.89622641509434,7.469269292055544
21418,STARFISH SOAP DISH,375.35,161,35,24,3.0,7.649999999999999,1.8633540372670807,2.0380977754096175
21419,CONCH SHELL,535.8,1252,13,12,0.0,0.0,0.0,0.0
21420,OYSTER TRINKET BOX,295.62,114,25,21,0.0,0.0,0.0,0.0
21421,PORCELAIN ROSE LARGE,2060.55,1767,88,60,6.0,7.5,0.3395585738539898,0.36398049064570137
21422,PORCELAIN ROSE SMALL,2448.36,3056,107,71,4.0,3.4,0.13089005235602094,0.13886846705549835
21424,WOODLAND STORAGE BOX LARGE,1739.5400000000002,782,61,51,58.0,151.9,7.41687979539642,8.732193568414639
21425,SKULLS STORAGE BOX LARGE,928.1400000000001,450,58,41,31.0,91.45000000000002,6.888888888888889,9.85303941215765
21426,WOODLAND STORAGE BOX SMALL,1338.6000000000001,962,51,44,104.0,161.39999999999998,10.81081081081081,12.057373375168083
21427,SKULLS STORAGE BOX SMALL,694.5,441,73,55,16.0,33.6,3.6281179138321997,4.838012958963283
21428,SET3 BOOK BOX GREEN GINGHAM FLOWER,10667.05,2749,363,228,42.0,166.0,1.5278283012004366,1.5561940742754559
21429,RED GINGHAM ROSE JEWELLERY BOX,9907.5,5930,764,418,70.0,120.3,1.1804384485666104,1.214231642694928
21430,SET/3 RED GINGHAM ROSE STORAGE BOX,14719.35,4169,578,323,62.0,222.77999999999997,1.4871671863756297,1.5135179202885995
21431,GREEN GINGHAM FLOWER JEWELLERY BOX,2281.7999999999997,1412,225,167,2.0,3.3,0.141643059490085,0.14462266631606627
21432,SET OF 3 CASES WOODLAND DESIGN,5298.650000000001,927,227,152,23.0,129.35,2.481121898597627,2.4411878497353094
21437,24 HANGING EASTER EGGS FLORAL TUB,2222.1,654,99,88,5.0,18.75,0.764525993883792,0.8437964088024842
21438,TUB 24 HANGING EASTER EGGS SPOTTY,1177.2,360,33,33,4.0,15.0,1.1111111111111112,1.27420998980632
21439,BASKET OF TOADSTOOLS,2576.23,2123,162,112,408.0,432.48,19.218087611869993,16.78732100782927
21440,12 MINI TOADSTOOL PEGS,581.25,465,88,72,2.0,2.5,0.43010752688172044,0.43010752688172044
21441,BLUE BIRDHOUSE DECORATION,540.2099999999999,855,83,67,0.0,0.0,0.0,0.0
21442,GREEN BIRDHOUSE DECORATION,561.67,883,80,66,0.0,0.0,0.0,0.0
21443,OLIVE CHALET BIRDFEEDER,681.25,251,20,18,6.0,22.5,2.3904382470119523,3.302752293577982
21444,BLUE CHALET BIRDFEEDER,763.75,273,20,18,1.0,3.75,0.3663003663003663,0.4909983633387889
21445,12 PINK ROSE PEG PLACE SETTINGS,1733.58,1458,115,88,12.0,15.0,0.823045267489712,0.8652614820198664
21446,12 RED ROSE PEG PLACE SETTINGS,1433.38,1154,182,122,0.0,0.0,0.0,0.0
21447,12 IVORY ROSE PEG PLACE SETTINGS,2882.33,2377,228,149,1.0,1.25,0.04206983592763988,0.043367692110202506
21448,12 DAISY PEGS IN WOOD BOX,1476.75,895,178,132,0.0,0.0,0.0,0.0
21450,DISTRESSED CANDLE STICK WHITE,77.35,13,3,3,10.0,59.5,76.92307692307693,76.92307692307693
21452,TOADSTOOL MONEY BOX,5083.250000000001,1763,328,228,43.0,124.05,2.4390243902439024,2.440367874883194
21454,PAINTED PINK RABBIT,526.15,619,85,78,12.0,10.2,1.938610662358643,1.938610662358643
21455,PAINTED YELLOW WOODEN DAISY,426.7,502,63,60,17.0,14.450000000000001,3.386454183266932,3.386454183266933
21456,2 PICTURE BOOK EGGS EASTER CHICKS,732.5,718,51,42,1.0,1.25,0.1392757660167131,0.17064846416382254
21457,2 PICTURE BOOK EGGS EASTER DUCKS,663.75,663,48,45,0.0,0.0,0.0,0.0
21458,2 PICTURE BOOK EGGS EASTER BUNNY,732.5,718,57,51,0.0,0.0,0.0,0.0
21459,YELLOW EASTER EGG HUNT START POST,465.9,250,37,33,18.0,35.1,7.199999999999999,7.533805537669028
21460,GREEN EASTER EGG HUNT START POST,187.2,96,20,20,8.0,15.6,8.333333333333332,8.333333333333334
21461,BLUE EASTER EGG HUNT START POST,150.15,77,19,17,5.0,9.75,6.493506493506493,6.493506493506493
21462,"NURSERY A,B,C PAINTED LETTERS",2230.15,397,157,131,6.0,40.5,1.5113350125944585,1.8160213438557944
21463,MIRRORED DISCO BALL,7051.150000000001,1320,280,169,73.0,397.35,5.53030303030303,5.6352509874275825
21464,DISCO BALL ROTATOR BATTERY OPERATED,2265.5,534,214,127,21.0,89.25,3.932584269662921,3.9395276980798943
21465,PINK FLOWER CROCHET FOOD COVER,2456.36,695,157,117,2.0,7.5,0.28776978417266186,0.3053298376459476
21466,RED FLOWER CROCHET FOOD COVER,3057.89,823,240,147,0.0,0.0,0.0,0.0
21467,CHERRY CROCHET FOOD COVER,2905.27,951,212,145,5.0,18.75,0.5257623554153523,0.6453789148684976
21468,BUTTERFLY CROCHET FOOD COVER,2136.67,619,118,91,2.0,7.5,0.32310177705977383,0.3510134929586693
21469,POLKA DOT RAFFIA FOOD COVER,3148.16,1091,176,130,50.0,67.5,4.582951420714941,2.1441095751168935
21470,FLOWER VINE RAFFIA FOOD COVER,3687.1800000000003,1011,266,160,9.0,33.75,0.8902077151335311,0.9153336696337038
21471,STRAWBERRY RAFFIA FOOD COVER,4324.95,1225,229,165,4.0,15.0,0.326530612244898,0.3468248187840322
21472,LADYBIRD + BEE RAFFIA FOOD COVER,3669.45,999,235,161,0.0,0.0,0.0,0.0
21473,SWEETHEART CREAM STEEL TABLE RECT,2972.5499999999997,149,86,65,4.0,79.8,2.684563758389262,2.684563758389262
21474,SWEETHEART CREAM STEEL FOLDIN BENCH,4049.85,203,92,69,7.0,139.65,3.4482758620689653,3.4482758620689653
21475,SWEETHEART CREAM STEEL FOLDIN CHAIR,14.95,1,1,1,1.0,14.95,100.0,100.0
21476,STEEL SWEETHEART ROUND TABLE CREAM,1864.0,127,74,53,2.0,29.9,1.574803149606299,1.604077253218884
21477,STRING OF 20 ROSE LIGHTS,2962.5,262,37,35,23.0,257.25,8.778625954198473,8.683544303797468
21478,SILVER SKULL HOT WATER BOTTLE,662.61,179,76,57,1.0,3.75,0.5586592178770949,0.5659437678272287
21479,WHITE SKULL HOT WATER BOTTLE,16917.32,4538,738,410,196.0,677.1800000000001,4.3190832966064345,4.00287988877671
21480,PINK STRIPE HOT WATER BOTTLE,679.5500000000001,245,38,35,6.0,17.700000000000003,2.4489795918367347,2.6046648517401225
21481,FAWN BLUE HOT WATER BOTTLE,21779.5,7526,834,439,802.0,2065.8999999999996,10.656391177252193,9.485525379370507
21482,MUSHROOM BLUE HOT WATER BOTTLE,1889.7500000000002,665,136,104,6.0,17.700000000000003,0.9022556390977444,0.9366318296070909
21484,CHICK GREY HOT WATER BOTTLE,14071.27,4085,676,367,51.0,157.95000000000002,1.2484700122399022,1.1224999591365954
21485,RED SPOT HEART HOT WATER BOTTLE,11031.1,2362,410,282,36.0,178.20000000000002,1.5241320914479255,1.615432731096627
21485,RETROSPOT HEART HOT WATER BOTTLE,23085.53,4895,815,502,36.0,178.20000000000002,0.7354443309499489,0.771912102516165
21486,PINK HEART DOTS HOT WATER BOTTLE,2466.87,841,168,127,1.0,3.75,0.11890606420927466,0.15201449610234832
21488,RED WHITE SCARF  HOT WATER BOTTLE,7914.150000000001,2157,301,216,0.0,0.0,0.0,0.0
21489,BLUE WHITE SCARF HOT WATER BOTTLE,63.2,16,6,6,0.0,0.0,0.0,0.0
21490,SET OF THREE 50'S GIFT WRAPS,1047.6,598,37,36,28.0,54.599999999999994,4.682274247491638,5.211912943871707
21491,SET OF THREE VINTAGE GIFT WRAPS,5167.049999999999,2827,222,184,51.0,99.44999999999999,1.8040325433321542,1.9246959096583156
21493,VINTAGE DESIGN GIFT TAGS,209.95,247,22,22,0.0,0.0,0.0,0.0
21494,ROTATING LEAVES T-LIGHT HOLDER,3655.28,2813,241,147,4.0,5.0,0.14219694276573053,0.1367884266048018
21495,SKULLS AND CROSSBONES WRAP,3695.3,9065,267,150,25.0,10.5,0.27578599007170435,0.28414472437961735
21495,SKULLS WRAP,1403.0,3350,108,89,25.0,10.5,0.7462686567164178,0.7483962936564506
21496,WOODLAND CREATURES  WRAP,10.5,25,1,1,25.0,10.5,100.0,100.0
21497,FANCY FONTS BIRTHDAY WRAP,6957.0,17450,483,330,0.0,0.0,0.0,0.0
21498,RED RETROSPOT WRAP,5724.24,14022,438,300,100.0,42.0,0.7131650263871059,0.7337218565259319
21498,RED SPOTS  WRAP,5105.0,12650,361,263,100.0,42.0,0.7905138339920948,0.8227228207639569
21499,BLUE POLKADOT WRAP,3493.5,8675,262,200,225.0,82.5,2.5936599423631126,2.3615285530270502
21499,BLUE SPOTS  WRAP,2555.0,6350,196,152,225.0,82.5,3.543307086614173,3.2289628180039136
21500,PINK POLKADOT WRAP,3298.5,8125,260,191,0.0,0.0,0.0,0.0
21500,PINK SPOTS  WRAP,3102.5,7725,229,167,0.0,0.0,0.0,0.0
21503,TOYBOX  WRAP,740.42,1801,64,57,1.0,0.42,0.055524708495280406,0.056724561735231355
21504,SKULLS GREETING CARD,1942.68,4838,284,158,12.0,5.04,0.24803637866887143,0.25943541911174256
21506,"FANCY FONT BIRTHDAY CARD,",4186.92,10430,544,310,60.0,25.2,0.5752636625119847,0.6018744088733483
21507,ELEPHANT BIRTHDAY CARD,449.88,1080,72,63,24.0,10.08,2.2222222222222223,2.2405974926647105
21507,"ELEPHANT, BIRTHDAY CARD,",2782.92,6890,398,230,24.0,10.08,0.3483309143686502,0.3622094778146695
21508,VINTAGE KID DOLLY CARD,2611.57,6472,409,215,12.0,5.04,0.1854140914709518,0.1929873600937367
21509,COWBOYS AND INDIANS BIRTHDAY CARD,3396.07,8455,498,264,24.0,10.08,0.2838557066824364,0.2968136699184646
21511,VINTAGE COLLAGE  GREETING  CARD,16.8,40,2,1,0.0,0.0,0.0,0.0
21518,BANK ACCOUNT  GREETING  CARD,416.64,1016,70,58,0.0,0.0,0.0,0.0
21519,GIN & TONIC DIET GREETING CARD,2868.66,7017,436,181,36.0,15.120000000000001,0.5130397605814451,0.5270753592269561
21520,BOOZE & WOMEN GREETING CARD,368.04,890,68,61,2.0,0.84,0.22471910112359553,0.228236061297685
21523,DOOR MAT FANCY FONT HOME SWEET HOME,7415.39,1117,193,123,6.0,47.54,0.5371530886302597,0.6410991195338344
21523,DOORMAT FANCY FONT HOME SWEET HOME,29691.95,4825,572,271,6.0,47.54,0.1243523316062176,0.16011073708530427
21523,FANCY FONT HOME SWEET HOME DOORMAT,3822.5,622,128,76,6.0,47.54,0.964630225080386,1.2436886854153042
21524,DOOR MAT SPOTTY HOME SWEET HOME,10121.69,1733,256,170,7.0,56.39,0.4039238315060588,0.5571204018301291
21524,DOORMAT SPOTTY HOME SWEET HOME,19215.5,2671,636,355,7.0,56.39,0.2620741295394983,0.29346100804038405
21524,SPOTTY  HOME SWEET HOME DOORMAT,3785.5,650,108,86,7.0,56.39,1.0769230769230769,1.489631488574825
21525,BEWARE OF THE CAT DOORMAT,13.5,2,2,1,2.0,13.5,100.0,100.0
21527,RED RETROSPOT TRADITIONAL TEAPOT,15892.74,2266,508,280,171.0,1333.48,7.546337157987644,8.390497799624232
21527,RETRO SPOT TRADITIONAL TEAPOT,7149.0,960,221,150,171.0,1333.48,17.8125,18.652678696321164
21528,DAIRY MAID TRADITIONAL TEAPOT,4937.650000000001,831,215,145,32.0,213.39999999999995,3.850782190132371,4.321894018409566
21529,RED RETROSPOT TOASTRACK,349.8,104,35,32,8.0,27.599999999999998,7.6923076923076925,7.890222984562606
21529,RETRO SPOT CERAMIC TOASTRACK,1199.1000000000001,358,80,69,8.0,27.599999999999998,2.2346368715083798,2.3017262947210404
21530,DAIRY MAID CERAMIC TOASTRACK,165.20000000000002,56,16,13,64.0,57.04,114.28571428571428,34.52784503631961
21530,DAIRY MAID TOASTRACK,989.72,860,114,88,64.0,57.04,7.441860465116279,5.763246170634118
21531,RED RETROSPOT SUGAR JAM BOWL,7179.0,3026,471,267,37.0,92.55,1.2227362855254462,1.2891767655662347
21531,RETRO SPOT SUGAR JAM BOWL,2034.75,853,141,105,37.0,92.55,4.337631887456038,4.548470328050129
21532,DAIRY MAID SUGAR JAM BOWL,1358.3999999999999,1372,76,58,16.0,33.6,1.1661807580174928,2.473498233215548
21533,RETRO SPOT LARGE MILK JUG,7561.6,1600,452,263,80.0,375.0,5.0,4.959267879813796
21533,RETROSPOT LARGE MILK JUG,7592.85,1595,393,251,80.0,375.0,5.015673981191222,4.938856950947272
21534,DAIRY MAID LARGE MILK JUG,4071.75,851,295,199,29.0,143.55,3.4077555816686247,3.5255111438570643
21535,RED RETROSPOT SMALL MILK JUG,11908.050000000001,4943,713,379,88.0,223.05,1.7802953671859194,1.873102649048333
21535,RETRO SPOT SMALL MILK JUG,3969.15,1637,243,171,88.0,223.05,5.3756872327428225,5.619591096330448
21536,DAIRY MAID  SMALL  MILK JUG,451.5,215,55,42,7.0,14.7,3.255813953488372,3.255813953488372
21537,RED RETROSPOT PUDDING BOWL,2862.5,686,162,133,64.0,247.0,9.329446064139942,8.62882096069869
21537,RETRO SPOTS PUDDING BOWL,1162.25,281,64,53,64.0,247.0,22.77580071174377,21.251882125188214
21538,DAIRY MAID  PUDDING BOWL,1860.0,1296,44,40,2.0,7.5,0.15432098765432098,0.4032258064516129
21539,RED RETROSPOT BUTTER DISH,8297.550000000001,1745,438,235,70.0,334.31,4.011461318051576,4.029020614518743
21539,RETRO SPOTS BUTTER DISH,3793.5,830,147,111,70.0,334.31,8.433734939759036,8.812705944378543
21540,DAIRY MAID BUTTER DISH,1758.25,1193,34,31,20.0,81.5,1.6764459346186085,4.635290772074506
21540,DAIRY MAID CERAMIC BUTTER DISH,437.25,105,39,27,20.0,81.5,19.047619047619047,18.639222412807317
21541,DINOSAURS WATER TRANSFER TATTOOS,1469.8999999999999,1782,147,119,19.0,16.15,1.0662177328843996,1.0987141982447786
21542,WOODLAND WATER TRANSFER TATTOOS,1443.3999999999999,1748,145,112,70.0,59.5,4.004576659038902,4.122211445198837
21543,BUTTERFLY WATER TRANSFER TATTOOS,186.95,267,13,13,0.0,0.0,0.0,0.0
21544,SKULLS  WATER TRANSFER TATTOOS,4599.5,5750,366,229,24.0,20.4,0.41739130434782606,0.44352647026850744
21545,CERAMIC BIRDHOUSE BUTTERFLY SMALL,1527.05,678,64,52,2.0,5.9,0.2949852507374631,0.38636586883206187
21547,CERAMIC BIRDHOUSE CRESTED TIT SMALL,1662.45,684,90,69,2.0,5.9,0.29239766081871343,0.3548978916659148
21548,CERAMIC BIRDHOUSE FINCH BLUE ROOF,1535.6000000000001,641,77,55,15.0,44.25,2.3400936037441498,2.881609794217244
21549,CERAMIC BIRDHOUSE RED ROOF SMALL,1222.8500000000001,539,44,36,7.0,20.65,1.2987012987012987,1.6886780880729442
21550,CERAMIC BIRDHOUSE CRESTED TIT LARGE,1437.75,285,56,42,1.0,5.95,0.3508771929824561,0.4138410711180664
21551,CERAMIC BIRDHOUSE BUTTERFLY LARGE,772.95,165,19,16,0.0,0.0,0.0,0.0
21552,CERAMIC BIRDHOUSE BLACK ROSE  LARGE,805.6500000000001,162,32,25,3.0,17.85,1.8518518518518516,2.2156023086948426
21553,CERAMIC BIRDHOUSE FINCH BLUE  LARGE,393.6,75,27,24,1.0,5.95,1.3333333333333335,1.5116869918699185
21554,CERAMIC BIRDHOUSE RED ROOF LARGE,729.85,163,19,17,3.0,17.85,1.8404907975460123,2.445708022196342
21555,CERAMIC STRAWBERRY TRINKET TRAY,784.2,316,51,38,1.0,2.55,0.31645569620253167,0.32517214996174443
21556,CERAMIC STRAWBERRY MONEY BOX,3281.1,1370,174,132,4.0,10.2,0.291970802919708,0.31087135411904543
21557,SET OF 6 FUNKY BEAKERS,1758.39,609,133,71,1.0,2.95,0.16420361247947454,0.16776710513594822
21558,SKULL LUNCH BOX WITH CUTLERY,8643.6,3630,490,253,109.0,232.95000000000002,3.002754820936639,2.6950576148826877
21558,SKULL LUNCHBOX WITH CUTLERY,592.5,250,42,32,109.0,232.95000000000002,43.6,39.31645569620253
21559,STRAWBERRY LUNCH BOX WITH CUTLERY,15232.34,6418,798,353,34.0,86.24999999999999,0.5297600498597694,0.5662294827977841
21559,STRAWBERRY LUNCHBOX WITH CUTLERY,3236.7,1402,153,113,34.0,86.24999999999999,2.4251069900142657,2.6647511354157007
21561,DINOSAUR LUNCH BOX WITH CUTLERY,5493.93,2320,342,208,3.0,7.6499999999999995,0.12931034482758622,0.13924458447777818
21561,DINOSAUR LUNCHBOX WITH CUTLERY,1327.8,544,99,82,3.0,7.6499999999999995,0.5514705882352942,0.5761409850881156
21562,HAWAIIAN GRASS SKIRT,926.71,664,63,47,0.0,0.0,0.0,0.0
21563,RED HEART SHAPE LOVE BUCKET,6408.870000000001,2701,302,180,19.0,52.050000000000004,0.7034431691965939,0.8121556530246361
21564,PINK  HEART SHAPE LOVE BUCKET,4237.47,1897,254,134,11.0,31.650000000000002,0.5798629414865577,0.7469079427110988
21576,LETS GO SHOPPING COTTON TOTE BAG,1333.67,601,144,118,9.0,20.25,1.497504159733777,1.5183666124303612
21577,SAVE THE PLANET COTTON TOTE BAG,4648.5,2210,330,241,16.0,36.0,0.7239819004524887,0.7744433688286544
21578,WOODLAND DESIGN  COTTON TOTE BAG,4275.0,1908,276,184,10.0,22.5,0.5241090146750524,0.5263157894736842
21579,LOLITA  DESIGN  COTTON TOTE BAG,1340.15,959,91,80,17.0,38.25,1.7726798748696557,2.8541581166287355
21580,RABBIT  DESIGN  COTTON TOTE BAG,794.25,361,89,76,6.0,13.5,1.662049861495845,1.69971671388102
21581,SKULLS  DESIGN  COTTON TOTE BAG,1484.1499999999999,1027,128,104,20.0,45.0,1.9474196689386565,3.032038540578783
21582,KINGS CHOICE SMALL TUBE MATCHES,193.04999999999998,117,16,15,0.0,0.0,0.0,0.0
21584,RETRO SPOT SMALL TUBE MATCHES,3176.85,2001,128,113,27.0,44.55,1.3493253373313343,1.4023324991737096
21584,RETROSPOT SMALL TUBE MATCHES,2881.65,1761,219,165,27.0,44.55,1.5332197614991483,1.5459892769767318
21585,SWALLOW SMALL TUBE MATCHES,1.65,1,1,1,0.0,0.0,0.0,0.0
21586,KINGS CHOICE GIANT TUBE MATCHES,5977.950000000001,2567,236,172,37.0,94.35000000000001,1.4413712504869498,1.5783002534313602
21587,COSY HOUR GIANT TUBE MATCHES,5127.15,2053,255,207,6.0,15.3,0.2922552362396493,0.29841139814516837
21588,RETRO SPOT GIANT  TUBE MATCHES,3034.9500000000003,1295,102,85,25.0,63.75,1.9305019305019304,2.1005288390253547
21588,RETROSPOT GIANT TUBE MATCHES,4713.6,2056,182,127,25.0,63.75,1.2159533073929962,1.352469450101833
21589,SWALLOW GIANT TUBE MATCHES,2573.25,1115,86,73,12.0,30.6,1.0762331838565022,1.1891576799766832
21590,KINGS CHOICE CIGAR BOX MATCHES,4128.78,3438,280,203,26.0,32.5,0.7562536358347877,0.787157465401402
21591,COSY HOUR CIGAR BOX MATCHES,4124.33,3325,356,264,54.0,67.5,1.62406015037594,1.6366294646645636
21592,RETRO SPOT  CIGAR BOX MATCHES,3648.25,3101,187,157,24.0,30.0,0.7739438890680426,0.8223120674295895
21592,RETROSPOT CIGAR BOX MATCHES,2885.46,2760,279,195,24.0,30.0,0.8695652173913043,1.0396955771350147
21593,SWALLOW CIGAR BOX MATCHES,1628.06,1390,93,69,24.0,30.0,1.7266187050359711,1.8426839305676697
21609,SET 12 LAVENDER  BOTANICAL T-LIGHTS,4127.450000000001,1487,207,142,0.0,0.0,0.0,0.0
21610,SET 12 PEAR BOTANICAL T-LIGHTS,1493.3500000000001,529,87,72,0.0,0.0,0.0,0.0
21611,SET OF 12 LILY BOTANICAL T-LIGHTS,2110.65,735,134,93,6.0,17.700000000000003,0.8163265306122449,0.8386042214483691
21612,SET 12 WILDFLOWER BOTANICAL T-LIGHT,1912.6000000000001,676,97,76,6.0,17.700000000000003,0.8875739644970414,0.9254418069643419
21613,S/12 VANILLA  BOTANICAL T-LIGHTS,1802.6000000000001,620,135,111,0.0,0.0,0.0,0.0
21614,SET OF 12 ROSE BOTANICAL T-LIGHTS,4452.650000000001,1607,178,123,131.0,336.05,8.151835718730553,7.5471909986188
21615,4 LAVENDER BOTANICAL DINNER CANDLES,2154.5,1116,134,115,0.0,0.0,0.0,0.0
21616,4 PEAR BOTANICAL DINNER CANDLES,2241.25,1081,155,126,0.0,0.0,0.0,0.0
21617,4 LILY  BOTANICAL DINNER CANDLES,1970.0,778,142,102,0.0,0.0,0.0,0.0
21618,4 WILDFLOWER BOTANICAL CANDLES,1519.0,594,98,86,0.0,0.0,0.0,0.0
21619,4 VANILLA BOTANICAL CANDLES,1832.5,1052,168,138,0.0,0.0,0.0,0.0
21620,S/4 ROSE    BOTANICAL  CANDLE,469.5,126,37,33,6.0,22.5,4.761904761904762,4.792332268370607
21620,SET OF 4 ROSE BOTANICAL CANDLES,1481.25,873,142,113,6.0,22.5,0.6872852233676976,1.5189873417721518
21621,VINTAGE UNION JACK BUNTING,54432.62,6497,1121,583,64.0,544.0,0.9850700323226105,0.9994007269905436
21622,VINTAGE UNION JACK CUSHION COVER,18495.47,3517,550,329,43.0,212.85000000000002,1.2226329257890247,1.1508223364964503
21623,VINTAGE UNION JACK MEMOBOARD,44785.83,6125,499,311,56.0,499.19999999999993,0.9142857142857144,1.1146382683987321
21624,VINTAGE UNION JACK DOORSTOP,9987.98,1710,350,281,25.0,128.75,1.461988304093567,1.2890494374237833
21625,VINTAGE UNION JACK APRON,5630.64,838,245,186,0.0,0.0,0.0,0.0
21626,VINTAGE UNION JACK PENNANT,2759.25,1415,159,136,60.0,117.0,4.240282685512367,4.240282685512367
21627,ELEPHANT CARNIVAL POUFFE,1837.8999999999999,130,54,31,6.0,78.7,4.615384615384616,4.2820610479351435
21628,TRIANGULAR POUFFE VINTAGE,1494.5,106,40,24,4.0,59.8,3.7735849056603774,4.001338240214118
21629,SQUARE FLOOR CUSHION VINTAGE PINK,39.75,5,3,3,1.0,7.95,20.0,20.0
21629,SQUARE FLOOR CUSHION VINTAGE RED,753.2,96,46,25,1.0,7.95,1.0416666666666665,1.0554965480616039
21630,FLOOR CUSHION ELEPHANT CARNIVAL,908.8,104,47,21,4.0,35.8,3.8461538461538463,3.939260563380281
21631,HIPPY CHIC DECORATIVE PARASOL,1412.1000000000001,206,42,38,0.0,0.0,0.0,0.0
21632,VINTAGE PINK DECORATIVE PARASOL,772.5,102,32,30,1.0,12.75,0.9803921568627451,1.650485436893204
21633,SUNFLOWER DECORATIVE PARASOL,1038.45,127,34,32,2.0,25.5,1.574803149606299,2.455582839809331
21634,ASSORTED MINI MADRAS NOTEBOOK,1425.1,1718,49,42,121.0,151.25,7.043073341094296,10.613290295417867
21635,MADRAS NOTEBOOK LARGE,836.25,395,39,35,12.0,45.0,3.0379746835443036,5.381165919282512
21636,MADRAS NOTEBOOK MEDIUM,934.05,1003,88,74,12.0,30.6,1.1964107676969093,3.2760558856592263
21637,ASSORTED SANSKRIT MINI NOTEBOOK,1537.78,1274,45,40,18.0,22.5,1.4128728414442702,1.4631481746413662
21638,ASSORTED TUTTI FRUTTI NOTEBOOK,2062.2000000000003,982,118,84,8.0,16.8,0.8146639511201629,0.8146639511201629
21639,ASSORTED TUTTI FRUTTI KEYRING,211.64999999999998,249,13,12,8.0,6.8,3.2128514056224895,3.2128514056224904
21640,ASSORTED TUTTI FRUTTI  FOB NOTEBOOK,1689.2199999999998,2002,135,99,0.0,0.0,0.0,0.0
21641,ASSORTED TUTTI FRUTTI KEYRING BALL,741.1299999999999,1541,48,43,0.0,0.0,0.0,0.0
21642,ASSORTED TUTTI FRUTTI PEN,2270.85,4217,184,150,266.0,172.33999999999995,6.307801754801992,7.5892287029086
21643,ASSORTED TUTTI FRUTTI MIRROR,1627.2,1320,103,76,14.0,17.5,1.0606060606060608,1.0754670599803344
21644,ASSORTED TUTTI FRUTTI HEART BOX,1257.5,1006,116,72,28.0,35.0,2.783300198807157,2.783300198807157
21645,ASSORTED TUTTI FRUTTI ROUND BOX,1549.35,939,114,85,30.0,49.5,3.1948881789137378,3.1948881789137378
21647,ASSORTED TUTTI FRUTTI LARGE PURSE,1654.8000000000002,788,109,91,4.0,8.4,0.5076142131979695,0.5076142131979695
21648,ASSORTED TUTTI FRUTTI SMALL PURSE,3141.88,2612,120,96,256.0,274.4,9.80091883614089,8.73362445414847
21649,ASSORTED TUTTI FRUTTI PHOTO FRAME,1120.75,413,23,19,4.0,11.8,0.9685230024213075,1.0528663841177783
21650,ASSORTED TUTTI FRUTTI BRACELET,826.99,2791,101,84,28.0,7.16,1.0032246506628448,0.8657903964981438
21651,HANGING GLASS ETCHED TEALIGHT,2060.25,1301,107,81,0.0,0.0,0.0,0.0
21652,GLASS ETCHED T-LIGHT HOLDER MEDIUM,1625.85,867,72,64,21.0,40.949999999999996,2.422145328719723,2.5186825352892335
21653,GLASS ETCHED T-LIGHT HOLDER LARGE,2397.3,1203,100,75,7.0,14.7,0.5818786367414797,0.6131898385683894
21654,RIDGED GLASS FINGER BOWL,696.2099999999999,1129,62,53,0.0,0.0,0.0,0.0
21655,HANGING RIDGE GLASS T-LIGHT HOLDER,2024.7,1302,70,56,128.0,201.92,9.831029185867896,9.972835481799772
21656,RIDGED GLASS POSY VASE,1132.85,821,83,66,2.0,2.9,0.24360535931790497,0.25599152579776674
21657,MILK BOTTLE WITH GLASS STOPPER,1534.7,226,92,76,5.0,34.75,2.2123893805309733,2.2642861797093894
21658,GLASS  BEURRE DISH,7590.450000000001,2007,345,166,90.0,351.4399999999999,4.484304932735426,4.630028522683107
21659,GLASS CAKE STAND,1591.7,110,56,45,4.0,59.8,3.6363636363636362,3.75698938242131
21661,VINTAGE GLASS TEA CADDY,1279.0500000000002,219,78,55,6.0,35.2,2.73972602739726,2.752042531566397
21662,VINTAGE GLASS COFFEE CADDY,1380.1000000000001,238,78,58,4.0,23.8,1.680672268907563,1.7245127164698208
21663,VINTAGE GLASS SUGAR CADDY,404.55,69,25,21,7.0,41.650000000000006,10.144927536231885,10.295389939438884
21664,RIDGED GLASS STORAGE JAR CREAM LID,825.3299999999999,227,54,44,7.0,26.25,3.0837004405286343,3.180545963432809
21665,TRIANGULAR RIDGED GLASS POSY HOLDER,475.1,766,40,35,0.0,0.0,0.0,0.0
21666,RIDGED GLASS T-LIGHT HOLDER,1011.5000000000001,1678,68,49,3.0,1.9500000000000002,0.17878426698450536,0.19278299555116163
21667,GLASS CAKE COVER AND PLATE,5272.549999999999,329,141,119,25.0,393.74999999999994,7.598784194528875,7.467923490531147
21668,RED STRIPE CERAMIC DRAWER KNOB,11446.75,9391,614,255,87.0,106.41999999999999,0.9264189117239912,0.9296962019787275
21669,BLUE STRIPE CERAMIC DRAWER KNOB,12115.21,9897,639,262,106.0,147.32,1.0710316257451753,1.2159921289024294
21670,BLUE SPOT CERAMIC DRAWER KNOB,9894.93,8061,580,260,72.0,100.0,0.8931894305917379,1.010618569307716
21671,RED SPOT CERAMIC DRAWER KNOB,10762.47,8931,568,265,170.0,237.30999999999997,1.903482252827231,2.2049771102730134
21672,WHITE SPOT RED CERAMIC DRAWER KNOB,12354.22,10290,625,278,62.0,81.3,0.6025267249757046,0.6580747307397796
21673,WHITE SPOT BLUE CERAMIC DRAWER KNOB,11022.43,9171,563,263,103.0,143.95,1.123105441064224,1.3059733652198289
21674,RIDGED GLASS PENDANT LAMPSHADE,680.8499999999999,43,9,8,0.0,0.0,0.0,0.0
21675,BUTTERFLIES STICKERS,1336.9099999999999,1571,160,124,12.0,10.2,0.7638446849140674,0.7629533775646828
21676,FLOWERS  STICKERS,787.3599999999999,1102,98,75,0.0,0.0,0.0,0.0
21677,HEARTS  STICKERS,1677.83,1973,197,144,36.0,30.599999999999998,1.824632539280284,1.82378429280678
21678,PAISLEY PATTERN  STICKERS,358.78999999999996,515,46,39,0.0,0.0,0.0,0.0
21679,SKULLS  STICKERS,3756.47,4691,268,181,900.0,652.6800000000001,19.18567469622682,17.374822639339595
21680,WOODLAND  STICKERS,2179.3199999999997,2652,149,110,30.0,25.5,1.1312217194570136,1.1700897527669183
21681,GIANT MEDINA STAMPED METAL BOWL,2164.2,228,74,62,3.0,29.849999999999998,1.3157894736842104,1.3792625450512892
21682,LARGE MEDINA STAMPED METAL BOWL,2667.21,548,141,116,4.0,19.8,0.7299270072992701,0.7423487464429123
21683,MEDIUM MEDINA STAMPED METAL BOWL,2607.7000000000003,910,132,96,1.0,2.95,0.10989010989010989,0.11312650995129808
21684,SMALL MEDINA STAMPED METAL BOWL,1258.01,1656,88,65,13.0,11.049999999999999,0.785024154589372,0.8783713960938306
21685,MEDINA STAMPED METAL TRAY,44.849999999999994,3,2,2,1.0,14.95,33.33333333333333,33.333333333333336
21686,MEDINA STAMPED METAL STOOL,2296.9500000000003,61,29,10,7.0,249.64999999999998,11.475409836065573,10.868760747948365
21687,SILVER PLATE CANDLE BOWL LARGE,1619.58,446,78,55,1.0,3.75,0.2242152466367713,0.23154151076204946
21688,SILVER PLATE CANDLE BOWL SMALL,2507.5000000000005,850,108,97,6.0,17.700000000000003,0.7058823529411765,0.7058823529411765
21689,SILVER VANILLA  FLOWER CANDLE POT,1226.31,337,55,49,0.0,0.0,0.0,0.0
21690,SILVER  CANDLEPOT JARDIN,929.2,248,75,65,0.0,0.0,0.0,0.0
21691,SILVER VANILLA FLOWER CANDLE POT,898.56,240,66,56,0.0,0.0,0.0,0.0
21692,SILVER LATTICE VANILLA CANDLE POT,1830.03,493,104,81,4.0,15.0,0.8113590263691683,0.8196586941197687
21693,SMALL HAMMERED SILVER CANDLEPOT,2387.1000000000004,810,99,84,0.0,0.0,0.0,0.0
21694,SMALL REGAL  SILVER CANDLEPOT,1516.2000000000003,540,61,51,0.0,0.0,0.0,0.0
21695,SMALL SILVER FLOWER CANDLE POT,1677.8000000000002,572,75,65,1.0,2.95,0.17482517482517482,0.17582548575515555
21696,SMALL SILVER TRELLIS CANDLEPOT,2165.3,734,95,80,30.0,88.50000000000001,4.087193460490464,4.087193460490464
21697,SET 5 MINI DOUGHNUT FRIDGE MAGNET,295.08000000000004,372,7,6,0.0,0.0,0.0,0.0
21698,MOCK LOBSTER FRIDGE MAGNET,268.34,450,48,38,0.0,0.0,0.0,0.0
21699,SET 5 MINI CHOCOLATE FRIDGE MAGNETS,82.44,108,3,2,0.0,0.0,0.0,0.0
21700,BIG DOUGHNUT FRIDGE MAGNETS,4786.83,5727,325,186,121.0,102.85,2.112799022175659,2.1486035643630546
21702,SET 5 MINI GATEAUX  FRIDGE MAGNETS,918.6800000000001,2636,8,5,0.0,0.0,0.0,0.0
21703,BAG 125g SWIRLY MARBLES,5416.09,14289,452,293,171.0,71.82,1.1967247533067393,1.3260488655099896
21704,BAG 250g SWIRLY MARBLES,12750.539999999999,16824,464,287,702.0,512.0699999999999,4.172610556348074,4.0160652019443885
21705,BAG 500g SWIRLY MARBLES,2883.21,2401,183,142,26.0,41.5,1.0828821324448146,1.439367926720565
21706,"FOLDING UMBRELLA , RED/WHITE SPOT",2799.0,900,90,73,30.0,148.5,3.3333333333333335,5.305466237942122
21706,FOLDING UMBRELLA RED/WHITE POLKADOT,1535.53,310,94,70,30.0,148.5,9.67741935483871,9.670927953214852
21707,"FOLDING UMBRELLA , BLACK/BLUE  SPOT",3015.6,768,62,54,0.0,0.0,0.0,0.0
21707,FOLDING UMBRELLA BLACKBLUE POLKADOT,918.02,184,70,61,0.0,0.0,0.0,0.0
21708,FOLDING UMBRELLA  CREAM/MULTI  SPOT,1193.4,372,47,43,4.0,19.8,1.0752688172043012,1.6591251885369533
21708,FOLDING UMBRELLA CREAM POLKADOT,875.5000000000001,178,42,36,4.0,19.8,2.247191011235955,2.261564820102798
21709,FOLDING UMBRELLA  CHOC/WHITE  SPOT,2023.8,524,40,35,0.0,0.0,0.0,0.0
21709,FOLDING UMBRELLA CHOCOLATE POLKADOT,573.61,116,39,38,0.0,0.0,0.0,0.0
21710,FOLDING UMBRELLA  PINK/WHITE  SPOT,1493.1000000000001,578,43,40,7.0,34.65,1.2110726643598615,2.3206751054852317
21710,FOLDING UMBRELLA PINKWHITE POLKADOT,570.8100000000001,116,44,42,7.0,34.65,6.0344827586206895,6.07032112261523
21711,FOLDING UMBRELLA  WHITE/RED  SPOT,922.05,259,26,24,0.0,0.0,0.0,0.0
21711,FOLDING UMBRELLA WHITE/RED POLKADOT,489.40000000000003,100,28,27,0.0,0.0,0.0,0.0
21713,CITRONELLA CANDLE FLOWERPOT,4472.25,2565,325,232,128.0,233.00000000000006,4.990253411306043,5.209905528537091
21714,CITRONELLA CANDLE GARDEN POT,3707.37,3357,322,230,70.0,70.1,2.0851951146857313,1.8908282690964215
21715,GIRLS VINTAGE TIN SEASIDE BUCKET,7566.87,3229,317,255,33.0,69.75,1.0219882316506659,0.9217813970637794
21716,BOYS VINTAGE TIN SEASIDE BUCKET,7744.58,3336,306,241,10.0,25.5,0.2997601918465228,0.32926252940766315
21717,EASTER TIN BUCKET,3355.95,1405,143,122,9.0,22.95,0.6405693950177936,0.6838600098332812
21718,RED METAL BEACH SPADE,4412.57,3691,308,223,52.0,65.0,1.4088322947710648,1.4730644499690657
21719,LOVELY BONBON STICKER SHEET,698.8399999999999,824,92,69,0.0,0.0,0.0,0.0
21720,CAKE SHOP  STICKER SHEET,854.99,1023,87,73,12.0,10.2,1.1730205278592376,1.1929964093147287
21721,CANDY SHOP  STICKER SHEET,851.13,1005,89,73,2.0,1.7,0.1990049751243781,0.19973447064490735
21722,SWEET PUDDING STICKER SHEET,239.7,282,40,33,3.0,2.55,1.0638297872340425,1.0638297872340425
21723,ALPHABET HEARTS STICKER SHEET,685.9499999999999,807,93,66,0.0,0.0,0.0,0.0
21724,PANDA AND BUNNIES STICKER SHEET,778.5999999999999,916,126,81,2.0,1.7,0.21834061135371177,0.21834061135371183
21725,SWEETIES  STICKERS,889.9499999999999,1047,109,81,2.0,1.7,0.19102196752626552,0.19102196752626555
21726,MULTI HEARTS  STICKERS,869.3,1038,127,93,2.0,1.7,0.1926782273603083,0.19555964569193604
21728,METAL MEDINA LANTERN,2670.6,294,36,33,2.0,25.5,0.6802721088435374,0.9548416086272749
21729,SMALL MARAKESH METAL  LANTERN,354.5,114,23,19,0.0,0.0,0.0,0.0
21730,GLASS STAR FROSTED T-LIGHT HOLDER,4952.09,1047,259,155,35.0,172.54999999999995,3.3428844317096464,3.484387400067445
21731,RED TOADSTOOL LED NIGHT LIGHT,41824.26,27102,1043,415,990.0,1457.9,3.652866947088776,3.4857759587378236
21732,RED HANGING METAL STAR TLIGHT HLDR,3199.17,923,56,50,3.0,10.530000000000001,0.3250270855904659,0.32914787272948925
21733,RED HANGING HEART T-LIGHT HOLDER,48850.6,17228,1631,744,423.0,1102.25,2.4553053169259345,2.2563694202323
21734,SMALL MARAKESH LANTERN ON STICK,206.25,55,14,14,6.0,22.5,10.909090909090908,10.909090909090908
21735,TWO DOOR CURIO CABINET,8960.1,765,202,139,224.0,2535.6,29.28104575163399,28.29879130813272
21736,GOLD SCROLL GLASS T-LIGHT HOLDER,343.02,178,22,22,3.0,1.17,1.6853932584269662,0.34108798320797623
21737,SET 3 WICKER LOG BASKETS,7320.15,397,163,118,0.0,0.0,0.0,0.0
21738,COSY SLIPPER SHOES SMALL  RED,1119.5,386,103,89,5.0,14.75,1.2953367875647668,1.3175524787851718
21739,COSY SLIPPER SHOES SMALL GREEN,1064.5900000000001,364,100,83,1.0,2.95,0.27472527472527475,0.2771019829230032
21740,COSY SLIPPER SHOES LARGE RED,483.80000000000007,164,48,44,0.0,0.0,0.0,0.0
21741,COSY SLIPPER SHOES LARGE GREEN,1803.9000000000003,618,132,108,1.0,2.55,0.16181229773462785,0.14136038583070012
21742,LARGE ROUND WICKER PLATTER,2552.55,429,189,156,0.0,0.0,0.0,0.0
21743,STAR PORTABLE TABLE LIGHT,3433.55,1229,139,117,59.0,174.05000000000004,4.800650935720097,5.069097581220603
21744,SNOWFLAKE PORTABLE TABLE LIGHT,2134.0400000000004,708,154,131,6.0,17.700000000000003,0.847457627118644,0.8294127570242357
21745,GAOLERS KEYS DECORATIVE GARDEN,8980.54,2670,460,236,19.0,71.25,0.7116104868913857,0.7933821351500021
21746,SMALL RED RETROSPOT WINDMILL,5819.32,4896,329,203,58.0,72.5,1.184640522875817,1.2458500305877662
21746,SMALL RED SPOT  WINDMILL,886.46,742,52,45,58.0,72.5,7.816711590296496,8.178598019087154
21747,SMALL SKULL WINDMILL,2289.03,1983,128,83,126.0,136.98000000000002,6.354009077155824,5.984194178320075
21749,LARGE RED RETROSPOT WINDMILL,4941.0,2560,181,133,744.0,1381.8999999999999,29.062500000000004,27.968022667476216
21749,LARGE RED SPOT WINDMILL,5390.4,2894,34,30,744.0,1381.8999999999999,25.70836212854181,25.636316414366277
21750,LARGE SKULL WINDMILL,601.2,292,51,43,1.0,2.1,0.3424657534246575,0.34930139720558884
21752,GLASS CAKE STAND MIRRORED BASE,972.6,68,30,28,7.0,104.65,10.294117647058822,10.75981904174378
21754,HOME BUILDING BLOCK WORD,42453.11,7231,1831,682,39.0,231.64999999999998,0.53934448900567,0.5456608479331666
21755,LOVE BUILDING BLOCK WORD,31590.41,5367,1485,661,48.0,285.6,0.8943543879262158,0.9040718369910362
21756,BATH BUILDING BLOCK WORD,9164.78,1543,519,327,6.0,35.7,0.38885288399222295,0.38953471878212026
21757,LIGHTHOUSE PRINTED METAL SIGN,341.55,69,31,15,0.0,0.0,0.0,0.0
21758,VINTAGE SHELLS PRINT,647.45,101,45,34,0.0,0.0,0.0,0.0
21759,METAL WALL SHELF UNIT WITH HOOKS,968.08,27,11,11,0.0,0.0,0.0,0.0
21760,FRENCH STYLE WALL DRESSER,1740.0,15,12,12,2.0,250.0,13.333333333333334,14.367816091954023
21761,WOOD AND GLASS MEDICINE CABINET,1814.75,65,24,21,1.0,29.95,1.5384615384615385,1.6503650640584102
21763,VINTAGE WOODEN BAR STOOL,1157.8999999999999,43,17,15,3.0,81.85,6.976744186046512,7.068831505311341
21764,VINTAGE WOODEN PLATE RACK,659.1500000000001,17,11,11,1.0,39.95,5.88235294117647,6.060835925054995
21765,HANGING METAL BIRD BATH,2613.9,338,119,103,9.0,66.75,2.6627218934911245,2.5536554573625616
21767,FRENCH STYLE WIRE DOOR CABINET,29.95,1,1,1,0.0,0.0,0.0,0.0
21768,WALL MOUNTED VINTAGE ORGANISER,5339.79,447,123,95,2.0,27.7,0.44742729306487694,0.5187469919229033
21769,VINTAGE POST OFFICE CABINET,7954.87,123,48,42,4.0,319.8,3.2520325203252036,4.020178833846436
21770,OPEN CLOSED METAL SIGN,13926.810000000001,2896,580,423,48.0,212.40000000000003,1.6574585635359116,1.5251159454318686
21772,VINTAGE METAL CAKE STAND CREAM,12.75,1,1,1,0.0,0.0,0.0,0.0
21773,DECORATIVE ROSE BATHROOM BOTTLE,1118.96,1264,106,87,25.0,31.25,1.9778481012658229,2.7927718595838993
21774,DECORATIVE CATS BATHROOM BOTTLE,1159.01,1261,108,79,1.0,1.25,0.07930214115781126,0.10785066565430841
21775,DECORATIVE FLORE BATHROOM BOTTLE,598.91,511,79,63,4.0,5.0,0.7827788649706457,0.8348499774590507
21777,RECIPE BOX WITH METAL HEART,8046.150000000001,1057,312,169,15.0,119.25,1.4191106906338695,1.4820752782386606
21779,MA CAMPAGNE MINI WOODEN CHEST,1097.8000000000002,301,22,21,10.0,35.05,3.322259136212625,3.1927491346329018
21780,MA CAMPAGNE 4 DRAWER WALL SHELF,835.55,125,17,17,0.0,0.0,0.0,0.0
21781,MA CAMPAGNE CUTLERY BOX,8609.25,595,314,150,44.0,600.6,7.394957983193278,6.976217440543602
21784,SHOE SHINE BOX,2275.25,231,135,78,7.0,69.65,3.0303030303030303,3.0612020657070653
21785,RAIN PONCHO,1465.1999999999998,1972,78,71,0.0,0.0,0.0,0.0
21786,POLKADOT RAIN HAT,1003.33,2578,127,82,70.0,29.4,2.7152831652443754,2.930242293163764
21786,RAIN HAT WITH RED SPOTS,1548.96,4288,89,65,70.0,29.4,1.632462686567164,1.8980477223427332
21787,RAIN PONCHO RETROSPOT,8096.48,10256,232,150,528.0,420.0,5.14820592823713,5.187439479872735
21787,RAIN PONCHO WITH RED SPOTS,3288.7,4462,118,98,528.0,420.0,11.83325862841775,12.771003740079667
21788,KIDS RAIN MAC BLUE,2559.0299999999997,3213,174,141,73.0,61.849999999999994,2.2720199190787427,2.4169314154191235
21789,KIDS RAIN MAC PINK,2245.68,2754,177,138,92.0,78.19999999999999,3.340595497458242,3.4822414591571373
21790,VINTAGE SNAP CARDS,19957.34,25120,1480,793,203.0,162.67,0.8081210191082803,0.8150885839495643
21791,VINTAGE HEADS AND TAILS CARD GAME,19147.65,16199,1050,641,1077.0,1156.25,6.648558552997098,6.0386000370802675
21792,CLASSIC FRENCH STYLE BASKET GREEN,2368.1,478,132,110,13.0,84.95,2.7196652719665275,3.587264051349183
21793,CLASSIC FRENCH STYLE BASKET BROWN,1564.44,344,93,81,0.0,0.0,0.0,0.0
21794,CLASSIC FRENCH STYLE BASKET NATURAL,3226.87,677,152,123,13.0,79.35000000000001,1.9202363367799113,2.4590392547577067
21795,SET OF 3 BLUE STRIPE BASKET,3632.9700000000003,436,76,64,1.0,12.75,0.22935779816513763,0.35095252644530506
21796,SET OF 3 RED STRIPE BASKETS,2769.44,323,66,57,0.0,0.0,0.0,0.0
21801,CHRISTMAS TREE DECORATION WITH BELL,781.1999999999999,1860,80,69,36.0,15.12,1.935483870967742,1.935483870967742
21802,CHRISTMAS TREE HEART DECORATION,1002.9599999999999,2388,99,89,1.0,0.42,0.04187604690117253,0.04187604690117253
21803,CHRISTMAS TREE STAR DECORATION,1045.3799999999999,2489,101,86,0.0,0.0,0.0,0.0
21804,WHITE CHRISTMAS GARLAND STARS TREES,2025.45,543,106,92,2.0,7.5,0.3683241252302026,0.3702880841294527
21805,WHITE CHRISTMAS TREE DECORATION,874.8,2124,82,77,0.0,0.0,0.0,0.0
21806,WHITE CHRISTMAS HEART DECORATION,1079.1599999999999,2590,104,95,0.0,0.0,0.0,0.0
21807,WHITE CHRISTMAS STAR DECORATION,1251.36,3000,132,114,2.0,0.84,0.06666666666666667,0.06712696586114307
21808,"CHRISTMAS GARLAND STARS,TREES",2008.75,801,79,70,46.0,155.0,5.742821473158552,7.716241443683883
21809,CHRISTMAS HANGING TREE WITH BELL,2202.69,2868,148,118,0.0,0.0,0.0,0.0
21810,CHRISTMAS HANGING STAR WITH BELL,3698.65,6281,241,171,59.0,73.75,0.9393408692883298,1.993970773119922
21811,CHRISTMAS HANGING HEART WITH BELL,2031.3899999999999,1647,132,108,48.0,18.72,2.914389799635701,0.921536484869966
21811,HANGING HEART WITH BELL,1906.58,4112,138,106,48.0,18.72,1.1673151750972763,0.9818628119459976
21812,GARLAND WITH HEARTS AND BELLS,2913.15,597,124,103,26.0,128.70000000000002,4.355108877721943,4.417898151485506
21813,GARLAND WITH STARS AND BELLS,2345.4,484,87,76,21.0,103.95000000000002,4.338842975206612,4.43207981580967
21814,HEART T-LIGHT HOLDER,924.15,639,71,59,0.0,0.0,0.0,0.0
21815,STAR  T-LIGHT HOLDER,884.9999999999999,612,64,58,2.0,2.9,0.32679738562091504,0.3276836158192091
21816,CHRISTMAS TREE T-LIGHT HOLDER,587.25,405,41,34,1.0,1.45,0.24691358024691357,0.24691358024691357
21817,GLITTER CHRISTMAS TREE,1058.79,1671,121,102,0.0,0.0,0.0,0.0
21818,GLITTER CHRISTMAS HEART,1400.78,1670,132,109,0.0,0.0,0.0,0.0
21818,GLITTER HEART DECORATION,1056.34,2434,129,104,0.0,0.0,0.0,0.0
21819,GLITTER CHRISTMAS STAR,2173.7599999999998,3780,231,178,0.0,0.0,0.0,0.0
21820,GLITTER HEART GARLAND WITH BELLS,2724.71,740,134,112,30.0,112.5,4.054054054054054,4.128879770691193
21821,GLITTER STAR GARLAND WITH BELLS,2408.85,651,107,86,13.0,48.75,1.9969278033794162,2.0237872843888165
21822,GLITTER CHRISTMAS TREE WITH BELLS,1102.9,868,97,73,9.0,16.39,1.0368663594470047,1.4860821470668237
21823,PAINTED METAL HEART WITH HOLLY BELL,2224.24,2268,166,136,24.0,34.8,1.0582010582010581,1.564579361939359
21824,PAINTED METAL STAR WITH HOLLY BELLS,1918.1599999999999,2304,159,137,24.0,34.8,1.0416666666666665,1.814238645368478
21825,PAINTED METAL TREE WITH HOLLY BELLS,1027.6999999999998,722,67,62,3.0,4.35,0.41551246537396125,0.4232752748856671
21826,EIGHT PIECE DINOSAUR SET,2072.71,1691,188,136,57.0,71.25,3.3707865168539324,3.437528646072051
21827,EIGHT PIECE CREEPY CRAWLIE SET,1007.94,810,119,89,13.0,16.25,1.6049382716049383,1.612199138837629
21828,EIGHT PIECE SNAKE  SET,1283.96,1060,146,107,0.0,0.0,0.0,0.0
21829,DINOSAUR KEYRINGS ASSORTED,2940.0299999999997,14192,300,211,289.0,60.69,2.0363585118376553,2.0642646503607107
21830,ASSORTED CREEPY CRAWLIES,3059.95,7387,225,151,672.0,247.68000000000004,9.097062406931094,8.094249906044219
21832,CHOCOLATE CALCULATOR,4833.23,2995,281,204,42.0,69.3,1.4023372287145242,1.4338237576113697
21833,CAMOUFLAGE LED TORCH,9797.310000000001,5931,337,210,190.0,297.5,3.2035069971337045,3.036547787096662
21836,GINGHAM OVEN GLOVE RED HEART,843.75,225,80,77,4.0,15.0,1.7777777777777777,1.7777777777777777
21837,CROSS STITCH ALPHABET CUSHION COVER,1285.2,216,70,61,2.0,11.9,0.9259259259259258,0.9259259259259258
21838,DADDY MOUSE RED GINGHAM BOW TIE,5.45,1,1,1,0.0,0.0,0.0,0.0
21839,MUMMY MOUSE RED GINGHAM RIBBON,1058.1000000000001,198,81,71,2.0,10.9,1.0101010101010102,1.0301483791702106
21841,BABY MOUSE RED GINGHAM DRESS,1785.25,427,123,106,3.0,12.75,0.702576112412178,0.7141856882789525
21842,PINK HEART CANDY BUTTON CALCULATOR,1257.1499999999999,541,38,32,0.0,0.0,0.0,0.0
21843,RED RETROSPOT CAKE STAND,42862.74,4298,984,502,587.0,5270.249999999999,13.657515123313168,12.295644188868932
21843,RETRO SPOT CAKE STAND,15083.449999999999,1431,295,207,587.0,5270.249999999999,41.02026554856744,34.9406137190099
21844,RED RETROSPOT MUG,10415.650000000001,3787,297,195,48.0,141.20000000000002,1.2674940586216001,1.3556523116656185
21844,RETRO SPOT MUG,3878.2000000000003,1396,125,102,48.0,141.20000000000002,3.4383954154727796,3.6408643184982727
21845,DAIRY MAID STRIPE MUG,3176.05,2419,144,104,64.0,111.03999999999999,2.645721372467962,3.496166622061995
21846,PINK DIAMANTE PEN IN GIFT BOX,1873.42,944,87,51,27.0,81.85000000000001,2.860169491525424,4.369014956603431
21847,GREEN  DIAMANTE PEN IN GIFT BOX,448.2,252,22,20,0.0,0.0,0.0,0.0
21849,SILVER DIAMANTE PEN IN GIFT BOX,1020.34,460,59,46,96.0,120.0,20.869565217391305,11.760785620479448
21850,BLUE  DIAMANTE PEN IN GIFT BOX,675.75,321,43,29,36.0,153.0,11.214953271028037,22.641509433962266
21851,LILAC DIAMANTE PEN IN GIFT BOX,736.67,383,46,34,0.0,0.0,0.0,0.0
21852,EMPIRE TEDDY,6.95,1,1,1,0.0,0.0,0.0,0.0
21864,UNION JACK FLAG PASSPORT COVER,2947.02,1483,259,166,20.0,42.0,1.3486176668914363,1.4251684752733271
21865,PINK UNION JACK  PASSPORT COVER,1601.5800000000002,765,207,129,6.0,12.6,0.7843137254901961,0.7867231109279585
21866,UNION JACK FLAG LUGGAGE TAG,2068.4,1659,294,190,25.0,31.25,1.5069318866787222,1.5108296267646488
21867,PINK UNION JACK  LUGGAGE TAG,1214.21,972,200,122,0.0,0.0,0.0,0.0
21868,POTTING SHED TEA MUG,10353.86,8770,719,377,207.0,250.39000000000001,2.3603192702394526,2.4183251463705324
21869,POTTING SHED COFFEE MUG,1430.85,1245,103,82,17.0,21.25,1.3654618473895583,1.485131215710941
21870,I CAN ONLY PLEASE ONE PERSON MUG,7124.67,5925,539,243,97.0,121.25,1.6371308016877635,1.70183320771348
21871,SAVE THE PLANET MUG,12515.44,11099,600,299,806.0,892.1899999999999,7.261915487881791,7.128714611711613
21872,GLAMOROUS  MUG,4993.0,5032,285,169,35.0,41.47,0.6955484896661367,0.8305627879030643
21873,IF YOU CAN'T STAND THE HEAT MUG,2191.75,1943,150,98,91.0,100.07000000000001,4.683479155944416,4.565757955971256
21874,GIN AND TONIC MUG,7509.76,6122,455,211,29.0,36.46,0.47370140476968314,0.4855015340037498
21875,KINGS CHOICE MUG,7450.17,6681,326,218,71.0,81.53,1.0627151624008382,1.094337444648914
21876,POTTERING MUG,6222.47,5303,403,239,85.0,112.4,1.6028663020931546,1.8063566397266682
21877,HOME SWEET HOME MUG,15399.56,13856,650,323,1086.0,1176.8200000000002,7.837759815242494,7.641906651878366
21878,PACK OF 6 SANDCASTLE FLAGS ASSORTED,4273.17,5383,290,225,421.0,304.81,7.820917703882594,7.133111952016886
21879,HEARTS GIFT TAPE,522.38,1366,93,81,0.0,0.0,0.0,0.0
21880,RED AND WHITE SPOT TAPE,282.1,434,35,35,24.0,15.600000000000001,5.529953917050691,5.529953917050691
21880,RED RETROSPOT TAPE,727.44,1548,111,95,24.0,15.600000000000001,1.550387596899225,2.144506763444408
21881,CUTE CATS TAPE,450.75,1183,65,49,0.0,0.0,0.0,0.0
21882,SKULLS TAPE,398.73,921,70,61,0.0,0.0,0.0,0.0
21883,STARS GIFT TAPE,1015.3600000000001,2038,165,132,1.0,0.19,0.04906771344455348,0.0187125748502994
21884,CAKES AND BOWS GIFT  TAPE,457.36,1232,68,61,0.0,0.0,0.0,0.0
21888,BINGO SET,11877.45,3219,626,444,97.0,363.75,3.013358185771979,3.062526047257618
21889,WOODEN BOX OF DOMINOES,14430.66,11803,869,595,155.0,193.75,1.3132254511564856,1.3426274335338786
21890,S/6 WOODEN SKITTLES IN COTTON BAG,9347.16,3296,411,335,10.0,30.200000000000003,0.30339805825242716,0.3230927896815718
21891,TRADITIONAL WOODEN SKIPPING ROPE,14603.13,11721,664,483,93.0,118.07,0.7934476580496544,0.8085252956044354
21892,TRADITIONAL WOODEN CATCH CUP GAME,8814.42,7273,601,447,54.0,67.5,0.7424721572941014,0.7657906022177295
21893,POTTING SHED SEED TIN,523.0,164,13,13,0.0,0.0,0.0,0.0
21894,POTTING SHED SEED ENVELOPES,1400.13,1144,151,120,0.0,0.0,0.0,0.0
21895,POTTING SHED SOW 'N' GROW SET,1540.25,529,70,61,4.0,17.0,0.7561436672967864,1.103716929069956
21896,POTTING SHED TWINE,4618.08,2297,226,187,14.0,28.65,0.6094906399651719,0.6203876935869452
21897,POTTING SHED CANDLE CITRONELLA,2588.27,857,100,86,5.0,14.750000000000002,0.5834305717619603,0.5698787220807722
21898,POTTING SHED ROSE CANDLE,2349.88,760,88,73,0.0,0.0,0.0,0.0
21899,GARAGE KEY FOB,489.2,730,115,81,67.0,43.55,9.178082191780822,8.902289452166801
21899,"KEY FOB , GARAGE DESIGN",3601.73,5785,408,266,67.0,43.55,1.1581676750216077,1.2091411627190267
21900,"KEY FOB , SHED",5094.29,8033,654,361,5.0,3.25,0.06224324660774306,0.06379691772553192
21901,"KEY FOB , BACK DOOR",3833.42,6014,575,315,153.0,99.44999999999999,2.5440638510143,2.594289172592619
21902,"KEY FOB , FRONT  DOOR",3244.59,5225,408,250,57.0,37.05,1.090909090909091,1.1419008256821355
21903,MAN FLU METAL SIGN,6574.380000000001,3342,346,230,16.0,33.1,0.47875523638539796,0.5034695286855947
21904,HOUSE WRECKING METAL SIGN,1152.0,735,130,103,97.0,179.70000000000002,13.197278911564625,15.598958333333336
21905,MORE BUTTER METAL SIGN,1977.8500000000001,1520,195,132,2.0,4.2,0.13157894736842105,0.2123517961422757
21906,PHARMACIE FIRST AID TIN,11093.9,1642,311,214,39.0,263.25,2.3751522533495737,2.372925661850206
21907,I'M ON HOLIDAY METAL SIGN,10306.150000000001,4990,694,381,21.0,44.10000000000001,0.42084168336673344,0.42789984620833194
21908,CHOCOLATE THIS WAY METAL SIGN,18041.24,9396,801,382,32.0,67.2,0.34057045551298426,0.37247994040320953
21910,WAY OUT METAL SIGN,1331.7,1034,101,84,0.0,0.0,0.0,0.0
21911,GARDEN METAL SIGN,3609.9,2374,256,200,12.0,19.8,0.5054759898904801,0.5484916479680878
21912,VINTAGE SNAKES & LADDERS,12157.97,3387,615,447,76.0,285.0,2.243873634484795,2.3441413328047367
21913,VINTAGE SEASIDE JIGSAW PUZZLES,3590.02,988,204,170,4.0,15.0,0.4048582995951417,0.4178249703344271
21914,BLUE HARMONICA IN BOX,14667.47,11830,815,446,120.0,150.0,1.0143702451394758,1.022671258233356
21915,RED  HARMONICA IN BOX,39870.65,35229,884,467,884.0,991.0,2.5092963183740666,2.485537607237404
21916,SET 12 RETRO WHITE CHALK STICKS,4211.9800000000005,10417,537,304,225.0,94.5,2.159930882211769,2.2436003969629486
21917,SET 12 KIDS  WHITE CHALK STICKS,3226.38,7892,381,246,21.0,8.82,0.26609224531170805,0.27337139456604614
21918,SET 12 KIDS COLOUR  CHALK STICKS,5681.2,14126,585,369,43.0,18.060000000000002,0.3044032280900467,0.3178905864958108
21922,UNION STRIPE WITH FRINGE  HAMMOCK,9624.04,1280,330,204,27.0,190.64999999999998,2.109375,1.9809768039201827
21923,RED/CREAM STRIPE FRINGE HAMMOCK,2483.75,325,108,80,2.0,15.9,0.6153846153846154,0.6401610468042276
21924,BLUE/CREAM STRIPE FRINGE HAMMOCK,2307.8,304,112,82,10.0,79.5,3.289473684210526,3.4448392408354276
21925,UNION STRIPE CUSHION COVER,1449.7,1178,154,100,18.0,22.5,1.5280135823429541,1.5520452507415328
21926,RED/CREAM STRIPE CUSHION COVER,1224.8,992,136,90,26.0,32.5,2.620967741935484,2.653494448073155
21927,BLUE/CREAM STRIPE CUSHION COVER,1478.55,1195,171,93,65.0,81.25,5.439330543933055,5.495248723411451
21928,JUMBO BAG SCANDINAVIAN BLUE PAISLEY,14626.73,7754,451,232,295.0,536.5799999999999,3.804488006190353,3.668489129149167
21928,JUMBO BAG SCANDINAVIAN PAISLEY,26847.1,15358,721,333,295.0,536.5799999999999,1.920823023831228,1.9986516234528122
21929,JUMBO BAG PINK VINTAGE PAISLEY,43313.9,24108,1228,504,272.0,483.97,1.1282561805209887,1.1173549368678415
21930,JUMBO STORAGE BAG SKULLS,22795.28,12305,997,386,6.0,11.49,0.048760666395774074,0.05040517159692709
21931,JUMBO STORAGE BAG SUKI,47760.99,25970,1714,546,390.0,710.6300000000001,1.5017327685791297,1.4878879185712024
21932,SCANDINAVIAN PAISLEY PICNIC BAG,7260.76,3517,494,315,34.0,58.3,0.9667330110889963,0.8029462480511682
21933,PINK VINTAGE PAISLEY PICNIC BAG,8034.86,3782,469,294,21.0,58.04999999999999,0.5552617662612375,0.7224768073121373
21934,SKULL SHOULDER BAG,5155.7,3258,345,164,61.0,100.64999999999999,1.8723143032535299,1.952208235545125
21935,SUKI  SHOULDER BAG,7898.07,5021,452,234,131.0,196.15,2.6090420235012948,2.483518125314159
21936,RED RETROSPOT PICNIC BAG,17462.96,6292,701,359,143.0,391.75,2.272727272727273,2.243319574688369
21936,RED/WHITE SPOT PICNIC BAG,2974.45,1091,82,73,143.0,391.75,13.107241063244729,13.170502109633714
21937,STRAWBERRY   PICNIC BAG,10572.95,3801,499,286,58.0,169.1,1.5259142330965536,1.5993644157969156
21942,SKULLS DESIGN FLANNEL,691.2,1322,64,41,24.0,20.4,1.8154311649016641,2.9513888888888884
21943,CAKES AND RABBITS DESIGN FLANNEL,304.83,387,41,37,0.0,0.0,0.0,0.0
21944,KITTENS DESIGN FLANNEL,811.0999999999999,1538,75,53,2.0,1.7,0.13003901170351106,0.20959191221797563
21945,STRAWBERRIES  DESIGN FLANNEL,859.64,1518,73,61,1.0,0.85,0.06587615283267458,0.09887860034433019
21946,PARTY TIME DESIGN FLANNEL,307.81,579,30,25,0.0,0.0,0.0,0.0
21947,SET OF 6 HEART CHOPSTICKS,1708.17,1371,169,122,0.0,0.0,0.0,0.0
21948,SET OF 6 CAKE CHOPSTICKS,2298.31,1990,114,71,0.0,0.0,0.0,0.0
21949,SET OF 6 STRAWBERRY CHOPSTICKS,2682.79,2343,135,91,6.0,7.5,0.2560819462227913,0.2795597120907712
21950,SET OF 6 DOTS CHOPSTICKS,197.05,185,2,2,181.0,192.05,97.83783783783784,97.46257295102765
21955,DOOR MAT UNION JACK GUNS AND ROSES,4547.29,725,163,114,28.0,183.28,3.8620689655172415,4.030532470988215
21955,DOORMAT UNION JACK GUNS AND ROSES,12793.49,2245,326,201,28.0,183.28,1.247216035634744,1.4326036132439233
21955,UNION JACK GUNS & ROSES  DOORMAT,3737.4500000000003,747,87,49,28.0,183.28,3.748326639892905,4.903878312753347
21967,PACK OF 12 SKULL TISSUES,4246.29,15449,371,250,0.0,0.0,0.0,0.0
21972,SET OF 36 DINOSAUR PAPER DOILIES,1450.0,1000,133,105,2.0,2.9,0.2,0.2
21973,SET OF 36 MUSHROOM PAPER DOILIES,2253.9,1614,161,117,13.0,18.849999999999998,0.8054522924411399,0.8363281423310704
21974,SET OF 36 PAISLEY FLOWER DOILIES,9374.96,6652,557,355,140.0,201.45,2.1046301864101022,2.1488091682524515
21975,PACK OF 60 DINOSAUR CAKE CASES,14818.01,30881,1133,543,95.0,49.260000000000005,0.30763252485346976,0.3324333024474947
21976,PACK OF 60 MUSHROOM CAKE CASES,7073.63,14053,713,404,55.0,30.249999999999996,0.39137550700917956,0.4276446463838227
21977,PACK OF 60 PINK PAISLEY CAKE CASES,26407.35,54592,1578,767,219.0,117.3,0.40115767878077374,0.44419451402734467
21980,PACK OF 12 RED RETROSPOT TISSUES,2533.77,8425,345,262,192.0,55.67999999999999,2.27893175074184,2.1975159544867924
21980,PACK OF 12 RED SPOTTY TISSUES,5922.509999999999,22641,224,186,192.0,55.67999999999999,0.8480190804293096,0.9401419330655414
21981,PACK OF 12 WOODLAND TISSUES,6855.19,25859,386,282,31.0,9.69,0.11988089253258054,0.14135275608699394
21982,PACK OF 12 SUKI TISSUES,9774.279999999999,31340,521,335,37.0,10.83,0.11805998723675815,0.11080100017597207
21983,PACK OF 12 BLUE PAISLEY TISSUES,1776.84,6000,263,208,48.0,13.919999999999998,0.8,0.7834132504896332
21984,PACK OF 12 PINK PAISLEY TISSUES,6880.0,25150,350,256,144.0,41.279999999999994,0.5725646123260437,0.6
21985,PACK OF 12 HEARTS DESIGN TISSUES,8441.64,24766,734,493,108.0,31.319999999999997,0.4360817249454898,0.37101795385730735
21986,PACK OF 12 PINK POLKADOT TISSUES,1410.2199999999998,4952,221,170,24.0,6.959999999999999,0.48465266558966075,0.4935400150331154
21986,PACK OF 12 PINK SPOT TISSUES,3058.93,8151,155,128,24.0,6.959999999999999,0.2944423997055576,0.22753054172537454
21987,PACK OF 6 SKULL PAPER CUPS,3848.8,6320,347,209,301.0,138.05,4.762658227848101,3.5868322594055293
21988,PACK OF 6 SKULL PAPER PLATES,5544.05,7649,350,209,576.0,368.64,7.5303961302131,6.649290681000351
21989,PACK OF 20 SKULL PAPER NAPKINS,5973.09,8073,468,264,624.0,409.44,7.729468599033816,6.854743524708316
21990,MODERN FLORAL STATIONERY SET,2818.3,1786,233,170,12.0,15.0,0.6718924972004479,0.532235744952631
21991,BOHEMIAN COLLAGE STATIONERY SET,1333.98,874,137,109,12.0,15.0,1.3729977116704806,1.1244546394998425
21992,VINTAGE PAISLEY STATIONERY SET,3436.04,2064,308,242,6.0,17.700000000000003,0.29069767441860467,0.5151278797685709
21993,FLORAL FOLK STATIONERY SET,3171.4,2051,282,208,12.0,15.0,0.5850804485616773,0.47297723402913544
22021,BLUE FELT EASTER EGG BASKET,2106.45,1305,208,161,12.0,19.8,0.9195402298850575,0.9399700918607137
22023,EMPIRE BIRTHDAY CARD,1939.47,4812,311,177,12.0,5.04,0.24937655860349126,0.2598648084270445
22024,RAINY LADIES BIRTHDAY CARD,2069.53,5155,292,170,36.0,15.120000000000001,0.6983511154219204,0.7306006677844727
22025,RING OF ROSES BIRTHDAY CARD,1523.22,3817,203,148,12.0,5.04,0.3143830233167409,0.33087800842951115
22026,BANQUET BIRTHDAY  CARD,1592.88,3880,261,140,12.0,5.04,0.30927835051546393,0.31640801566973026
22027,TEA PARTY BIRTHDAY CARD,4395.65,10808,636,335,228.0,87.12000000000002,2.1095484826054776,1.98195943717084
22028,PENNY FARTHING BIRTHDAY CARD,2474.29,6083,365,203,24.0,10.08,0.3945421666940654,0.4073895945907715
22029,SPACE BOY BIRTHDAY CARD,333.78000000000003,805,53,51,60.0,25.2,7.453416149068323,7.5498831565701945
22029,SPACEBOY BIRTHDAY CARD,6440.06,16198,808,405,60.0,25.2,0.3704161007531794,0.3913007021673711
22030,SWALLOWS GREETING CARD,4948.05,12340,601,353,120.0,50.4,0.9724473257698543,1.0185830781823142
22031,BOTANICAL LAVENDER BIRTHDAY CARD,409.17,963,80,65,12.0,5.04,1.2461059190031152,1.2317618593738544
22032,BOTANICAL LILY GREETING CARD,378.42,903,74,64,0.0,0.0,0.0,0.0
22033,BOTANICAL ROSE GREETING CARD,644.64,1552,107,80,0.0,0.0,0.0,0.0
22034,ROBIN CHRISTMAS CARD,635.22,1533,83,71,24.0,10.08,1.5655577299412915,1.586851799376594
22035,VINTAGE CARAVAN GREETING CARD,1608.22,3930,244,152,49.0,20.580000000000002,1.2468193384223918,1.2796756662645659
22036,DINOSAUR BIRTHDAY CARD,668.76,1618,110,77,65.0,27.3,4.017305315203956,4.082181948681141
22037,ROBOT BIRTHDAY CARD,2806.0,6751,474,270,12.0,5.04,0.1777514442304844,0.17961511047754813
22038,BOTANICAL LAVENDER GIFT WRAP,481.0,1150,45,43,0.0,0.0,0.0,0.0
22039,BOTANICAL LILY GIFT WRAP,353.0,850,30,27,25.0,10.5,2.941176470588235,2.974504249291785
22040,BOTANICAL ROSE GIFT WRAP,1144.3,2815,94,82,0.0,0.0,0.0,0.0
22041,"RECORD FRAME 7"" SINGLE SIZE",15088.77,6845,319,101,42.0,103.95,0.6135865595325055,0.6889229539584737
22042,CHRISTMAS CARD SINGING ANGEL,577.62,1625,96,89,24.0,10.08,1.4769230769230768,1.7450919289498286
22043,CHRISTMAS CARD SCREEN PRINT,583.08,2112,92,86,12.0,5.04,0.5681818181818182,0.8643753858818687
22044,CHRISTMAS CARD STACK OF PRESENTS,536.82,1909,85,80,13.0,5.46,0.6809848088004191,1.0171007041466413
22045,SPACE BOY GIFT WRAP,325.5,775,27,26,105.0,44.1,13.548387096774196,13.548387096774196
22045,SPACEBOY GIFT WRAP,5603.64,13642,442,279,105.0,44.1,0.7696818648292039,0.7869884575026233
22046,TEA PARTY  WRAPPING PAPER,2603.0,6350,207,147,34.0,14.28,0.5354330708661417,0.5485977718017672
22047,EMPIRE GIFT WRAP,3340.5,8225,260,211,250.0,89.0,3.0395136778115504,2.6642718155964675
22048,BIRTHDAY BANQUET GIFT WRAP,1166.3,2815,102,93,25.0,10.5,0.8880994671403196,0.9002829460687645
22049,WRAP CHRISTMAS SCREEN PRINT,994.75,3450,112,95,25.0,10.5,0.7246376811594203,1.0555415933651673
22050,PINK PAISLEY ROSE GIFT WRAP,1354.0,3300,115,100,50.0,21.0,1.5151515151515151,1.55096011816839
22051,BLUE SCANDINAVIAN PAISLEY WRAP,1317.5,3175,116,95,0.0,0.0,0.0,0.0
22052,VINTAGE CARAVAN GIFT WRAP,1427.32,3446,124,105,50.0,21.0,1.4509576320371445,1.471288849031752
22053,EMPIRE DESIGN ROSETTE,3948.92,4518,66,61,2.0,2.5,0.04426737494466578,0.06330844889235537
22054,MINI CAKE STAND HANGING HEARTS,520.05,321,51,45,14.0,23.099999999999994,4.361370716510903,4.441880588404961
22055,MINI CAKE STAND  HANGING STRAWBERY,6731.23,4491,476,252,51.0,82.95,1.1356045424181698,1.232315639192243
22056,CERAMIC PLATE LOVE HEART DESIGN,619.84,596,25,23,1.0,1.49,0.16778523489932887,0.24038461538461536
22057,CERAMIC PLATE STRAWBERRY DESIGN,3484.35,2903,173,113,82.0,122.17999999999999,2.8246641405442645,3.5065363697676752
22058,CERAMIC LOVE HEARTS DESIGN MUG,749.47,503,92,71,8.0,11.92,1.5904572564612325,1.5904572564612325
22059,CERAMIC STRAWBERRY DESIGN MUG,3064.3799999999997,2534,199,112,65.0,96.84999999999998,2.565114443567482,3.160508814181009
22059,CERAMIC STRWBERRY DESIGN MUG,3130.25,2269,166,106,65.0,96.84999999999998,2.8646981048920233,3.0940020765114604
22060,LARGE CAKE STAND HANGING HEARTS,5285.22,714,143,112,26.0,186.7,3.6414565826330536,3.532492497947105
22061,LARGE CAKE STAND  HANGING STRAWBERY,17354.85,2086,443,219,114.0,1060.35,5.465004793863854,6.109819445284748
22062,CERAMIC BOWL WITH LOVE HEART DESIGN,1048.49,711,93,68,7.0,7.930000000000001,0.9845288326300985,0.756325763717346
22063,CERAMIC BOWL WITH STRAWBERRY DESIGN,5532.55,2161,258,142,16.0,46.800000000000004,0.7403979639055993,0.8459028838419899
22064,PINK DOUGHNUT TRINKET POT,9302.1,6214,479,213,137.0,221.25,2.204699066623753,2.3784951785080786
22065,CHRISTMAS PUDDING TRINKET POT,5453.99,8257,333,249,45.0,54.769999999999996,0.544992127891486,1.004218929627667
22066,LOVE HEART TRINKET POT,2654.64,3406,254,185,11.0,10.65,0.32295948326482676,0.40118434137962217
22067,CHOC TRUFFLE GOLD TRINKET POT,2717.13,1765,180,108,20.0,32.199999999999996,1.13314447592068,1.1850739567116773
22068,BLACK PIRATE TREASURE CHEST,1328.43,937,179,111,14.0,23.1,1.4941302027748131,1.738894785573948
22069,BROWN  PIRATE TREASURE CHEST,917.73,639,89,66,0.0,0.0,0.0,0.0
22070,SMALL RED RETROSPOT MUG IN BOX,4078.51,1426,197,156,339.0,474.79,23.772791023842917,11.64126114684039
22070,SMALL RETRO SPOT MUG IN BOX  RED,1188.75,317,78,74,339.0,474.79,106.94006309148266,39.94027339642482
22071,SMALL RETRO SPOT MUG IN BOX  WHITE,1395.33,379,77,74,309.0,248.75,81.53034300791556,17.827324002207366
22071,SMALL WHITE RETROSPOT MUG IN BOX,2825.37,1125,159,139,309.0,248.75,27.46666666666667,8.804156623734237
22072,RED RETROSPOT TEA CUP AND SAUCER,5295.57,1561,299,167,49.0,183.75,3.1390134529147984,3.4698814291945914
22072,TEA CUP AND SAUCER RETRO SPOT,2218.98,614,103,67,49.0,183.75,7.980456026058631,8.280831733499175
22073,RED RETROSPOT STORAGE JAR,4566.42,1254,240,173,44.0,164.28,3.508771929824561,3.597566583888473
22073,RETRO SPOT STORAGE JAR,2439.09,675,120,95,44.0,164.28,6.518518518518518,6.73529882046173
22074,6 RIBBONS SHIMMERING PINKS,1707.59,1741,152,127,12.0,19.8,0.6892590465249857,1.159528926732998
22075,6 RIBBONS ELEGANT CHRISTMAS,4031.27,2801,256,201,12.0,19.8,0.4284184219921457,0.4911603539331278
22076,6 RIBBONS EMPIRE,3030.42,2100,240,197,0.0,0.0,0.0,0.0
22077,6 RIBBONS RUSTIC CHARM,27031.04,16026,1361,685,117.0,193.05000000000004,0.7300636465743168,0.7141789587082111
22078,RIBBON REEL LACE DESIGN,7739.6,3801,385,246,38.0,79.8,0.9997369113391212,1.0310610367460848
22079,RIBBON REEL HEARTS DESIGN,7670.64,4736,542,397,61.0,100.65,1.2880067567567568,1.3121460530020963
22080,RIBBON REEL POLKADOTS,2572.2,1588,194,167,41.0,67.65,2.5818639798488663,2.6300443200373227
22080,RIBBON REEL SPOTS DESIGN,3509.05,2157,244,199,41.0,67.65,1.9007881316643487,1.9278722161268718
22081,RIBBON REEL FLORA + FAUNA,2411.87,1455,212,170,41.0,67.65,2.8178694158075603,2.804877543151165
22082,RIBBON REEL STRIPES DESIGN,11166.78,6878,819,512,31.0,51.15,0.4507124164001163,0.4580550525755857
22083,PAPER CHAIN KIT RETRO SPOT,19804.550000000003,7351,490,324,528.0,1397.6000000000001,7.182696231805197,7.0569641824732185
22083,PAPER CHAIN KIT RETROSPOT,15411.86,5514,585,376,528.0,1397.6000000000001,9.57562568008705,9.068340875144209
22084,PAPER CHAIN KIT EMPIRE,23049.95,8437,704,464,111.0,299.45,1.3156335190233495,1.299135139121777
22085,PAPER CHAIN KIT SKULLS,6651.900000000001,2482,192,141,585.0,1501.75,23.56970185334408,22.576256407943593
22086,PAPER CHAIN KIT 50'S CHRISTMAS,76598.18000000001,28380,1691,896,590.0,1461.7,2.0789288231148695,1.9082698831747698
22087,PAPER BUNTING WHITE LACE,21336.350000000002,7752,663,314,159.0,465.40000000000003,2.0510835913312695,2.181254057043496
22088,PAPER BUNTING COLOURED LACE,11086.900000000001,4038,478,266,75.0,198.04999999999998,1.8573551263001487,1.7863424401771455
22089,PAPER BUNTING VINTAGE PAISLEY,8842.150000000001,3196,421,290,61.0,173.89999999999998,1.9086357947434291,1.966716239828548
22090,PAPER BUNTING RETRO SPOTS,20723.25,7595,607,367,497.0,1290.15,6.5437788018433185,6.2256161557670735
22090,PAPER BUNTING RETROSPOT,20933.24,7632,658,374,497.0,1290.15,6.512054507337527,6.163164421752199
22091,EMPIRE TISSUE BOX,2152.81,3039,242,184,55.0,68.75,1.809805857189865,3.1935005876041083
22092,BLUE PAISLEY TISSUE BOX,548.05,903,133,105,0.0,0.0,0.0,0.0
22093,MOTORING TISSUE BOX,1353.21,2315,247,179,48.0,53.16,2.0734341252699786,3.9284368279867863
22094,RED POLKA DOT TISSUE BOX,1076.15,943,62,58,92.0,73.72,9.75609756097561,6.850346141337174
22094,RED RETROSPOT TISSUE BOX,1179.04,2453,170,133,92.0,73.72,3.7505095801059927,6.252544442936626
22095,LADS ONLY TISSUE BOX,2741.16,2820,188,125,107.0,119.88,3.7943262411347516,4.373330998555356
22096,PINK PAISLEY SQUARE TISSUE BOX,886.28,1646,163,129,18.0,17.34,1.0935601458080195,1.9564923049149252
22097,SWALLOW SQUARE TISSUE BOX,1180.79,2021,211,158,19.0,15.15,0.9401286491835725,1.2830393211324622
22098,BOUDOIR SQUARE TISSUE BOX,1702.83,2762,231,161,79.0,35.11,2.8602461984069514,2.061861724306008
22099,CARAVAN SQUARE TISSUE BOX,1329.17,2019,214,168,24.0,30.0,1.188707280832095,2.257047631228511
22100,SKULLS SQUARE TISSUE BOX,574.17,943,81,71,0.0,0.0,0.0,0.0
22101,MIRROR MOSAIC VOTIVE HOLDER,1014.72,1088,49,44,325.0,128.46,29.871323529411764,12.659649952696311
22102,MIRROR MOSAIC T-LIGHT HOLDER,1024.5,1738,41,35,721.0,282.45,41.48446490218642,27.569546120058565
22103,MIRROR MOSAIC T-LIGHT HOLDER ROUND,1368.54,1598,50,43,483.0,203.31,30.2252816020025,14.855977903459161
22104,MIRROR MOSAIC CANDLE PLATE,694.26,1026,41,31,0.0,0.0,0.0,0.0
22105,MIRROR MOSAIC GOBLET CANDLE HOLDER,937.25,613,26,23,241.0,232.25,39.31484502446982,24.779941317684717
22106,MIRROR MOSAIC HURRICANE LAMP,1171.85,427,36,29,121.0,156.75,28.337236533957842,13.376285360754364
22107,PIZZA PLATE IN BOX,2957.3,841,185,118,95.0,330.71000000000004,11.296076099881095,11.182835694721536
22108,PING! MICROWAVE PLATE,537.89,197,49,34,4.0,15.0,2.030456852791878,2.7886742642547735
22109,FULL ENGLISH BREAKFAST PLATE,10321.92,2872,389,205,78.0,271.26,2.715877437325905,2.6279994419642856
22110,BIRD HOUSE HOT WATER BOTTLE,4233.11,1866,323,217,4.0,10.2,0.21436227224008575,0.24095759382581602
22111,SCOTTIE DOG HOT WATER BOTTLE,42463.200000000004,9092,1457,717,217.0,936.65,2.386713594368676,2.2057923095762915
22112,CHOCOLATE HOT WATER BOTTLE,45601.340000000004,9904,1447,631,156.0,687.48,1.5751211631663975,1.5075872770405432
22113,GREY HEART HOT WATER BOTTLE,20977.78,5623,913,488,32.0,121.8,0.5690912324382003,0.5806143452739041
22114,HOT WATER BOTTLE TEA AND SYMPATHY,34479.62,8848,1298,626,220.0,795.2,2.4864376130198913,2.3062899185083823
22115,METAL SIGN EMPIRE TEA,4639.530000000001,2709,350,244,1.0,2.95,0.03691399040236249,0.06358402683030392
22116,METAL SIGN HIS DINNER IS SERVED,924.69,735,127,96,18.0,27.900000000000002,2.4489795918367347,3.0172273951270157
22117,METAL SIGN HER DINNER IS SERVED,5051.6,1724,196,142,1.0,2.95,0.058004640371229696,0.05839733945680576
22118,JOY WOODEN BLOCK LETTERS,3466.03,765,243,195,2.0,9.9,0.261437908496732,0.2856293800111367
22119,PEACE WOODEN BLOCK LETTERS,5409.46,882,330,244,6.0,41.7,0.6802721088435374,0.7708717690860086
22120,WELCOME  WOODEN BLOCK LETTERS,9289.2,967,316,196,19.0,187.60000000000002,1.9648397104446742,2.0195495844636784
22121,NOEL WOODEN BLOCK LETTERS,8343.19,1411,386,303,8.0,47.6,0.5669737774627923,0.5705251828137679
22122,SET OF 2 FANCY FONT TEA TOWELS,3042.3500000000004,1053,156,113,0.0,0.0,0.0,0.0
22123,PING MICROWAVE APRON,1233.95,557,91,77,24.0,142.8,4.308797127468582,11.572592082337211
22124,SET OF 2 TEA TOWELS PING MICROWAVE,422.97,179,39,29,0.0,0.0,0.0,0.0
22125,UNION JACK HOT WATER BOTTLE,3514.6000000000004,608,157,117,63.0,314.85,10.361842105263158,8.958345188641665
22127,PARTY CONES CARNIVAL ASSORTED,3998.45,3445,146,128,98.0,122.31,2.8447024673439767,3.0589353374432595
22128,PARTY CONES CANDY ASSORTED,4588.65,3867,186,143,56.0,70.0,1.4481510214636668,1.5255031436261213
22129,PARTY CONES CANDY DECORATION,233.27999999999997,296,8,6,18.0,15.3,6.081081081081082,6.558641975308643
22129,PARTY CONES CANDY TREE DECORATION,1998.56,2510,98,92,18.0,15.3,0.7171314741035857,0.7655511968617406
22130,PARTY CONE CHRISTMAS DECORATION,5704.04,6896,358,298,183.0,136.7,2.653712296983759,2.3965470087867544
22131,FOOD CONTAINER SET 3 LOVE HEART,8846.17,4965,496,276,16.0,29.099999999999998,0.32225579053373615,0.3289559210370137
22132,RED LOVE HEART SHAPE CUP,2521.88,3044,238,154,12.0,10.2,0.39421813403416556,0.40446016463907875
22133,PINK LOVE HEART SHAPE CUP,1819.9399999999998,2198,171,109,12.0,10.2,0.5459508644222021,0.5604580370781455
22134,LADLE LOVE HEART RED,529.98,1351,72,57,12.0,5.04,0.8882309400444115,0.9509792822370655
22134,MINI LADLE LOVE HEART RED,252.24,630,54,28,12.0,5.04,1.9047619047619049,1.9980970504281634
22135,LADLE LOVE HEART PINK,372.54,935,58,40,24.0,10.08,2.5668449197860963,2.705749718151071
22135,MINI LADLE LOVE HEART PINK,106.56,242,45,20,24.0,10.08,9.917355371900827,9.45945945945946
22136,LOVE HEART SOCK HANGER,2990.1,1882,191,117,3.0,4.55,0.1594048884165781,0.15216882378515767
22137,BATHROOM SET LOVE HEART DESIGN,1407.85,583,31,24,3.0,8.850000000000001,0.5145797598627788,0.628618105622048
22138,BAKING SET 9 PIECE RETROSPOT,43070.91,9035,1742,1137,859.0,4052.9499999999994,9.507470946319867,9.409947456415477
22139,11 PC CERAMIC TEA SET POLKADOT,14.85,3,1,1,460.0,2014.5000000000002,15333.333333333334,13565.656565656567
22139,RETRO SPOT TEA SET CERAMIC 11 PC,19921.27,4304,692,465,460.0,2014.5000000000002,10.687732342007434,10.112307096886896
22139,RETROSPOT TEA SET CERAMIC 11 PC,27595.33,5745,1145,652,460.0,2014.5000000000002,8.006962576153178,7.300148249721965
22141,CHRISTMAS CRAFT TREE TOP ANGEL,6249.280000000001,3060,434,313,16.0,33.6,0.522875816993464,0.5376619386553331
22142,CHRISTMAS CRAFT WHITE FAIRY,5741.94,4090,429,336,18.0,26.099999999999998,0.4400977995110024,0.4545502042863562
22143,CHRISTMAS CRAFT HEART DECORATIONS,834.0,420,53,51,12.0,25.2,2.857142857142857,3.0215827338129495
22144,CHRISTMAS CRAFT LITTLE FRIENDS,8790.7,4289,535,392,47.0,98.7,1.0958265329913734,1.1227774807466981
22145,CHRISTMAS CRAFT HEART STOCKING,2566.0,1260,169,153,6.0,12.600000000000001,0.4761904761904762,0.4910366328916603
22146,EASTER CRAFT IVY WREATH WITH CHICK,2342.85,1343,99,93,46.0,77.7,3.4251675353685775,3.3164735258339206
22147,FELTCRAFT BUTTERFLY HEARTS,17238.05,12605,1026,582,904.0,1142.8000000000002,7.171757239190797,6.629520160342964
22148,EASTER CRAFT 4 CHICKS,5430.3,2994,243,209,52.0,101.4,1.736806947227789,1.8673001491630297
22149,FELTCRAFT 6 FLOWER FRIENDS,24248.29,12174,1189,684,664.0,1244.4,5.454246755380319,5.131908270645065
22150,3 STRIPEY MICE FELTCRAFT,13756.75,7633,829,505,764.0,1264.8,10.009170706144372,9.19403202064441
22151,PLACE SETTING WHITE HEART,10910.31,27085,645,361,915.0,332.46000000000004,3.3782536459294814,3.047209474341243
22152,PLACE SETTING WHITE STAR,2493.11,6129,219,154,11.0,4.62,0.17947462881383588,0.1853107163342171
22153,ANGEL DECORATION STARS ON DRESS,2243.2200000000003,5389,191,136,166.0,69.72000000000001,3.080348858786417,3.1080322037071713
22154,ANGEL DECORATION 3 BUTTONS,2816.16,6808,227,163,204.0,85.68000000000002,2.9964747356051706,3.042440770410773
22155,STAR DECORATION RUSTIC,2304.54,5487,221,165,53.0,22.26,0.9659194459631857,0.9659194459631858
22156,HEART DECORATION WITH PEARLS,4816.42,5717,414,259,217.0,183.41,3.7956970439041458,3.8080150817412104
22157,ANGEL DECORATION WITH LACE PADDED,1420.35,1671,112,88,96.0,81.6,5.745062836624776,5.745062836624776
22158,3 HEARTS HANGING DECORATION RUSTIC,22471.86,7982,646,374,82.0,239.89999999999998,1.0273114507642196,1.0675573806529588
22161,HEART DECORATION RUSTIC HANGING,1590.98,5388,219,156,88.0,28.880000000000003,1.6332590942835932,1.8152333781694303
22162,HEART GARLAND RUSTIC PADDED,2671.15,925,133,92,12.0,35.400000000000006,1.2972972972972971,1.3252718866405857
22163,HEART STRING MEMO HOLDER HANGING,1569.19,961,104,86,79.0,179.05,8.220603537981269,11.410345464857667
22164,STRING OF STARS CARD HOLDER,812.2500000000001,303,42,40,1.0,2.95,0.33003300330033003,0.3631886734379809
22165,"DIAMANTE HEART SHAPED WALL MIRROR,",5020.41,783,127,82,9.0,89.25,1.1494252873563218,1.7777432520451517
22166,"WALL MIRROR , RECT DIAMANTE, PINK/",1100.91,177,21,16,8.0,63.6,4.519774011299435,5.777038995013216
22166,WALL MIRROR RECTANGLE DIAMANTE PINK,521.7,126,20,16,8.0,63.6,6.349206349206349,12.190914318573892
22167,OVAL WALL MIRROR DIAMANTE,1239.05,139,67,46,25.0,248.75,17.985611510791365,20.07586457366531
22167,"WALL MIRROR , DIAMANTE OVAL SHAPE",2591.85,387,99,65,25.0,248.75,6.459948320413436,9.597391824372552
22168,ORGANISER WOOD ANTIQUE WHITE,5323.8,642,302,249,45.0,381.65,7.009345794392523,7.168751643562868
22168,"ORGANISER WOOD, ANTIQUE WHITE",25.5,3,2,2,45.0,381.65,1500.0,1496.6666666666665
22169,FAMILY ALBUM WHITE PICTURE FRAME,16676.94,2094,570,276,93.0,741.1999999999999,4.441260744985674,4.44446043458812
22170,PICTURE FRAME WOOD TRIPLE PORTRAIT,14658.65,2309,510,279,90.0,581.9000000000001,3.8977912516240796,3.9696697854168024
22171,3 HOOK PHOTO SHELF ANTIQUE WHITE,21458.42,2999,544,269,154.0,1212.1,5.1350450150050015,5.6485985454660685
22172,METAL SHELF WITH RAIL,2839.0,339,156,124,4.0,34.0,1.1799410029498525,1.1976047904191618
22173,METAL 4 HOOK HANGER FRENCH CHATEAU,12846.140000000001,4538,714,383,146.0,399.71999999999997,3.217276333186426,3.1115961681874857
22174,PHOTO CUBE,6011.24,3928,303,178,48.0,79.2,1.2219959266802443,1.3175318237169038
22175,PINK OWL DECORATION,244.8,96,1,1,8.0,23.6,8.333333333333332,9.640522875816995
22175,PINK OWL SOFT TOY,4622.68,1654,295,160,8.0,23.6,0.48367593712212814,0.510526361331522
22176,BLUE OWL DECORATION,244.8,96,1,1,9.0,26.55,9.375,10.845588235294118
22176,BLUE OWL SOFT TOY,2968.05,1027,216,124,9.0,26.55,0.8763388510223954,0.8945267094557032
22177,5 HOOK BLACKBOARD ORGANISER,2579.64,300,102,90,25.0,227.0,8.333333333333332,8.79967747437627
22178,VICTORIAN GLASS HANGING T-LIGHT,45746.75,37285,1442,593,1008.0,1262.94,2.7035000670510927,2.760720706935466
22179,SET 10 LIGHTS NIGHT OWL,8990.8,1400,300,165,35.0,217.85000000000002,2.5,2.423032433153891
22179,SET 10 NIGHT OWL LIGHTS,2510.34,388,101,59,35.0,217.85000000000002,9.02061855670103,8.678107348008638
22180,RETRO SPOT LAMP,4718.9,490,177,127,49.0,483.19999999999993,10.0,10.239674500413232
22180,RETROSPOT LAMP,4149.2,424,181,122,49.0,483.19999999999993,11.556603773584905,11.64561843246891
22181,SNOWSTORM PHOTO FRAME FRIDGE MAGNET,1212.33,1485,104,85,42.0,35.699999999999996,2.8282828282828283,2.944742768058202
22182,CAKE STAND VICTORIAN FILIGREE SMALL,1229.05,359,65,58,4.0,19.8,1.1142061281337048,1.6110003661364471
22183,CAKE STAND VICTORIAN FILIGREE MED,1438.05,282,63,58,9.0,56.2,3.1914893617021276,3.908069955842982
22184,CAKE STAND VICTORIAN FILIGREE LARGE,1609.2,268,71,60,18.0,134.8,6.7164179104477615,8.376833209047975
22185,SLATE TILE NATURAL HANGING,5723.6,3738,375,298,4.0,6.6,0.1070090957731407,0.11531204137256269
22186,RED STAR CARD HOLDER,4840.84,1904,284,234,70.0,182.3,3.6764705882352944,3.765875343948571
22187,GREEN CHRISTMAS TREE CARD HOLDER,5838.0199999999995,1982,290,230,49.0,191.45,2.4722502522704337,3.2793652642505506
22188,BLACK HEART CARD HOLDER,27324.45,10255,487,292,5.0,19.75,0.04875670404680643,0.07227958842721445
22189,CREAM HEART CARD HOLDER,47414.200000000004,15946,1129,536,43.0,168.72999999999996,0.269660102847109,0.35586385513200675
22190,LOCAL CAFE MUG,1935.93,1164,124,88,1.0,2.1,0.0859106529209622,0.1084749965133037
22191,EAU DE NIL DINER WALL CLOCK,2033.2,244,116,91,350.0,2703.8500000000004,143.44262295081967,132.98494983277592
22191,IVORY DINER WALL CLOCK,13271.9,1629,475,282,350.0,2703.8500000000004,21.485573971761816,20.372742410657104
22191,IVORY WALL CLOCK,459.0,60,1,1,350.0,2703.8500000000004,583.3333333333333,589.0740740740741
22192,BLUE DINER WALL CLOCK,11358.78,1373,511,260,31.0,252.45,2.2578295702840494,2.222509811793168
22193,RED DINER WALL CLOCK,14527.09,1775,554,265,39.0,319.6,2.1971830985915495,2.200027672438183
22193,RED WALL CLOCK,459.0,60,1,1,39.0,319.6,65.0,69.62962962962963
22194,BLACK DINER WALL CLOCK,2918.05,353,142,100,6.0,51.0,1.69971671388102,1.747742499271774
22195,HEART MEASURING SPOONS LARGE,138.6,84,5,4,19.0,28.349999999999998,22.61904761904762,20.454545454545453
22195,LARGE HEART MEASURING SPOONS,7357.47,4519,515,321,19.0,28.349999999999998,0.42044700154901526,0.38532267205982484
22196,HEART MEASURING SPOONS SMALL,10.2,12,1,1,45.0,36.040000000000006,375.0,353.3333333333334
22196,SMALL HEART MEASURING SPOONS,4850.5,5773,564,303,45.0,36.040000000000006,0.7794907327212888,0.7430161838985673
22197,POPCORN HOLDER,23417.51,30919,632,295,804.0,616.5799999999999,2.600342831268799,2.6329870255206465
22197,"POPCORN HOLDER , SMALL",2344.2999999999997,3070,81,66,804.0,616.5799999999999,26.188925081433222,26.301241308706224
22197,SMALL POPCORN HOLDER,32505.93,42955,1039,426,804.0,616.5799999999999,1.871726225119311,1.8968231335021024
22198,LARGE POPCORN HOLDER,9006.2,5700,411,212,214.0,347.29999999999995,3.754385964912281,3.8562323732539796
22198,"POPCORN HOLDER , LARGE",1524.5,954,67,52,214.0,347.29999999999995,22.431865828092242,22.781239750737946
22199,FRYING PAN RED POLKADOT,4447.21,1153,142,90,283.0,1066.75,24.544666088464876,23.986949120909514
22199,FRYING PAN RED RETROSPOT,1834.5,508,131,95,283.0,1066.75,55.70866141732284,58.14935949850095
22200,FRYING PAN PINK POLKADOT,4577.29,1149,228,119,11.0,44.25,0.9573542210617928,0.9667292218758261
22200,FRYING PAN PINK RETROSPOT,25.5,6,2,2,11.0,44.25,183.33333333333331,173.52941176470588
22201,FRYING PAN BLUE POLKADOT,1569.0,408,104,75,2.0,8.5,0.49019607843137253,0.5417463352453792
22201,FRYING PAN BLUE RETROSPOT,12.75,3,2,2,2.0,8.5,66.66666666666666,66.66666666666666
22202,MILK PAN PINK POLKADOT,1003.38,286,40,36,31.0,116.25,10.839160839160838,11.58583986126891
22202,MILK PAN PINK RETROSPOT,2385.7200000000003,660,116,67,31.0,116.25,4.696969696969696,4.8727428197776765
22203,MILK PAN RED RETROSPOT,4386.64,1227,270,166,15.0,56.25,1.2224938875305624,1.2823026279795013
22204,MILK PAN BLUE POLKADOT,403.75,123,41,33,14.0,52.5,11.38211382113821,13.003095975232199
22204,MILK PAN BLUE RETROSPOT,1035.66,290,56,42,14.0,52.5,4.827586206896552,5.069231214877469
22207,FRYING PAN UNION FLAG,11283.86,2858,324,189,85.0,324.75,2.974107767669699,2.8780045126401776
22208,WOOD STAMP SET THANK YOU,2525.87,2082,311,237,25.0,31.41,1.2007684918347743,1.243531931572092
22209,WOOD STAMP SET HAPPY BIRTHDAY,1524.82,1263,193,159,28.0,36.36,2.2169437846397466,2.384543749426162
22210,WOOD STAMP SET BEST WISHES,1707.56,1461,226,179,15.0,24.75,1.0266940451745379,1.4494366230176392
22211,WOOD STAMP SET FLOWERS,1625.28,1281,202,161,49.0,71.25,3.825136612021858,4.38386001181335
22212,FOUR HOOK  WHITE LOVEBIRDS,7412.31,3709,608,323,40.0,83.99999999999999,1.0784578053383662,1.1332499585149567
22214,CANDLE PLATE LACE WHITE,1069.3,462,52,43,0.0,0.0,0.0,0.0
22215,CAKE STAND WHITE TWO TIER LACE,8007.3,1029,319,245,62.0,510.0,6.025267249757046,6.369188115844292
22216,T-LIGHT HOLDER WHITE LACE,775.5699999999999,1069,57,48,3.0,2.55,0.2806361085126286,0.3287904380004384
22217,T-LIGHT HOLDER HANGING LACE,2336.02,2176,172,152,56.0,70.0,2.5735294117647056,2.996549687074597
22218,CAKE STAND LACE WHITE,4406.75,1113,183,143,65.0,250.75,5.840071877807727,5.690134452828048
22219,LOVEBIRD HANGING DECORATION WHITE,7009.55,8375,726,384,123.0,93.89,1.4686567164179103,1.339458310447889
22220,CAKE STAND LOVEBIRD 2 TIER WHITE,6230.049999999999,711,244,190,51.0,485.7,7.172995780590717,7.796085103650855
22221,CAKE STAND LOVEBIRD 2 TIER PINK,6339.0,884,138,108,12.0,119.39999999999999,1.3574660633484164,1.883577851396119
22222,CAKE PLATE LOVEBIRD WHITE,4512.45,1219,297,203,5.0,24.75,0.41017227235438886,0.5484825316624007
22223,CAKE PLATE LOVEBIRD PINK,2060.25,559,125,89,1.0,4.95,0.17889087656529518,0.24026210411357846
22224,WHITE LOVEBIRD LANTERN,6016.950000000001,2105,304,234,22.0,64.9,1.0451306413301662,1.0786195663916103
22227,"DECORATION, HANGING HEART+MIRROR",1688.0,2608,168,113,33.0,21.45,1.2653374233128833,1.2707345971563981
22227,HANGING HEART MIRROR DECORATION,1691.55,2607,213,109,33.0,21.45,1.2658227848101267,1.2680677485146759
22228,BUNNY WOODEN PAINTED WITH BIRD,1129.4099999999999,1477,175,148,35.0,29.749999999999996,2.3696682464454977,2.6341186991438006
22229,BUNNY WOODEN PAINTED WITH FLOWER,644.52,860,114,101,52.0,44.2,6.046511627906977,6.857816669769752
22230,JIGSAW TREE WITH WATERING CAN,731.02,1366,123,96,45.0,38.18,3.294289897510981,5.222839320401631
22231,JIGSAW TREE WITH BIRDHOUSE,2340.58,1948,220,166,107.0,150.14999999999998,5.492813141683778,6.415076604944073
22232,3 PIECE JIGSAW TOADSTOOLS,26.4,16,2,2,74.0,71.22,462.5,269.77272727272725
22232,JIGSAW TOADSTOOLS 3 PIECE,1120.6299999999999,1003,112,94,74.0,71.22,7.377866400797608,6.355353684980771
22233,JIGSAW RABBIT AND BIRDHOUSE,1077.35,881,127,112,62.0,101.24000000000001,7.037457434733257,9.397131851301808
22236,CAKE STAND 3 TIER MAGIC GARDEN,12951.9,1074,391,251,95.0,1121.25,8.845437616387338,8.657031014754592
22241,"GARLAND , WOODEN  "" HAPPY EASTER""",128.75,103,9,9,18.0,22.31,17.475728155339805,17.32815533980582
22241,GARLAND WOODEN HAPPY EASTER,4354.31,3703,326,234,18.0,22.31,0.4860923575479341,0.5123659087203253
22242,5 HOOK HANGER MAGIC TOADSTOOL,2707.05,1757,96,77,57.0,94.05,3.2441661923733633,3.474261650135756
22242,"HOOK, 5 HANGER , MAGIC TOADSTOOL",4560.3,2902,209,141,57.0,94.05,1.9641626464507238,2.0623643181369644
22243,5 HOOK HANGER RED MAGIC TOADSTOOL,6757.95,4471,181,111,86.0,141.90000000000003,1.9235070454037126,2.0997491842940543
22243,"HOOK, 5 HANGER ,MAGIC TOADSTOOL RED",4718.849999999999,3081,140,98,86.0,141.90000000000003,2.7913015254787408,3.007088591500049
22244,3 HOOK HANGER MAGIC GARDEN,4672.049999999999,2623,140,89,60.0,117.00000000000001,2.2874571101791843,2.504254021254054
22244,"HOOK, 3 HANGER ,MAGIC GARDEN",3533.2499999999995,1919,141,106,60.0,117.00000000000001,3.1266284523189163,3.3113988537465513
22245,"HOOK, 1 HANGER ,MAGIC GARDEN",3563.5499999999997,4371,273,166,31.0,26.35,0.7092198581560284,0.7394311851945392
22246,"GARLAND, MAGIC GARDEN 1.8M",1146.3,610,68,57,12.0,23.4,1.9672131147540985,2.04135043182413
22246,MAGIC GARDEN FELT GARLAND,539.5799999999999,270,37,32,12.0,23.4,4.444444444444445,4.336706327143334
22247,BUNNY DECORATION MAGIC GARDEN,792.0699999999999,971,102,86,1.0,0.75,0.10298661174047373,0.09468860075498378
22248,DECORATION  PINK CHICK MAGIC GARDEN,648.73,773,85,77,21.0,17.85,2.716688227684347,2.751529912290167
22249,DECORATION WHITE CHICK MAGIC GARDEN,1080.71,1291,142,126,4.0,3.4,0.3098373353989156,0.3146079891922902
22250,DECORATION  BUTTERFLY  MAGIC GARDEN,836.18,1018,109,98,4.0,3.4,0.3929273084479371,0.40661101676672484
22251,BIRDHOUSE DECORATION MAGIC GARDEN,1906.69,1605,184,141,19.0,23.75,1.1838006230529596,1.245614127099843
22252,BIRDCAGE DECORATION MAGIC GARDEN,53.55,21,3,3,13.0,16.25,61.904761904761905,30.345471521942113
22252,BIRDCAGE DECORATION TEALIGHT HOLDER,1114.51,929,109,83,13.0,16.25,1.3993541442411195,1.4580398560802506
22253,6 CROCHET STRAWBERRIES,1096.39,937,69,62,0.0,0.0,0.0,0.0
22254,FELT TOADSTOOL LARGE,1581.02,1294,112,95,72.0,90.0,5.564142194744977,5.692527608758902
22255,FELT TOADSTOOL  SMALL,848.3,998,87,73,45.0,38.25,4.509018036072145,4.509018036072145
22256,FELT FARM ANIMAL CHICKEN,1025.58,846,83,78,12.0,15.0,1.4184397163120568,1.4625870239279237
22257,FELT FARM ANIMAL SHEEP,243.14,322,25,23,12.0,15.0,3.7267080745341614,6.169285185489842
22258,FELT FARM ANIMAL RABBIT,1000.77,1113,71,69,55.0,68.75,4.941599281221923,6.869710323051251
22259,FELT FARM ANIMAL HEN,358.46,478,33,31,3.0,3.75,0.6276150627615062,1.0461418289348883
22260,FELT EGG COSY BLUE RABBIT,973.0699999999999,1187,108,85,16.0,13.6,1.3479359730412805,1.3976384021704502
22261,FELT EGG COSY WHITE RABBIT,1412.57,1753,150,126,4.0,3.4,0.22818026240730174,0.2406960363026257
22262,FELT EGG COSY CHICKEN,1477.02,1734,185,135,17.0,14.45,0.9803921568627451,0.9783212143369758
22263,FELT EGG COSY LADYBIRD,484.34,722,43,34,49.0,32.34,6.786703601108034,6.677127637609945
22264,FELT FARM ANIMAL WHITE BUNNY,865.7099999999999,1803,88,80,0.0,0.0,0.0,0.0
22265,EASTER DECORATION NATURAL CHICK,1129.65,1781,134,107,0.0,0.0,0.0,0.0
22266,EASTER DECORATION HANGING BUNNY,958.3,2476,123,101,7.0,4.55,0.28271405492730206,0.4747991234477721
22267,EASTER DECORATION EGG BUNNY,1255.43,1457,105,91,3.0,3.75,0.20590253946465342,0.2987024366153429
22268,DECORATION SITTING BUNNY,257.60999999999996,1335,41,32,53.0,19.31,3.9700374531835205,7.495827025348395
22268,EASTER DECORATION SITTING BUNNY,817.9399999999999,1010,110,89,53.0,19.31,5.247524752475248,2.360808861285669
22269,EGG CUP NATURAL CHICKEN,1194.64,1400,149,107,25.0,31.25,1.7857142857142856,2.6158508002410765
22270,HAPPY EASTER HANGING DECORATION,2314.41,631,129,104,26.0,96.78,4.120443740095087,4.181627282979248
22271,FELTCRAFT DOLL ROSIE,13244.460000000001,4744,691,400,304.0,839.2,6.408094435075886,6.336234168852487
22272,FELTCRAFT DOLL MARIA,3684.9100000000003,1343,276,207,1.0,2.95,0.07446016381236038,0.0800562293244611
22273,FELTCRAFT DOLL MOLLY,19332.93,7203,701,423,1464.0,3562.7999999999997,20.324864639733445,18.42866032205154
22274,FELTCRAFT DOLL EMILY,10227.310000000001,3675,578,344,74.0,199.10000000000002,2.0136054421768708,1.9467484607389431
22275,WEEKEND BAG VINTAGE ROSE PAISLEY,7315.950000000001,902,280,168,5.0,42.5,0.5543237250554324,0.5809225049378413
22276,WASH BAG VINTAGE ROSE PAISLEY,4372.5,1780,303,213,17.0,42.900000000000006,0.9550561797752809,0.9811320754716981
22277,COSMETIC BAG VINTAGE ROSE PAISLEY,2633.42,1303,189,147,2.0,4.2,0.15349194167306215,0.15948842190003876
22278,OVERNIGHT BAG VINTAGE ROSE PAISLEY,3899.05,799,239,164,21.0,117.32,2.6282853566958697,3.008938074659212
22279,POCKET BAG BLUE PAISLEY RED SPOT,1636.86,1073,121,108,37.0,46.25,3.4482758620689653,2.8255318109062477
22280,POCKET BAG PINK PAISELY BROWN SPOT,943.03,579,87,79,0.0,0.0,0.0,0.0
22281,EASTER TREE YELLOW BIRDS,2192.25,423,98,83,16.0,95.2,3.7825059101654848,4.342570418519786
22282,12 EGG HOUSE PAINTED WOOD,5176.67,475,143,92,2.0,25.5,0.42105263157894735,0.49259466027388266
22283,6 EGG HOUSE PAINTED WOOD,6881.6900000000005,923,297,196,18.0,143.10000000000002,1.9501625135427951,2.079431069984263
22284,HEN HOUSE DECORATION,3665.25,2341,233,157,26.0,42.9,1.1106364801366937,1.170452220175977
22285,"DECORATION HEN ON NEST, HANGING",2718.4500000000003,1837,125,105,12.0,19.8,0.6532389765922699,0.7283562324118523
22285,HANGING HEN ON NEST DECORATION,1310.1,794,87,72,12.0,19.8,1.5113350125944585,1.5113350125944587
22286,"DECORATION , WOBBLY RABBIT , METAL",1561.5,1066,99,88,0.0,0.0,0.0,0.0
22286,DECORATION WOBBLY RABBIT METAL,375.57,753,45,35,0.0,0.0,0.0,0.0
22287,"DECORATION , WOBBLY CHICKEN, METAL",1061.55,763,60,58,12.0,4.68,1.5727391874180863,0.44086477320898687
22287,DECORATION WOBBLY CHICKEN,256.11,521,29,25,12.0,4.68,2.3032629558541267,1.8273398149232751
22288,"DECORATION , HANGING METAL RABBIT",851.25,813,47,45,0.0,0.0,0.0,0.0
22288,HANGING METAL RABBIT DECORATION,565.0,452,39,37,0.0,0.0,0.0,0.0
22289,"DECORATION , HANGING METAL CHICKEN",586.25,601,30,26,0.0,0.0,0.0,0.0
22289,HANGING METAL CHICKEN DECORATION,152.5,122,19,19,0.0,0.0,0.0,0.0
22290,STANDING METAL RABBIT WITH EGG,1168.2,657,68,60,1.0,2.1,0.15220700152207,0.17976373908577298
22291,HANGING CHICK CREAM DECORATION,1766.1,1218,91,73,48.0,69.6,3.9408866995073892,3.9408866995073892
22291,"SPRING DEC , HANGING CHICK CREAM",2419.2,1872,118,76,48.0,69.6,2.564102564102564,2.876984126984127
22292,HANGING CHICK  YELLOW DECORATION,1520.0,1088,89,77,24.0,34.8,2.2058823529411766,2.289473684210526
22292,"SPRING DEC , HANGING CHICK  YELLOW",2009.8999999999999,1550,92,80,24.0,34.8,1.5483870967741935,1.7314294243494701
22293,HANGING CHICK GREEN DECORATION,1186.1,818,83,64,24.0,34.8,2.93398533007335,2.93398533007335
22293,"SPRING DEC , HANGING CHICK  GREEN",1396.1499999999999,1087,71,64,24.0,34.8,2.2079116835326587,2.4925688500519287
22294,HEART FILIGREE DOVE  SMALL,19686.6,16260,707,414,107.0,133.75,0.6580565805658056,0.679396137474221
22295,HEART FILIGREE DOVE LARGE,13184.07,8159,620,381,48.0,79.2,0.5883073906115945,0.6007249658110129
22296,HEART IVORY TRELLIS LARGE,15218.08,9416,739,428,8.0,13.200000000000001,0.08496176720475786,0.08673893158663905
22297,HEART IVORY TRELLIS SMALL,15836.59,12939,646,391,275.0,343.75,2.125357446479635,2.1706061721620626
22299,PIG KEYRING WITH LIGHT & SOUND,4147.69,3795,128,103,57.0,71.25,1.5019762845849802,1.717823656059156
22300,COFFEE MUG DOG + BALL DESIGN,9021.390000000001,3923,411,254,63.0,160.65000000000003,1.6059138414478715,1.780767708745548
22301,COFFEE MUG CAT + BIRD DESIGN,10831.29,4733,466,273,76.0,192.00000000000003,1.6057468835833508,1.7726420398678273
22302,COFFEE MUG PEARS  DESIGN,10043.41,4808,352,212,37.0,94.34999999999998,0.7695507487520798,0.9394219692315656
22303,COFFEE MUG APPLES DESIGN,12179.95,5310,480,266,139.0,336.45000000000005,2.6177024482109226,2.762326610536168
22304,COFFEE MUG BLUE PAISLEY DESIGN,4455.110000000001,2330,142,98,18.0,44.55,0.7725321888412017,0.9999753092516233
22305,COFFEE MUG PINK PAISLEY DESIGN,4559.8,2230,126,87,11.0,28.05,0.49327354260089684,0.6151585595859467
22306,SILVER MUG BONE CHINA TREE OF LIFE,2157.17,1578,148,125,17.0,28.699999999999996,1.0773130544993663,1.3304468354371697
22307,GOLD MUG BONE CHINA TREE OF LIFE,1640.4099999999999,1153,101,87,41.0,49.800000000000004,3.5559410234171724,3.0358264092513463
22308,TEA COSY BLUE STRIPE,1273.39,515,98,75,26.0,66.3,5.048543689320388,5.206574576524081
22309,TEA COSY RED  STRIPE,2850.93,1208,169,117,26.0,66.3,2.152317880794702,2.3255569235302165
22310,IVORY KNITTED MUG COSY,1477.59,943,82,50,13.0,21.25,1.378579003181336,1.4381526675194065
22310,KNITTED MUG COSY IVORY COLOUR,821.7,546,28,20,13.0,21.25,2.380952380952381,2.586101983692345
22311,OFFICE MUG WARMER BLACK+SILVER,5576.95,1937,190,120,10.0,33.50000000000001,0.5162622612287042,0.6006867553053193
22312,OFFICE MUG WARMER POLKADOT,3186.7900000000004,995,188,104,27.0,81.65000000000002,2.7135678391959797,2.5621393314275496
22313,OFFICE MUG WARMER PINK,2899.54,952,106,74,252.0,647.4,26.47058823529412,22.32767956296516
22314,OFFICE MUG WARMER CHOC+BLUE,3315.5400000000004,1020,180,101,4.0,15.8,0.39215686274509803,0.47654379075505043
22315,200 RED + WHITE BENDY STRAWS,2325.86,1930,296,191,5.0,6.25,0.2590673575129534,0.2687178076066487
22316,200 BENDY SKULL STRAWS,1370.4,1224,95,62,1.0,1.25,0.08169934640522876,0.09121424401634558
22317,FIVE CATS HANGING DECORATION,1324.0200000000002,450,96,83,0.0,0.0,0.0,0.0
22318,FIVE HEART HANGING DECORATION,4281.150000000001,1461,286,204,20.0,59.000000000000014,1.3689253935660506,1.3781343797811338
22319,HAIRCLIPS FORTIES FABRIC ASSORTED,1635.01,2957,163,141,77.0,50.05,2.603990530943524,3.061143356921364
22320,BIRDS MOBILE VINTAGE DESIGN,3390.46,578,169,130,23.0,136.85,3.9792387543252596,4.036325454363125
22321,BIRD DECORATION RED RETROSPOT,903.53,1085,73,58,1.0,0.85,0.09216589861751152,0.09407545958628934
22321,BIRD DECORATION RED SPOT,966.5899999999999,1139,84,67,1.0,0.85,0.08779631255487269,0.08793800887656608
22322,BIRD DECORATION GREEN  SPOT,487.9,574,47,42,15.0,12.75,2.6132404181184667,2.6132404181184667
22322,BIRD DECORATION GREEN POLKADOT,413.09999999999997,486,45,37,15.0,12.75,3.0864197530864197,3.08641975308642
22323,BAG FOR CHILDREN VINTAGE PINK,408.0,96,1,1,12.0,23.4,12.5,5.735294117647059
22323,PINK POLKADOT KIDS BAG,975.9,474,72,57,12.0,23.4,2.5316455696202533,2.3977866584691054
22324,BAG FOR CHILDREN VINTAGE BLUE,408.0,96,1,1,8.0,15.6,8.333333333333332,3.8235294117647056
22324,BLUE POLKADOT KIDS BAG,906.81,447,66,52,8.0,15.6,1.7897091722595078,1.7203162735302875
22325,MOBILE VINTAGE HEARTS,2137.35,439,155,129,48.0,237.60000000000002,10.933940774487471,11.116569583830445
22326,"ROUND SNACK BOXES ,SET4, WOODLAND",194.70000000000002,66,3,3,57.0,168.15,86.36363636363636,86.36363636363636
22326,ROUND SNACK BOXES SET OF4 WOODLAND,40219.82,14630,1144,439,57.0,168.15,0.38961038961038963,0.41807745534415625
22327,ROUND SNACK BOXES SET OF 4 SKULLS,7440.6,2628,464,256,22.0,64.5,0.837138508371385,0.8668655753568261
22328,"ROUND SNACK BOXES ,SET 4, FRUITS",247.8,84,5,5,699.0,1812.45,832.1428571428571,731.4164648910412
22328,ROUND SNACK BOXES SET OF 4 FRUITS,33670.240000000005,12356,985,400,699.0,1812.45,5.657170605373907,5.38294351332215
22329,ROUND CONTAINER SET OF 5 RETROSPOT,7408.75,4755,418,259,29.0,47.85,0.6098843322818086,0.6458579382486925
22329,ROUND FOOD CONTAINER S/5 RETROSPOT,59.400000000000006,36,3,3,29.0,47.85,80.55555555555556,80.55555555555554
22330,72 ROUND PINK DOILIES,166.75,115,15,15,12.0,17.4,10.434782608695652,10.434782608695652
22331,WOODLAND PARTY BAG + STICKER SET,5456.36,3460,345,225,28.0,46.19999999999999,0.8092485549132947,0.846718325037204
22332,SKULLS PARTY BAG + STICKER SET,6264.049999999999,4065,334,233,458.0,669.3,11.266912669126691,10.68478061318157
22333,RETRO SPORT PARTY BAG + STICKER SET,5122.15,3339,218,159,1326.0,1947.9,39.71248876909254,38.02895268588386
22333,RETRO SPOT PARTY BAG + STICKER SET,1395.45,933,31,30,1326.0,1947.9,142.12218649517686,139.58937976996668
22333,RETROSPOT PARTY BAG + STICKER SET,8497.18,5526,348,210,1326.0,1947.9,23.995656894679694,22.924075987562933
22334,DINOSAUR PARTY BAG + STICKER SET,3460.24,2196,246,180,19.0,31.349999999999998,0.8652094717668488,0.9060065197789748
22335,HEART DECORATION PAINTED ZINC,4895.1,8034,336,242,495.0,292.95000000000005,6.161314413741598,5.9845559845559855
22336,DOVE DECORATION PAINTED ZINC,2014.76,4442,150,136,23.0,14.95,0.5177847816298964,0.7420238638845321
22337,ANGEL DECORATION PAINTED ZINC,1292.05,2165,82,67,0.0,0.0,0.0,0.0
22338,STAR DECORATION PAINTED ZINC,1763.25,5509,180,143,95.0,60.36999999999999,1.7244508985296787,3.4237912944846163
22339,CHRISTMAS TREE PAINTED ZINC,1235.54,3308,102,86,130.0,81.27999999999999,3.9298669891172913,6.578500089029897
22340,NOEL GARLAND PAINTED ZINC,1027.41,1345,95,81,13.0,19.049999999999997,0.966542750929368,1.854177008205098
22341,LOVE GARLAND PAINTED ZINC,5252.599999999999,3332,139,128,1196.0,1858.1999999999998,35.89435774309724,35.37676579217911
22342,HOME GARLAND PAINTED ZINC,2029.2,1608,115,109,70.0,96.3,4.353233830845771,4.745712596096984
22343,PARTY PIZZA DISH RED RETROSPOT,1380.94,2506,109,74,42.0,35.7,1.675977653631285,2.5851955914087505
22343,PARTY PIZZA DISH RED WHITE SPOT,394.4,464,22,21,42.0,35.7,9.051724137931034,9.051724137931036
22343,PARTY PIZZA DISH RED+WHITE SPOT,10.2,12,1,1,42.0,35.7,350.0,350.00000000000006
22344,PARTY PIZZA DISH PINK POLKADOT,426.28999999999996,1109,53,38,0.0,0.0,0.0,0.0
22344,PARTY PIZZA DISH PINK RETROSPOT,131.75,155,19,18,0.0,0.0,0.0,0.0
22344,PARTY PIZZA DISH PINK WHITE SPOT,47.599999999999994,56,10,10,0.0,0.0,0.0,0.0
22344,PARTY PIZZA DISH PINK+WHITE SPOT,20.4,24,2,2,0.0,0.0,0.0,0.0
22345,PARTY PIZZA DISH BLUE POLKADOT,371.46,1032,48,33,18.0,15.3,1.744186046511628,4.118882248425133
22345,PARTY PIZZA DISH BLUE RETROSPOT,171.7,202,24,23,18.0,15.3,8.91089108910891,8.910891089108912
22345,PARTY PIZZA DISH BLUE WHITE SPOT,34.849999999999994,41,8,8,18.0,15.3,43.90243902439025,43.902439024390254
22345,PARTY PIZZA DISH BLUE+WHITE SPOT,20.4,24,2,2,18.0,15.3,75.0,75.00000000000001
22346,PARTY PIZZA DISH GREEN POLKADOT,404.31,1005,39,26,0.0,0.0,0.0,0.0
22346,PARTY PIZZA DISH GREEN RETROSPOT,70.55,83,14,12,0.0,0.0,0.0,0.0
22346,PARTY PIZZA DISH GREEN WHITE SPOT,24.65,29,7,7,0.0,0.0,0.0,0.0
22346,PARTY PIZZA DISH GREEN+WHITE SPOT,10.2,12,1,1,0.0,0.0,0.0,0.0
22347,PIZZA DISH SLICE,45.0,36,2,2,0.0,0.0,0.0,0.0
22347,PIZZA SLICE DISH,2891.4500000000003,2605,74,49,0.0,0.0,0.0,0.0
22348,TEA BAG PLATE RED RETROSPOT,4171.19,5033,353,196,100.0,85.0,1.986886548778065,2.03778777758865
22348,TEA BAG PLATE RED SPOTTY,5496.02,6866,337,214,100.0,85.0,1.4564520827264784,1.5465737024246635
22349,"DOG BOWL , CHASING BALL DESIGN",2537.13,695,118,104,36.0,132.12,5.179856115107913,5.207458821581866
22349,DOG BOWL CHASING BALL DESIGN,6515.62,1688,200,144,36.0,132.12,2.132701421800948,2.0277425632556842
22350,CAT BOWL,2057.7,862,97,84,2.0,5.1,0.23201856148491878,0.24784954074938037
22350,ILLUSTRATED CAT BOWL,4540.86,1730,154,107,2.0,5.1,0.11560693641618498,0.11231352651259895
22351,DOTCOMGIFTSHOP TEA TOWEL,19.8,12,1,1,0.0,0.0,0.0,0.0
22352,LUNCH BOX WITH CUTLERY RETROSPOT,12669.04,5331,645,316,65.0,165.3,1.2192834365034704,1.3047555300164813
22352,LUNCHBOX WITH CUTLERY RETROSPOT,3214.35,1359,191,114,65.0,165.3,4.7829286239882265,5.14256381539036
22353,LUNCH BOX WITH CUTLERY FAIRY CAKES,3498.15,1429,217,142,20.0,51.0,1.3995801259622114,1.457913468547661
22353,LUNCHBOX WITH CUTLERY FAIRY CAKES,3215.25,1371,154,93,20.0,51.0,1.4587892049598834,1.5861908094238395
22354,RETRO SPOT PADDED SEAT CUSHION,1657.65,467,52,45,19.0,70.89,4.068522483940043,4.27653606008506
22354,RETROSPOT PADDED SEAT CUSHION,5807.77,1613,185,125,19.0,70.89,1.1779293242405457,1.2206061879172212
22355,"CHARLOTTE BAG , SUKI DESIGN",3233.7,4072,234,145,185.0,142.69,4.543222003929273,4.412592386430405
22355,CHARLOTTE BAG SUKI DESIGN,12268.65,15411,957,344,185.0,142.69,1.2004412432677958,1.1630456488692724
22356,"CHARLOTTE BAG , PINK/WHITE SPOTS",3360.0,4216,262,166,582.0,430.74,13.804554079696393,12.819642857142858
22356,CHARLOTTE BAG PINK POLKADOT,6812.09,8455,600,269,582.0,430.74,6.883500887049084,6.3231695412127555
22356,CHARLOTTE BAG PINK WITH WHITE SPOTS,3151.2,3952,246,172,582.0,430.74,14.726720647773279,13.669078446306171
22357,KINGS CHOICE BISCUIT TIN,8044.09,1873,316,259,48.0,198.0,2.562733582487987,2.4614344195552262
22358,KINGS CHOICE TEA CADDY,6468.580000000001,2286,384,295,61.0,170.35000000000002,2.668416447944007,2.6334991605576494
22359,GLASS JAR KINGS CHOICE,3631.87,1185,147,111,39.0,115.05000000000003,3.2911392405063293,3.1677895959932494
22359,"GLASS JAR, KINGS CHOICE SOAP",123.9,42,8,8,39.0,115.05000000000003,92.85714285714286,92.85714285714288
22360,GLASS JAR ENGLISH CONFECTIONERY,6248.8,2284,302,208,187.0,524.4500000000002,8.187390542907181,8.392811419792602
22360,"GLASS JAR, ENGLISH CONFECTIONERY",5.9,2,1,1,187.0,524.4500000000002,9350.0,8888.98305084746
22361,GLASS JAR DAISY FRESH COTTON WOOL,4242.650000000001,1535,264,189,81.0,232.85,5.276872964169381,5.4883150860900605
22362,GLASS JAR PEACOCK BATH SALTS,1893.9800000000002,658,177,133,49.0,144.54999999999998,7.446808510638298,7.632076368282662
22363,GLASS JAR MARMALADE,2034.2900000000002,735,128,99,152.0,400.40000000000003,20.680272108843536,19.682542803631733
22364,GLASS JAR DIGESTIVE BISCUITS,5556.55,1893,224,164,110.0,306.90000000000003,5.810882197569995,5.523211345169215
22365,DOOR MAT RESPECTABLE HOUSE,2479.86,358,104,79,3.0,22.65,0.8379888268156425,0.9133580121458469
22365,DOORMAT RESPECTABLE HOUSE,11282.69,1863,244,146,3.0,22.65,0.1610305958132045,0.20074999844895142
22366,DOOR MAT AIRMAIL,2988.53,427,114,92,29.0,209.97000000000003,6.791569086651054,7.025862213195117
22366,DOORMAT AIRMAIL,11946.53,1943,320,200,29.0,209.97000000000003,1.4925373134328357,1.7575814901900386
22367,CHILDRENS APRON SPACEBOY DESIGN,10120.289999999999,5455,714,450,51.0,99.45000000000002,0.9349220898258478,0.9826793500976754
22367,CHILDS APRON SPACEBOY DESIGN,4174.35,2247,289,231,51.0,99.45000000000002,2.2696929238985315,2.3824068417837507
22371,AIRLINE BAG VINTAGE TOKYO 78,6962.48,1522,505,285,18.0,76.88,1.1826544021024967,1.1042042490606796
22372,AIRLINE BAG VINTAGE WORLD CHAMPION,2554.08,526,228,163,7.0,33.95,1.3307984790874523,1.3292457558103115
22374,AIRLINE BAG VINTAGE JET SET RED,4273.34,894,341,226,5.0,23.35,0.5592841163310962,0.5464110040389953
22375,AIRLINE BAG VINTAGE JET SET BROWN,2171.25,471,194,135,2.0,10.6,0.42462845010615713,0.4881980426021877
22376,AIRLINE BAG VINTAGE JET SET WHITE,2148.09,449,191,145,0.0,0.0,0.0,0.0
22377,BOTTLE BAG RETROSPOT,5741.29,3212,288,200,60.0,116.8,1.86799501867995,2.0343860003588046
22378,WALL TIDY RETROSPOT,4850.66,3046,288,167,15.0,31.5,0.4924491135915955,0.6493961646456359
22379,RECYCLING BAG RETROSPOT,27893.78,14259,1013,423,67.0,128.95,0.46987867311873205,0.4622894423057757
22380,TOY TIDY SPACEBOY,9044.0,4654,549,300,45.0,94.5,0.9669101847872797,1.044891640866873
22381,TOY TIDY PINK POLKADOT,8587.48,4378,381,177,30.0,62.75000000000001,0.6852444038373686,0.7307149478077388
22381,TOY TIDY PINK RETROSPOT,8393.1,4279,410,241,30.0,62.75000000000001,0.7010983874737089,0.7476379406893758
22382,LUNCH BAG SPACEBOY DESIGN,30131.7,18834,1874,774,253.0,387.25,1.3433152808750133,1.2851913433360878
22382,LUNCHBAG SPACEBOY DESIGN,1022.6,644,45,44,253.0,387.25,39.285714285714285,37.8691570506552
22383,LUNCH BAG SUKI  DESIGN,22026.4,13896,1073,463,188.0,285.79999999999995,1.3529073114565342,1.2975338684487703
22383,LUNCH BAG SUKI DESIGN,15332.9,9570,899,399,188.0,285.79999999999995,1.9644723092998955,1.8639657207703695
22383,LUNCHBAG SUKI  DESIGN,648.25,405,32,29,188.0,285.79999999999995,46.41975308641975,44.087929039722326
22384,LUNCH BAG PINK POLKADOT,18207.2,11392,1101,508,285.0,434.85,2.501755617977528,2.3883408761369127
22384,LUNCH BAG PINK POLKADOTS,16.5,10,1,1,285.0,434.85,2850.0,2635.4545454545455
22384,LUNCH BAG PINK RETROSPOT,13893.7,8738,730,375,285.0,434.85,3.2616159304188606,3.129835824870265
22384,LUNCHBAG PINK RETROSPOT,176.54999999999998,107,13,13,285.0,434.85,266.3551401869159,246.30416312659307
22385,JUMBO BAG SPACEBOY DESIGN,29810.15,16383,971,412,426.0,725.4399999999999,2.600256363303424,2.4335335447825654
22386,JUMBO BAG PINK POLKADOT,43319.16,23572,1055,432,482.0,866.9800000000001,2.044798913965722,2.0013776813770168
22386,JUMBO BAG PINK WITH WHITE SPOTS,24450.6,13766,712,358,482.0,866.9800000000001,3.501380212116809,3.545843455784317
22389,PAPERWEIGHT SAVE THE PLANET,1160.16,624,80,74,100.0,210.0,16.025641025641026,18.10095159288374
22390,PAPERWEIGHT CHILDHOOD MEMORIES,1378.22,795,73,56,0.0,0.0,0.0,0.0
22391,PAPERWEIGHT HOME SWEET HOME,545.3100000000001,305,50,45,0.0,0.0,0.0,0.0
22393,PAPERWEIGHT VINTAGE COLLAGE,1289.23,800,89,75,52.0,110.99999999999999,6.5,8.609790339970369
22394,PAPERWEIGHT KINGS CHOICE,499.34999999999997,337,47,43,6.0,15.3,1.7804154302670623,3.063983178131571
22395,PAPERWEIGHT VINTAGE PAISLEY,313.86,214,33,31,0.0,0.0,0.0,0.0
22396,MAGNETS PACK OF 4 RETRO PHOTO,1342.94,1830,159,122,12.0,15.0,0.6557377049180327,1.1169523582587457
22398,MAGNETS PACK OF 4 SWALLOWS,3573.95,4186,394,273,96.0,120.0,2.2933588150979456,3.3576295135634244
22399,MAGNETS PACK OF 4 CHILDHOOD MEMORY,4659.84,3996,255,180,24.0,30.0,0.6006006006006006,0.6437989287185826
22400,MAGNETS PACK OF 4 HOME SWEET HOME,2024.81,2440,224,159,25.0,30.39,1.0245901639344261,1.5008815641961468
22402,MAGNETS PACK OF 4 VINTAGE COLLAGE,2962.81,3398,239,158,14.0,17.5,0.4120070629782225,0.590655492589805
22403,MAGNETS PACK OF 4 VINTAGE LABELS,1040.83,1601,161,137,12.0,15.0,0.749531542785759,1.4411575377343082
22405,MONEY BOX POCKET MONEY DESIGN,1854.05,1573,190,171,13.0,16.06,0.8264462809917356,0.8662118065855829
22405,TIN CAN POCKET MONEY DESIGN,30.0,24,2,2,13.0,16.06,54.166666666666664,53.53333333333333
22406,MONEY BOX KINGS CHOICE DESIGN,2942.78,2380,171,142,50.0,55.66,2.100840336134454,1.8914088039201027
22406,TIN CAN KINGS CHOICE DESIGN,45.0,36,3,3,50.0,55.66,138.88888888888889,123.68888888888887
22407,MONEY BOX FIRST ADE DESIGN,461.76,384,55,49,36.0,38.16,9.375,8.264033264033262
22407,MONEY BOX FIRST AID DESIGN,34.32,43,10,9,36.0,38.16,83.72093023255815,111.18881118881119
22408,MONEY BOX CONFECTIONERY DESIGN,726.35,614,75,71,37.0,39.41,6.026058631921824,5.425758931644523
22408,TIN CAN CONFECTIONERY DESIGN,15.0,12,1,1,37.0,39.41,308.33333333333337,262.7333333333333
22409,MONEY BOX BISCUITS DESIGN,2112.8999999999996,1590,119,104,14.0,17.5,0.8805031446540881,0.8282455393061671
22409,TIN CAN BISCUITS DESIGN,60.0,48,4,4,14.0,17.5,29.166666666666668,29.166666666666668
22410,MONEY BOX HOUSEKEEPING DESIGN,1552.73,1304,168,134,12.0,15.0,0.9202453987730062,0.9660404577743716
22410,TIN CAN HOUSEKEEPING DESIGN,30.0,24,2,2,12.0,15.0,50.0,50.0
22411,JUMBO SHOPPER VINTAGE RED PAISLEY,45059.13,24295,1680,658,441.0,791.52,1.8151883103519242,1.756625127915253
22412,METAL SIGN NEIGHBOURHOOD WITCH,4661.1,2286,308,166,2.0,4.2,0.08748906386701663,0.09010748535753363
22413,METAL SIGN TAKE IT OR LEAVE IT,18863.02,6814,766,446,129.0,340.54999999999995,1.8931611388318166,1.8053842915927563
22414,DOOR MAT NEIGHBOURHOOD WITCH,565.89,79,35,30,2.0,16.2,2.5316455696202533,2.8627471770132007
22414,DOORMAT NEIGHBOURHOOD WITCH,5709.31,1043,127,74,2.0,16.2,0.19175455417066153,0.2837470727636089
22415,WHITE TISSUE REAM,2520.15,317,204,156,0.0,0.0,0.0,0.0
22416,36 DOILIES SPACEBOY DESIGN,993.4499999999999,705,52,49,6.0,8.7,0.851063829787234,0.8757360712667975
22416,SET OF 36 DOILIES SPACEBOY DESIGN,1636.1999999999998,1188,95,79,6.0,8.7,0.5050505050505051,0.5317198386505317
22416,SET OF 36 SPACEBOY PAPER DOILIES,72.5,50,7,7,6.0,8.7,12.0,12.0
22417,PACK OF 60 SPACEBOY CAKE CASES,10465.49,20867,911,521,114.0,62.7,0.5463171514832031,0.5991119383803338
22418,10 COLOUR SPACEBOY PEN,9878.1,11892,472,331,208.0,176.8,1.7490750084090143,1.789817879956672
22418,"PEN, 10 COLOURS - SPACEBOY",20.4,24,1,1,208.0,176.8,866.6666666666666,866.6666666666667
22419,LIPSTICK PEN RED,2350.86,5641,287,191,10.0,4.140000000000001,0.17727353306151392,0.17610576554962867
22420,LIPSTICK PEN BABY PINK,758.87,1818,149,111,1.0,0.42,0.055005500550055,0.055345447836915404
22421,LIPSTICK PEN FUSCHIA,1526.48,3725,239,172,45.0,18.599999999999998,1.2080536912751678,1.2184895969812901
22422,TOOTHPASTE TUBE PEN,1088.1000000000001,2080,149,119,24.0,15.6,1.153846153846154,1.4336917562724012
22423,REGENCY CAKESTAND 3 TIER,277656.25,24124,3317,1314,1450.0,16545.3,6.0106118388326975,5.958915025323579
22424,ENAMEL BREAD BIN CREAM,15621.65,1300,559,310,47.0,570.45,3.6153846153846154,3.6516629165293044
22425,ENAMEL COLANDER CREAM,3352.01,692,240,179,25.0,112.55,3.6127167630057806,3.357686880409068
22425,ENAMEL COLLANDER CREAM,527.25,115,21,21,25.0,112.55,21.73913043478261,21.3466097676624
22426,ENAMEL WASH BOWL CREAM,4073.3,1182,273,182,38.0,129.7,3.2148900169204735,3.1841504431296483
22427,ENAMEL FLOWER JUG CREAM,17471.23,3039,702,460,50.0,291.5,1.6452780519907864,1.6684572293994184
22428,ENAMEL FIRE BUCKET CREAM,2910.9300000000003,421,158,126,15.0,104.25000000000001,3.5629453681710213,3.5813296781440984
22429,ENAMEL MEASURING JUG CREAM,8867.29,2149,526,364,42.0,178.5,1.9543973941368076,2.01301637817191
22430,ENAMEL WATERING CAN CREAM,5916.4400000000005,1288,303,230,37.0,171.95,2.872670807453416,2.906308523368782
22431,WATERING CAN BLUE ELEPHANT,6004.75,3179,498,269,18.0,35.099999999999994,0.5662157911292859,0.5845372413505973
22432,WATERING CAN GREEN DINOSAUR,93.6,48,6,6,18.0,35.1,37.5,37.50000000000001
22432,WATERING CAN PINK BUNNY,6110.9,3340,424,261,18.0,35.1,0.5389221556886228,0.5743834787019916
22433,WATERING CAN GREEN DINOSAUR,4728.62,2622,347,207,15.0,29.249999999999996,0.5720823798627002,0.6185737064936492
22433,WATERING CAN PINK BUNNY,105.3,54,5,5,15.0,29.249999999999996,27.77777777777778,27.777777777777775
22434,BALLOON PUMP WITH 10 BALLOONS,4654.13,2521,262,203,18.0,35.1,0.7140023800079334,0.7541688779643027
22435,SET OF 9 HEART SHAPED BALLOONS,5783.04,4716,445,303,139.0,154.75,2.947413061916879,2.675928231518371
22436,12 COLOURED PARTY BALLOONS,2637.85,4157,255,173,27.0,17.55,0.6495068559057012,0.6653145554144474
22437,SET OF 9 BLACK SKULL BALLOONS,5197.6,6332,358,258,16.0,13.6,0.2526847757422615,0.2616592273356934
22438,BALLOON ART MAKE YOUR OWN FLOWERS,1636.65,1323,129,117,0.0,0.0,0.0,0.0
22439,6 ROCKET BALLOONS,2431.95,3699,307,216,75.0,48.75,2.02757502027575,2.004564238573984
22440,BALLOON WATER BOMB PACK OF 35,3224.52,8296,258,187,44.0,18.48,0.5303760848601736,0.57310855569201
22441,GROW YOUR OWN BASIL IN ENAMEL MUG,5215.5,2515,390,295,10.0,21.000000000000004,0.3976143141153081,0.40264595916019563
22442,GROW YOUR OWN FLOWERS SET OF 3,4653.66,858,164,140,18.0,141.89999999999998,2.097902097902098,3.049212877606013
22443,GROW YOUR OWN HERBS SET OF 3,4945.4400000000005,648,238,193,5.0,39.75,0.7716049382716049,0.803770746384548
22444,GROW YOUR OWN PLANT IN A CAN,10976.56,8960,328,249,114.0,142.5,1.2723214285714286,1.2982209362496082
22445,PENCIL CASE GINGHAM FOREST,106.20000000000002,36,4,4,0.0,0.0,0.0,0.0
22445,PENCIL CASE LIFE IS BEAUTIFUL,3311.3,1138,208,144,0.0,0.0,0.0,0.0
22446,PIN CUSHION BABUSHKA PINK,627.2900000000001,219,58,40,6.0,20.1,2.73972602739726,3.2042595928517907
22446,PIN CUSHION RUSSIAN DOLL PINK,381.90000000000003,114,26,24,6.0,20.1,5.263157894736842,5.263157894736842
22447,PIN CUSHION BABUSHKA BLUE,364.65000000000003,117,29,26,6.0,20.1,5.128205128205128,5.512134923899629
22447,PIN CUSHION RUSSIAN DOLL BLUE,214.4,64,19,18,6.0,20.1,9.375,9.375
22448,PIN CUSHION BABUSHKA RED,1088.8600000000001,340,70,54,6.0,20.1,1.7647058823529411,1.8459673419907057
22448,PIN CUSHION RUSSIAN DOLL RED,1220.55,393,34,29,6.0,20.1,1.5267175572519083,1.6467985744131748
22449,SILK PURSE BABUSHKA PINK,2437.08,729,157,111,12.0,40.2,1.646090534979424,1.649514993352701
22449,SILK PURSE RUSSIAN DOLL PINK,1449.45,447,77,58,12.0,40.2,2.684563758389262,2.7734657973714167
22450,SILK PURSE BABUSHKA BLUE,1441.45,431,101,76,11.0,36.85,2.5522041763341066,2.5564535710569216
22450,SILK PURSE RUSSIAN DOLL BLUE,1218.8500000000001,371,65,51,11.0,36.85,2.964959568733154,3.023341674529269
22451,SILK PURSE BABUSHKA RED,2194.6000000000004,668,117,88,8.0,26.8,1.1976047904191618,1.221179258179167
22451,SILK PURSE RUSSIAN DOLL RED,1854.25,575,80,59,8.0,26.8,1.391304347826087,1.445328299851692
22452,MEASURING TAPE BABUSHKA PINK,2111.3500000000004,749,124,96,13.0,38.35000000000001,1.7356475300400533,1.8163734103772466
22452,MEASURING TAPE RUSSIAN DOLL PINK,448.4000000000001,152,41,30,13.0,38.35000000000001,8.552631578947368,8.552631578947368
22453,MEASURING TAPE BABUSHKA BLUE,1651.3500000000001,585,82,61,8.0,23.6,1.3675213675213675,1.4291337390619796
22453,MEASURING TAPE RUSSIAN DOLL BLUE,300.90000000000003,102,27,22,8.0,23.6,7.8431372549019605,7.8431372549019605
22454,MEASURING TAPE BABUSHKA RED,1989.65,707,106,79,14.0,41.300000000000004,1.9801980198019802,2.0757419646671527
22454,MEASURING TAPE RUSSIAN DOLL RED,1755.0500000000002,647,57,46,14.0,41.300000000000004,2.1638330757341575,2.3532093102760605
22456,NATURAL SLATE CHALKBOARD LARGE,17637.16,4016,595,385,104.0,501.5,2.589641434262948,2.8434283070517026
22457,NATURAL SLATE HEART CHALKBOARD,40276.170000000006,14187,1637,874,109.0,315.94999999999993,0.7683090152956933,0.7844588996421453
22458,CAST IRON HOOK GARDEN FORK,3599.6099999999997,1487,151,121,0.0,0.0,0.0,0.0
22459,CAST IRON HOOK GARDEN TROWEL,3164.96,1336,148,124,0.0,0.0,0.0,0.0
22460,EMBOSSED GLASS TEALIGHT HOLDER,5162.34,4259,289,206,26.0,32.120000000000005,0.6104719417703687,0.6221984603881187
22461,SAVOY ART DECO CLOCK,3214.2999999999997,394,130,82,62.0,625.7,15.736040609137056,19.466135706063532
22464,HANGING METAL HEART LANTERN,11530.56,7388,645,397,250.0,378.90000000000003,3.3838657282079048,3.2860502872367006
22465,HANGING METAL STAR LANTERN,6656.83,4325,386,270,145.0,217.64999999999998,3.352601156069364,3.2695742568159316
22466,FAIRY TALE COTTAGE NIGHT LIGHT,1717.1999999999998,912,81,74,39.0,70.95,4.276315789473684,4.131726065688331
22466,FAIRY TALE COTTAGE NIGHTLIGHT,7389.599999999999,4208,227,146,39.0,70.95,0.92680608365019,0.9601331601169211
22467,GUMBALL COAT RACK,26149.13,11460,928,398,294.0,665.55,2.5654450261780104,2.5452089610629494
22468,BABUSHKA LIGHTS STRING OF 10,10229.64,1630,335,196,58.0,352.3,3.5582822085889574,3.443913959826544
22469,HEART OF WICKER SMALL,43316.54,26193,1779,886,281.0,424.65000000000003,1.0728057114496239,0.980341458482141
22470,HEART OF WICKER LARGE,49859.5,17104,1743,827,396.0,1028.7,2.315247895229186,2.0631975852144526
22471,TV DINNER TRAY AIR HOSTESS,2017.33,553,122,91,3.0,11.85,0.5424954792043399,0.5874100915566616
22472,"TRAY FOR TV DINNER , DOLLY GIRL",29.700000000000003,6,1,1,5.0,24.75,83.33333333333334,83.33333333333333
22472,TV DINNER TRAY DOLLY GIRL,4614.57,1043,202,130,5.0,24.75,0.4793863854266539,0.5363446648333431
22473,TV DINNER TRAY VINTAGE PAISLEY,2580.44,732,166,120,0.0,0.0,0.0,0.0
22474,SPACEBOY TV DINNER TRAY,3898.44,888,188,143,32.0,136.0,3.6036036036036037,3.4885749171463454
22474,"TRAY FOR TV DINNER ,SPACEBOY",29.700000000000003,6,1,1,32.0,136.0,533.3333333333333,457.91245791245785
22475,SKULL DESIGN TV DINNER TRAY,3052.9,690,200,115,6.0,29.700000000000003,0.8695652173913043,0.972845491172328
22476,EMPIRE UNION JACK TV DINNER TRAY,4079.47,1221,188,145,10.0,49.5,0.819000819000819,1.2133929162366681
22477,WATERING CAN GARDEN MARKER,2967.45,2243,183,155,1.0,1.25,0.04458314757021846,0.04212370890832196
22478,BIRDHOUSE GARDEN MARKER,3336.85,2537,216,176,2.0,2.5,0.07883326763894363,0.07492095838889971
22479,DAISY GARDEN MARKER,2453.7,1832,154,129,0.0,0.0,0.0,0.0
22480,RED TEA TOWEL CLASSIC DESIGN,2730.56,2272,245,197,0.0,0.0,0.0,0.0
22481,BLACK TEA TOWEL CLASSIC DESIGN,1130.24,1110,166,132,0.0,0.0,0.0,0.0
22482,BLUE TEA TOWEL CLASSIC DESIGN,2627.09,2233,201,154,0.0,0.0,0.0,0.0
22483,RED GINGHAM TEDDY BEAR,5080.68,1812,302,223,17.0,50.15000000000001,0.9381898454746136,0.9870725965815601
22485,SET OF 2 WOODEN MARKET CRATES,12146.25,995,341,280,13.0,165.75,1.306532663316583,1.364618709478234
22486,PLASMATRONIC LAMP,698.89,85,25,22,14.0,178.5,16.470588235294116,25.54049993561219
22487,WHITE WOOD GARDEN PLANT LADDER,14256.96,1519,808,611,70.0,635.6000000000001,4.6082949308755765,4.458173411442553
22488,NATURAL SLATE RECTANGLE CHALKBOARD,10285.61,6453,653,426,49.0,80.85000000000001,0.7593367426003409,0.7860496363365906
22489,PACK OF 12 TRADITIONAL CRAYONS,6889.77,17090,609,417,348.0,128.88,2.0362785254534814,1.8705994539730642
22491,PACK OF 12 COLOURED PENCILS,5831.36,7322,360,264,180.0,134.28,2.4583447145588635,2.3027218350436263
22492,MINI PAINT SET VINTAGE,25900.19,41507,618,356,281.0,182.65000000000003,0.6769942419350953,0.7052071818778165
22492,MINI PAINT SET VINTAGE  BOY+ GIRL,714.5999999999999,1188,17,17,281.0,182.65000000000003,23.653198653198654,25.559753708368326
22493,PAINT YOUR OWN CANVAS SET,7107.33,4505,352,244,274.0,398.1,6.082130965593785,5.601259544723546
22494,EMERGENCY FIRST AID TIN,3099.4,2502,294,200,51.0,63.75,2.038369304556355,2.0568497128476477
22495,SET OF 2 ROUND TINS CAMEMBERT,2322.3300000000004,879,189,165,6.0,17.700000000000003,0.6825938566552902,0.7621655837025745
22496,SET OF 2 ROUND TINS DUTCH CHEESE,1790.5400000000002,698,174,153,6.0,17.700000000000003,0.8595988538681949,0.9885286003105209
22497,SET OF 2 TINS VINTAGE BATHROOM,3511.5,838,205,160,5.0,21.25,0.5966587112171837,0.6051544923821729
22498,WOODEN REGATTA BUNTING,5704.45,991,294,211,0.0,0.0,0.0,0.0
22499,WOODEN UNION JACK BUNTING,18251.280000000002,3165,632,452,7.0,41.650000000000006,0.22116903633491314,0.22820317259940126
22500,SET OF 2 TINS JARDIN DE PROVENCE,2383.85,553,177,155,4.0,19.8,0.7233273056057866,0.8305891729764876
22501,PICNIC BASKET WICKER LARGE,18794.25,2055,497,346,131.0,1158.45,6.374695863746958,6.163853306197374
22502,PICNIC BASKET WICKER 60 PIECES,39619.5,61,2,1,86.0,436.41999999999996,140.98360655737704,1.1015282878380595
22502,PICNIC BASKET WICKER SMALL,14945.6,2985,566,335,86.0,436.41999999999996,2.88107202680067,2.9200567391071615
22503,CABIN BAG VINTAGE PAISLEY,2417.15,105,35,29,22.0,546.6999999999999,20.952380952380953,22.61754545642595
22504,CABIN BAG VINTAGE RETROSPOT,5976.95,269,76,55,12.0,322.25,4.4609665427509295,5.39154585532755
22505,MEMO BOARD COTTAGE DESIGN,16599.89,3605,655,397,19.0,94.05000000000001,0.5270457697642164,0.5665700194398879
22507,MEMO BOARD RETROSPOT  DESIGN,23083.44,5208,737,445,24.0,118.10000000000001,0.4608294930875576,0.5116221845617465
22508,DOORSTOP RETROSPOT HEART,10283.5,2695,577,400,26.0,97.5,0.9647495361781077,0.948120776000389
22509,SEWING BOX RETROSPOT DESIGN,4640.4,372,172,142,19.0,288.04999999999995,5.10752688172043,6.207439013878114
22510,DOORSTOP RUSSIAN DOLL GINGHAM,142.5,38,22,20,0.0,0.0,0.0,0.0
22510,GINGHAM BABUSHKA DOORSTOP,623.86,270,60,53,0.0,0.0,0.0,0.0
22511,DOORSTOP RUSSIAN DOLL RETROSPOT,363.48,100,34,31,1.0,3.75,1.0,1.0316936282601517
22511,RETROSPOT BABUSHKA DOORSTOP,613.37,287,67,63,1.0,3.75,0.34843205574912894,0.6113764937965666
22512,DOORSTOP RACING CAR DESIGN,888.23,375,63,54,0.0,0.0,0.0,0.0
22513,DOORSTOP FOOTBALL DESIGN,1675.96,556,143,106,0.0,0.0,0.0,0.0
22514,CHILDS GARDEN SPADE BLUE,1978.68,1022,193,151,2.0,4.2,0.19569471624266144,0.2122627206016132
22515,CHILDS GARDEN SPADE PINK,1908.48,990,166,139,4.0,8.4,0.40404040404040403,0.44014084507042256
22516,CHILDS GARDEN RAKE BLUE,1490.58,786,126,106,3.0,6.300000000000001,0.38167938931297707,0.422654268808115
22517,CHILDS GARDEN RAKE PINK,1458.18,772,125,106,0.0,0.0,0.0,0.0
22518,CHILDS GARDEN BRUSH BLUE,2515.38,1304,201,141,0.0,0.0,0.0,0.0
22519,CHILDS GARDEN BRUSH PINK,2554.98,1320,203,142,14.0,29.400000000000002,1.0606060606060608,1.1506939388958035
22520,CHILDS GARDEN TROWEL BLUE,1840.09,2185,327,256,2.0,1.7,0.09153318077803205,0.09238678542897358
22521,CHILDS GARDEN TROWEL PINK,1846.32,2196,324,257,2.0,1.7,0.09107468123861566,0.0920750465791412
22522,CHILDS GARDEN FORK BLUE,1815.1299999999999,2185,307,249,15.0,12.75,0.6864988558352403,0.7024290271220244
22523,CHILDS GARDEN FORK PINK,1783.4199999999998,2122,313,248,15.0,12.75,0.706880301602262,0.7149185273239058
22524,CHILDRENS GARDEN GLOVES BLUE,2142.91,1735,232,188,14.0,17.5,0.8069164265129682,0.8166465227191062
22525,CHILDRENS GARDEN GLOVES PINK,2145.85,1741,240,189,15.0,18.75,0.8615738081562321,0.8737796211291563
22526,WHEELBARROW FOR CHILDREN,6133.62,518,187,153,12.0,153.0,2.3166023166023164,2.494448629031469
22528,GARDENERS KNEELING PAD,6329.83,5363,449,284,45.0,56.25,0.8390826030206973,0.8886494582002993
22529,MAGIC DRAWING SLATE GO TO THE FAIR,916.38,2295,136,114,0.0,0.0,0.0,0.0
22529,MAGIC SLATE GO TO THE FAIR,40.32,96,2,2,0.0,0.0,0.0,0.0
22530,MAGIC DRAWING SLATE DOLLY GIRL,3781.8,9438,371,281,48.0,20.16,0.5085823267641449,0.5330794859590671
22530,MAGIC SLATE DOLLY GIRL,80.64,192,4,4,48.0,20.16,25.0,25.0
22531,MAGIC DRAWING SLATE CIRCUS PARADE,3053.76,7504,332,249,0.0,0.0,0.0,0.0
22531,MAGIC SLATE CIRCUS PARADE,80.64,192,4,4,0.0,0.0,0.0,0.0
22532,MAGIC DRAWING SLATE LEAP FROG,1041.3600000000001,2740,154,129,0.0,0.0,0.0,0.0
22532,MAGIC SLATE LEAP FROG,40.32,96,2,2,0.0,0.0,0.0,0.0
22533,MAGIC DRAWING SLATE BAKE A CAKE,1699.26,4399,197,162,72.0,30.240000000000002,1.6367356217322118,1.7795981780304369
22533,MAGIC SLATE BAKE A CAKE,20.16,48,1,1,72.0,30.240000000000002,150.0,150.0
22534,MAGIC DRAWING SLATE SPACEBOY,4833.3,11981,461,349,139.0,58.38,1.1601702695935232,1.2078703991062008
22534,MAGIC SLATE SPACEBOY,120.96000000000001,288,6,6,139.0,58.38,48.26388888888889,48.26388888888889
22535,MAGIC DRAWING SLATE BUNNIES,1588.6200000000001,3995,251,201,120.0,50.400000000000006,3.0037546933667083,3.172564867620954
22535,MAGIC SLATE BUNNIES AT HOME,120.96000000000001,288,6,6,120.0,50.400000000000006,41.66666666666667,41.66666666666667
22536,MAGIC DRAWING SLATE FIDO,151.2,360,8,8,131.0,47.82,36.388888888888886,31.62698412698413
22536,MAGIC DRAWING SLATE PURDEY,3265.56,8378,313,233,131.0,47.82,1.5636190021484844,1.4643736449491054
22536,MAGIC SLATE FIDO,120.96000000000001,288,6,6,131.0,47.82,45.48611111111111,39.53373015873016
22537,MAGIC DRAWING SLATE DINOSAUR,2244.3,5563,282,224,48.0,20.16,0.8628437893223082,0.8982756316000534
22537,MAGIC SLATE DINOSAUR,60.480000000000004,144,3,3,48.0,20.16,33.33333333333333,33.33333333333333
22538,MINI JIGSAW GO TO THE FAIR,580.74,1409,62,56,0.0,0.0,0.0,0.0
22539,MINI JIGSAW DOLLY GIRL,2150.5699999999997,5512,169,138,1.0,0.42,0.018142235123367198,0.01952970607792353
22540,MINI JIGSAW CIRCUS PARADE,2337.06,6063,151,114,3.0,1.26,0.04948045522018803,0.05391389181279043
22541,MINI JIGSAW LEAP FROG,471.56,1192,40,34,0.0,0.0,0.0,0.0
22543,MINI JIGSAW BAKE A CAKE,1242.25,3198,87,72,0.0,0.0,0.0,0.0
22544,MINI JIGSAW SPACEBOY,3613.4,9209,261,196,91.0,38.22,0.9881637528504723,1.0577295621851994
22545,MINI JIGSAW BUNNIES,1158.09,2922,123,100,49.0,20.580000000000002,1.676933607118412,1.7770639587596824
22545,MINI JIGSAW BUNNIES AT HOME,181.44,432,9,9,49.0,20.580000000000002,11.342592592592593,11.342592592592595
22546,MINI JIGSAW FIDO,282.24,672,10,10,1.0,0.42,0.1488095238095238,0.1488095238095238
22546,MINI JIGSAW PURDEY,1425.19,3637,125,100,1.0,0.42,0.027495188342040146,0.029469754909871665
22547,MINI JIGSAW DINOSAUR,752.43,1864,109,84,2.0,0.84,0.1072961373390558,0.11163829193413341
22548,HEADS AND TAILS SPORTING FUN,3873.1,3315,375,293,0.0,0.0,0.0,0.0
22549,PICTURE DOMINOES,8813.74,6222,540,403,1.0,1.45,0.01607200257152041,0.016451585819413778
22550,HOLIDAY FUN LUDO,6869.0,1921,346,275,88.0,330.0,4.580947423217074,4.804192750036396
22551,PLASTERS IN TIN SPACEBOY,23194.95,14623,1156,616,287.0,435.15,1.9626615605552895,1.876054917126357
22553,PLASTERS IN TIN SKULLS,11913.75,7363,905,507,96.0,158.4,1.3038163791932635,1.3295561850802644
22554,PLASTERS IN TIN WOODLAND ANIMALS,20471.68,12824,1097,587,159.0,243.14999999999998,1.2398627573300063,1.1877383780910993
22555,PLASTERS IN TIN MR STRONG,357.0,228,11,11,40.0,66.0,17.543859649122805,18.487394957983195
22555,PLASTERS IN TIN STRONGMAN,17664.44,11048,856,514,40.0,66.0,0.3620564808110065,0.3736319973913694
22556,PLASTERS IN TIN CIRCUS PARADE,20950.16,13112,1100,591,107.0,176.55,0.816046369737645,0.8427143277187382
22557,PLASTERS IN TIN VINTAGE PAISLEY,15614.59,9827,991,580,68.0,112.19999999999999,0.6919711000305281,0.7185587325699874
22558,CLOTHES PEGS RETROSPOT PACK 24,18411.74,13410,1017,541,91.0,130.71,0.6785980611483967,0.7099274701902155
22559,SEASIDE FLYING DISC,1340.85,1107,115,100,4.0,5.0,0.36133694670280037,0.37289778871611295
22559,SEASIDE FRISBEE,360.51,303,21,21,4.0,5.0,1.3201320132013201,1.386924079775873
22560,TRADITIONAL MODELLING CLAY,16851.64,14393,655,420,175.0,191.2,1.2158688251233238,1.1346076702326895
22561,WOODEN SCHOOL COLOURING SET,17861.22,11158,838,556,410.0,611.7,3.6744936368524828,3.4247380638052722
22562,MONSTERS STENCIL CRAFT,4600.54,3938,362,251,0.0,0.0,0.0,0.0
22563,HAPPY STENCIL CRAFT,6756.4,5857,481,293,3.0,3.75,0.05122076148198737,0.05550293055473329
22564,ALPHABET STENCIL CRAFT,5137.01,4526,312,208,679.0,721.0699999999999,15.00220945647371,14.036764577059415
22565,FELTCRAFT HAIRBANDS PINK + WHITE,61.199999999999996,72,6,6,1.0,0.85,1.3888888888888888,1.388888888888889
22565,FELTCRAFT HAIRBANDS PINK AND WHITE,1549.6899999999998,1825,214,169,1.0,0.85,0.0547945205479452,0.05484967961334202
22566,FELTCRAFT HAIRBAND PINK AND PURPLE,2170.1,2654,242,185,0.0,0.0,0.0,0.0
22566,"FELTCRAFT HAIRBAND S/2, PINK/PURPLE",81.6,96,8,8,0.0,0.0,0.0,0.0
22567,20 DOLLY PEGS RETROSPOT,6568.75,5385,431,287,49.0,61.45,0.9099350046425255,0.9354900095147479
22568,FELTCRAFT CUSHION OWL,19128.13,5312,771,389,212.0,725.1600000000001,3.990963855421686,3.7910658281808
22569,FELTCRAFT CUSHION BUTTERFLY,18865.21,5357,679,360,345.0,1170.63,6.440171737913011,6.205231746691398
22570,FELTCRAFT CUSHION RABBIT,19282.55,5420,677,351,431.0,1464.33,7.952029520295204,7.594068211932551
22571,ROCKING HORSE RED CHRISTMAS,4336.8099999999995,5293,379,294,109.0,80.17,2.059323634989609,1.84859378206562
22572,ROCKING HORSE GREEN CHRISTMAS,2560.39,3115,264,211,3.0,2.55,0.09630818619582665,0.09959420244572115
22573,STAR WOODEN CHRISTMAS DECORATION,3739.3399999999997,4502,290,235,0.0,0.0,0.0,0.0
22574,HEART WOODEN CHRISTMAS DECORATION,3980.62,4684,309,253,288.0,219.84,6.148590947907771,5.522757761353759
22575,METAL MERRY CHRISTMAS WREATH,5321.849999999999,2807,299,207,94.0,160.49999999999997,3.3487709298183113,3.0158685419543954
22576,SWALLOW WOODEN CHRISTMAS DECORATION,2456.77,2905,243,191,6.0,5.1,0.2065404475043029,0.20758964005584568
22577,WOODEN HEART CHRISTMAS SCANDINAVIAN,6124.849999999999,12969,726,516,101.0,83.05,0.7787801680931452,1.3559515743242692
22577,WOODEN HEART CHRISTMAS SCANDISPOT,30.6,36,1,1,101.0,83.05,280.55555555555554,271.4052287581699
22578,WOODEN STAR CHRISTMAS SCANDINAVIAN,5333.28,12180,662,482,133.0,112.49,1.0919540229885056,2.109208592085921
22578,WOODEN STAR CHRISTMAS SCANDISPOT,61.2,72,2,2,133.0,112.49,184.72222222222223,183.80718954248366
22579,WOODEN TREE CHRISTMAS SCANDINAVIAN,3161.14,6566,457,344,96.0,81.6,1.462077368260737,2.5813472354909934
22579,WOODEN TREE CHRISTMAS SCANDISPOT,81.6,96,3,3,96.0,81.6,100.0,100.0
22580,ADVENT CALENDAR GINGHAM SACK,10338.230000000001,1785,388,275,64.0,331.8,3.5854341736694675,3.2094468782373773
22581,WOOD STOCKING CHRISTMAS SCANDISPOT,2282.2799999999997,2998,263,208,2.0,1.7,0.06671114076050699,0.07448691659217976
22582,PACK OF 6 SWEETIE GIFT BOXES,6025.360000000001,2459,252,225,78.0,183.6,3.172021146807645,3.047120835933454
22583,PACK OF 6 HANDBAG GIFT BOXES,4455.6,1764,284,250,111.0,272.85,6.292517006802721,6.123754376514948
22584,PACK OF 6 PANETTONE GIFT BOXES,513.9100000000001,226,14,14,197.0,425.8500000000001,87.16814159292035,82.86470393648693
22584,PACK OF 6 PANNETONE GIFT BOXES,11725.480000000001,4793,498,408,197.0,425.8500000000001,4.110160650949301,3.6318342617956794
22585,PACK OF 6 BIRDY GIFT TAGS,19950.85,16784,950,612,394.0,442.90999999999997,2.3474737845567204,2.220005663919081
22586,FELTCRAFT HAIRBAND PINK AND BLUE,1660.03,1975,235,184,48.0,40.800000000000004,2.430379746835443,2.457786907465528
22587,FELTCRAFT HAIRBAND RED AND BLUE,1503.6299999999999,1791,239,189,0.0,0.0,0.0,0.0
22587,"FELTCRAFT HAIRBAND, S/2, RED/BLUE",154.68,204,6,6,0.0,0.0,0.0,0.0
22588,CARD HOLDER GINGHAM HEART,6539.27,2541,398,318,195.0,411.87000000000006,7.674144037780402,6.29840945548968
22588,CARDHOLDER GINGHAM HEART,216.9,102,2,2,195.0,411.87000000000006,191.1764705882353,189.8893499308437
22589,CARDHOLDER GINGHAM STAR,3197.39,1225,197,170,18.0,45.9,1.4693877551020407,1.4355458670978518
22591,CARDHOLDER GINGHAM CHRISTMAS TREE,3474.14,1284,174,148,82.0,214.70000000000005,6.386292834890965,6.1799466918431625
22592,CARDHOLDER HOLLY WREATH METAL,6730.6,1814,251,207,2.0,7.5,0.11025358324145534,0.1114313731316673
22593,CHRISTMAS GINGHAM STAR,4246.11,5067,311,247,144.0,103.68,2.841918294849023,2.4417643443057293
22594,CHRISTMAS GINGHAM TREE,3661.12,4354,290,232,1.0,0.85,0.022967386311437757,0.023216939078751855
22595,CHRISTMAS GINGHAM HEART,5000.33,6125,309,262,144.0,103.68,2.351020408163265,2.0734631514320054
22595,GINGHAM HEART DECORATION,4817.33,5951,331,251,144.0,103.68,2.419761384641237,2.1522295545457757
22596,CHRISTMAS STAR WISH LIST CHALKBOARD,5853.92,6080,402,309,29.0,34.12,0.4769736842105263,0.5828572990406428
22597,CHRISTMAS MUSICAL ZINC HEART,1327.59,1683,92,84,34.0,28.9,2.0202020202020203,2.176876897234839
22597,MUSICAL ZINC HEART DECORATION,943.64,2498,113,90,34.0,28.9,1.3610888710968776,3.0626086219320925
22598,CHRISTMAS MUSICAL ZINC TREE,881.72,1562,93,82,6.0,5.1,0.3841229193341869,0.5784149162999591
22599,CHRISTMAS MUSICAL ZINC STAR,1374.74,2562,131,114,24.0,20.4,0.936768149882904,1.4839169588431267
22600,CHRISTMAS RETROSPOT STAR WOOD,3793.3599999999997,4594,345,278,28.0,23.799999999999997,0.6094906399651719,0.627412109580952
22601,CHRISTMAS RETROSPOT ANGEL WOOD,4016.0699999999997,4923,330,257,4.0,3.4,0.08125126955108673,0.08465987893637313
22602,CHRISTMAS RETROSPOT HEART WOOD,3384.77,4217,241,199,52.0,44.199999999999996,1.2331041024424947,1.3058494373325216
22602,RETROSPOT WOODEN HEART DECORATION,1552.22,1850,164,132,52.0,44.199999999999996,2.810810810810811,2.8475344989756604
22603,CHRISTMAS RETROSPOT TREE WOOD,3239.65,3949,301,236,13.0,11.049999999999999,0.32919726513041275,0.34108622845060416
22604,SET OF 4 NAPKIN CHARM CUTLERY,45.900000000000006,18,3,3,24.0,61.2,133.33333333333331,133.33333333333331
22604,SET OF 4 NAPKIN CHARMS CUTLERY,4466.71,1906,218,159,24.0,61.2,1.2591815320041972,1.370135961367539
22605,WOODEN CROQUET GARDEN SET,20813.809999999998,1710,548,377,14.0,170.29999999999995,0.8187134502923977,0.8182067579169789
22606,WOODEN SKITTLES GARDEN SET,13722.74,1022,337,269,34.0,430.7,3.326810176125244,3.1385860258228315
22607,WOODEN ROUNDERS GARDEN SET,20978.47,2406,643,419,16.0,133.55,0.6650041562759768,0.6366050527040342
22608,PENS ASSORTED FUNKY JEWELED,1406.29,5401,98,75,43.0,31.93,0.7961488613219775,2.270513194291363
22609,PENS ASSORTED SPACEBALL,2221.1,6758,152,118,144.0,98.64000000000001,2.1308079313406334,4.441042726576923
22610,PENS ASSORTED FUNNY FACE,4764.98,12170,223,157,36.0,30.6,0.29580936729663104,0.642185276748276
22611,VINTAGE UNION JACK SHOPPING BAG,4227.6,896,185,135,4.0,19.8,0.4464285714285714,0.4683508373545274
22612,TEA COSY VINTAGE UNION JACK,3885.93,988,96,83,4.0,15.0,0.4048582995951417,0.3860079826450811
22613,PACK OF 20 SPACEBOY NAPKINS,2302.48,2962,226,166,10.0,8.5,0.337609723160027,0.3691671588895452
22614,PACK OF 12 SPACEBOY TISSUES,1673.6499999999999,5427,298,222,133.0,42.269999999999996,2.450709415883545,2.5256176619962356
22615,PACK OF 12 CIRCUS PARADE TISSUES,1084.09,3643,136,110,12.0,4.68,0.32939884710403516,0.43169847521884713
22616,PACK OF 12 LONDON TISSUES,10519.359999999999,37084,633,319,72.0,22.08,0.19415381296516018,0.20989870106166159
22617,BAKING SET SPACEBOY DESIGN,19719.21,4165,883,600,243.0,1147.55,5.834333733493398,5.819452199149966
22618,COOKING SET RETROSPOT,6609.839999999999,696,224,180,131.0,1226.07,18.82183908045977,18.549163065974366
22619,SET OF 6 SOLDIER SKITTLES,13950.85,3762,574,419,10.0,37.5,0.2658160552897395,0.26880082575613673
22619,SET Of 6 SOLDIER SKITTLES,60.0,16,3,3,10.0,37.5,62.5,62.5
22620,4 TRADITIONAL SPINNING TOPS,9763.68,7559,654,449,16.0,20.4,0.2116682100806985,0.2089376136866427
22621,TRADITIONAL KNITTING NANCY,12780.57,8365,719,507,85.0,114.05000000000001,1.0161386730424387,0.8923702150999526
22622,BOX OF VINTAGE ALPHABET BLOCKS,27251.26,2833,511,346,61.0,559.3499999999999,2.1531944934698197,2.052565642836331
22623,BOX OF VINTAGE JIGSAW BLOCKS,11129.42,2195,500,334,79.0,355.05,3.5990888382687927,3.190193199645624
22624,IVORY KITCHEN SCALES,24137.48,2916,1065,579,26.0,214.2,0.8916323731138546,0.8874165820127039
22625,RED KITCHEN SCALES,19149.63,2360,781,440,37.0,299.2,1.5677966101694913,1.5624322767593941
22626,BLACK KITCHEN SCALES,6619.43,802,305,200,13.0,110.5,1.6209476309226933,1.6693280237120114
22627,MINT KITCHEN SCALES,12219.99,1476,558,322,16.0,125.71000000000001,1.084010840108401,1.0287242460918544
22628,PICNIC BOXES SET OF 3 RETROSPOT,7051.25,1515,250,172,27.0,133.65,1.782178217821782,1.8954086154937069
22629,SPACEBOY LUNCH BOX,36150.99,20271,1108,456,71.0,125.85000000000001,0.35025405752059596,0.34812324641731807
22630,DOLLY GIRL LUNCH BOX,30921.64,17340,998,423,302.0,531.0000000000001,1.7416378316032293,1.7172439754165696
22631,CIRCUS PARADE LUNCH BOX,10791.83,5871,468,270,36.0,70.2,0.6131834440470108,0.6504920852163165
22631,CIRCUS PARADE LUNCHBOX,1.95,1,1,1,36.0,70.2,3600.0,3600.0
22632,HAND WARMER RED POLKA DOT,4876.2,2592,46,28,35.0,71.5,1.3503086419753085,1.4663057298716213
22632,HAND WARMER RED RETROSPOT,15272.52,7578,675,421,35.0,71.5,0.4618632884666139,0.46816111551990114
22633,HAND WARMER UNION JACK,16857.36,8364,790,473,39.0,81.9,0.4662840746054519,0.4858411993337035
22634,CHILDS BREAKFAST SET SPACEBOY,15021.4,1627,464,322,94.0,906.3000000000001,5.777504609711125,6.033392360232735
22635,CHILDS BREAKFAST SET DOLLY GIRL,14787.949999999999,1598,450,325,124.0,1113.45,7.759699624530664,7.5294412004368425
22636,CHILDS BREAKFAST SET CIRCUS PARADE,12716.380000000001,1565,460,312,45.0,375.70000000000005,2.8753993610223643,2.9544571646962425
22637,PIGGY BANK RETROSPOT,10377.02,4278,496,329,69.0,171.9,1.6129032258064515,1.656544942575036
22638,SET OF 4 NAPKIN CHARMS CROWNS,640.12,357,59,56,1.0,2.55,0.2801120448179272,0.3983628069736924
22639,SET OF 4 NAPKIN CHARMS HEARTS,3776.2200000000003,1598,248,192,6.0,15.3,0.37546933667083854,0.40516707183373846
22640,SET OF 4 NAPKIN CHARMS 3 KEYS,629.82,298,69,58,0.0,0.0,0.0,0.0
22641,SET OF 4 NAPKIN CHARMS INSTRUMENT,576.17,255,51,48,0.0,0.0,0.0,0.0
22641,SET OF 4 NAPKIN CHARMS INSTUMENT,30.6,12,2,2,0.0,0.0,0.0,0.0
22642,SET OF 4 NAPKIN CHARMS STARS,2230.7000000000003,959,130,113,0.0,0.0,0.0,0.0
22643,SET OF 4 NAPKIN CHARMS LEAVES,882.99,405,76,72,0.0,0.0,0.0,0.0
22644,CERAMIC CHERRY CAKE MONEY BANK,6016.429999999999,4583,465,304,107.0,254.44999999999996,2.3347152520183285,4.229252230974182
22645,CERAMIC HEART CAKE MONEY BANK,159.6,120,5,5,87.0,125.94999999999999,72.5,78.91604010025061
22645,CERAMIC HEART FAIRY CAKE MONEY BANK,6241.69,4563,551,338,87.0,125.94999999999999,1.9066403681788298,2.0178829772064937
22646,CERAMIC STRAWBERRY CAKE MONEY BANK,11187.26,8514,697,404,109.0,154.99999999999997,1.2802443035001174,1.3855045828916104
22647,CERAMIC LOVE HEART MONEY BANK,866.5,1042,68,60,24.0,34.8,2.3032629558541267,4.016156953260242
22649,STRAWBERRY CAKE TEAPOT,79.2,16,4,4,72.0,352.90000000000003,450.0,445.58080808080814
22649,STRAWBERRY FAIRY CAKE TEAPOT,10577.95,2203,410,198,72.0,352.90000000000003,3.2682705401724923,3.3361851776572964
22650,CERAMIC PIRATE CHEST MONEY BANK,2403.45,1689,221,150,37.0,53.65,2.1906453522794553,2.232207867856623
22651,GENTLEMAN SHIRT REPAIR KIT,2356.63,2923,150,112,0.0,0.0,0.0,0.0
22652,TRAVEL SEWING KIT,14859.81,9353,716,440,56.0,92.40000000000002,0.5987383727146369,0.6218114498099236
22653,BUTTON BOX,4158.36,2198,231,156,44.0,85.8,2.001819836214741,2.0633134216373765
22654,DELUXE SEWING KIT,11611.27,2045,440,300,52.0,306.4,2.5427872860635694,2.638815564533423
22655,VINTAGE RED KITCHEN CABINET,12550.0,75,52,45,12.0,2320.5,16.0,18.49003984063745
22656,VINTAGE BLUE KITCHEN CABINET,9290.0,45,37,30,13.0,2368.5,28.888888888888886,25.495156081808396
22657,HEN & 2 CHICKS IN BASKET,50.15,59,7,7,0.0,0.0,0.0,0.0
22659,LUNCH BOX I LOVE LONDON,26596.719999999998,15156,763,293,337.0,574.95,2.223541831617841,2.161732724937511
22659,LUNCHBOX I LOVE LONDON,1.95,1,1,1,337.0,574.95,33700.0,29484.615384615387
22660,DOORMAT I LOVE LONDON,5136.67,831,148,96,6.0,47.7,0.7220216606498195,0.9286171780550434
22661,CHARLOTTE BAG DOLLY GIRL DESIGN,6365.84,8034,536,246,16.0,13.34,0.19915359721184964,0.20955600517763565
22662,LUNCH BAG DOLLY GIRL DESIGN,15305.19,9715,872,426,68.0,112.20000000000002,0.6999485331960885,0.7330846595174579
22663,JUMBO BAG DOLLY GIRL DESIGN,10206.78,5367,526,268,34.0,66.3,0.6335010247810695,0.6495682281777406
22664,TOY TIDY DOLLY GIRL DESIGN,2474.38,1304,178,107,12.0,25.2,0.9202453987730062,1.0184369417793546
22665,RECIPE BOX BLUE SKETCHBOOK DESIGN,7172.81,2535,507,326,45.0,129.95000000000002,1.7751479289940828,1.8117028054556026
22666,RECIPE BOX PANTRY YELLOW DESIGN,27222.52,9600,1277,701,237.0,655.5500000000001,2.46875,2.408116515296894
22667,RECIPE BOX RETRO SPOT DESIGN,2674.0000000000005,952,175,138,138.0,393.50000000000006,14.495798319327733,14.715781600598355
22667,RECIPE BOX RETROSPOT,10702.150000000001,3841,645,338,138.0,393.50000000000006,3.592814371257485,3.6768312909088365
22668,PINK BABY BUNTING,9236.86,3290,381,296,67.0,177.65,2.0364741641337383,1.9232726272781009
22669,RED BABY BUNTING,6266.75,2165,334,263,55.0,142.25,2.5404157043879905,2.269916623449156
22670,FRENCH WC SIGN BLUE METAL,5136.36,4283,315,218,1160.0,1340.56,27.083819752509925,26.099416707551654
22671,FRENCH LAUNDRY SIGN BLUE METAL,2599.46,1618,190,140,4.0,6.3999999999999995,0.2472187886279357,0.24620498103452254
22672,FRENCH BATHROOM SIGN BLUE METAL,4382.67,2723,298,227,17.0,28.05,0.6243114212265883,0.640020809232728
22673,FRENCH GARDEN SIGN BLUE METAL,1577.34,1280,168,130,109.0,118.01,8.515625,7.481582918077271
22674,FRENCH TOILET SIGN BLUE METAL,2741.48,2267,243,182,14.0,17.5,0.6175562417291575,0.6383413338780513
22675,FRENCH KITCHEN SIGN BLUE METAL,2599.91,2146,226,179,28.0,35.0,1.30475302889096,1.3462004454000331
22676,FRENCH BLUE METAL DOOR SIGN 1,1402.39,1119,154,71,11.0,13.75,0.9830205540661305,0.9804690563965801
22676,"FRENCH BLUE METAL DOOR SIGN, 1",700.0,560,67,55,11.0,13.75,1.9642857142857142,1.9642857142857142
22677,FRENCH BLUE METAL DOOR SIGN 2,1177.51,942,124,65,11.0,13.75,1.167728237791932,1.1677183208635171
22677,"FRENCH BLUE METAL DOOR SIGN, 2",616.25,493,65,56,11.0,13.75,2.231237322515213,2.231237322515213
22678,FRENCH BLUE METAL DOOR SIGN 3,1001.18,799,113,63,11.0,13.75,1.376720901126408,1.3733794122934937
22678,"FRENCH BLUE METAL DOOR SIGN, 3",607.5,486,59,50,11.0,13.75,2.263374485596708,2.263374485596708
22679,FRENCH BLUE METAL DOOR SIGN 4,870.57,695,102,59,10.0,12.5,1.4388489208633095,1.4358408858563927
22679,"FRENCH BLUE METAL DOOR SIGN, 4",573.75,459,54,48,10.0,12.5,2.178649237472767,2.178649237472767
22680,FRENCH BLUE METAL DOOR SIGN 5,969.97,775,107,65,30.0,37.5,3.870967741935484,3.866098951513964
22680,"FRENCH BLUE METAL DOOR SIGN, 5",581.25,465,56,51,30.0,37.5,6.451612903225806,6.451612903225806
22681,FRENCH BLUE METAL DOOR SIGN 6,816.82,652,86,49,12.0,14.81,1.8404907975460123,1.8131289635415393
22681,"FRENCH BLUE METAL DOOR SIGN, 6",525.0,420,46,43,12.0,14.81,2.857142857142857,2.820952380952381
22682,FRENCH BLUE METAL DOOR SIGN 7,823.11,658,85,55,11.0,13.75,1.6717325227963524,1.670493615677127
22682,"FRENCH BLUE METAL DOOR SIGN, 7",547.5,438,53,47,11.0,13.75,2.5114155251141552,2.5114155251141552
22683,FRENCH BLUE METAL DOOR SIGN 8,749.32,598,83,56,12.0,15.0,2.0066889632107023,2.0018149789142154
22683,"FRENCH BLUE METAL DOOR SIGN, 8",558.75,447,54,48,12.0,15.0,2.684563758389262,2.684563758389262
22684,FRENCH BLUE METAL DOOR SIGN 9,610.65,489,66,45,13.0,16.25,2.658486707566462,2.6610988291165154
22684,"FRENCH BLUE METAL DOOR SIGN, 9",552.5,442,49,46,13.0,16.25,2.941176470588235,2.941176470588235
22685,FRENCH BLUE METAL DOOR SIGN 0,708.15,567,74,52,10.0,12.5,1.763668430335097,1.7651627480053662
22685,"FRENCH BLUE METAL DOOR SIGN, 0",575.0,460,53,45,10.0,12.5,2.1739130434782608,2.1739130434782608
22686,FRENCH BLUE METAL DOOR SIGN No,1059.7,909,81,46,24.0,30.0,2.6402640264026402,2.83098990280268
22686,"FRENCH BLUE METAL DOOR SIGN, No",421.25,337,35,33,24.0,30.0,7.121661721068249,7.121661721068249
22687,DOORMAT CHRISTMAS VILLAGE,4966.929999999999,837,113,97,0.0,0.0,0.0,0.0
22688,DOORMAT PEACE ON EARTH BLUE,4621.360000000001,856,85,77,0.0,0.0,0.0,0.0
22689,DOORMAT MERRY CHRISTMAS RED,7171.64,1004,211,182,52.0,354.0,5.179282868525896,4.936109453346794
22690,DOORMAT HOME SWEET HOME BLUE,15329.57,2493,401,278,6.0,48.3,0.24067388688327318,0.31507733093622325
22691,DOORMAT WELCOME SUNRISE,4602.26,718,182,124,143.0,665.35,19.91643454038997,14.45702763424926
22692,DOORMAT WELCOME TO OUR HOME,13103.81,1935,460,293,143.0,665.0500000000001,7.390180878552971,5.075241475570847
22693,GROW A FLYTRAP OR SUNFLOWER IN TIN,18798.98,17242,281,197,72.0,90.0,0.4175849669411901,0.47874937895566677
22694,WICKER STAR,9115.800000000001,4428,720,484,180.0,348.0,4.0650406504065035,3.8175475547949707
22695,WICKER WREATH SMALL,1822.02,1378,184,151,0.0,0.0,0.0,0.0
22696,WICKER WREATH LARGE,2577.2599999999998,1360,245,203,0.0,0.0,0.0,0.0
22697,GREEN REGENCY TEACUP AND SAUCER,23507.24,8500,933,475,184.0,506.80000000000007,2.164705882352941,2.1559315342847567
22697,TEACUP AND SAUCER REGENCY GREEN,472.5,174,13,13,184.0,506.80000000000007,105.74712643678161,107.25925925925928
22698,PINK REGENCY TEACUP AND SAUCER,20329.640000000003,7408,746,400,197.0,546.7500000000003,2.6592872570194386,2.689422931247185
22698,TEACUP AND SAUCER REGENCY PINK,384.0,144,9,9,197.0,546.7500000000003,136.80555555555557,142.38281250000009
22699,ROSES REGENCY TEACUP AND SAUCER,32470.65,11939,1056,521,491.0,1295.2500000000002,4.112572242231343,3.988986977470424
22699,TEACUP AND SAUCER REGENCY ROSES,566.7,210,14,13,491.0,1295.2500000000002,233.80952380952382,228.56008470089998
22700,BLACK AND WHITE DOG BOWL,3114.27,1377,92,79,22.0,31.300000000000004,1.597676107480029,1.005050942917602
22701,PINK DOG BOWL,954.7800000000001,552,86,65,16.0,43.0,2.898550724637681,4.503655292318649
22702,BLACK AND WHITE CAT BOWL,3097.7999999999997,1573,82,66,2.0,3.95,0.12714558169103624,0.12750984569694623
22703,PINK CAT BOWL,547.92,310,74,57,0.0,0.0,0.0,0.0
22704,WRAP RED APPLES,3553.0,8650,293,207,50.0,21.0,0.5780346820809248,0.591049817056009
22705,WRAP GREEN PEARS,1554.0,3700,147,114,25.0,10.5,0.6756756756756757,0.6756756756756757
22706,WRAP COWBOYS,1690.3,4215,123,109,50.0,21.0,1.1862396204033214,1.2423830089333254
22707,WRAP MONSTER FUN,903.0,2150,81,70,0.0,0.0,0.0,0.0
22708,WRAP DOLLY GIRL,2130.0,5300,158,115,25.0,10.5,0.4716981132075472,0.49295774647887325
22709,WRAP WEDDING DAY,1089.5,2775,76,68,25.0,10.5,0.9009009009009009,0.9637448370812299
22710,WRAP I LOVE LONDON,2787.68,7104,168,112,125.0,52.5,1.7595720720720722,1.8832864604258739
22711,WRAP CIRCUS PARADE,2178.84,5302,178,148,50.0,21.0,0.943040362127499,0.9638156083053366
22712,CARD DOLLY GIRL,2777.73,7009,345,209,37.0,15.54,0.5278927093736624,0.5594496225335075
22713,CARD I LOVE LONDON,2214.2799999999997,5625,240,148,20.0,8.4,0.35555555555555557,0.3793558176924328
22714,CARD BIRTHDAY COWBOY,2016.93,5097,253,187,108.0,41.04,2.1188934667451442,2.034775624339962
22715,CARD WEDDING DAY,1081.08,2646,168,125,0.0,0.0,0.0,0.0
22716,CARD CIRCUS PARADE,2066.43,5020,341,244,12.0,5.04,0.2390438247011952,0.2438988980996211
22717,CARD DOG AND BALL,949.32,2322,152,118,12.0,5.04,0.516795865633075,0.5309063329541145
22718,CARD CAT AND TREE,1020.24,2460,170,114,36.0,15.120000000000001,1.4634146341463417,1.4820042342978124
22719,"GUMBALL COATHOOK., BLACK & WHITE",25.0,20,4,4,28.0,30.439999999999998,140.0,121.76
22719,GUMBALL MONOCHROME COAT RACK,1345.55,1195,105,67,28.0,30.439999999999998,2.3430962343096233,2.2622719334101293
22720,SET OF 3 CAKE TINS PANTRY DESIGN,33298.3,7010,1146,640,154.0,730.1,2.1968616262482166,2.192604427253043
22721,SET OF 3 CAKE TINS SKETCHBOOK,3942.82,908,246,183,0.0,0.0,0.0,0.0
22722,SET OF 6 SPICE TINS PANTRY DESIGN,20506.300000000003,5366,654,394,36.0,141.7,0.6708907938874394,0.6910071538990455
22723,SET OF 6 HERB TINS SKETCHBOOK,3686.1400000000003,1054,235,170,2.0,7.9,0.18975332068311196,0.21431633090441493
22725,ALARM CLOCK BAKELIKE CHOCOLATE,8367.84,2266,419,217,57.0,213.75,2.5154457193292146,2.554422646704526
22726,ALARM CLOCK BAKELIKE GREEN,24898.96,6713,1041,404,65.0,243.75,0.9682705198867868,0.978956550795696
22727,ALARM CLOCK BAKELIKE RED,30703.09,8512,1144,473,84.0,315.0,0.9868421052631579,1.0259553680101905
22728,ALARM CLOCK BAKELIKE PINK,21369.98,5833,772,357,53.0,198.75,0.9086233499057088,0.9300429855339125
22729,ALARM CLOCK BAKELIKE ORANGE,10300.44,2797,500,236,35.0,130.89,1.2513407222023596,1.2707224157414634
22730,ALARM CLOCK BAKELIKE IVORY,12951.5,3451,616,289,58.0,217.5,1.680672268907563,1.6793421611396364
22731,3D CHRISTMAS STAMPS STICKERS,2192.68,1756,169,138,34.0,42.5,1.9362186788154898,1.9382673258295786
22731,3D STICKERS CHRISTMAS STAMPS,1137.0,940,34,34,34.0,42.5,3.6170212765957444,3.737906772207564
22732,3D STICKERS VINTAGE CHRISTMAS,1268.0,1060,38,38,0.0,0.0,0.0,0.0
22732,3D VINTAGE CHRISTMAS STICKERS,2995.59,2407,205,165,0.0,0.0,0.0,0.0
22733,3D STICKERS TRADITIONAL CHRISTMAS,1187.0,980,36,36,20.0,25.0,2.0408163265306123,2.1061499578770007
22733,3D TRADITIONAL CHRISTMAS STICKERS,2893.04,2296,217,185,20.0,25.0,0.8710801393728222,0.8641429084976356
22734,SET OF 6 RIBBONS VINTAGE CHRISTMAS,21490.170000000002,8849,599,444,30.0,86.69999999999999,0.3390213583455758,0.4034402705981385
22735,RIBBON REEL SOCKS AND MITTENS,2146.38,1318,159,133,0.0,0.0,0.0,0.0
22736,RIBBON REEL MAKING SNOWMEN,3735.2599999999998,2274,293,228,23.0,37.95,1.0114335971855761,1.0159935319094255
22736,"RIBBON REEL, MAKING SNOWMEN",99.0,60,5,5,23.0,37.95,38.333333333333336,38.333333333333336
22737,RIBBON REEL CHRISTMAS PRESENT,4925.54,2998,381,300,40.0,66.0,1.33422281521014,1.3399546039622052
22738,RIBBON REEL SNOWY VILLAGE,6431.68,4012,352,274,140.0,207.0,3.489531405782652,3.218443703666849
22739,RIBBON REEL CHRISTMAS SOCK BAUBLE,4893.84,2944,380,296,130.0,190.5,4.415760869565218,3.8926487175714772
22739,"RIBBON REEL, XMAS SOCK/BAUBLE",1131.0,700,46,45,130.0,190.5,18.571428571428573,16.843501326259947
22740,POLKA DOT PEN,1060.8,1248,24,23,0.0,0.0,0.0,0.0
22740,POLKADOT PEN,9276.83,11303,180,142,0.0,0.0,0.0,0.0
22740,POLKADOT PENS,40.8,48,1,1,0.0,0.0,0.0,0.0
22741,FUNKY DIVA PEN,8672.109999999999,10297,196,132,51.0,43.349999999999994,0.4952898902592988,0.4998783456390659
22742,MAKE YOUR OWN PLAYTIME CARD KIT,2227.4400000000005,960,161,132,2.0,5.9,0.20833333333333334,0.2648780663003268
22743,MAKE YOUR OWN FLOWERPOWER CARD KIT,3334.51,1309,263,199,6.0,17.700000000000003,0.4583651642475172,0.5308126231440302
22744,MAKE YOUR OWN MONSOON CARD KIT,3489.4900000000002,1391,254,196,62.0,163.70000000000002,4.457225017972681,4.691229950508527
22745,POPPY'S PLAYHOUSE BEDROOM,6820.150000000001,3330,556,377,13.0,27.299999999999997,0.39039039039039036,0.4002844512217473
22746,POPPY'S PLAYHOUSE LIVINGROOM,5292.02,2589,460,319,12.0,25.2,0.4634994206257242,0.4761886765356139
22747,POPPY'S PLAYHOUSE BATHROOM,3789.0,1870,327,241,6.0,12.6,0.32085561497326204,0.332541567695962
22748,POPPY'S PLAYHOUSE KITCHEN,7192.01,3498,616,410,17.0,35.7,0.48599199542595767,0.4963841818907371
22749,FELTCRAFT PRINCESS CHARLOTTE DOLL,12407.83,3407,621,383,1.0,3.75,0.0293513354857646,0.030222851215724263
22750,FELTCRAFT PRINCESS LOLA DOLL,11094.51,3039,597,362,10.0,37.5,0.3290556103981573,0.33800501329035715
22751,FELTCRAFT PRINCESS OLIVIA DOLL,7965.29,2195,414,269,6.0,22.5,0.2733485193621868,0.2824755909703225
22752,SET 7 BABUSHKA NESTING BOXES,25620.99,3273,577,323,224.0,1761.2000000000003,6.843874121600978,6.874051314956994
22753,SMALL YELLOW BABUSHKA NOTEBOOK,1662.09,2176,331,205,12.0,10.2,0.5514705882352942,0.613685179502915
22754,SMALL RED BABUSHKA NOTEBOOK,2635.81,3671,379,237,12.0,10.2,0.3268864069735767,0.3869778170657217
22755,SMALL PURPLE BABUSHKA NOTEBOOK,2624.6,3543,395,243,12.0,10.2,0.3386960203217612,0.3886306484797683
22756,LARGE YELLOW BABUSHKA NOTEBOOK,1231.21,1127,172,124,12.0,15.0,1.064773735581189,1.218313691409264
22757,LARGE RED BABUSHKA NOTEBOOK,2703.73,2532,223,161,1.0,1.25,0.03949447077409163,0.04623242705447659
22758,LARGE PURPLE BABUSHKA NOTEBOOK,2299.64,2292,221,151,18.0,22.5,0.7853403141361256,0.9784140126280636
22759,SET OF 3 NOTEBOOKS IN PARCEL,14138.4,8860,634,472,26.0,42.900000000000006,0.2934537246049661,0.30342895942963843
22760,"TRAY, BREAKFAST IN BED",4041.1499999999996,337,103,82,10.0,125.7,2.967359050445104,3.110500723803868
22761,CHEST 7 DRAWER MA CAMPAGNE,1083.75,45,31,27,3.0,68.85,6.666666666666667,6.352941176470588
22762,CUPBOARD 3 DRAWER MA CAMPAGNE,2531.75,177,107,91,18.0,244.89999999999998,10.16949152542373,9.673150982521971
22763,KEY CABINET MA CAMPAGNE,5089.59,645,119,95,7.0,69.64999999999999,1.0852713178294573,1.3684795828347665
22764,"RUSTIC WOODEN CABINET, GLASS DOORS",3362.5699999999997,181,24,23,4.0,93.8,2.209944751381215,2.789533006004336
22765,NEWSPAPER STAND,3210.2999999999997,300,42,36,1.0,14.95,0.33333333333333337,0.46568856493162636
22766,PHOTO FRAME CORNICE,12280.18,4246,580,343,63.0,185.85,1.483749411210551,1.5134142984874814
22767,TRIPLE PHOTO FRAME CORNICE,9035.63,977,279,197,40.0,397.99999999999994,4.094165813715456,4.404784171109264
22768,FAMILY PHOTO FRAME CORNICE,10310.19,1114,320,243,38.0,375.19999999999993,3.4111310592459607,3.6391181927782115
22769,CHALKBOARD KITCHEN ORGANISER,3198.8,164,35,32,17.0,400.15000000000003,10.365853658536585,12.509378516943853
22770,MIRROR CORNICE,1477.3999999999999,100,63,49,7.0,104.65,7.000000000000001,7.083389738730203
22771,CLEAR DRAWER KNOB ACRYLIC EDWARDIAN,7917.11,6547,382,201,30.0,37.5,0.4582251412860852,0.4736576856959169
22771,DRAWER KNOB ACRYLIC EDWARDIAN CLEAR,30.0,24,1,1,30.0,37.5,125.0,125.0
22772,DRAWER KNOB ACRYLIC EDWARDIAN PINK,30.0,24,1,1,15.0,18.75,62.5,62.5
22772,PINK DRAWER KNOB ACRYLIC EDWARDIAN,4466.91,3776,213,105,15.0,18.75,0.3972457627118644,0.4197532522481984
22773,DRAWER KNOB ACRYLIC EDWARDIAN GREEN,30.0,24,1,1,12.0,15.0,50.0,50.0
22773,GREEN DRAWER KNOB ACRYLIC EDWARDIAN,2561.46,2106,170,95,12.0,15.0,0.5698005698005698,0.5856035229907943
22774,RED DRAWER KNOB ACRYLIC EDWARDIAN,2918.71,2483,135,75,28.0,34.81,1.1276681433749496,1.1926501776469742
22775,DRAWERKNOB ACRYLIC EDWARDIAN PURPLE,30.0,24,1,1,70.0,87.5,291.66666666666663,291.66666666666663
22775,PURPLE DRAWERKNOB ACRYLIC EDWARDIAN,3590.06,2949,182,98,70.0,87.5,2.373685995252628,2.4372851707213807
22776,"CAKESTAND, 3 TIER, LOVEHEART",405.5,46,7,7,134.0,1230.3499999999997,291.30434782608694,303.4155363748458
22776,SWEETHEART 3 TIER CAKE STAND,2174.1,222,122,99,134.0,1230.3499999999997,60.36036036036037,56.59123315394875
22776,SWEETHEART CAKESTAND 3 TIER,12130.4,1292,466,347,134.0,1230.3499999999997,10.371517027863778,10.142699333904897
22777,GLASS BELL JAR LARGE,17.0,2,1,1,6.0,50.15,300.0,295.0
22777,GLASS CLOCHE LARGE,3324.3500000000004,420,75,66,6.0,50.15,1.4285714285714286,1.5085655842495522
22778,GLASS BELL JAR SMALL,15.8,4,1,1,71.0,250.76999999999995,1775.0,1587.151898734177
22778,GLASS CLOCHE SMALL,3255.66,890,143,106,71.0,250.76999999999995,7.977528089887641,7.702585650835774
22779,WOODEN OWLS LIGHT GARLAND,6610.1,1730,191,112,26.0,110.5,1.5028901734104045,1.671684240783044
22780,LIGHT GARLAND BUTTERFILES PINK,6142.09,1617,177,110,25.0,106.25,1.5460729746444033,1.7298671950427298
22781,GUMBALL MAGAZINE RACK,5633.54,768,225,160,51.0,366.75,6.640625,6.510116196920586
22782,SET 3 WICKER STORAGE BASKETS,3712.2999999999997,254,84,75,0.0,0.0,0.0,0.0
22783,SET 3 WICKER OVAL BASKETS W LIDS,6277.17,481,44,38,0.0,0.0,0.0,0.0
22784,LANTERN CREAM GAZEBO,6932.82,1474,323,234,52.0,248.99999999999991,3.5278154681139755,3.591612071278353
22785,CUSHION COVER PINK UNION FLAG,643.35,101,22,22,0.0,0.0,0.0,0.0
22785,SQUARECUSHION COVER PINK UNION FLAG,725.8,108,44,42,0.0,0.0,0.0,0.0
22785,SQUARECUSHION COVER PINK UNION JACK,382.14,150,29,27,0.0,0.0,0.0,0.0
22786,CUSHION COVER PINK UNION JACK,903.89,163,58,50,0.0,0.0,0.0,0.0
22786,PILLOWCUSHION COVER PINK UNION JACK,303.45,51,17,17,0.0,0.0,0.0,0.0
22788,BROCANTE COAT RACK,3609.95,459,68,51,7.0,66.75,1.5250544662309369,1.8490560811091568
22789,T-LIGHT HOLDER SWEETHEART HANGING,2292.09,1201,180,138,1.0,1.95,0.08326394671107411,0.0850751933824588
22790,"MIRROR, ARCHED GEORGIAN",3884.000000000001,200,1,1,0.0,0.0,0.0,0.0
22791,T-LIGHT GLASS FLUTED ANTIQUE,9985.630000000001,8698,332,226,190.0,209.0,2.1844102092435045,2.0930076519959178
22792,FLUTED ANTIQUE CANDLE HOLDER,2421.25,2951,171,128,12.0,10.2,0.40664181633344626,0.4212700051626226
22794,SWEETHEART WIRE MAGAZINE RACK,2851.5,362,183,130,5.0,39.75,1.3812154696132597,1.3940031562335613
22795,SWEETHEART RECIPE BOOK STAND,9465.55,1465,402,227,23.0,118.95,1.5699658703071673,1.2566623175621068
22796,PHOTO FRAME 3 CLASSIC HANGING,7484.4,771,293,201,59.0,563.8499999999999,7.652399481193256,7.533670033670033
22797,CHEST OF DRAWERS GINGHAM HEART,3711.24,222,125,98,25.0,411.7499999999999,11.26126126126126,11.094674556213015
22798,ANTIQUE GLASS DRESSING TABLE POT,6228.360000000001,2172,258,173,52.0,153.40000000000003,2.394106813996317,2.4629276406630316
22799,SWEETHEART WIRE FRUIT BOWL,1853.1,241,96,85,1.0,8.5,0.4149377593360996,0.4586908423722411
22800,ANTIQUE TALL SWIRLGLASS TRINKET POT,3709.63,1003,189,149,16.0,60.0,1.5952143569292123,1.6174119790922543
22801,ANTIQUE GLASS PEDESTAL BOWL,4175.85,1144,226,173,37.0,138.39,3.234265734265734,3.31405582097058
22802,FAUX FUR CHOCOLATE THROW,1454.7,86,46,39,0.0,0.0,0.0,0.0
22803,IVORY EMBROIDERED QUILT,1915.65,51,30,22,0.0,0.0,0.0,0.0
22804,CANDLEHOLDER PINK HANGING HEART,11400.75,4069,521,325,504.0,1294.8000000000002,12.386335709019415,11.357147556081838
22804,PINK HANGING HEART T-LIGHT HOLDER,1476.13,823,66,50,504.0,1294.8000000000002,61.23936816524909,87.71585158488752
22805,BLUE DRAWER KNOB ACRYLIC EDWARDIAN,2266.68,1848,148,89,13.0,16.25,0.7034632034632035,0.7169075476026612
22806,SET OF 6 T-LIGHTS WEDDING CAKE,1049.9,410,44,42,52.0,134.20000000000002,12.682926829268293,12.782169730450518
22807,SET OF 6 T-LIGHTS TOADSTOOLS,3257.0400000000004,1192,183,125,19.0,51.25000000000001,1.5939597315436242,1.5735146022155084
22808,SET OF 6 T-LIGHTS EASTER CHICKS,1098.9,394,61,58,18.0,53.1,4.568527918781726,4.832104832104831
22809,SET OF 6 T-LIGHTS SANTA,7053.760000000001,2452,327,259,48.0,132.0,1.957585644371941,1.8713423762645736
22810,SET OF 6 T-LIGHTS SNOWMEN,6088.130000000001,2079,280,213,64.0,169.60000000000002,3.0784030784030785,2.7857486617401404
22811,SET OF 6 T-LIGHTS CACTI,2310.9300000000003,891,69,51,1.0,2.95,0.11223344556677892,0.12765423444241064
22812,PACK 3 BOXES CHRISTMAS PANETTONE,95.67,39,12,9,47.0,91.64999999999999,120.51282051282051,95.79805581687049
22812,PACK 3 BOXES CHRISTMAS PANNETONE,8066.599999999999,4286,339,266,47.0,91.64999999999999,1.0965935604293047,1.1361664145984678
22813,PACK 3 BOXES BIRD PANETTONE,340.33,177,14,11,1.0,1.95,0.5649717514124294,0.5729732906296829
22813,PACK 3 BOXES BIRD PANNETONE,6735.95,3613,276,216,1.0,1.95,0.02767783005812344,0.028949146000192993
22814,CARD PARTY GAMES,858.36,2126,135,101,0.0,0.0,0.0,0.0
22815,CARD PSYCHEDELIC APPLES,1060.44,2566,165,111,0.0,0.0,0.0,0.0
22816,CARD MOTORBIKE SANTA,2438.4,5948,299,258,48.0,20.16,0.8069939475453934,0.8267716535433071
22817,CARD SUKI BIRTHDAY,1056.84,2578,169,104,0.0,0.0,0.0,0.0
22818,CARD CHRISTMAS VILLAGE,2319.48,5574,288,252,144.0,60.48,2.583423035522067,2.607480987117802
22819,"BIRTHDAY CARD, RETRO SPOT",1052.64,2568,168,125,0.0,0.0,0.0,0.0
22820,GIFT BAG BIRTHDAY,761.98,1172,76,67,2.0,1.3,0.17064846416382254,0.17060815244494607
22821,GIFT BAG PSYCHEDELIC APPLES,845.36,1300,103,83,16.0,10.4,1.2307692307692308,1.230245102678149
22822,CREAM WALL PLANTER HEART SHAPED,3169.41,562,168,139,2.0,11.9,0.3558718861209964,0.3754642031166684
22823,CHEST NATURAL WOOD 20 DRAWERS,3655.0,32,18,17,0.0,0.0,0.0,0.0
22824,3 TIER SWEETHEART GARDEN SHELF,2153.9500000000003,61,48,47,1.0,35.95,1.639344262295082,1.6690266719283178
22825,DECORATIVE PLANT POT WITH FRIEZE,751.2,96,34,32,7.0,53.25,7.291666666666667,7.088658146964856
22826,LOVE SEAT ANTIQUE WHITE METAL,6210.0,58,41,33,4.0,517.5,6.896551724137931,8.333333333333332
22827,GIANT SEVENTEEN DRAWER SIDEBOARD,1240.0,8,6,6,4.0,580.0,50.0,46.774193548387096
22827,RUSTIC  SEVENTEEN DRAWER SIDEBOARD,5910.0,38,29,24,4.0,580.0,10.526315789473683,9.813874788494077
22828,REGENCY MIRROR WITH SHUTTERS,2565.0,17,11,9,2.0,290.0,11.76470588235294,11.306042884990253
22829,BROCANTE SHELF WITH HOOKS,9.95,1,1,1,10.0,87.9,1000.0,883.4170854271358
22829,SWEETHEART WIRE WALL TIDY,2146.35,223,103,83,10.0,87.9,4.484304932735426,4.095324620867986
22830,UTILTY CABINET WITH HOOKS,3623.2,178,16,14,0.0,0.0,0.0,0.0
22831,WHITE BROCANTE SOAP DISH,2157.8500000000004,751,118,101,0.0,0.0,0.0,0.0
22832,BROCANTE SHELF WITH HOOKS,1752.95,165,74,68,7.0,75.25,4.242424242424243,4.292763627028723
22832,SWEETHEART WIRE WALL TIDY,122.6,12,3,3,7.0,75.25,58.333333333333336,61.37846655791191
22833,HALL CABINET WITH 3 DRAWERS,4013.59,118,11,9,0.0,0.0,0.0,0.0
22834,HAND WARMER BABUSHKA DESIGN,9747.83,6378,479,297,215.0,331.25,3.37096268422703,3.398192213036132
22834,MINI HAND WARMER BABUSHKA DESIGN,214.8,108,5,5,215.0,331.25,199.07407407407408,154.21322160148975
22835,HOT WATER BOTTLE I AM SO POORLY,21398.28,4638,815,451,408.0,1744.8,8.796895213454075,8.153926390345392
22837,HOT WATER BOTTLE BABUSHKA,13807.25,3093,354,210,37.0,157.65,1.196249595861623,1.1417914501439463
22837,HOT WATER BOTTLE BABUSHKA LARGE,618.0,136,14,14,37.0,157.65,27.205882352941174,25.509708737864077
22838,3 TIER CAKE TIN RED AND CREAM,11467.38,844,220,177,137.0,1801.7500000000002,16.23222748815166,15.71195861652793
22838,"CAKE TIN, 3 TIER RED/IVORY",383.4,28,8,8,137.0,1801.7500000000002,489.28571428571433,469.9400104329682
22839,3 TIER CAKE TIN GREEN AND CREAM,6558.5599999999995,476,184,138,15.0,222.04999999999998,3.1512605042016806,3.3856517284281913
22839,"CAKE TIN, 3 TIER MINT/IVORY",176.75,13,4,4,15.0,222.04999999999998,115.38461538461537,125.62942008486561
22840,"CAKE TIN, ROUND, VINTAGE RED,CREAM",421.05,59,10,10,29.0,229.54999999999998,49.152542372881356,54.51846574041087
22840,ROUND CAKE TIN VINTAGE RED,9211.630000000001,1233,367,273,29.0,229.54999999999998,2.3519870235198703,2.491958535025831
22841,"CAKE TIN, ROUND, VINTAGE MINT,IVORY",190.65,27,4,4,19.0,151.05,70.37037037037037,79.22895357985838
22841,ROUND CAKE TIN VINTAGE GREEN,5501.08,724,282,215,19.0,151.05,2.6243093922651934,2.7458244562885836
22842,BISCUIT TIN VINTAGE RED,4837.55,761,212,177,20.0,134.2,2.628120893561104,2.774131533524201
22842,"BISCUIT TIN, RED,IVORY, VINTAGE",230.55,37,7,7,20.0,134.2,54.054054054054056,58.20863153328995
22843,BISCUIT TIN VINTAGE GREEN,3591.73,573,161,134,16.0,107.2,2.7923211169284468,2.9846341456623966
22843,"BISCUIT TIN, MINT,IVORY, VINTAGE",6.75,1,1,1,16.0,107.2,1600.0,1588.148148148148
22844,"DOG FOOD CONTAINER , VINTAGE",85.0,10,3,3,29.0,236.3,290.0,278.0
22844,VINTAGE CREAM DOG FOOD CONTAINER,8122.35,990,357,221,29.0,236.3,2.9292929292929295,2.909256557523377
22844,VINTAGE DOG FOOD CONTAINER,308.64,36,6,6,29.0,236.3,80.55555555555556,76.56168999481598
22845,"CAT FOOD CONTAINER , VINTAGE",63.5,10,3,3,14.0,88.1,140.0,138.74015748031493
22845,VINTAGE CAT FOOD CONTAINER,218.14,34,5,5,14.0,88.1,41.17647058823529,40.38690749060236
22845,VINTAGE CREAM CAT FOOD CONTAINER,4976.139999999999,831,287,185,14.0,88.1,1.684717208182912,1.770448580626751
22846,BREAD BIN DINER STYLE RED,11879.06,771,309,189,28.0,450.59999999999997,3.631647211413749,3.7932294306115133
22846,"BREAD BIN, DINER STYLE, RED",50.849999999999994,3,2,2,28.0,450.59999999999997,933.3333333333334,886.1356932153393
22847,BREAD BIN DINER STYLE IVORY,16335.789999999999,1049,435,259,49.0,794.5500000000002,4.671115347950429,4.863860272444738
22847,"BREAD BIN, DINER STYLE, IVORY",682.7499999999999,45,10,9,49.0,794.5500000000002,108.88888888888889,116.37495422922011
22848,BREAD BIN DINER STYLE PINK,5339.95,350,130,74,13.0,208.34999999999997,3.7142857142857144,3.901721926235264
22848,"BREAD BIN, DINER STYLE, PINK",127.6,8,3,3,13.0,208.34999999999997,162.5,163.28369905956112
22849,BREAD BIN DINER STYLE MINT,5676.3099999999995,369,147,98,16.0,251.2,4.336043360433604,4.425410169634851
22849,"BREAD BIN, DINER STYLE, MINT",196.35,13,4,4,16.0,251.2,123.07692307692308,127.93481028775146
22850,BREAD BIN DINER STYLE BLACK,123.6,8,1,1,8.0,123.6,100.0,100.0
22851,SET 20 NAPKINS FAIRY CAKES DESIGN,3931.8599999999997,4992,451,306,78.0,66.3,1.5625,1.6862248401519893
22852,DOG BOWL VINTAGE CREAM,1878.42,444,137,104,5.0,21.25,1.1261261261261262,1.1312698970411303
22852,"DOG BOWL, ENAMEL , CREAM COLOUR",34.0,8,2,2,5.0,21.25,62.5,62.5
22852,ENAMEL DOG BOWL CREAM,300.48,76,3,3,5.0,21.25,6.578947368421052,7.072018104366347
22853,CAT BOWL VINTAGE CREAM,1726.2,536,123,96,6.0,19.5,1.1194029850746268,1.129648939867918
22853,"CAT BOWL, ENAMEL , CREAM COLOUR",39.0,12,2,2,6.0,19.5,50.0,50.0
22853,ENAMEL CAT BOWL CREAM,157.8,52,3,3,6.0,19.5,11.538461538461538,12.3574144486692
22854,CREAM SWEETHEART EGG HOLDER,5177.95,1093,216,169,6.0,29.7,0.5489478499542544,0.5735860717079153
22855,FINE WICKER HEART,5541.56,4612,345,271,12.0,15.0,0.26019080659150046,0.27068190184713325
22856,ASSORTED EASTER DECORATIONS  BELLS,980.5600000000001,872,27,25,21.0,26.25,2.408256880733945,2.677041690462593
22857,ASSORTED EASTER GIFT TAGS,1004.66,1226,62,60,0.0,0.0,0.0,0.0
22858,EASTER TIN KEEPSAKE,1727.1,1086,112,104,10.0,16.5,0.9208103130755065,0.9553586937641132
22859,EASTER TIN BUNNY BOUQUET,1895.4,1188,132,115,32.0,52.8,2.6936026936026933,2.7856916745805633
22860,EASTER TIN CHICKS PINK DAISY,957.0,580,88,85,15.0,24.75,2.586206896551724,2.586206896551724
22861,EASTER TIN CHICKS IN GARDEN,481.8,292,38,36,0.0,0.0,0.0,0.0
22862,LOVE HEART NAPKIN BOX,2993.0,708,184,143,4.0,17.0,0.5649717514124294,0.5679919812896759
22863,SOAP DISH BROCANTE,3002.9,1070,148,120,13.0,38.35000000000001,1.2149532710280373,1.2770988044889944
22864,MUG AND COASTER SET RED CIRCLES,158.76,378,2,1,0.0,0.0,0.0,0.0
22865,HAND WARMER OWL DESIGN,27514.63,13675,1058,566,126.0,264.35,0.9213893967093236,0.9607616021004098
22866,HAND WARMER SCOTTY DOG DESIGN,23436.660000000003,11667,939,530,135.0,259.50000000000006,1.1571097968629467,1.1072396834702558
22867,HAND WARMER BIRD DESIGN,22168.33,11000,907,521,82.0,172.2,0.7454545454545454,0.776783817274463
22868,NUMBER TILE COTTAGE GARDEN 0,107.25,55,12,12,0.0,0.0,0.0,0.0
22868,"NUMBER TILE COTTAGE GARDEN, 0",109.19999999999999,56,2,2,0.0,0.0,0.0,0.0
22869,NUMBER TILE COTTAGE GARDEN 1,136.5,70,20,19,1.0,1.95,1.4285714285714286,1.4285714285714286
22869,"NUMBER TILE COTTAGE GARDEN, 1",122.85,63,7,7,1.0,1.95,1.5873015873015872,1.5873015873015872
22870,NUMBER TILE COTTAGE GARDEN 2,134.54999999999998,69,17,15,0.0,0.0,0.0,0.0
22870,"NUMBER TILE COTTAGE GARDEN, 2",109.19999999999999,56,2,2,0.0,0.0,0.0,0.0
22871,NUMBER TILE COTTAGE GARDEN 3,101.39999999999999,52,10,10,0.0,0.0,0.0,0.0
22871,"NUMBER TILE COTTAGE GARDEN, 3",109.19999999999999,56,2,2,0.0,0.0,0.0,0.0
22872,NUMBER TILE COTTAGE GARDEN 4,115.05,59,16,16,0.0,0.0,0.0,0.0
22872,"NUMBER TILE COTTAGE GARDEN, 4",109.19999999999999,56,2,2,0.0,0.0,0.0,0.0
22873,NUMBER TILE COTTAGE GARDEN 5,97.5,50,15,14,0.0,0.0,0.0,0.0
22873,"NUMBER TILE COTTAGE GARDEN, 5",111.14999999999999,57,3,3,0.0,0.0,0.0,0.0
22874,NUMBER TILE COTTAGE GARDEN 6,113.1,58,15,14,0.0,0.0,0.0,0.0
22874,"NUMBER TILE COTTAGE GARDEN, 6",109.19999999999999,56,2,2,0.0,0.0,0.0,0.0
22875,NUMBER TILE COTTAGE GARDEN 7,105.3,54,16,16,0.0,0.0,0.0,0.0
22875,"NUMBER TILE COTTAGE GARDEN, 7",109.19999999999999,56,2,2,0.0,0.0,0.0,0.0
22876,NUMBER TILE COTTAGE GARDEN 8,101.39999999999999,52,11,11,0.0,0.0,0.0,0.0
22876,"NUMBER TILE COTTAGE GARDEN, 8",109.19999999999999,56,2,2,0.0,0.0,0.0,0.0
22877,NUMBER TILE COTTAGE GARDEN 9,117.0,60,16,15,2.0,3.9,3.3333333333333335,3.3333333333333335
22877,"NUMBER TILE COTTAGE GARDEN, 9",113.1,58,4,4,2.0,3.9,3.4482758620689653,3.4482758620689653
22878,NUMBER TILE COTTAGE GARDEN No,115.5,55,13,12,1.0,2.1,1.8181818181818181,1.8181818181818181
22878,"NUMBER TILE COTTAGE GARDEN, No",90.3,43,3,3,1.0,2.1,2.3255813953488373,2.3255813953488373
22879,NUMBER TILE VINTAGE FONT 0,71.29,63,9,7,0.0,0.0,0.0,0.0
22879,"NUMBER TILE VINTAGE FONT, 0",17.36,8,1,1,0.0,0.0,0.0,0.0
22880,NUMBER TILE VINTAGE FONT 1,90.78999999999999,73,13,10,0.0,0.0,0.0,0.0
22880,"NUMBER TILE VINTAGE FONT, 1",17.36,8,1,1,0.0,0.0,0.0,0.0
22881,NUMBER TILE VINTAGE FONT 2,106.39,81,14,9,0.0,0.0,0.0,0.0
22881,"NUMBER TILE VINTAGE FONT, 2",17.36,8,1,1,0.0,0.0,0.0,0.0
22882,NUMBER TILE VINTAGE FONT 3,125.89,91,25,18,1.0,1.95,1.098901098901099,1.548971324171896
22882,"NUMBER TILE VINTAGE FONT, 3",17.36,8,1,1,1.0,1.95,12.5,11.232718894009217
22883,NUMBER TILE VINTAGE FONT 4,100.53999999999999,78,11,9,1.0,1.95,1.282051282051282,1.9395265565943904
22883,"NUMBER TILE VINTAGE FONT, 4",17.36,8,1,1,1.0,1.95,12.5,11.232718894009217
22884,NUMBER TILE VINTAGE FONT 5,100.53999999999999,78,18,14,0.0,0.0,0.0,0.0
22884,"NUMBER TILE VINTAGE FONT, 5",17.36,8,1,1,0.0,0.0,0.0,0.0
22885,NUMBER TILE VINTAGE FONT 6,114.19,85,16,13,1.0,1.95,1.1764705882352942,1.7076801821525527
22885,"NUMBER TILE VINTAGE FONT, 6",17.36,8,1,1,1.0,1.95,12.5,11.232718894009217
22886,NUMBER TILE VINTAGE FONT 7,92.74,74,13,8,0.0,0.0,0.0,0.0
22886,"NUMBER TILE VINTAGE FONT, 7",17.36,8,1,1,0.0,0.0,0.0,0.0
22887,NUMBER TILE VINTAGE FONT 8,84.94,70,13,10,0.0,0.0,0.0,0.0
22887,"NUMBER TILE VINTAGE FONT, 8",17.36,8,1,1,0.0,0.0,0.0,0.0
22888,NUMBER TILE VINTAGE FONT 9,77.14,66,10,9,0.0,0.0,0.0,0.0
22889,NUMBER TILE VINTAGE FONT No,160.38,145,8,7,13.0,27.3,8.96551724137931,17.022072577628133
22889,"NUMBER TILE VINTAGE FONT, No",48.6,22,2,2,13.0,27.3,59.09090909090909,56.17283950617284
22890,NOVELTY BISCUITS CAKE STAND 3 TIER,7164.469999999999,767,230,148,51.0,481.34999999999997,6.6492829204693615,6.718570948025465
22891,TEA FOR ONE POLKADOT,2362.0099999999998,549,155,108,37.0,157.25,6.739526411657559,6.657465463736395
22892,SALT AND PEPPER SHAKERS TOADSTOOLS,477.57,393,26,26,116.0,139.94,29.51653944020356,29.302510626714408
22892,SET OF SALT AND PEPPER TOADSTOOLS,3759.2400000000002,3084,248,145,116.0,139.94,3.761348897535668,3.722560943169364
22893,MINI CAKE STAND T-LIGHT HOLDER,819.48,2006,93,70,21.0,8.82,1.0468594217347957,1.0762922829111143
22894,TABLECLOTH RED APPLES DESIGN,4861.95,541,173,125,2.0,17.0,0.36968576709796674,0.34965394543341666
22895,SET OF 2 TEA TOWELS APPLE AND PEARS,8091.740000000001,2752,354,232,6.0,17.700000000000003,0.2180232558139535,0.21874158092079085
22896,PEG BAG APPLE DESIGN,866.7,384,28,27,18.0,45.900000000000006,4.6875,5.29595015576324
22896,PEG BAG APPLES DESIGN,3813.67,1586,263,171,18.0,45.900000000000006,1.1349306431273645,1.2035650698670834
22897,OVEN MITT APPLE DESIGN,468.65,337,30,30,42.0,60.9,12.462908011869436,12.994772218073189
22897,OVEN MITT APPLES DESIGN,2214.61,1549,218,167,42.0,60.9,2.711426726920594,2.7499198504477085
22898,CHILDRENS APRON APPLE DESIGN,520.5,290,25,25,1.0,1.65,0.3448275862068966,0.31700288184438036
22898,CHILDRENS APRON APPLES DESIGN,4934.6,2626,349,249,1.0,1.65,0.03808073115003808,0.03343736067766384
22899,CHILDREN'S APRON DOLLY GIRL,5150.78,2566,339,236,7.0,14.450000000000001,0.2727981293842557,0.2805400347131891
22899,CHILDRENS APRON DOLLY GIRL,216.3,103,15,15,7.0,14.450000000000001,6.796116504854369,6.680536292186778
22900,SET 2 TEA TOWELS I LOVE LONDON,15566.6,5458,507,252,216.0,552.5999999999999,3.9574935873946497,3.549908136651548
22902,TOTE BAG I LOVE LONDON,3091.54,1610,140,102,24.0,50.400000000000006,1.4906832298136645,1.6302554713831943
22903,CALENDAR FAMILY FAVORITES,59.0,20,4,4,320.0,880.0,1600.0,1491.5254237288134
22903,CALENDAR FAMILY FAVOURITES,1865.88,684,50,35,320.0,880.0,46.783625730994146,47.162732865993526
22904,CALENDAR PAPER CUT DESIGN,9110.29,3195,398,269,322.0,885.9,10.078247261345853,9.724169044015063
22905,CALENDAR IN SEASON DESIGN,2541.6400000000003,935,143,111,0.0,0.0,0.0,0.0
22906,12 MESSAGE CARDS WITH ENVELOPES,4716.0,2960,346,274,61.0,88.65,2.060810810810811,1.8797709923664123
22907,PACK OF 20 NAPKINS PANTRY DESIGN,6497.87,8141,675,445,244.0,167.07999999999996,2.9971747942513205,2.5713041350473302
22908,PACK OF 20 NAPKINS RED APPLES,4246.44,5430,410,266,7.0,5.95,0.1289134438305709,0.1401173689019508
22909,SET OF 20 VINTAGE CHRISTMAS NAPKINS,12124.119999999999,15376,889,578,470.0,334.21999999999997,3.056711758584808,2.75665367878246
22910,PAPER CHAIN KIT VINTAGE CHRISTMAS,44998.270000000004,16469,1233,701,448.0,1185.6,2.7202623110085615,2.6347679588570845
22911,PAPER CHAIN KIT LONDON,2292.9900000000002,817,143,115,12.0,35.400000000000006,1.4687882496940026,1.5438357777399814
22912,YELLOW COAT RACK PARIS FASHION,1351.44,296,98,81,6.0,29.700000000000003,2.027027027027027,2.1976558337773042
22913,RED COAT RACK PARIS FASHION,1914.39,425,105,84,4.0,19.8,0.9411764705882352,1.0342720135395609
22914,BLUE COAT RACK PARIS FASHION,2429.19,529,149,117,5.0,24.75,0.945179584120983,1.0188581378978177
22915,ASSORTED BOTTLE TOP  MAGNETS,1157.28,3054,141,116,90.0,37.8,2.9469548133595285,3.26627955205309
22916,HERB MARKER THYME,1197.65,1861,193,135,12.0,7.800000000000001,0.6448146157979581,0.6512754143531082
22917,HERB MARKER ROSEMARY,1224.3,1902,198,138,12.0,7.800000000000001,0.6309148264984227,0.6370987503062976
22918,HERB MARKER PARSLEY,1148.4,1816,194,135,12.0,7.800000000000001,0.6607929515418502,0.6792058516196448
22919,HERB MARKER MINT,1098.8500000000001,1709,197,136,12.0,7.800000000000001,0.7021650087770626,0.7098330072348364
22920,HERB MARKER BASIL,2027.0000000000002,3370,195,138,1527.0,841.0500000000001,45.311572700296736,41.49235323137642
22921,HERB MARKER CHIVES,1085.2,1688,173,121,12.0,7.800000000000001,0.7109004739336493,0.7187615186140803
22922,FRIDGE MAGNETS US DINER ASSORTED,1592.6999999999998,1968,99,82,234.0,183.29999999999998,11.890243902439025,11.508758711621775
22923,FRIDGE MAGNETS LES ENFANTS ASSORTED,1204.9499999999998,1491,84,70,176.0,134.0,11.804158283031523,11.120793393916761
22924,FRIDGE MAGNETS LA VIE EN ROSE,1121.1,1374,81,69,229.0,179.04999999999998,16.666666666666664,15.970921416465972
22925,BLUE GIANT GARDEN THERMOMETER,2743.77,465,171,130,8.0,47.6,1.7204301075268817,1.7348392904653085
22926,IVORY GIANT GARDEN THERMOMETER,3753.55,649,201,152,15.0,89.25,2.311248073959938,2.3777490642192056
22927,GREEN GIANT GARDEN THERMOMETER,2474.6,428,140,101,14.0,83.30000000000001,3.2710280373831773,3.3662005980764578
22928,YELLOW GIANT GARDEN THERMOMETER,1583.17,259,91,64,6.0,35.7,2.3166023166023164,2.2549694600074535
22929,SCHOOL DESK AND CHAIR,1459.75,23,17,17,3.0,195.0,13.043478260869565,13.358451789690015
22930,BAKING MOULD HEART MILK CHOCOLATE,2513.12,1040,145,120,96.0,201.6,9.230769230769232,8.02190106322022
22931,BAKING MOULD HEART WHITE CHOCOLATE,1873.51,792,110,95,0.0,0.0,0.0,0.0
22932,BAKING MOULD TOFFEE CUP  CHOCOLATE,15.3,6,1,1,120.0,262.8,2000.0,1717.6470588235293
22932,BAKING MOULD TOFFEE CUP CHOCOLATE,1935.6000000000001,866,63,50,120.0,262.8,13.856812933025402,13.577185368877867
22933,BAKING MOULD EASTER EGG MILK CHOC,2272.2000000000003,876,91,82,156.0,337.80000000000007,17.80821917808219,14.866649062582521
22934,BAKING MOULD EASTER EGG WHITE CHOC,1527.2,560,69,65,3.0,8.850000000000001,0.5357142857142857,0.5794918805657413
22935,BAKING MOULD ROSE MILK CHOCOLATE,1964.25,673,52,46,72.0,198.0,10.698365527488855,10.080183276059564
22936,BAKING MOULD ROSE WHITE CHOCOLATE,766.88,258,33,30,72.0,198.0,27.906976744186046,25.818902566242436
22937,BAKING MOULD CHOCOLATE CUP CAKES,30.6,12,2,2,13.0,33.15,108.33333333333333,108.33333333333333
22937,BAKING MOULD CHOCOLATE CUPCAKES,2358.89,915,133,119,13.0,33.15,1.4207650273224044,1.4053219946669833
22937,BAKING MOULD CUPCAKE CHOCOLATE,30.6,12,1,1,13.0,33.15,108.33333333333333,108.33333333333333
22938,CUPCAKE LACE PAPER SET 6,6722.629999999999,3631,251,237,60.0,117.0,1.6524373450839989,1.740390293679706
22939,ADULT APRON APPLE DELIGHT,891.9300000000001,179,40,32,14.0,69.30000000000001,7.82122905027933,7.769668023275369
22939,APRON APPLE DELIGHT,2330.4,492,112,87,14.0,69.30000000000001,2.8455284552845526,2.9737384140061796
22940,FELTCRAFT CHRISTMAS FAIRY,13462.18,3286,547,392,39.0,120.75,1.1868533171028606,0.8969572535800293
22941,CHRISTMAS LIGHTS 10 REINDEER,19590.9,2487,406,315,74.0,610.3,2.9754724567752313,3.115221863212001
22942,CHRISTMAS LIGHTS 10 SANTAS,8912.95,1181,217,176,77.0,612.85,6.519898391193904,6.875950162404141
22943,CHRISTMAS LIGHTS 10 VINTAGE BAUBLES,10432.08,2258,286,215,39.0,190.25,1.7271922054915856,1.823701505356554
22944,CHRISTMAS METAL POSTCARD WITH BELLS,2813.03,4185,102,89,301.0,311.21000000000004,7.1923536439665465,11.063159653469747
22945,CHRISTMAS METAL TAGS ASSORTED,6025.21,7369,278,244,270.0,210.78,3.663997828742027,3.4983013040209383
22946,WOODEN ADVENT CALENDAR CREAM,12588.45,869,208,152,26.0,390.29999999999995,2.991944764096663,3.1004611369946256
22947,WOODEN ADVENT CALENDAR RED,8459.95,773,162,124,15.0,221.27,1.9404915912031047,2.6155000916081064
22948,METAL DECORATION NAUGHTY CHILDREN,1724.31,1971,130,93,12.0,10.2,0.60882800608828,0.5915409642117717
22949,36 DOILIES DOLLY GIRL,2681.85,1929,131,121,18.0,26.099999999999998,0.9331259720062209,0.9732087924380559
22949,SET OF 36 DOLLY GIRL PAPER DOILIES,60.9,42,12,12,18.0,26.099999999999998,42.857142857142854,42.857142857142854
22950,36 DOILIES VINTAGE CHRISTMAS,10590.4,7744,299,251,613.0,773.65,7.9158057851239665,7.305200936697387
22950,SET OF 36 DOILIES VINTAGE CHRISTMAS,557.4,444,2,2,613.0,773.65,138.06306306306305,138.7961966271977
22950,SET OF 36 VINTAGE CHRISTMAS DOILIES,39.15,27,6,6,613.0,773.65,2270.3703703703704,1976.1174968071518
22951,60 CAKE CASES DOLLY GIRL DESIGN,4983.61,9707,492,328,240.0,116.4,2.4724425672195323,2.335656281290069
22951,72 CAKE CASES DOLLY GIRL DESIGN,471.84999999999997,943,25,25,240.0,116.4,25.45068928950159,24.668856628165734
22952,60 CAKE CASES VINTAGE CHRISTMAS,12556.77,25179,801,520,552.0,241.2,2.1923031097343024,1.9208761488822361
22952,72 CAKE CASES VINTAGE CHRISTMAS,2148.99,4293,99,93,552.0,241.2,12.858141160027953,11.223877263272515
22952,SET 72 CAKE CASES VINTAGE CHRISTMAS,291.6,672,4,4,552.0,241.2,82.14285714285714,82.71604938271604
22953,BIRTHDAY BANNER TAPE,60.0,48,3,3,0.0,0.0,0.0,0.0
22953,BIRTHDAY PARTY CORDON BARRIER TAPE,807.52,665,96,73,0.0,0.0,0.0,0.0
22954,HEN PARTY BANNER TAPE,15.0,12,1,1,1.0,1.25,8.333333333333332,8.333333333333332
22954,HEN PARTY CORDON BARRIER TAPE,235.0,188,36,27,1.0,1.25,0.5319148936170213,0.5319148936170213
22955,36 FOIL STAR CAKE CASES,2740.04,1404,156,131,0.0,0.0,0.0,0.0
22956,36 FOIL HEART CAKE CASES,4699.370000000001,2438,225,189,152.0,283.20000000000005,6.234618539786711,6.026339700853518
22957,SET 3 PAPER VINTAGE CHICK PAPER EGG,4872.3,1746,196,179,26.0,71.9,1.4891179839633446,1.4756890996038834
22959,WRAP CHRISTMAS VILLAGE,3950.46,9663,280,251,350.0,147.0,3.622063541343268,3.7210856457222703
22959,"WRAPPING PAPER, XMAS VILLAGE",10.5,25,1,1,350.0,147.0,1400.0,1400.0
22960,JAM MAKING SET WITH JARS,33833.72,8454,903,583,247.0,1012.79,2.9216938727229715,2.9934337696239135
22961,JAM MAKING SET PRINTED,22328.95,15867,903,558,344.0,444.6,2.168021680216802,1.9911370664540877
22962,JAM JAR WITH PINK LID,3293.65,4141,257,183,85.0,72.11999999999999,2.052644288819126,2.1896679975103606
22963,JAM JAR WITH BLUE LID,18.98,26,2,2,115.0,90.85999999999999,442.3076923076923,478.7144362486828
22963,JAM JAR WITH GREEN LID,2733.6,3450,220,169,115.0,90.85999999999999,3.3333333333333335,3.3238220661398885
22964,3 PIECE SPACEBOY COOKIE CUTTER SET,5288.740000000001,2635,321,228,14.0,29.400000000000002,0.5313092979127134,0.5558980021706493
22965,3 TRADITIONAL COOKIE CUTTERS  SET,671.4000000000001,354,10,10,38.0,79.8,10.734463276836157,11.885612153708665
22965,3 TRADITIONAl BISCUIT CUTTERS  SET,2946.92,1423,218,180,38.0,79.8,2.6704146170063248,2.707911989466969
22966,GINGERBREAD MAN COOKIE CUTTER,9497.91,7946,610,422,5.0,6.25,0.06292474200855776,0.06580395055333225
22967,SET 3 SONG BIRD PAPER EGGS ASSORTED,3224.65,1159,131,122,22.0,64.9,1.8981880931837791,2.012621524816647
22968,ROSE COTTAGE KEEPSAKE BOX,9409.199999999999,1036,243,182,26.0,248.54999999999998,2.5096525096525095,2.6415635760744802
22969,HOMEMADE JAM SCENTED CANDLES,20204.8,14012,577,472,140.0,185.79999999999998,0.9991435912075365,0.9195834653151725
22970,LONDON BUS COFFEE MUG,9582.15,4213,276,180,16.0,33.6,0.3797768810823641,0.350651993550508
22971,QUEENS GUARD COFFEE MUG,5603.570000000001,2365,233,164,16.0,37.64999999999999,0.6765327695560254,0.6718930967222679
22972,CHILDREN'S SPACEBOY MUG,2802.26,1722,186,145,34.0,56.1,1.9744483159117305,2.0019555644372753
22972,CHILDRENS SPACEBOY MUG,118.80000000000001,72,5,5,34.0,56.1,47.22222222222222,47.22222222222222
22973,CHILDREN'S CIRCUS PARADE MUG,2026.78,1254,117,87,24.0,39.199999999999996,1.9138755980861244,1.9341023692754022
22973,CHILDRENS CIRCUS PARADE MUG,59.400000000000006,36,3,3,24.0,39.199999999999996,66.66666666666666,65.99326599326598
22974,CHILDRENS DOLLY GIRL MUG,2502.54,1550,163,128,20.0,32.99999999999999,1.2903225806451613,1.3186602411949455
22975,SPACEBOY CHILDRENS EGG CUP,1453.47,1156,147,113,1.0,1.25,0.08650519031141869,0.08600108705374036
22976,CIRCUS PARADE CHILDRENS EGG CUP,1358.59,1083,118,81,13.0,16.25,1.2003693444136658,1.1960930081923171
22977,DOLLY GIRL CHILDRENS EGG CUP,1192.46,953,116,101,1.0,1.25,0.1049317943336831,0.1048253190882713
22978,PANTRY ROLLING PIN,9180.53,2406,197,153,75.0,272.61,3.117206982543641,2.9694364050877238
22979,PANTRY WASHING UP BRUSH,5785.71,3913,304,225,91.0,117.55000000000001,2.3255813953488373,2.0317299000468396
22980,PANTRY SCRUBBING BRUSH,3656.94,2286,242,198,81.0,124.05,3.543307086614173,3.3921803475036505
22981,PANTRY APPLE CORER,601.9499999999999,435,72,58,6.0,8.7,1.3793103448275863,1.445302766010466
22982,PANTRY PASTRY BRUSH,1307.05,1044,146,120,24.0,30.0,2.2988505747126435,2.295245017405608
22983,CARD BILLBOARD FONT,2103.75,5122,335,225,181.0,68.76,3.53377586880125,3.2684491978609627
22983,"CARD, BILLBOARD FONT",514.44,1266,74,67,181.0,68.76,14.296998420221168,13.365990202939118
22984,CARD GINGHAM ROSE,1088.86,2714,144,93,0.0,0.0,0.0,0.0
22984,"CARD, GINGHAM ROSE",206.64,492,40,38,0.0,0.0,0.0,0.0
22985,WRAP BILLBOARD FONTS DESIGN,756.0,1800,62,52,0.0,0.0,0.0,0.0
22985,"WRAP, BILLBOARD FONTS DESIGN",1125.8,2890,71,65,0.0,0.0,0.0,0.0
22986,GINGHAM ROSE WRAP,1444.3,3515,121,112,25.0,10.5,0.7112375533428165,0.726995776500727
22986,WRAP GINGHAM ROSE,943.92,2276,82,69,25.0,10.5,1.0984182776801406,1.1123824052885838
22987,"WRAP , SUMMER ROSE DESIGN",63.0,150,6,6,0.0,0.0,0.0,0.0
22987,WRAP SUMMER ROSE DESIGN,42.0,100,4,4,0.0,0.0,0.0,0.0
22988,SOLDIERS EGG CUP,10415.22,9033,349,207,112.0,132.78,1.2398981512232925,1.2748650532585968
22989,SET 2 PANTRY DESIGN TEA TOWELS,8310.17,2693,311,241,24.0,78.0,0.8911994058670627,0.9386089574581505
22990,COTTON APRON PANTRY DESIGN,2670.54,602,140,117,126.0,553.7,20.930232558139537,20.733634396039754
22991,GIRAFFE WOODEN RULER,6816.84,3708,234,185,714.0,1185.8999999999999,19.25566343042071,17.396623655535407
22992,REVOLVER WOODEN RULER,8944.439999999999,4914,285,217,716.0,1193.4,14.57061457061457,13.342366878194726
22993,SET OF 4 PANTRY JELLY MOULDS,14151.42,11769,866,431,68.0,85.0,0.5777891069759538,0.6006464368946721
22994,TRAVEL CARD WALLET RETROSPOT,882.24,2104,160,89,30.0,12.6,1.4258555133079849,1.428182807399347
22995,TRAVEL CARD WALLET SUKI,932.88,2228,183,90,49.0,20.580000000000002,2.1992818671454217,2.2060715204527916
22996,TRAVEL CARD WALLET VINTAGE TICKET,1875.12,4540,292,155,26.0,10.92,0.5726872246696035,0.5823627287853578
22997,TRAVEL CARD WALLET UNION JACK,1038.9,2477,181,101,78.0,32.760000000000005,3.148970528865563,3.153335258446434
22998,TRAVEL CARD WALLET KEEP CALM,4641.32,11645,437,217,177.0,74.34,1.5199656504937742,1.601699516516853
22999,TRAVEL CARD WALLET RETRO PETALS,623.94,1489,88,61,3.0,1.26,0.20147750167897915,0.20194249447062218
22999,TRAVEL CARD WALLET VINTAGE LEAF,554.4,1320,97,65,3.0,1.26,0.22727272727272727,0.2272727272727273
23000,TRAVEL CARD WALLET TRANSPORT,1274.76,3042,205,125,39.0,16.38,1.282051282051282,1.2849477548715051
23002,TRAVEL CARD WALLET SKULLS,860.4,2052,140,85,128.0,53.760000000000005,6.237816764132553,6.248256624825664
23003,TRAVEL CARD WALLET VINTAGE ROSE,225.78,541,52,38,0.0,0.0,0.0,0.0
23004,TRAVEL CARD WALLET PANTRY,779.9,1853,123,73,184.0,77.28,9.92984349703184,9.908962687524042
23005,TRAVEL CARD WALLET I LOVE LONDON,1767.72,4346,175,105,1.0,0.42,0.02300966405890474,0.023759418912497453
23006,TRAVEL CARD WALLET FLOWER MEADOW,709.62,1693,130,88,78.0,32.760000000000005,4.607206142941524,4.616555339477467
23007,SPACEBOY BABY GIFT SET,7048.549999999999,449,142,110,6.0,101.69999999999999,1.3363028953229399,1.4428499478616168
23008,DOLLY GIRL BABY GIFT SET,6534.049999999999,419,120,99,7.0,118.65,1.6706443914081146,1.8158722385044501
23009,I LOVE LONDON BABY GIFT SET,3262.5499999999997,209,61,48,0.0,0.0,0.0,0.0
23010,CIRCUS PARADE BABY GIFT SET,4444.75,285,89,73,3.0,50.849999999999994,1.0526315789473684,1.1440463468136564
23012,GLASS APOTHECARY BOTTLE PERFUME,3763.6400000000003,1014,198,151,8.0,31.6,0.7889546351084813,0.8396127153500333
23013,GLASS APOTHECARY BOTTLE TONIC,3211.09,865,180,135,6.0,23.7,0.6936416184971098,0.7380671360815174
23014,GLASS APOTHECARY BOTTLE ELIXIR,2951.78,798,160,122,9.0,35.55,1.1278195488721803,1.2043580483640377
23015,CORDIAL GLASS JUG,247.5,30,13,13,7.0,57.75,23.333333333333332,23.333333333333332
23015,CORDIAL JUG,49.5,6,2,2,7.0,57.75,116.66666666666667,116.66666666666667
23016,GLASS TWIST BON BON JAR,512.85,69,19,19,3.0,19.950000000000003,4.3478260869565215,3.8900263234864
23017,APOTHECARY MEASURING JAR,751.4000000000001,64,21,20,1.0,12.5,1.5625,1.6635613521426669
23018,LARGE APOTHECARY MEASURING JAR,587.2,50,20,19,0.0,0.0,0.0,0.0
23019,SMALL APOTHECARY MEASURING JAR,629.05,81,28,26,0.0,0.0,0.0,0.0
23020,GLASS  SONGBIRD STORAGE JAR,1965.3,165,69,65,6.0,73.65,3.6363636363636362,3.7475194626774546
23020,GLASS SONGBIRD STORAGE JAR,126.7,11,3,3,6.0,73.65,54.54545454545454,58.129439621152336
23021,GLASS BONNE JAM JAR,475.95000000000005,117,25,24,0.0,0.0,0.0,0.0
23022,SMALL BONNE JAM JAR  T-LIGHT HOLDER,795.6800000000001,416,21,19,30.0,62.400000000000006,7.211538461538461,7.842348682887593
23023,RIDGED BONNE JAM JAR T-LIGHT HOLDER,411.44,260,23,23,2.0,3.3,0.7692307692307693,0.8020610538596149
23024,LARGE BONNE JAM JAR  T-LIGHT HOLDER,662.0600000000001,254,10,8,2.0,4.98,0.7874015748031495,0.7521976860103313
23025,DRAWER KNOB VINTAGE GLASS BALL,669.61,317,46,40,6.0,12.48,1.8927444794952681,1.8637714490524335
23026,DRAWER KNOB VINTAGE GLASS STAR,1016.97,503,53,43,14.0,29.12,2.783300198807157,2.863407966803347
23027,DRAWER KNOB VINTAGE GLASS HEXAGON,596.96,287,27,26,0.0,0.0,0.0,0.0
23028,DOORKNOB CRACKED GLAZE BLUE,238.5,162,3,3,7.0,11.55,4.320987654320987,4.8427672955974845
23028,DRAWER KNOB CRACKLE GLAZE BLUE,1751.79,1079,111,87,7.0,11.55,0.6487488415199258,0.6593256040963814
23029,DOORKNOB CRACKED GLAZE GREEN,19.8,12,2,2,28.0,46.2,233.33333333333334,233.33333333333334
23029,DRAWER KNOB CRACKLE GLAZE GREEN,2060.4,1272,136,97,28.0,46.2,2.20125786163522,2.2422830518345953
23031,DOORKNOB CRACKED GLAZE PINK,19.8,12,2,2,20.0,33.0,166.66666666666669,166.66666666666666
23031,DRAWER KNOB CRACKLE GLAZE PINK,1968.0,1216,136,93,20.0,33.0,1.644736842105263,1.676829268292683
23032,DOORKNOB CRACKED GLAZE IVORY,258.3,174,5,5,46.0,75.9,26.436781609195403,29.384436701509877
23032,DRAWER KNOB CRACKLE GLAZE IVORY,3348.6,2076,177,115,46.0,75.9,2.2157996146435455,2.26661888550439
23033,DRAWER KNOB CERAMIC RED,943.75,679,59,42,0.0,0.0,0.0,0.0
23034,DRAWER KNOB CERAMIC BLACK,1314.95,935,78,57,6.0,8.7,0.6417112299465241,0.6616221149093121
23035,DOORKNOB CERAMIC IVORY,52.2,36,1,1,9.0,13.049999999999999,25.0,24.999999999999996
23035,DRAWER KNOB CERAMIC IVORY,2863.39,2035,165,110,9.0,13.049999999999999,0.4422604422604423,0.45575349498321915
23036,T-LIGHT HOLDER SILVER PETIT FOUR,227.5,182,15,14,0.0,0.0,0.0,0.0
23037,CANDLE HOLDER SILVER MADELINE,315.29,193,18,17,0.0,0.0,0.0,0.0
23038,T-LIGHT HOLDER SILVER SAUCER,38.03,41,6,4,0.0,0.0,0.0,0.0
23039,T-LIGHT HOLDER SILVER HEART HANDLE,370.79999999999995,192,22,22,6.0,11.7,3.125,3.1553398058252426
23040,PAPER LANTERN 9 POINT SNOW STAR,1318.5,246,36,33,0.0,0.0,0.0,0.0
23041,PAPER LANTERN 6 POINT SNOW STAR,107.9,26,6,6,24.0,99.6,92.3076923076923,92.3076923076923
23041,PAPER LANTERN 9 POINT SNOW STAR,971.1,234,42,40,24.0,99.6,10.256410256410255,10.256410256410255
23042,PAPER LANTERN 7 POINT SNOW STAR,658.35,99,25,25,10.0,66.5,10.1010101010101,10.1010101010101
23043,PAPER LANTERN 9 POINT HOLLY STAR 40,37.5,6,3,3,0.0,0.0,0.0,0.0
23043,PAPER LANTERN 9 POINT HOLLY STAR L,431.25,69,16,15,0.0,0.0,0.0,0.0
23044,PAPER LANTERN 9 POINT HOLLY STAR 23,74.7,18,5,5,0.0,0.0,0.0,0.0
23044,PAPER LANTERN 9 POINT HOLLY STAR S,340.3,82,19,19,0.0,0.0,0.0,0.0
23045,PAPER LANTERN 5 POINT STAR MOON,439.90000000000003,106,18,17,20.0,83.0,18.867924528301888,18.867924528301884
23045,PAPER LANTERN 5 POINT STAR MOON 30,41.5,10,5,5,20.0,83.0,200.0,200.0
23046,PAPER LANTERN 9 POINT DELUXE STAR,2091.55,347,34,31,0.0,0.0,0.0,0.0
23047,PAPER LANTERN 5 POINT SEQUIN STAR,287.5,50,21,21,0.0,0.0,0.0,0.0
23047,PAPER LANTERN 5 POINT STUDDED STAR,46.0,8,4,4,0.0,0.0,0.0,0.0
23048,SET OF 10 LANTERNS FAIRY LIGHT STAR,2248.14,560,85,81,33.0,136.95000000000002,5.892857142857142,6.091702474045212
23049,RECYCLED ACAPULCO MAT RED,3572.75,435,169,103,3.0,24.75,0.6896551724137931,0.6927436848366104
23050,RECYCLED ACAPULCO MAT GREEN,3763.55,459,176,116,1.0,8.25,0.2178649237472767,0.21920792868435385
23051,RECYCLED ACAPULCO MAT BLUE,2741.35,335,133,95,2.0,16.5,0.5970149253731344,0.6018932277892279
23052,RECYCLED ACAPULCO MAT TURQUOISE,4694.75,571,221,147,1.0,8.25,0.17513134851138354,0.17572820703977848
23053,RECYCLED ACAPULCO MAT PINK,2589.9,318,129,105,1.0,8.25,0.3144654088050315,0.318545117572107
23054,RECYCLED ACAPULCO MAT LAVENDER,2189.7,266,109,81,1.0,8.25,0.37593984962406013,0.37676394026578985
23055,IVORY CHANDELIER T-LIGHT HOLDER,1286.72,560,36,33,432.0,690.72,77.14285714285715,53.68067644864462
23056,CRYSTAL CHANDELIER T-LIGHT HOLDER,18.75,3,1,1,579.0,1859.07,19300.0,9915.039999999999
23056,FLOWERS CHANDELIER T-LIGHT HOLDER,2770.91,863,36,32,579.0,1859.07,67.09154113557358,67.09239924790052
23057,BEADED CHANDELIER T-LIGHT HOLDER,1298.44,596,34,31,433.0,636.15,72.6510067114094,48.99340747358368
23057,GEMSTONE CHANDELIER T-LIGHT HOLDER,347.7,78,7,7,433.0,636.15,555.1282051282051,182.95944779982744
23058,CHRISTMAS HANGING SNOWFLAKE,421.02000000000004,486,44,39,0.0,0.0,0.0,0.0
23060,HEART BEADED TRELLIS DECORATION,507.52000000000004,244,39,34,0.0,0.0,0.0,0.0
23061,VINTAGE EMBOSSED HEART,1102.46,886,84,72,3.0,3.75,0.33860045146726864,0.34014839540663605
23061,VINTAGE ENGRAVED HEART,75.0,60,4,4,3.0,3.75,5.0,5.0
23064,CINDERELLA CHANDELIER,3617.6000000000004,220,22,20,71.0,1514.0500000000002,32.27272727272727,41.85233303847855
23065,LARGE DECO JEWELLERY STAND,2977.8,246,88,77,1.0,12.5,0.40650406504065045,0.41977298676875546
23065,LARGE JEWELLERY STAND,125.0,10,4,4,1.0,12.5,10.0,10.0
23066,SMALL DECO JEWELLERY STAND,1831.65,229,70,63,1.0,8.25,0.43668122270742354,0.45041356154287115
23066,SMALL JEWELLERY STAND,132.0,16,6,6,1.0,8.25,6.25,6.25
23067,HANGING ENGRAVED METAL HEART,1137.1000000000001,274,71,63,0.0,0.0,0.0,0.0
23068,ALUMINIUM HEART,74.7,30,6,6,0.0,0.0,0.0,0.0
23068,ALUMINIUM STAMPED HEART,1852.5500000000002,771,124,100,0.0,0.0,0.0,0.0
23069,EDWARDIAN PHOTO FRAME,543.75,87,31,27,0.0,0.0,0.0,0.0
23070,EDWARDIAN HEART PHOTO FRAME,610.0500000000001,147,33,29,0.0,0.0,0.0,0.0
23071,MARIE ANTOIENETT TRINKET BOX GOLD,12.5,1,1,1,76.0,434.0,7600.0,3472.0
23071,MARIE ANTOINETTE TRINKET BOX GOLD,1167.6,312,16,15,76.0,434.0,24.358974358974358,37.170263788968825
23072,MARIE ANTOINETTE TRINKET BOX SILVER,1099.0,326,22,21,72.0,384.0,22.085889570552148,34.940855323020934
23073,GEORGIAN TRINKET BOX,1681.5,141,59,49,1.0,12.5,0.7092198581560284,0.743383883437407
23074,EMBOSSED HEART TRINKET BOX,444.02000000000004,221,35,32,6.0,12.48,2.7149321266968327,2.8106842034142607
23075,DOUBLE CERAMIC PARLOUR HOOK,91.30000000000001,22,5,5,34.0,141.10000000000002,154.54545454545453,154.54545454545453
23075,PARLOUR CERAMIC WALL HOOK,1819.25,443,72,56,34.0,141.10000000000002,7.674943566591422,7.755943383262334
23076,ICE CREAM SUNDAE LIP GLOSS,9638.16,7896,248,202,28.0,35.0,0.3546099290780142,0.363139852419964
23077,DOUGHNUT LIP GLOSS,11615.7,9642,308,217,60.0,75.0,0.6222775357809583,0.6456778325886515
23078,ICE CREAM PEN LIP GLOSS,8077.31,6607,213,159,48.0,60.0,0.7265021946420462,0.7428215581672611
23079,TOADSTOOL BEDSIDE LIGHT,2198.6,248,104,83,14.0,125.3,5.64516129032258,5.699081233512235
23080,RED METAL BOX TOP SECRET,7920.78,998,221,148,11.0,90.75,1.1022044088176353,1.1457204972237582
23081,GREEN METAL BOX ARMY SUPPLIES,3474.39,437,111,78,6.0,49.5,1.3729977116704806,1.4247105247252037
23081,GREEN METAL BOX TOP SECRET,132.0,16,4,4,6.0,49.5,37.5,37.5
23082,SET 6 PAPER TABLE LANTERN HEARTS,8110.68,2260,263,205,28.0,103.16,1.238938053097345,1.2719032189656108
23083,SET 6 PAPER TABLE LANTERN STARS,6735.88,1859,209,161,63.0,214.17000000000002,3.388918773534158,3.179540015558472
23084,RABBIT NIGHT LIGHT,51251.24,27153,801,450,108.0,208.40000000000003,0.39774610540271793,0.4066243080167427
23085,ANTIQUE SILVER BAUBLE LAMP,3437.7000000000003,369,72,64,13.0,128.75,3.523035230352303,3.7452366407772635
23086,ZINC  STAR T-LIGHT HOLDER,1357.79,1183,35,30,16.0,20.0,1.3524936601859678,1.4729818307691176
23086,ZINC STAR T-LIGHT HOLDER,10.0,8,1,1,16.0,20.0,200.0,200.0
23087,ZINC  HEART T-LIGHT HOLDER,997.1800000000001,830,49,43,15.0,18.75,1.8072289156626504,1.8803024529172263
23088,ZINC HEART FLOWER T-LIGHT HOLDER,947.18,760,57,52,0.0,0.0,0.0,0.0
23089,GLASS BON BON JAR,3495.27,2135,134,101,15.0,25.65,0.702576112412178,0.7338488872104301
23090,VINTAGE GLASS T-LIGHT HOLDER,1722.7900000000002,2129,122,96,9.0,7.47,0.4227336777829967,0.4335989876885749
23091,METAL HERB GERDEN CONTAINER,139.68,24,5,5,7.0,43.75,29.166666666666668,31.32159221076747
23091,ZINC HERB GARDEN CONTAINER,3279.82,535,187,155,7.0,43.75,1.3084112149532712,1.3339146660487464
23092,LARGE ANTIQUE WHITE PHOTO FRAME,3568.26,507,125,96,10.0,77.75,1.9723865877712032,2.1789331494902275
23093,SMALL PARISIENNE HEART PHOTO FRAME,2122.67,915,123,105,3.0,7.470000000000001,0.32786885245901637,0.35191527651495524
23094,LE GRAND TRAY CHIC SET,1837.5,147,74,65,2.0,25.0,1.3605442176870748,1.3605442176870748
23096,PETIT TRAY CHIC,1606.73,993,117,89,0.0,0.0,0.0,0.0
23099,FRENCH CARRIAGE LANTERN,858.9000000000001,132,54,46,8.0,53.2,6.0606060606060606,6.1939690301548485
23100,SILVER BELLS TABLE DECORATION,2562.1,2090,213,180,1.0,1.25,0.04784688995215311,0.04878810350884041
23101,SILVER STARS TABLE DECORATION,1569.6200000000001,1942,190,175,0.0,0.0,0.0,0.0
23102,SILVER HEARTS TABLE DECORATION,995.33,1231,139,128,0.0,0.0,0.0,0.0
23103,BELL HEART DECORATION,387.0,252,9,9,28.0,46.2,11.11111111111111,11.937984496124033
23103,JINGLE BELL HEART DECORATION,6055.95,3679,307,223,28.0,46.2,0.7610763794509378,0.7628860872365195
23104,IVORY CAFE HANGING LAMP,1330.5,114,43,37,0.0,0.0,0.0,0.0
23104,IVORY PANTRY HANGING LAMP,25.0,2,1,1,0.0,0.0,0.0,0.0
23106,ZINC HEARTS PLANT POT HOLDER,746.15,275,49,48,12.0,34.68,4.363636363636364,4.647859009582524
23106,ZINC PLANT POT HOLDER,23.12,8,1,1,12.0,34.68,150.0,150.0
23107,WHITE HEARTS WIRE PLANT POT HOLDER,873.5600000000001,324,59,58,0.0,0.0,0.0,0.0
23107,WHITE WIRE PLANT POT HOLDER,46.24,16,2,2,0.0,0.0,0.0,0.0
23108,SET OF 10 LED DOLLY LIGHTS,12972.73,2192,351,271,64.0,317.6,2.9197080291970803,2.4482125196469826
23109,LED TEA LIGHTS,1676.35,595,54,54,96.0,239.04,16.134453781512605,14.259552002863366
23109,PACK OF SIX LED TEA LIGHTS,4808.55,1715,174,132,96.0,239.04,5.597667638483965,4.9711451477056485
23110,PARISIENNE KEY CABINET,3673.7,662,219,157,51.0,293.25,7.7039274924471295,7.982415548357243
23111,PARISIENNE SEWING BOX,3464.8,296,124,80,24.0,283.2,8.108108108108109,8.173631955668437
23112,PARISIENNE CURIO CABINET,3437.3,471,183,134,33.0,239.85000000000002,7.006369426751593,6.977860530067204
23113,PANTRY CHOPPING BOARD,5695.860000000001,1138,43,39,946.0,4803.0599999999995,83.12829525483303,84.32545743750723
23114,VINTAGE LEAF CHOPPING BOARD,684.0,144,41,40,3.0,14.850000000000001,2.083333333333333,2.1710526315789473
23115,RED APPLES CHOPPING BOARD,684.0,144,38,38,0.0,0.0,0.0,0.0
23116,VEGETABLE GARDEN CHOPPING BOARD,317.70000000000005,70,17,17,0.0,0.0,0.0,0.0
23117,POPPY FIELDS CHOPPING BOARD,420.75,85,39,39,1.0,4.95,1.1764705882352942,1.1764705882352942
23118,PARISIENNE JEWELLERY DRAWER,5399.02,765,225,154,24.0,180.0,3.1372549019607843,3.3339383814099595
23119,PACK OF 6 LARGE FRUIT STRAWS,1275.71,2155,116,97,36.0,22.32,1.6705336426914155,1.7496139404723645
23120,PACK OF 6 SMALL FRUIT STRAWS,644.58,1617,79,69,72.0,30.240000000000002,4.452690166975881,4.69142697570511
23121,PACK OF 6 COCKTAIL PARASOL STRAWS,958.32,2460,87,81,0.0,0.0,0.0,0.0
23122,PARTY CHARMS 50 PIECES,1552.65,2091,94,89,3.0,2.4899999999999998,0.1434720229555237,0.16037097864940583
23123,COCKTAIL SWORDS 50 PIECES,705.2500000000001,899,68,64,6.0,4.98,0.6674082313681869,0.706132577100319
23124,18PC WOODEN CUTLERY SET DISPOSABLE,595.15,503,24,23,0.0,0.0,0.0,0.0
23125,6PC WOOD PLATE SET DISPOSABLE,443.25,405,16,15,0.0,0.0,0.0,0.0
23126,DOLLCRAFT GIRL AMELIE,178.2,36,8,8,16.0,79.2,44.44444444444444,44.44444444444445
23126,DOLLCRAFT GIRL AMELIE KIT,294.7,66,8,8,16.0,79.2,24.242424242424242,26.874787919918564
23126,FELTCRAFT GIRL AMELIE KIT,4799.38,982,255,187,16.0,79.2,1.6293279022403258,1.6502131525322021
23127,DOLLCRAFT GIRL NICOLE,336.6,68,12,12,13.0,64.35000000000001,19.11764705882353,19.117647058823533
23127,FELTCRAFT GIRL NICOLE KIT,3169.79,645,170,137,13.0,64.35000000000001,2.0155038759689923,2.0301029405733506
23128,DOLLCRAFT BOY JEAN-PAUL,373.9,82,12,12,7.0,34.65,8.536585365853659,9.267183738967638
23128,FELTCRAFT BOY JEAN-PAUL KIT,1711.23,349,117,103,7.0,34.65,2.005730659025788,2.024859311723146
23129,HEART SHAPED HOLLY WREATH,3933.1800000000003,942,165,138,1.0,4.15,0.10615711252653928,0.10551258777884562
23130,MISELTOE HEART WREATH,312.8,80,5,5,9.0,37.35,11.25,11.940537084398976
23130,MISTLETOE HEART WREATH GREEN,3435.62,838,162,135,9.0,37.35,1.0739856801909307,1.0871400213061981
23131,MISELTOE HEART WREATH CREAM,996.0,240,1,1,6.0,24.9,2.5,2.5
23131,MISELTOE HEART WREATH WHITE,304.5,78,4,4,6.0,24.9,7.6923076923076925,8.177339901477831
23131,MISTLETOE HEART WREATH CREAM,2332.13,575,103,86,6.0,24.9,1.0434782608695654,1.0676934819242494
23132,SMALL IVORY HEART WALL ORGANISER,4989.08,1008,141,115,4.0,23.0,0.3968253968253968,0.46100683893623673
23133,LARGE IVORY HEART WALL ORGANISER,5142.91,759,134,94,1.0,8.25,0.13175230566534915,0.1604150179567599
23134,LARGE ZINC HEART WALL ORGANISER,6414.48,1064,37,29,0.0,0.0,0.0,0.0
23135,SMALL ZINC HEART WALL ORGANISER,5378.8,1538,42,31,0.0,0.0,0.0,0.0
23136,IVORY WIRE SWEETHEART LETTER TRAY,467.05,127,44,39,0.0,0.0,0.0,0.0
23137,ZINC WIRE SWEETHEART LETTER TRAY,253.24,80,20,18,0.0,0.0,0.0,0.0
23138,SINGLE WIRE HOOK IVORY HEART,1201.8999999999999,870,75,60,12.0,17.4,1.3793103448275863,1.447707795989683
23139,SINGLE WIRE HOOK PINK HEART,502.38,406,22,20,12.0,17.4,2.955665024630542,3.4635136749074404
23140,TRIPLE WIRE HOOK IVORY HEART,658.54,160,35,29,12.0,49.8,7.5,7.562183010902906
23141,TRIPLE WIRE HOOK PINK HEART,215.0,68,18,18,0.0,0.0,0.0,0.0
23142,IVORY WIRE KITCHEN ORGANISER,1137.65,116,36,34,2.0,19.55,1.7241379310344827,1.7184547092691072
23143,ZINC WIRE KITCHEN ORGANISER,156.8,25,12,12,0.0,0.0,0.0,0.0
23144,ZINC T-LIGHT HOLDER STARS SMALL,3879.98,4894,237,180,44.0,36.52,0.8990600735594606,0.9412419651647689
23145,ZINC T-LIGHT HOLDER STAR LARGE,1896.54,2030,148,126,11.0,10.45,0.541871921182266,0.5510034062028747
23145,ZINC T-LIGHT HOLDER STARS LARGE,22.8,24,2,2,11.0,10.45,45.83333333333333,45.83333333333333
23146,TRIPLE HOOK ANTIQUE IVORY ROSE,2526.02,778,211,151,50.0,164.1,6.426735218508997,6.49638561848283
23147,SINGLE ANTIQUE ROSE HOOK IVORY,2669.95,1843,250,170,15.0,21.75,0.8138903960933261,0.8146219966666044
23148,MINIATURE ANTIQUE ROSE HOOK IVORY,1711.5500000000002,2065,230,142,13.0,10.79,0.6295399515738499,0.630422716251351
23148,MINITURE ANTIQUE ROSE HOOK IVORY,40.8,48,4,4,13.0,10.79,27.083333333333332,26.44607843137255
23149,ANTIQUE IVORY WIRE BOWL SMALL,241.53,97,19,17,11.0,27.39,11.34020618556701,11.34020618556701
23150,IVORY SWEETHEART SOAP DISH,346.11,139,40,33,1.0,2.49,0.7194244604316548,0.7194244604316548
23151,ZINC SWEETHEART SOAP DISH,104.41,59,19,18,0.0,0.0,0.0,0.0
23152,IVORY SWEETHEART WIRE LETTER RACK,1998.51,541,149,108,7.0,26.25,1.2939001848428837,1.3134785415134276
23153,ZINC SWEETHEART WIRE LETTER RACK,923.63,248,78,67,4.0,15.0,1.6129032258064515,1.6240269371934648
23154,SET OF 4 JAM JAR MAGNETS,4922.01,2441,214,141,61.0,126.88,2.498975829578042,2.5778086594704193
23155,KNICKERBOCKERGLORY MAGNET ASSORTED,1669.38,2094,111,84,169.0,129.71000000000004,8.070678127984717,7.769950520552542
23156,SET OF 5 MINI GROCERY MAGNETS,3297.2200000000003,1631,184,117,24.0,49.92,1.471489883507051,1.514002705309321
23157,SET OF 6 NATIVITY MAGNETS,5031.55,2530,145,111,240.0,444.0,9.486166007905137,8.824318549949817
23158,SET OF 5 LUCKY CAT MAGNETS,5117.32,2536,187,96,60.0,124.8,2.365930599369085,2.4387765470988723
23159,SET OF 5 PANCAKE DAY MAGNETS,4562.7300000000005,2255,195,121,25.0,52.0,1.1086474501108647,1.1396685756115308
23160,REGENCY TEA SPOON,1651.8,1392,60,50,6.0,7.5,0.43103448275862066,0.45405012713403564
23161,REGENCY CAKE FORK,1896.6,1608,68,58,12.0,15.0,0.7462686567164178,0.7908889591901298
23162,REGENCY TEA STRAINER,4789.24,1362,142,96,0.0,0.0,0.0,0.0
23163,REGENCY SUGAR TONGS,3949.7000000000003,1714,134,95,55.0,114.4,3.208868144690782,2.896422513102261
23164,REGENCY CAKE SLICE,2579.21,564,80,70,1.0,4.95,0.1773049645390071,0.1919192310823857
23165,LARGE CERAMIC TOP STORAGE JAR,4617.9,2950,220,167,102.0,154.5,3.457627118644068,3.3456766062495946
23166,MEDIUM CERAMIC TOP STORAGE JAR,81416.73000000001,77916,195,138,74494.0,77479.64000000001,95.60809076441295,95.1642739766139
23167,SMALL CERAMIC TOP STORAGE JAR,4184.18,5666,177,129,525.0,365.18999999999994,9.265795975997177,8.727874995817578
23168,CLASSIC CAFE SUGAR DISPENSER,3037.1,2633,208,132,54.0,65.61,2.0508925180402584,2.1602844819070826
23168,CLASSIC SUGAR DISPENSER,247.32,216,12,12,54.0,65.61,25.0,26.52838427947598
23169,CLASSIC GLASS COOKIE JAR,5350.2,1332,248,191,93.0,379.15,6.981981981981981,7.0866509663190165
23169,CLASSIC GLASS SWEET JAR,479.45,119,14,14,93.0,379.15,78.15126050420169,79.0801960579831
23170,REGENCY TEA PLATE ROSES,10170.99,6563,328,224,718.0,1046.3,10.940118848087765,10.287100862354597
23171,REGENCY TEA PLATE GREEN,9184.9,5966,270,195,97.0,146.25,1.6258799865906806,1.5922873411795448
23172,REGENCY TEA PLATE PINK,5793.28,3688,224,160,102.0,154.3,2.765726681127983,2.6634307335395495
23173,REGENCY TEAPOT ROSES,23033.52,2662,354,248,52.0,436.4,1.9534184823441023,1.8946300869341723
23174,REGENCY SUGAR BOWL GREEN,11567.24,2954,268,190,88.0,345.2,2.9790115098171968,2.9842901158789825
23175,REGENCY MILK JUG PINK,8995.0,3062,272,206,80.0,225.5,2.612671456564337,2.5069483046136742
23176,ABC TREASURE BOOK BOX,4373.26,2088,186,159,45.0,101.25,2.1551724137931036,2.315206504987126
23177,TREASURE ISLAND BOOK BOX,5029.8,2428,214,174,20.0,45.0,0.8237232289950577,0.8946677800310152
23178,JAM CLOCK MAGNET,838.47,309,55,50,5.0,14.45,1.6181229773462782,1.7233771035338175
23179,CLOCK MAGNET MUM'S KITCHEN,837.88,304,40,36,0.0,0.0,0.0,0.0
23180,MUM'S KITCHEN CLOCK,471.90000000000003,104,36,29,1.0,4.95,0.9615384615384616,1.048951048951049
23181,BULL DOG BOTTLE TOP WALL CLOCK,1484.25,185,69,60,4.0,33.0,2.1621621621621623,2.223345123799899
23182,TOILET SIGN OCCUPIED OR VACANT,2807.69,3378,254,140,14.0,11.62,0.4144464179988159,0.41386335386029083
23183,MOTHER'S KITCHEN SPOON REST,690.71,178,58,45,8.0,30.0,4.49438202247191,4.343356835719766
23184,BULL DOG BOTTLE OPENER,3749.5,778,197,129,13.0,64.35000000000001,1.6709511568123392,1.716228830510735
23185,FRENCH STYLE STORAGE JAR JAM,114.85,317,30,27,1.0,0.29,0.31545741324921134,0.2525032651284284
23186,FRENCH STYLE STORAGE JAR CAFE,819.4599999999999,1982,70,57,12.0,9.24,0.6054490413723511,1.1275718155858738
23187,FRENCH STYLE STORAGE JAR BONBONS,695.06,2338,74,66,37.0,16.49,1.5825491873396065,2.3724570540672745
23188,VINTAGE  2 METER FOLDING RULER,2902.4700000000003,1775,155,131,14.0,23.099999999999998,0.7887323943661971,0.7958738591613348
23188,VINTAGE  2 METRE FOLDING RULER,2197.69,1321,127,102,14.0,23.099999999999998,1.0598031794095382,1.0511036588417837
23189,SET OF 12 FORK CANDLES,3319.35,1215,113,89,1.0,2.89,0.0823045267489712,0.08706523867624685
23190,BUNDLE OF 3 SCHOOL EXERCISE BOOKS,2691.14,1678,179,145,2.0,3.3,0.11918951132300357,0.12262461261770105
23191,BUNDLE OF 3 RETRO EXERCISE BOOKS,99.0,60,5,5,3.0,4.949999999999999,5.0,5.0
23191,BUNDLE OF 3 RETRO NOTE BOOKS,3393.35,2099,240,178,3.0,4.949999999999999,0.14292520247737017,0.14587354679004522
23192,BUNDLE OF 3 ALPHABET EXERCISE BOOKS,5197.17,3269,312,224,3.0,4.949999999999999,0.09177118384827164,0.09524414248523715
23193,BUFFALO BILL TREASURE BOOK BOX,3750.57,1847,137,109,20.0,45.0,1.0828370330265296,1.1998176277205863
23194,GYMKHANA TREASURE BOOK BOX,3417.83,1630,156,128,37.0,83.25,2.2699386503067487,2.435756020632975
23194,GYMKHANNA TREASURE BOOK BOX,261.84000000000003,120,14,14,37.0,83.25,30.833333333333336,31.7942254812099
23196,LEAVES MAGNETIC  SHOPPING LIST,34.8,24,2,2,13.0,18.849999999999998,54.166666666666664,54.166666666666664
23196,RETO LEAVES MAGNETIC SHOPPING LIST,52.199999999999996,36,3,3,13.0,18.849999999999998,36.11111111111111,36.11111111111111
23196,RETRO LEAVES MAGNETIC NOTEPAD,149.35,103,17,17,13.0,18.849999999999998,12.62135922330097,12.62135922330097
23196,VINTAGE LEAF MAGNETIC NOTEPAD,2242.65,1593,211,159,13.0,18.849999999999998,0.8160703075957313,0.8405234878380485
23197,SKETCHBOOK MAGNETIC SHOPPING LIST,1900.9399999999998,1318,180,113,25.0,36.24999999999999,1.896813353566009,1.9069512977789933
23197,VEGETABLE MAGNETIC  SHOPPING LIST,49.8,36,3,3,25.0,36.24999999999999,69.44444444444444,72.79116465863453
23198,PANTRY MAGNETIC  SHOPPING LIST,4341.19,3063,374,259,64.0,92.79999999999998,2.089454782892589,2.1376627146012956
23199,JUMBO BAG APPLES,26426.3,13875,718,344,723.0,1309.25,5.210810810810811,4.954344724762831
23200,JUMBO BAG PEARS,13034.92,6729,470,262,134.0,243.63000000000005,1.9913805914697578,1.8690563501732274
23201,JUMBO BAG ALPHABET,24160.44,12533,752,396,594.0,1076.0199999999998,4.739487752333839,4.453644056151294
23202,JUMBO BAG VINTAGE LEAF,20921.55,10695,772,377,242.0,442.46000000000004,2.262739597942964,2.1148528670198914
23203,JUMBO BAG DOILEY PATTERNS,16737.1,8735,454,299,590.0,1076.4,6.7544361763022325,6.4312216572763505
23203,JUMBO BAG VINTAGE DOILEY,268.44,143,6,6,590.0,1076.4,412.5874125874126,400.9834599910595
23203,JUMBO BAG VINTAGE DOILY,20641.4,10620,621,363,590.0,1076.4,5.555555555555555,5.2147625645547295
23204,CHARLOTTE BAG APPLES DESIGN,5632.15,7039,425,199,186.0,138.34,2.642420798408865,2.4562556039878203
23205,CHARLOTTE BAG ALPHABET  DESIGN,320.5,400,22,22,191.0,140.25,47.75,43.7597503900156
23205,CHARLOTTE BAG VINTAGE ALPHABET,3784.52,4750,323,192,191.0,140.25,4.021052631578947,3.7058860833077905
23206,LUNCH BAG APPLE DESIGN,18220.5,11530,866,401,59.0,97.14999999999999,0.5117085862966175,0.5331906369199527
23207,LUNCH BAG ALPHABET DESIGN,11994.41,7533,647,377,448.0,659.6,5.9471658037966275,5.499228390558602
23208,LUNCH BAG VINTAGE LEAF DESIGN,9950.35,6191,597,305,73.0,109.85,1.1791309966079795,1.1039812669906084
23209,LUNCH BAG DOILEY PATTERN,10323.05,6477,464,290,40.0,65.8,0.6175698625907056,0.6374085178314549
23209,LUNCH BAG VINTAGE DOILEY,115.5,70,4,4,40.0,65.8,57.14285714285714,56.96969696969697
23209,LUNCH BAG VINTAGE DOILY,10347.66,6438,538,319,40.0,65.8,0.6213109661385523,0.6358925592839346
23210,WHITE ROCKING HORSE HAND PAINTED,3311.5,2750,154,115,200.0,219.76,7.2727272727272725,6.636267552468669
23211,RED ROCKING HORSE HAND PAINTED,2631.5,2206,116,82,24.0,30.0,1.087941976427924,1.1400342010260307
23212,HEART WREATH DECORATION WITH BELL,2562.63,2163,144,103,60.0,75.0,2.7739251040221915,2.926680792779293
23212,PAINTED HEART WREATH WITH BELL,15.0,12,1,1,60.0,75.0,500.0,500.0
23213,STAR WREATH DECORATION WITH BELL,1921.94,1594,121,95,12.0,15.0,0.7528230865746549,0.7804614087848736
23214,BELL HEART ANTIQUE GOLD,24.96,12,1,1,0.0,0.0,0.0,0.0
23214,JINGLE BELL HEART ANTIQUE GOLD,1599.8700000000001,760,91,78,0.0,0.0,0.0,0.0
23215,JINGLE BELL HEART ANTIQUE SILVER,6955.8,3544,197,162,120.0,214.8,3.3860045146726865,3.0880703873026825
23216,LAUREL HEART ANTIQUE GOLD,613.51,518,40,32,0.0,0.0,0.0,0.0
23217,LAUREL HEART ANTIQUE SILVER,1567.0,1290,84,64,0.0,0.0,0.0,0.0
23218,LAUREL STAR ANTIQUE GOLD,465.81,372,33,27,0.0,0.0,0.0,0.0
23219,LAUREL STAR ANTIQUE SILVER,504.6,404,49,41,0.0,0.0,0.0,0.0
23220,REINDEER HEART DECORATION GOLD,774.4300000000001,929,77,55,12.0,9.96,1.2917115177610334,1.2861072014255646
23221,REINDEER HEART DECORATION SILVER,1241.5900000000001,1461,110,85,58.0,48.14,3.969883641341547,3.877286382783366
23222,CHRISTMAS TREE HANGING GOLD,690.64,776,64,49,24.0,19.92,3.0927835051546393,2.8842812463801693
23223,CHRISTMAS TREE HANGING SILVER,670.11,745,67,51,12.0,9.96,1.6107382550335572,1.4863231409768547
23224,CHERUB HEART DECORATION GOLD,620.45,719,59,44,14.0,11.620000000000001,1.9471488178025034,1.8728342332178258
23225,CHERUB HEART DECORATION SILVER,1089.6000000000001,1296,69,46,84.0,69.72,6.481481481481481,6.398678414096916
23226,FILIGREE HEART DAISY WHITE,1478.59,1199,71,56,48.0,60.0,4.0033361134278564,4.0579200454487045
23227,FILIGREE HEART BUTTERFLY WHITE,1947.06,1592,87,61,6.0,7.5,0.37688442211055273,0.385196141875443
23228,FILIGREE HEART BIRD WHITE,1726.3,1397,78,58,144.0,149.76,10.307802433786687,8.675201297572844
23229,DONKEY TAIL GAME,189.54000000000002,54,4,4,11.0,40.89,20.37037037037037,21.573282684393792
23229,VINTAGE DONKEY TAIL GAME,6146.89,1750,215,182,11.0,40.89,0.6285714285714286,0.665214441774621
23230,WRAP ALPHABET DESIGN,3196.5,7925,232,178,75.0,31.5,0.9463722397476341,0.9854528390427029
23231,WRAP  VINTAGE DOILEY,42.0,100,2,2,0.0,0.0,0.0,0.0
23231,WRAP  VINTAGE DOILY,1029.0,2450,93,80,0.0,0.0,0.0,0.0
23231,WRAP DOILEY DESIGN,1915.5,4675,162,124,0.0,0.0,0.0,0.0
23232,WRAP VINTAGE LEAF DESIGN,2109.42,5251,134,118,51.0,21.42,0.971243572652828,1.0154450038399183
23232,WRAP VINTAGE PETALS  DESIGN,1327.5,3275,104,95,51.0,21.42,1.5572519083969465,1.6135593220338984
23233,WRAP POPPIES  DESIGN,2105.5,5175,158,130,25.0,10.5,0.4830917874396135,0.49869389693659466
23234,BISCUIT TIN VINTAGE CHRISTMAS,4567.38,1632,232,201,16.0,46.24,0.9803921568627451,1.0123966037421892
23235,BISCUIT TIN VINTAGE LEAF,64.56,24,3,3,14.0,40.46,58.333333333333336,62.67038413878563
23235,STORAGE TIN VINTAGE LEAF,1831.1,702,93,86,14.0,40.46,1.9943019943019942,2.209600786412539
23236,DOILEY BISCUIT TIN,327.59999999999997,120,13,13,33.0,95.37,27.500000000000004,29.111721611721613
23236,DOILEY STORAGE TIN,2934.98,1082,112,93,33.0,95.37,3.0499075785582255,3.249425890466034
23236,STORAGE TIN VINTAGE DOILEY,17.34,6,1,1,33.0,95.37,550.0,550.0
23236,STORAGE TIN VINTAGE DOILY,3502.15,1235,158,124,33.0,95.37,2.6720647773279356,2.7231843296260867
23237,SET OF 4 KNICK KNACK TINS LEAF,2970.85,739,116,94,17.0,69.35,2.3004059539918806,2.334348755406702
23237,SET OF 4 KNICK KNACK TINS LEAVES,1237.2,304,53,51,17.0,69.35,5.592105263157895,5.605399288716456
23238,SET OF 4 KNICK KNACK TINS LONDON,7116.65,1775,233,150,16.0,65.6,0.9014084507042254,0.921782018224867
23239,SET OF 4 KNICK KNACK TINS POPPIES,3142.4,812,155,125,28.0,115.79999999999998,3.4482758620689653,3.6850814663951112
23240,SET OF 4 KNICK KNACK TINS  DOILEY,24.9,6,1,1,50.0,206.7,833.3333333333334,830.1204819277109
23240,SET OF 4 KNICK KNACK TINS DOILEY,7132.7,1802,172,142,50.0,206.7,2.774694783573807,2.897920843439371
23240,SET OF 4 KNICK KNACK TINS DOILY,9237.3,2286,312,230,50.0,206.7,2.1872265966754156,2.237666850703128
23241,TREASURE TIN GYMKHANA DESIGN,4060.0,2005,284,183,7.0,14.56,0.3491271820448878,0.3586206896551724
23242,TREASURE TIN BUFFALO BILL,2886.0800000000004,1430,187,132,27.0,56.16,1.8881118881118881,1.9458920057656055
23243,SET OF TEA COFFEE SUGAR TINS PANTRY,22109.079999999998,4658,385,275,117.0,545.5500000000001,2.511807642765135,2.467538224114256
23244,CANNISTER VINTAGE LEAF DESIGN,23.4,12,2,2,9.0,16.95,75.0,72.43589743589743
23244,ROUND STORAGE TIN VINTAGE LEAF,1552.5099999999998,853,96,80,9.0,16.95,1.0550996483001172,1.0917804072115478
23244,STORAGE TIN VINTAGE LEAF,117.0,60,7,7,9.0,16.95,15.0,14.487179487179485
23245,SET OF 3 REGENCY CAKE TINS,26566.280000000002,5844,718,472,90.0,421.4999999999999,1.5400410677618068,1.5865977472194068
23247,BISCUIT TIN 50'S CHRISTMAS,5760.52,2048,271,231,46.0,118.54000000000002,2.24609375,2.0578003374695344
23249,ENAMEL DINNER PLATE PANTRY,19.8,12,1,1,55.0,87.71000000000001,458.3333333333333,442.97979797979804
23249,VINTAGE RED ENAMEL TRIM PLATE,1254.9,778,67,56,55.0,87.71000000000001,7.069408740359898,6.989401545939916
23250,ENAMEL BOWL PANTRY,30.0,24,2,2,121.0,141.8,504.1666666666667,472.66666666666674
23250,VINTAGE RED TRIM ENAMEL BOWL,1328.59,1079,87,63,121.0,141.8,11.214087117701576,10.672969087528886
23251,ENAMEL MUG PANTRY,15.0,12,1,1,58.0,72.5,483.3333333333333,483.3333333333333
23251,VINTAGE RED ENAMEL TRIM MUG,1940.45,1633,101,80,58.0,72.5,3.551745254133497,3.736246746888608
23252,ENAMEL JUG PANTRY,30.0,8,2,2,33.0,123.75,412.5,412.5
23252,VINTAGE RED ENAMEL TRIM JUG,2123.34,578,123,104,33.0,123.75,5.709342560553633,5.82808217242646
23253,16 PC CUTLERY SET PANTRY DESIGN,63.8,4,1,1,2.0,31.9,50.0,50.0
23253,16 PIECE CUTLERY SET PANTRY DESIGN,3018.2999999999997,210,46,43,2.0,31.9,0.9523809523809524,1.056886326740218
23254,CHILDRENS CUTLERY DOLLY GIRL,6525.55,1621,268,197,20.0,83.0,1.2338062924120914,1.2719234394035752
23254,KIDS CUTLERY DOLLY GIRL,149.4,36,8,8,20.0,83.0,55.55555555555556,55.55555555555556
23255,CHILDRENS CUTLERY CIRCUS PARADE,3852.44,962,143,116,9.0,37.35,0.9355509355509356,0.9695154239910291
23256,CHILDRENS CUTLERY SPACEBOY,7966.08,1980,316,225,88.0,338.0,4.444444444444445,4.2429902787820355
23256,KIDS CUTLERY SPACEBOY,149.4,36,8,8,88.0,338.0,244.44444444444446,226.2382864792503
23263,SET OF 3 WOODEN HEART DECORATIONS,4791.58,3717,389,269,47.0,58.75,1.264460586494485,1.2261091331043206
23264,SET OF 3 WOODEN SLEIGH DECORATIONS,2396.7,1842,249,177,1.0,1.25,0.05428881650380022,0.052155046522301504
23265,SET OF 3 WOODEN TREE DECORATIONS,2153.71,1665,246,180,15.0,18.75,0.9009009009009009,0.8705907480580023
23266,SET OF 3 WOODEN STOCKING DECORATION,2529.64,1964,274,201,12.0,15.0,0.6109979633401221,0.5929697506364543
23267,SET OF 4 SANTA PLACE SETTINGS,1427.34,1158,91,79,48.0,60.0,4.145077720207254,4.203623523477237
23268,SET OF 2 CERAMIC CHRISTMAS REINDEER,1980.1799999999998,1434,78,68,12.0,17.4,0.8368200836820083,0.8787079962427659
23269,SET OF 2 CERAMIC CHRISTMAS TREES,1065.3999999999999,748,76,63,0.0,0.0,0.0,0.0
23270,SET OF 2 CERAMIC PAINTED HEARTS,1612.85,1157,118,96,6.0,8.7,0.5185825410544511,0.539417800787426
23271,CHRISTMAS TABLE CANDLE SILVER SPIKE,13.28,16,1,1,0.0,0.0,0.0,0.0
23271,CHRISTMAS TABLE SILVER CANDLE SPIKE,1301.05,1603,74,68,0.0,0.0,0.0,0.0
23272,TREE T-LIGHT HOLDER WILLIE WINKIE,522.74,352,35,34,0.0,0.0,0.0,0.0
23273,HEART T-LIGHT HOLDER WILLIE WINKIE,1533.8400000000001,928,97,88,4.0,6.6,0.43103448275862066,0.4302925989672977
23274,STAR T-LIGHT HOLDER WILLIE WINKIE,1870.11,1139,98,85,3.0,4.949999999999999,0.2633889376646181,0.2646903123345685
23275,SET OF 3 HANGING OWLS OLLIE BEAK,4291.17,3613,270,171,77.0,95.41,2.131192914475505,2.223402941388945
23280,FOLDING BUTTERFLY MIRROR HOT PINK,1427.16,1838,128,84,2.0,1.66,0.1088139281828074,0.11631491914011043
23280,FOLDING MIRROR HOT PINK,118.92000000000002,156,5,5,2.0,1.66,1.282051282051282,1.3958964009418093
23281,FOLDING BUTTERFLY MIRROR RED,961.2800000000001,1252,89,56,0.0,0.0,0.0,0.0
23281,FOLDING MIRROR RED,14.940000000000001,18,2,2,0.0,0.0,0.0,0.0
23282,FOLDING BUTTERFLY MIRROR IVORY,597.7800000000001,735,100,67,0.0,0.0,0.0,0.0
23282,FOLDING MIRROR IVORY,14.940000000000001,18,2,2,0.0,0.0,0.0,0.0
23283,DOORMAT VINTAGE LEAF,3766.57,541,121,100,7.0,57.45,1.2939001848428837,1.525260382788585
23283,DOORMAT VINTAGE LEAVES DESIGN,2833.7000000000003,426,88,75,7.0,57.45,1.643192488262911,2.0273846913928786
23284,DOORMAT KEEP CALM AND COME IN,35880.85,5338,648,378,225.0,1601.25,4.215061820906707,4.462686920739058
23285,PINK VINTAGE SPOT BEAKER,4384.83,4679,132,108,2.0,1.7,0.04274417610600555,0.03877003213351487
23286,BLUE VINTAGE SPOT BEAKER,4528.29,4901,164,125,49.0,41.65,0.9997959600081615,0.9197732477381086
23287,RED VINTAGE SPOT BEAKER,1445.5,1774,146,114,51.0,43.349999999999994,2.874859075535513,2.9989622967831195
23288,GREEN VINTAGE SPOT BEAKER,4261.889999999999,4505,134,107,18.0,15.169999999999998,0.39955604883462825,0.3559453669616062
23289,DOLLY GIRL CHILDRENS BOWL,1854.8500000000001,1553,141,111,12.0,15.0,0.7726980038634901,0.8086907297086017
23290,SPACEBOY CHILDRENS BOWL,2757.15,2367,174,125,10.0,12.5,0.42247570764681025,0.4533667011225359
23291,DOLLY GIRL CHILDRENS CUP,1880.1399999999999,1548,144,104,10.0,12.5,0.6459948320413437,0.6648441073537077
23292,SPACE BOY CHILDRENS CUP,143.3,130,5,5,21.0,26.25,16.153846153846153,18.3182135380321
23292,SPACEBOY CHILDRENS CUP,2343.07,1951,159,112,21.0,26.25,1.0763710917478215,1.120325043639328
23293,SET OF 12 FAIRY CAKE BAKING CASES,6457.0,8228,465,323,32.0,26.560000000000002,0.3889158969372873,0.41133653399411496
23294,SET OF 6 SNACK LOAF BAKING CASES,3336.94,4264,291,214,13.0,10.79,0.3048780487804878,0.3233501351537636
23295,SET OF 12 MINI LOAF BAKING CASES,4670.63,5957,359,250,13.0,10.79,0.21823065301326172,0.23101808535465235
23296,SET OF 6 TEA TIME BAKING CASES,5684.650000000001,4877,319,243,27.0,33.75,0.5536190280910396,0.5937040978776178
23297,SET 40 HEART SHAPE PETIT FOUR CASES,6677.0,4260,140,123,26.0,42.9,0.6103286384976526,0.642504118616145
23298,"BUNTING , SPOTTY",634.7,146,7,7,110.0,482.80999999999995,75.34246575342466,76.06900898062075
23298,SPOTTY BUNTING,35509.55,7633,1003,571,110.0,482.80999999999995,1.4411109655443468,1.3596624006781273
23299,"FOOD COVER WITH BEADS , SET 2 SIZES",11.25,3,1,1,8.0,30.0,266.66666666666663,266.66666666666663
23299,FOOD COVER WITH BEADS SET 2,3545.17,977,121,109,8.0,30.0,0.8188331627430911,0.8462217608746547
23300,GARDENERS KNEELING PAD CUP OF TEA,9933.69,6285,635,351,152.0,231.60000000000002,2.4184566428003182,2.331459910667637
23301,GARDENERS KNEELING PAD KEEP CALM,12463.78,7722,756,405,114.0,168.90000000000003,1.4763014763014763,1.3551266148792742
23302,KNEELING MAT HOUSEWORK  DESIGN,1980.71,1473,187,140,36.0,54.24,2.4439918533604885,2.7384119835816447
23303,SET 4 PICNIC CUTLERY FONDANT,126.75,65,6,6,0.0,0.0,0.0,0.0
23304,SET 4 PICNIC CUTLERY CHERRY,138.45,71,9,9,0.0,0.0,0.0,0.0
23305,SET 4 PICNIC CUTLERY BLUEBERRY,159.9,82,9,9,0.0,0.0,0.0,0.0
23306,SET OF 36 DOILIES PANTRY DESIGN,3761.9199999999996,2653,195,172,7.0,10.149999999999999,0.2638522427440633,0.2698090336849268
23306,SET OF 36 PANTRY PAPER DOILIES,58.019999999999996,39,14,14,7.0,10.149999999999999,17.94871794871795,17.493967597380212
23307,SET OF 60 PANTRY DESIGN CAKE CASES,5974.389999999999,11661,504,366,88.0,48.4,0.7546522596689821,0.8101245482802428
23308,SET OF 60 VINTAGE LEAF CAKE CASES,3091.61,5955,305,209,0.0,0.0,0.0,0.0
23309,SET OF 60 I LOVE LONDON CAKE CASES,3697.7,7670,294,178,64.0,35.2,0.834419817470665,0.9519430997647188
23310,BUBBLEGUM RING ASSORTED,4894.83,11891,213,146,0.0,0.0,0.0,0.0
23311,VINTAGE CHRISTMAS STOCKING,5564.25,2199,281,246,15.0,38.25,0.6821282401091405,0.6874241811564901
23312,VINTAGE CHRISTMAS GIFT SACK,5523.0,1364,193,168,1.0,4.15,0.07331378299120235,0.07514032228861127
23313,VINTAGE CHRISTMAS BUNTING,12960.12,2748,359,254,13.0,64.35,0.4730713245997089,0.4965231803409227
23314,VINTAGE CHRISTMAS TABLECLOTH,4638.52,391,104,87,5.0,62.5,1.278772378516624,1.347412536757414
23315,IVORY REFECTORY CLOCK,1894.6999999999998,202,76,63,12.0,97.8,5.9405940594059405,5.161767034359001
23316,RED REFECTORY CLOCK,2212.25,235,95,75,1.0,9.95,0.425531914893617,0.44976833540513045
23317,BLUE REFECTORY CLOCK,1547.95,161,70,56,0.0,0.0,0.0,0.0
23318,BOX OF 6 MINI VINTAGE CRACKERS,8345.43,3645,329,270,168.0,368.71,4.609053497942387,4.418106676348612
23319,BOX OF 6 MINI 50'S CRACKERS,8169.4800000000005,3520,365,300,116.0,244.97,3.295454545454545,2.9985996660742176
23320,GIANT 50'S CHRISTMAS CRACKER,6907.52,2628,310,260,13.0,37.57,0.4946727549467275,0.5438999814694709
23321,SMALL WHITE HEART OF WICKER,6798.1,4262,582,378,39.0,64.35,0.9150633505396527,0.946588017240111
23322,LARGE WHITE HEART OF WICKER,8137.500000000001,2892,511,350,63.0,169.84999999999997,2.1784232365145226,2.087250384024577
23323,WHITE WICKER STAR,2954.7000000000003,1422,270,210,3.0,6.300000000000001,0.21097046413502107,0.21321961620469082
23324,RUSTIC STRAWBERRY JAM POT LARGE,531.84,261,33,32,35.0,67.50999999999999,13.409961685823754,12.69366726835138
23324,RUSTIC STRAWBERRY JAMPOT LARGE,238.56,120,6,6,35.0,67.50999999999999,29.166666666666668,28.298960429242115
23325,RUSTIC STRAWBERRY JAM POT SMALL,642.0,408,27,24,18.0,29.700000000000003,4.411764705882353,4.626168224299066
23325,RUSTIC STRAWBERRY JAMPOT SMALL,59.400000000000006,36,3,3,18.0,29.700000000000003,50.0,50.0
23326,HANGING MINI COLOURED BOTTLES,1999.59,3369,55,52,0.0,0.0,0.0,0.0
23327,HANGING CLEAR MINI BOTTLE,1012.02,1710,34,33,8.0,4.720000000000001,0.46783625730994155,0.4663939447837
23328,SET 6 SCHOOL MILK BOTTLES IN CRATE,7495.29,2063,281,195,8.0,29.64,0.3877847794474067,0.39544834155849873
23329,DECORATIVE WICKER HEART LARGE,2794.65,1701,215,168,3.0,4.949999999999999,0.1763668430335097,0.1771241479255005
23330,DECORATIVE WICKER HEART MEDIUM,2181.19,1751,195,158,6.0,7.5,0.34266133637921187,0.34384899985787576
23331,DECORATIVE WICKER HEART SMALL,932.28,1492,81,67,0.0,0.0,0.0,0.0
23332,IVORY WICKER HEART LARGE,3255.75,1979,267,207,2.0,3.3,0.1010611419909045,0.101359133840129
23333,IVORY WICKER HEART MEDIUM,2498.65,2009,216,179,12.0,15.0,0.5973120955699354,0.6003241750545295
23334,IVORY WICKER HEART SMALL,1345.5,2154,95,83,0.0,0.0,0.0,0.0
23335,EGG FRYING PAN IVORY,722.5600000000001,358,81,62,12.0,24.96,3.35195530726257,3.454384410983171
23336,EGG FRYING PAN PINK,415.97,199,63,46,0.0,0.0,0.0,0.0
23337,EGG FRYING PAN MINT,351.52000000000004,169,60,49,0.0,0.0,0.0,0.0
23338,EGG FRYING PAN RED,820.32,405,91,62,6.0,12.48,1.4814814814814816,1.5213575190169688
23339,EGG FRYING PAN BLUE,312.0,150,58,43,0.0,0.0,0.0,0.0
23340,VINTAGE CHRISTMAS CAKE FRILL,3879.4500000000003,2453,122,112,0.0,0.0,0.0,0.0
23341,PINK DINER WALL CLOCK,2317.1,281,98,75,0.0,0.0,0.0,0.0
23342,MINT DINER CLOCK,17.0,2,1,1,1.0,8.5,50.0,50.0
23342,MINT DINER WALL CLOCK,3034.5,363,154,104,1.0,8.5,0.27548209366391185,0.2801120448179272
23343,JUMBO BAG VINTAGE CHRISTMAS,9742.1,4905,385,286,271.0,505.68,5.524974515800204,5.190667309922912
23344,JUMBO BAG 50'S CHRISTMAS,17636.04,8933,586,391,262.0,486.96000000000004,2.932945259151461,2.7611640708458363
23345,DOLLY GIRL BEAKER,2754.5,2394,133,100,7.0,8.75,0.29239766081871343,0.3176620076238882
23346,SPACEBOY BEAKER,2970.75,2567,138,106,6.0,7.5,0.23373587845734323,0.25246149962130776
23347,I LOVE LONDON BEAKER,999.75,827,70,51,34.0,42.5,4.111245465538089,4.251062765691422
23348,CHILDRENS TOY COOKING UTENSIL SET,1363.16,676,122,95,23.0,47.260000000000005,3.4023668639053253,3.46694445259544
23349,ROLL WRAP VINTAGE CHRISTMAS,3450.39,2847,246,214,24.0,30.0,0.8429926238145415,0.8694669298253241
23350,ROLL WRAP VINTAGE SPOT,3154.4,2584,246,205,24.0,30.0,0.9287925696594427,0.951052498097895
23351,ROLL WRAP 50'S CHRISTMAS,3694.02,3054,271,242,96.0,104.88,3.143418467583497,2.8391833287313006
23352,ROLL WRAP 50'S RED CHRISTMAS,1961.01,1593,162,151,12.0,15.0,0.7532956685499058,0.7649119586335613
23353,6 GIFT TAGS VINTAGE CHRISTMAS,3068.82,3726,253,227,24.0,19.92,0.644122383252818,0.6491094296830704
23354,6 GIFT TAGS 50'S CHRISTMAS,2750.9300000000003,3343,261,235,60.0,49.8,1.7947950942267425,1.8102968814182836
23355,HOT WATER BOTTLE KEEP CALM,24302.55,5313,719,474,96.0,417.59999999999997,1.8068887634105024,1.7183381990778746
23356,LOVE HOT WATER BOTTLE,12954.75,2325,449,316,9.0,53.55,0.3870967741935484,0.41336189428587966
23357,HOT WATER BOTTLE SEX BOMB,1832.0,432,88,79,0.0,0.0,0.0,0.0
23358,HOT STUFF HOT WATER BOTTLE,1686.15,527,67,61,38.0,125.94,7.2106261859582546,7.469086380215282
23359,SET OF 12 T-LIGHTS VINTAGE DOILEY,118.94999999999999,61,6,6,0.0,0.0,0.0,0.0
23359,SET OF 12 T-LIGHTS VINTAGE DOILY,1715.85,915,70,67,0.0,0.0,0.0,0.0
23360,SET 8 CANDLES VINTAGE DOILEY,216.29999999999998,122,7,7,0.0,0.0,0.0,0.0
23360,SET 8 CANDLES VINTAGE DOILY,1932.0,1024,100,88,0.0,0.0,0.0,0.0
23365,SET 12 COLOUR PENCILS LOVE LONDON,991.45,1529,128,107,0.0,0.0,0.0,0.0
23366,SET 12 COLOUR PENCILS DOILEY,31.200000000000003,48,3,3,0.0,0.0,0.0,0.0
23366,SET 12 COLOURING PENCILS DOILEY,0.65,1,1,1,0.0,0.0,0.0,0.0
23366,SET 12 COLOURING PENCILS DOILY,1177.1000000000001,1870,137,112,0.0,0.0,0.0,0.0
23367,SET 12 COLOUR PENCILS SPACEBOY,1803.3,2778,231,184,16.0,10.4,0.5759539236861051,0.5767204569400544
23368,SET 12 COLOUR PENCILS DOLLY GIRL,1396.4,2152,178,134,6.0,3.9,0.2788104089219331,0.27928960183328555
23369,SET 36 COLOUR PENCILS LOVE LONDON,1053.29,901,95,80,0.0,0.0,0.0,0.0
23370,SET 36 COLOUR PENCILS DOILEY,80.0,64,3,3,1.0,1.25,1.5625,1.5625
23370,SET 36 COLOURING PENCILS DOILEY,1.25,1,1,1,1.0,1.25,100.0,100.0
23370,SET 36 COLOURING PENCILS DOILY,1562.6100000000001,1289,102,84,1.0,1.25,0.07757951900698215,0.07999436839646488
23371,SET 36 COLOUR PENCILS SPACEBOY,1775.22,1498,133,98,0.0,0.0,0.0,0.0
23372,SET 36 COLOUR PENCILS DOLLY GIRL,1520.22,1294,99,76,16.0,20.0,1.2364760432766615,1.3155990580310746
23373,VINTAGE CHRISTMAS PAPER GIFT BAG,1241.6599999999999,1563,88,86,0.0,0.0,0.0,0.0
23374,RED SPOT PAPER GIFT BAG,1944.08,2444,122,108,16.0,13.12,0.6546644844517185,0.6748693469404551
23375,50'S CHRISTMAS PAPER GIFT BAG,1059.9399999999998,1317,88,85,1.0,0.82,0.07593014426727411,0.07736286959639226
23376,PACK OF 12 VINTAGE CHRISTMAS TISSUE,995.4599999999999,2630,113,104,24.0,9.36,0.9125475285171103,0.9402688204448195
23377,PACK OF 12 DOLLY GIRL TISSUES,468.0,1200,80,69,8.0,3.12,0.6666666666666667,0.6666666666666667
23378,PACK OF 12 50'S CHRISTMAS TISSUES,1270.59,3413,144,127,0.0,0.0,0.0,0.0
23379,PACK OF 12 RED APPLE TISSUES,428.01,1175,50,49,0.0,0.0,0.0,0.0
23380,PACK OF 12 DOILEY TISSUES,28.08,72,2,2,36.0,14.04,50.0,50.0
23380,PACK OF 12 VINTAGE DOILY TISSUES,783.6899999999999,2087,92,85,36.0,14.04,1.7249640632486822,1.791524710025648
23381,PACK OF 12 VINTAGE LEAF TISSUES,544.62,1474,64,59,0.0,0.0,0.0,0.0
23382,BOX OF 6 CHRISTMAS CAKE DECORATIONS,6155.04,1712,163,136,17.0,63.75,0.9929906542056074,1.0357365671059815
23388,WOODLAND MINI BACKPACK,3133.6000000000004,784,133,114,0.0,0.0,0.0,0.0
23388,WOODLAND MINI RUCKSACK,20.75,5,2,2,0.0,0.0,0.0,0.0
23389,SPACEBOY MINI BACKPACK,4134.5,1030,201,157,2.0,8.3,0.1941747572815534,0.20074978836618698
23389,SPACEBOY MINI RUCKSACK,53.95,13,4,4,2.0,8.3,15.384615384615385,15.384615384615385
23390,DOLLY GIRL MINI BACKPACK,2838.9500000000003,713,144,116,1.0,4.15,0.1402524544179523,0.14618080628401345
23390,DOLLY GIRL MINI RUCKSACK,33.2,8,2,2,1.0,4.15,12.5,12.5
23391,I LOVE LONDON MINI BACKPACK,1449.8500000000001,359,68,58,0.0,0.0,0.0,0.0
23391,I LOVE LONDON MINI RUCKSACK,4.15,1,1,1,0.0,0.0,0.0,0.0
23392,SPACEBOY ROCKET LOLLY MAKERS,1165.28,587,78,70,24.0,49.92,4.088586030664395,4.2839489221474665
23393,HOME SWEET HOME CUSHION COVER,2861.25,763,201,165,21.0,78.75,2.7522935779816518,2.7522935779816518
23394,POSTE FRANCE CUSHION COVER,1470.0,392,119,90,0.0,0.0,0.0,0.0
23395,BELLE JARDINIERE CUSHION COVER,2555.73,683,175,141,7.0,26.25,1.0248901903367496,1.0271038020448169
23396,BUTTERFLY CUSHION COVER,30.0,8,2,2,4.0,15.0,50.0,50.0
23396,LA JARDIN BOTANIQUE CUSHION COVER,300.0,80,23,23,4.0,15.0,5.0,5.0
23396,LE JARDIN BOTANIQUE CUSHION COVER,1948.23,521,139,114,4.0,15.0,0.7677543186180422,0.7699296284319613
23397,FOOT STOOL HOME SWEET HOME,4069.9,434,176,139,6.0,59.699999999999996,1.3824884792626728,1.4668665077766037
23398,HANGING HEART BONHEUR,495.83,587,57,53,1.0,0.85,0.17035775127768313,0.17142972389730352
23399,HOME SWEET HOME HANGING HEART,1539.6299999999999,1815,176,146,0.0,0.0,0.0,0.0
23400,SHELF WITH 4 HOOKS HOME SWEET HOME,2247.36,448,95,76,2.0,12.5,0.4464285714285714,0.5562081731453794
23401,RUSTIC MIRROR WITH LACE HEART,2155.51,443,70,59,3.0,18.75,0.6772009029345373,0.8698637445430547
23402,HOME SWEEET HOME 3 PEG HANGER,93.75,25,4,4,0.0,0.0,0.0,0.0
23402,HOME SWEET HOME 3 PEG HANGER,934.1700000000001,255,51,44,0.0,0.0,0.0,0.0
23403,LETTER HOLDER HOME SWEET HOME,1980.31,595,110,80,3.0,11.25,0.5042016806722689,0.5680928743479556
23404,HOME SWEET HOME BLACKBOARD,4108.58,969,136,104,29.0,143.55,2.9927760577915374,3.493907870845889
23405,HOME SWEET HOME 2 DRAWER CABINET,1128.05,235,57,54,1.0,4.95,0.425531914893617,0.43881033642125794
23406,HOME SWEET HOME KEY HOLDER,2148.54,434,94,65,3.0,18.75,0.6912442396313364,0.8726856376888492
23407,SET OF 2 TRAYS HOME SWEET HOME,2426.72,248,118,103,6.0,59.699999999999996,2.4193548387096775,2.4601107667963342
23408,PHOTO FRAME LINEN AND LACE SMALL,644.8000000000001,310,59,53,14.0,29.12,4.516129032258064,4.516129032258064
23409,PHOTO FRAME LINEN AND LACE LARGE,771.72,208,41,39,7.0,26.25,3.3653846153846154,3.4014927693982275
23410,CURIO CABINET LINEN AND LACE,290.1,36,18,16,1.0,8.15,2.7777777777777777,2.8093760772147536
23411,TRELLIS COAT RACK,1016.5500000000001,217,46,42,1.0,4.95,0.4608294930875576,0.4869411243913236
23412,HEART MIRROR ANTIQUE WHITE,2269.14,351,71,64,2.0,15.0,0.5698005698005698,0.661043390888178
23413,DECORATIVE VINTAGE COFFEE  BOX,208.2,44,16,13,12.0,49.8,27.27272727272727,23.919308357348704
23413,DECROTIVEVINTAGE COFFEE GRINDER BOX,49.5,10,4,4,12.0,49.8,120.0,100.60606060606061
23413,VINTAGE COFFEE GRINDER BOX,485.7,102,23,20,12.0,49.8,11.76470588235294,10.253242742433601
23414,ZINC BOX SIGN HOME,1348.01,139,62,58,4.0,39.8,2.877697841726619,2.952500352371273
23415,HOME SWEET HOME HOOK,405.6,326,45,42,5.0,8.25,1.5337423312883436,2.0340236686390534
23416,CHAMBRE HOOK,155.07,123,18,18,0.0,0.0,0.0,0.0
23417,BATHROOM HOOK,137.76,140,21,21,0.0,0.0,0.0,0.0
23418,LAVENDER TOILETTE BOTTLE,1066.88,533,60,55,0.0,0.0,0.0,0.0
23419,HOME SWEET HOME BOTTLE,895.0400000000001,437,61,56,1.0,2.08,0.2288329519450801,0.23239184840900964
23420,PANTRY HOOK TEA STRAINER,330.72,159,28,26,0.0,0.0,0.0,0.0
23421,PANTRY HOOK SPATULA,316.16,152,26,24,0.0,0.0,0.0,0.0
23422,PANTRY HOOK BALLOON WHISK,407.68,196,31,29,0.0,0.0,0.0,0.0
23423,PANTRY 3 HOOK ROLLING PIN HANGER,757.5,202,51,47,5.0,18.75,2.4752475247524752,2.4752475247524752
23424,GINGHAM RECIPE BOOK BOX,1966.95,409,103,87,1.0,4.95,0.24449877750611246,0.2516586593456875
23425,STORAGE TIN HOME SWEET HOME,435.43,237,35,35,7.0,17.43,2.9535864978902953,4.0029396229015
23426,METAL SIGN DROP YOUR PANTS,3186.7799999999997,1230,171,126,6.0,17.34,0.4878048780487805,0.5441229077626947
23427,STOOL HOME SWEET HOME,2635.9,227,106,87,2.0,22.9,0.881057268722467,0.8687734739557645
23428,IVORY RETRO KITCHEN WALL CLOCK,559.5,70,26,25,2.0,16.3,2.857142857142857,2.9133154602323503
23429,RED RETRO KITCHEN WALL CLOCK,358.6,44,20,19,0.0,0.0,0.0,0.0
23430,BLUE RETRO KITCHEN WALL CLOCK,285.25,35,17,16,0.0,0.0,0.0,0.0
23431,NATURAL HANGING QUILTED HEARTS,1113.13,1427,67,63,16.0,13.280000000000001,1.1212333566923616,1.1930322603828842
23432,PRETTY HANGING QUILTED HEARTS,1045.2,1272,70,65,0.0,0.0,0.0,0.0
23433,HANGING QUILTED PATCHWORK APPLES,1003.1700000000001,1215,82,76,47.0,39.010000000000005,3.868312757201646,3.8886729068851746
23434,3 RAFFIA RIBBONS 50'S CHRISTMAS,1624.5,1782,134,129,10.0,7.9,0.5611672278338945,0.48630347799322865
23435,3 RAFFIA RIBBONS VINTAGE CHRISTMAS,606.28,676,44,40,0.0,0.0,0.0,0.0
23436,GIFT BAG LARGE VINTAGE CHRISTMAS,185.0,148,9,9,15.0,18.75,10.135135135135135,10.135135135135135
23436,VINTAGE CHRISTMAS GIFT BAG LARGE,2066.65,1781,83,82,15.0,18.75,0.8422234699606962,0.9072653811724288
23437,50'S CHRISTMAS GIFT BAG LARGE,2272.25,1885,109,106,2.0,2.5,0.10610079575596816,0.11002310485201892
23437,GIFT BAG LARGE 50'S CHRISTMAS,30.0,24,2,2,2.0,2.5,8.333333333333332,8.333333333333332
23438,GIFT BAG LARGE SPOT,120.0,96,6,6,0.0,0.0,0.0,0.0
23438,RED SPOT GIFT BAG LARGE,2023.5,1686,92,82,0.0,0.0,0.0,0.0
23439,HAND WARMER RED LOVE HEART,7574.1,3721,371,268,0.0,0.0,0.0,0.0
23440,PAINT YOUR OWN EGGS IN CRATE,299.36,164,5,5,0.0,0.0,0.0,0.0
23441,HAND PAINTED HANGING EASTER EGG,9.24,22,3,3,0.0,0.0,0.0,0.0
23442,12 HANGING EGGS HAND PAINTED,83.2,40,7,7,0.0,0.0,0.0,0.0
23444,Next Day Carriage,1200.0,79,79,63,1.0,15.0,1.2658227848101267,1.25
23445,ICE CREAM BUBBLES,2131.0099999999998,2647,94,81,20.0,16.599999999999998,0.7555723460521345,0.7789733506647083
23446,BLUE BUNNY EASTER EGG BASKET,230.25,157,3,3,0.0,0.0,0.0,0.0
23447,PINK BUNNY EASTER EGG BASKET,231.9,158,4,4,0.0,0.0,0.0,0.0
23448,CREAM BUNNY EASTER EGG BASKET,41.25,25,3,3,0.0,0.0,0.0,0.0
23449,SET OF 6 EASTER RAINBOW CHICKS,15.0,12,1,1,0.0,0.0,0.0,0.0
23451,SQUARE MINI PORTRAIT FRAME,519.0,268,44,38,0.0,0.0,0.0,0.0
23452,HEART MINI PORTRAIT FRAME,990.9,510,81,69,1.0,1.95,0.19607843137254902,0.19679079624583712
23453,OVAL  MINI PORTRAIT FRAME,611.85,315,46,40,0.0,0.0,0.0,0.0
23454,SET OF 3 MINI HANGING PORTRAITS,123.2,32,2,2,2.0,8.3,6.25,6.737012987012987
23454,THREE MINI HANGING FRAMES,535.35,129,44,39,2.0,8.3,1.550387596899225,1.550387596899225
23455,SMALL PARLOUR FRAME,106.98000000000002,42,2,2,0.0,0.0,0.0,0.0
23455,SMALL PARLOUR PICTURE FRAME,459.56,164,32,30,0.0,0.0,0.0,0.0
23456,MEDIUM PARLOUR FRAME,84.1,22,2,2,2.0,8.3,9.090909090909092,9.8692033293698
23456,MEDIUM PARLOUR PICTURE FRAME,550.0,136,34,31,2.0,8.3,1.4705882352941175,1.5090909090909093
23457,LARGE PARLOUR FRAME,122.85,27,2,2,0.0,0.0,0.0,0.0
23457,LARGE PARLOUR PICTURE FRAME,375.75,77,27,25,0.0,0.0,0.0,0.0
23458,DOLLY CABINET 3 DRAWERS,762.4499999999999,51,30,30,5.0,74.75,9.803921568627452,9.803921568627452
23459,DOLLY CABINET 2 DRAWERS,412.5,33,19,19,3.0,37.5,9.090909090909092,9.090909090909092
23460,SWEETHEART WALL TIDY,1007.0799999999999,108,43,41,5.0,49.75,4.62962962962963,4.940024625650396
23461,SWEETHEART BIRD HOUSE,2908.55,829,83,75,4.0,16.6,0.48250904704463204,0.570731120317684
23462,ROCOCO WALL MIROR,39.9,2,1,1,18.0,350.09999999999997,900.0,877.4436090225563
23462,ROCOCO WALL MIRROR WHITE,1442.25,75,43,42,18.0,350.09999999999997,24.0,24.27457098283931
23463,VINTAGE ZINC WATERING CAN,119.39999999999999,12,7,7,0.0,0.0,0.0,0.0
23464,VINTAGE ZINC WATERING CAN SMALL,79.2,16,6,6,0.0,0.0,0.0,0.0
23465,TUSCAN VILLA BIRD FEEDER,132.0,16,8,8,0.0,0.0,0.0,0.0
23465,TUSCAN VILLA FEEDING STATION,99.0,12,7,7,0.0,0.0,0.0,0.0
23466,TUSCAN VILLA DOVECOTE,99.0,12,4,4,1.0,8.25,8.333333333333332,8.333333333333332
23466,TUSCAN VILLA DOVECOTE BIRD FEEDER,299.25,37,17,17,1.0,8.25,2.7027027027027026,2.756892230576441
23467,VINTAGE ZINC PLANTER,75.66999999999999,23,5,5,0.0,0.0,0.0,0.0
23468,TUSCAN VILLA BIRD TABLE,156.75,19,11,11,0.0,0.0,0.0,0.0
23469,CARD HOLDER LOVE BIRD SMALL,1255.76,320,63,61,4.0,16.6,1.25,1.3219086449640058
23470,CARD HOLDER LOVE BIRD LARGE,1323.4,220,75,70,12.0,70.7,5.454545454545454,5.342300136013299
23471,SIX DRAWER OFFICE TIDY,596.0,64,26,26,0.0,0.0,0.0,0.0
23472,NINE DRAWER OFFICE TIDY,777.9,54,30,29,0.0,0.0,0.0,0.0
23473,WOODLAND SMALL RED FELT HEART,530.83,665,43,41,0.0,0.0,0.0,0.0
23474,WOODLAND SMALL BLUE FELT HEART,246.51000000000002,297,27,26,0.0,0.0,0.0,0.0
23475,WOODLAND SMALL PINK FELT HEART,232.4,280,26,25,0.0,0.0,0.0,0.0
23476,WOODLAND LARGE RED FELT HEART,247.5,198,18,18,0.0,0.0,0.0,0.0
23477,WOODLAND LARGE BLUE FELT HEART,106.25,85,8,8,0.0,0.0,0.0,0.0
23478,WOODLAND LARGE PINK FELT HEART,307.18,278,10,9,0.0,0.0,0.0,0.0
23479,WIRE EGG BASKET,819.65,109,40,35,0.0,0.0,0.0,0.0
23480,MINI LIGHTS WOODLAND MUSHROOMS,6118.59,1717,173,143,20.0,68.1,1.1648223645894,1.1130015248611198
23481,PEARLISED IVORY HEART SMALL,266.21,217,27,23,0.0,0.0,0.0,0.0
23482,PEARLISED IVORY HEART LARGE,651.15,415,36,32,0.0,0.0,0.0,0.0
23483,HANGING  BUTTERFLY T-LIGHT HOLDER,1526.62,1310,66,57,22.0,26.240000000000002,1.6793893129770994,1.7188298332263434
23484,HEART TRELLIS TRIPLE T-LIGHT HOLDER,331.42,118,20,20,0.0,0.0,0.0,0.0
23484,HEART TRELLISTRIPLE T-LIGHT HOLDER,152.24,56,5,5,0.0,0.0,0.0,0.0
23485,BOTANICAL GARDENS WALL CLOCK,5719.0,259,80,70,18.0,407.40000000000003,6.94980694980695,7.123623011015913
23486,ANTIQUE HEART SHELF UNIT,3879.15,267,68,64,13.0,199.65000000000003,4.868913857677903,5.146746065504042
23487,SWEET HEART CAKE CARRIER,754.0,78,42,41,9.0,89.55000000000001,11.538461538461538,11.876657824933687
23489,"GARLAND, VINTAGE BELLS",265.88,92,10,10,0.0,0.0,0.0,0.0
23489,VINTAGE BELLS GARLAND,2246.56,784,127,116,0.0,0.0,0.0,0.0
23490,T-LIGHT HOLDER HANGING LOVE BIRD,1965.63,533,95,83,3.0,11.25,0.5628517823639775,0.5723355870636895
23491,VINTAGE JINGLE BELLS HEART,1864.5,226,76,64,1.0,8.25,0.4424778761061947,0.4424778761061947
23492,VINTAGE JINGLE BELLS WREATH,610.5,74,26,24,0.0,0.0,0.0,0.0
23493,VINTAGE DOILY TRAVEL SEWING KIT,6736.2,3516,349,282,6.0,11.399999999999999,0.17064846416382254,0.16923488019951902
23494,VINTAGE DOILY DELUXE SEWING KIT,4194.900000000001,722,176,145,65.0,386.75,9.002770083102494,9.219528475053039
23495,SET OF 3 PANTRY WOODEN SPOONS,240.0,192,24,21,0.0,0.0,0.0,0.0
23496,PANTRY KITCHEN THERMOMETER,110.0,88,22,21,0.0,0.0,0.0,0.0
23497,CLASSIC CHROME BICYCLE BELL,3431.35,2451,170,149,12.0,17.4,0.4895960832313341,0.5070890465851632
23497,CLASSIC CROME BICYCLE BELL,77.4,60,2,2,12.0,17.4,20.0,22.480620155038757
23498,CLASSIC BICYCLE CLIPS,2200.15,1587,86,77,0.0,0.0,0.0,0.0
23499,SET 12 VINTAGE DOILY CHALK,522.48,1244,93,86,0.0,0.0,0.0,0.0
23500,KEY RING BASEBALL BOOT ASSORTED,1928.8,1580,84,76,0.0,0.0,0.0,0.0
23501,KEY RING BASEBALL BOOT UNION JACK,2103.3,1770,85,77,0.0,0.0,0.0,0.0
23502,PLAYING CARDS VINTAGE DOILEY,16.25,13,2,2,0.0,0.0,0.0,0.0
23502,PLAYING CARDS VINTAGE DOILY,822.73,677,85,78,0.0,0.0,0.0,0.0
23503,PLAYING CARDS KEEP CALM & CARRY ON,4242.96,3432,327,284,2.0,2.5,0.05827505827505827,0.058921130531515736
23504,PLAYING CARDS JUBILEE UNION JACK,2073.73,1661,190,164,0.0,0.0,0.0,0.0
23505,PLAYING CARDS I LOVE LONDON,1238.5,1058,104,93,0.0,0.0,0.0,0.0
23506,MINI PLAYING CARDS SPACEBOY,1106.28,2694,127,114,0.0,0.0,0.0,0.0
23507,MINI PLAYING CARDS BUFFALO BILL,1128.18,2839,101,91,0.0,0.0,0.0,0.0
23508,MINI PLAYING CARDS DOLLY GIRL,1013.0400000000001,2472,106,95,2.0,0.84,0.08090614886731393,0.08291873963515754
23509,MINI PLAYING CARDS FUN FAIR,433.2,1040,54,51,0.0,0.0,0.0,0.0
23510,MINI PLAYING CARDS GYMKHANA,901.74,2297,95,90,0.0,0.0,0.0,0.0
23511,EMBROIDERED RIBBON REEL EMILY,1046.42,524,85,83,5.0,10.4,0.9541984732824428,0.993864796162153
23512,EMBROIDERED RIBBON REEL ROSIE,921.46,484,49,46,0.0,0.0,0.0,0.0
23513,EMBROIDERED RIBBON REEL SUSIE,1072.96,556,62,59,6.0,12.48,1.079136690647482,1.1631374888159856
23514,EMBROIDERED RIBBON REEL SALLY,909.14,458,62,57,6.0,12.48,1.3100436681222707,1.3727258728028686
23515,EMBROIDERED RIBBON REEL DAISY,1075.3799999999999,558,59,58,0.0,0.0,0.0,0.0
23516,EMBROIDERED RIBBON REEL SOPHIE,1025.01,291,40,39,0.0,0.0,0.0,0.0
23517,EMBROIDERED RIBBON REEL REBECCA,860.88,312,51,50,0.0,0.0,0.0,0.0
23518,EMBROIDERED RIBBON REEL RACHEL,954.93,357,41,40,6.0,17.34,1.680672268907563,1.8158399044956177
23519,EMBROIDERED RIBBON REEL CLAIRE,755.01,219,19,18,0.0,0.0,0.0,0.0
23520,EMBROIDERED RIBBON REEL RUBY,585.63,165,30,30,0.0,0.0,0.0,0.0
23521,CAT AND BIRD WALL ART,323.64,270,4,3,0.0,0.0,0.0,0.0
23521,WALL ART CAT AND BIRD,324.98,118,18,18,0.0,0.0,0.0,0.0
23522,DOG AND BALL WALL ART,425.88,252,4,3,0.0,0.0,0.0,0.0
23522,WALL ART DOG AND BALL,226.29,89,17,17,0.0,0.0,0.0,0.0
23523,TREASURE AHOY WALL ART,833.46,270,16,15,6.0,22.5,2.2222222222222223,2.6995896623713196
23523,WALL ART TREASURE AHOY,317.97,87,22,21,6.0,22.5,6.896551724137931,7.076139258420605
23524,HORSE & PONY WALL ART,797.3100000000001,256,17,16,6.0,22.5,2.34375,2.8219889378033636
23524,WALL ART HORSE & PONY,644.6700000000001,209,34,27,6.0,22.5,2.8708133971291865,3.490157755130532
23525,BUFFALO BILL WALL ART,845.22,246,15,15,6.0,22.5,2.4390243902439024,2.662028820898701
23525,WALL ART BUFFALO BILL,932.6700000000001,321,29,24,6.0,22.5,1.8691588785046727,2.412428833349416
23526,DOG LICENCE WALL ART,2081.64,408,29,28,16.0,95.2,3.9215686274509802,4.573317192213832
23526,WALL ART DOG LICENCE,2265.18,474,62,57,16.0,95.2,3.375527426160337,4.202756513831131
23527,ANIMALS AND NATURE WALL ART,923.97,267,17,16,7.0,26.25,2.6217228464419478,2.8410013312120523
23527,WALL ART ANIMALS AND NATURE,471.0,148,26,25,7.0,26.25,4.72972972972973,5.573248407643312
23528,SPACEBOY WALL ART,885.9000000000001,306,13,12,0.0,0.0,0.0,0.0
23528,WALL ART SPACEBOY,495.48,156,21,20,0.0,0.0,0.0,0.0
23529,DOLLY GIRL WALL ART,1055.94,318,11,10,0.0,0.0,0.0,0.0
23529,WALL ART DOLLY GIRL,896.3700000000001,311,19,18,0.0,0.0,0.0,0.0
23530,WALL ART ONLY ONE PERSON,4211.55,1031,73,59,0.0,0.0,0.0,0.0
23530,"WALL ART,ONLY ONE PERSON",29.700000000000003,6,1,1,0.0,0.0,0.0,0.0
23531,WALL ART BIG LOVE,5319.36,960,97,77,0.0,0.0,0.0,0.0
23532,WALL ART WORK REST AND PLAY,853.47,205,26,23,0.0,0.0,0.0,0.0
23533,WALL ART GARDEN HAVEN,936.34,210,31,27,0.0,0.0,0.0,0.0
23534,STOP FOR TEA WALL ART,2572.7,518,41,40,7.0,41.650000000000006,1.3513513513513513,1.6189217553542974
23534,WALL ART STOP FOR TEA,3748.1800000000003,688,153,131,7.0,41.650000000000006,1.0174418604651163,1.1112059719650604
23535,BICYCLE SAFTEY WALL ART,2371.94,458,39,38,1.0,5.95,0.21834061135371177,0.2508495155863976
23535,WALL ART BICYCLE SAFETY,3412.52,644,120,102,1.0,5.95,0.15527950310559005,0.17435795248086458
23535,WALL ART BICYCLE SAFTEY,114.15,21,3,3,1.0,5.95,4.761904761904762,5.212439772229523
23536,VILLAGE SHOW WALL ART,2072.42,386,18,17,4.0,23.8,1.0362694300518136,1.1484158616496656
23536,WALL ART VILLAGE SHOW,1201.6100000000001,227,56,53,4.0,23.8,1.762114537444934,1.9806759264653255
23537,I LOVE LONDON WALL ART,59.400000000000006,12,2,2,0.0,0.0,0.0,0.0
23537,WALL ART I LOVE LONDON,387.3,86,19,18,0.0,0.0,0.0,0.0
23538,WALL ART VINTAGE HEART,1273.92,326,27,25,0.0,0.0,0.0,0.0
23539,"WALL ART , LOVES' SECRET",47.6,8,2,2,0.0,0.0,0.0,0.0
23539,WALL ART LOVES' SECRET,1082.1100000000001,229,33,31,0.0,0.0,0.0,0.0
23540,"WALL ART , THE MAGIC FOREST",13.9,2,1,1,0.0,0.0,0.0,0.0
23540,WALL ART THE MAGIC FOREST,876.64,144,9,8,0.0,0.0,0.0,0.0
23541,"WALL ART ,PUDDINGS",61.2,8,2,2,2.0,16.5,25.0,26.96078431372549
23541,WALL ART CLASSIC PUDDINGS,6093.49,821,118,95,2.0,16.5,0.24360535931790497,0.27078078408268497
23542,70'S ALPHABET WALL ART,1043.1,150,15,14,6.0,48.7,4.0,4.668775764547982
23542,WALL ART 70'S ALPHABET,2399.58,334,55,44,6.0,48.7,1.7964071856287425,2.0295218329874394
23543,KEEP CALM WALL ART,2015.97,269,20,19,0.0,0.0,0.0,0.0
23543,WALL ART KEEP CALM,4853.5,958,74,64,0.0,0.0,0.0,0.0
23544,WALL ART MID CENTURY MODERN,1015.78,164,20,17,1.0,8.25,0.6097560975609756,0.8121837405737462
23545,WRAP RED DOILEY,157.5,375,15,15,0.0,0.0,0.0,0.0
23545,WRAP RED VINTAGE DOILY,866.0,2100,68,63,0.0,0.0,0.0,0.0
23546,WRAP PAISLEY PARK,1365.0,3250,120,106,0.0,0.0,0.0,0.0
23547,WRAP FLOWER SHOP,661.5,1575,62,57,0.0,0.0,0.0,0.0
23548,WRAP MAGIC FOREST,451.5,1075,43,42,0.0,0.0,0.0,0.0
23549,WRAP BIRD GARDEN,546.0,1300,51,46,0.0,0.0,0.0,0.0
23550,WRAP ALPHABET POSTER,761.0,1850,63,60,0.0,0.0,0.0,0.0
23551,PACK OF 12 PAISLEY PARK TISSUES,629.4599999999999,1614,95,88,0.0,0.0,0.0,0.0
23552,BICYCLE PUNCTURE REPAIR KIT,3336.7200000000003,1730,103,93,0.0,0.0,0.0,0.0
23553,LANDMARK FRAME CAMDEN TOWN,6244.85,557,62,50,0.0,0.0,0.0,0.0
23554,LANDMARK FRAME OXFORD STREET,4730.65,419,54,49,0.0,0.0,0.0,0.0
23555,LANDMARK FRAME NOTTING HILL,4730.65,419,48,45,0.0,0.0,0.0,0.0
23556,LANDMARK FRAME COVENT GARDEN,4912.05,435,52,46,1.0,12.5,0.22988505747126436,0.2544762370089881
23557,LANDMARK FRAME BAKER STREET,3867.85,347,29,25,0.0,0.0,0.0,0.0
23558,LANDMARK FRAME LONDON BRIDGE,4604.2,410,47,43,0.0,0.0,0.0,0.0
23559,WOODLAND BUNNIES LOLLY MAKERS,1129.28,563,75,69,0.0,0.0,0.0,0.0
23560,SET OF 6 RIBBONS COUNTRY STYLE,447.07,163,20,20,0.0,0.0,0.0,0.0
23561,SET OF 6 RIBBONS PARTY,458.63,167,13,13,0.0,0.0,0.0,0.0
23562,SET OF 6 RIBBONS PERFECTLY PRETTY,678.27,243,37,37,0.0,0.0,0.0,0.0
23564,EGG CUP MILKMAID INGRID,703.51,587,42,39,0.0,0.0,0.0,0.0
23565,EGG CUP MILKMAID HELGA,435.0,348,31,28,5.0,6.25,1.4367816091954022,1.4367816091954022
23566,EGG CUP MILKMAID HEIDI,919.52,784,46,44,4.0,5.0,0.5102040816326531,0.5437619627631808
23567,EGG CUP HENRIETTA HEN PINK,233.75,187,18,15,1.0,1.25,0.53475935828877,0.53475935828877
23568,EGG CUP HENRIETTA HEN CREAM,664.52,580,28,24,1.0,1.25,0.1724137931034483,0.18810570035514357
23569,TRADTIONAL ALPHABET STAMP SET,4497.3,926,174,152,2.0,9.9,0.21598272138228944,0.22013207924754852
23570,TRADITIONAL PICK UP STICKS GAME,2295.0,1836,231,203,0.0,0.0,0.0,0.0
23571,TRADITIONAL NAUGHTS & CROSSES,3300.9,2018,216,195,0.0,0.0,0.0,0.0
23574,PACKING CHARGE,105.0,14,14,9,2.0,15.0,14.285714285714285,14.285714285714285
23575,SNACK TRAY PAISLEY PARK,305.4,164,22,22,0.0,0.0,0.0,0.0
23576,SNACK TRAY RED VINTAGE DOILY,346.34999999999997,185,29,28,0.0,0.0,0.0,0.0
23578,SNACK TRAY RED GINGHAM,109.2,56,11,11,0.0,0.0,0.0,0.0
23579,SNACK TRAY I LOVE LONDON,276.15,149,24,22,0.0,0.0,0.0,0.0
23580,SNACK TRAY HAPPY FOREST,214.5,110,21,20,0.0,0.0,0.0,0.0
23581,JUMBO BAG PAISLEY PARK,8498.04,4358,302,230,122.0,224.76000000000002,2.799449288664525,2.6448451642967084
23582,VINTAGE DOILY JUMBO BAG RED,8508.220000000001,4434,234,186,121.0,222.68,2.728912945421741,2.6172336869521473
23583,LUNCH BAG PAISLEY PARK,5251.25,3305,298,233,10.0,16.5,0.30257186081694404,0.3142109021661509
23597,PAPER BUNTING PAISLEY PARK,661.7,246,28,28,6.0,17.700000000000003,2.4390243902439024,2.6749282152032645
23598,PAPER BUNTING VINTAGE PARTY,1175.0,420,42,40,0.0,0.0,0.0,0.0
23630,SET 10 CARDS HANGING BAUBLES 17080,2.99,1,1,1,1.0,2.99,100.0,100.0
23660,HENRIETTA HEN MUG,483.45000000000005,293,31,30,16.0,26.4,5.460750853242321,5.46075085324232
23661,MILK MAIDS MUG,336.6,204,23,23,20.0,33.0,9.803921568627452,9.803921568627452
23664,FLOWER SHOP DESIGN MUG,1.65,1,1,1,0.0,0.0,0.0,0.0
23681,LUNCH BAG RED VINTAGE DOILY,2432.55,1547,118,105,0.0,0.0,0.0,0.0
23691,KEEP CALM BIRTHDAY WRAP,21.0,50,2,2,0.0,0.0,0.0,0.0
23691,WRAP KEEP CALM BIRTHDAY,460.5,1125,36,34,0.0,0.0,0.0,0.0
23692,WRAP A PRETTY THANK YOU,21.0,50,2,2,0.0,0.0,0.0,0.0
23694,PAISLEY PARK CARD,141.84,348,24,23,0.0,0.0,0.0,0.0
23695,DOILY THANK YOU CARD,286.62,703,44,41,0.0,0.0,0.0,0.0
23697,A PRETTY THANK YOU CARD,179.64000000000001,438,26,26,0.0,0.0,0.0,0.0
23702,High Resolution Image,27.0,4,3,3,0.0,0.0,0.0,0.0
23843,"PAPER CRAFT , LITTLE BIRDIE",168469.6,80995,1,1,80995.0,168469.6,100.0,100.0
35001B,HAND OPEN SHAPE BLACK,55.84,16,5,5,2.0,5.9,12.5,10.565902578796562
35001G,HAND OPEN SHAPE GOLD,1731.42,600,60,46,11.0,37.29,1.8333333333333333,2.1537235332848184
35001P,HAND OPEN SHAPE PINK,6.98,2,2,2,1.0,3.49,50.0,50.0
35001W,HAND OPEN SHAPE DECO.WHITE,2154.2400000000002,750,108,78,21.0,66.81,2.8000000000000003,3.1013257575757573
35004B,SET OF 3 BLACK FLYING DUCKS,4937.8,1228,120,64,93.0,364.65,7.5732899022801305,7.384867754870589
35004C,SET OF 3 COLOURED  FLYING DUCKS,13577.15,2851,229,112,88.0,426.8,3.0866362679761488,3.1435168647322898
35004G,SET OF 3 GOLD FLYING DUCKS,1278.21,347,64,46,8.0,22.589999999999996,2.3054755043227666,1.7673152298918016
35004P,SET OF 3 PINK FLYING DUCKS,354.6,84,21,17,0.0,0.0,0.0,0.0
35004S,SET OF 3 SILVER FLYING DUCKS,388.4,136,16,12,10.0,56.52,7.352941176470589,14.55200823892894
35015,JACOBS LADDER SMALL,123.84,2064,38,35,0.0,0.0,0.0,0.0
35051B,PINK BEADED CONE CHRISTMAS,5.88,14,2,2,0.0,0.0,0.0,0.0
35071,ASSORTED SANTA CHRISTMAS DECORATION,40.8,48,5,5,0.0,0.0,0.0,0.0
35085E,IVORY ROSE LAMPSHADE,44.25,39,9,7,0.0,0.0,0.0,0.0
35095A,BLUE VICTORIAN FABRIC OVAL BOX,605.57,1665,78,61,0.0,0.0,0.0,0.0
35095B,RED VICTORIAN FABRIC OVAL BOX,659.87,1824,92,73,0.0,0.0,0.0,0.0
35096A,BLUE VICTORIAN FABRIC HEART BOX,228.39,710,19,18,0.0,0.0,0.0,0.0
35096B,RED VICTORIAN FABRIC HEART BOX,102.63,288,21,20,0.0,0.0,0.0,0.0
35160,BUDDHA INCENSE HOLDER ASSORTED,1587.24,2176,53,33,0.0,0.0,0.0,0.0
35233,PASTA ENAMEL/BRASS CONTAINER,37.5,10,8,8,0.0,0.0,0.0,0.0
35240,ENAMEL BLUE RIM OVAL TRAY SET/2,407.52,48,38,35,0.0,0.0,0.0,0.0
35241,ENAMEL BLUE RIM BISCUIT BIN,1281.25,271,94,75,12.0,59.400000000000006,4.428044280442804,4.63609756097561
35265,COLOURFUL FLOWER FRUIT BOWL,78.05,20,15,14,0.0,0.0,0.0,0.0
35271S,GOLD PRINT PAPER BAG,84.17999999999999,414,18,17,0.0,0.0,0.0,0.0
35400,WOODEN BOX ADVENT CALENDAR,10710.1,1239,331,241,91.0,779.4500000000002,7.344632768361582,7.277709825305087
35443,RASTA IN BATH W SPLIFF ASHTRAY,12.75,15,9,9,0.0,0.0,0.0,0.0
35471A,SET OF 3 BIRD L.BLUE FEATHER,349.2,360,54,41,25.0,31.25,6.944444444444445,8.949026345933563
35471D,SET OF 3 BIRD LIGHT PINK FEATHER,1060.0,1950,205,158,2.0,2.5,0.10256410256410256,0.2358490566037736
35537,CANDLE RING W/CLEAR BEADS,5.46,13,3,3,0.0,0.0,0.0,0.0
35591T,TURQUOISE CHRISTMAS TREE,21.25,17,9,9,0.0,0.0,0.0,0.0
35594,WOODEN CHRISTMAS TREE 3 HANGING,57.96,138,21,18,24.0,10.08,17.391304347826086,17.391304347826086
35596,WOOD XMAS TREE 9 FIG SHELVES,24.65,29,4,4,0.0,0.0,0.0,0.0
35597A,DUSTY PINK CHRISTMAS TREE 30CM,12.5,10,4,4,0.0,0.0,0.0,0.0
35597B,BLACKCHRISTMAS TREE 30CM,22.5,18,6,6,0.0,0.0,0.0,0.0
35597D,PINK/WHITE CHRISTMAS TREE 30CM,25.28,58,7,7,0.0,0.0,0.0,0.0
35598A,DUSTY PINK CHRISTMAS TREE 60CM,29.500000000000004,10,3,3,0.0,0.0,0.0,0.0
35598B,BLACK CHRISTMAS TREE 60CM,792.85,919,48,37,0.0,0.0,0.0,0.0
35598C,WHITE CHRISTMAS TREE 60CM,8.850000000000001,3,3,3,0.0,0.0,0.0,0.0
35598D,PINK/WHITE CHRISTMAS TREE 60CM,1099.12,1642,52,43,1.0,0.65,0.06090133982947624,0.059138219666642414
35599B,BLACK CHRISTMAS TREE 120CM,828.5699999999999,249,38,26,0.0,0.0,0.0,0.0
35599D,PINK AND WHITE CHRISTMAS TREE 120CM,866.58,322,39,23,6.0,17.700000000000003,1.8633540372670807,2.042511943502043
35600D,PINK AND WHITE CHRISTMAS TREE 180CM,476.00000000000006,140,12,11,0.0,0.0,0.0,0.0
35603B,S/16 BLACK SHINY/MAT BAUBLES,20.16,48,1,1,24.0,50.400000000000006,50.0,250.00000000000006
35603C,SET/16 WHITE SHINY & MATT BAUBLES,47.04,80,22,19,0.0,0.0,0.0,0.0
35607A,PINK FLUFFY CHRISTMAS DECORATION,103.55,545,28,27,0.0,0.0,0.0,0.0
35607B,BLACK FEATHER CHRISTMAS DECORATION,58.900000000000006,310,16,15,0.0,0.0,0.0,0.0
35609A,PINK FEATHER CHRISTMAS DECORATION,82.19,427,18,17,0.0,0.0,0.0,0.0
35610A,PINK CHRISTMAS FLOCK DROPLET,92.82,138,8,8,0.0,0.0,0.0,0.0
35610B,BLACK CHRISTMAS FLOCK DROPLET,144.07,179,13,13,0.0,0.0,0.0,0.0
35610C,WHITE CHRISTMAS FLOCK DROPLET,73.91,91,6,6,0.0,0.0,0.0,0.0
35611B,BLACK ASSORTED DROPLET DECORATION,22.419999999999998,59,2,2,0.0,0.0,0.0,0.0
35633B,BLUE TINSEL GARLAND,24.7,130,12,12,0.0,0.0,0.0,0.0
35637A,IVORY STRING CURTAIN WITH POLE,1250.95,541,45,41,1.0,5.95,0.18484288354898337,0.47563851472880614
35637C,PINK STRING CURTAIN WITH POLE,273.34999999999997,97,16,14,0.0,0.0,0.0,0.0
35638A,PINK AND BLACK STRING CURTAIN,88.04999999999998,39,6,6,0.0,0.0,0.0,0.0
35638B,PINK/BLUE STRING CURTAIN,268.25,115,8,7,0.0,0.0,0.0,0.0
35644,PAIR PINK/BLACK COATHANGERS,40.95,21,7,6,0.0,0.0,0.0,0.0
35645,VINTAGE BEAD PINK JEWEL BOX,216.75,51,24,18,0.0,0.0,0.0,0.0
35646,VINTAGE BEAD PINK EVENING BAG,753.88,533,51,37,0.0,0.0,0.0,0.0
35647,VINTAGE BEAD PINK SHADE,652.5,525,43,19,0.0,0.0,0.0,0.0
35648,VINTAGE BEAD PINK PURSE,937.0100000000001,867,68,48,25.0,20.75,2.883506343713956,2.2144907738444624
35649,VINTAGE BEAD COSMETIC BAG,1195.82,1776,21,20,0.0,0.0,0.0,0.0
35650,VINTAGE BEAD PINK JEWEL STAND,14.850000000000001,3,3,3,0.0,0.0,0.0,0.0
35651,VINTAGE BEAD PINK SCARF,612.75,337,37,32,12.0,19.8,3.5608308605341246,3.2313341493268055
35652,VINTAGE BEAD CHAISE LONG JEWEL BOX,21.5,18,2,2,0.0,0.0,0.0,0.0
35653,VINTAGE BEAD NOTEBOOK,539.85,183,56,42,0.0,0.0,0.0,0.0
35654,VINTAGE BEAD FILLED PINK CUSHION,59.400000000000006,12,5,4,0.0,0.0,0.0,0.0
35751C,PURPLE CURRENT CANDLE RING,12.61,31,2,2,0.0,0.0,0.0,0.0
35751D,PINK CURRENT CANDLE RING,5.32,28,1,1,0.0,0.0,0.0,0.0
35793,S/3 PUPPIES CHRISTMAS DECORATIONS,174.05,101,8,7,0.0,0.0,0.0,0.0
35809A,ENAMEL PINK TEA CONTAINER,1297.81,1037,110,76,0.0,0.0,0.0,0.0
35809B,ENAMEL BLUE RIM TEA CONTAINER,162.48,81,22,21,0.0,0.0,0.0,0.0
35810A,ENAMEL PINK COFFEE CONTAINER,1282.3600000000001,1117,104,72,1.0,2.1,0.08952551477170993,0.16376056645559747
35810B,ENAMEL BLUE RIM COFFEE CONTAINER,446.03000000000003,307,50,43,13.0,10.790000000000001,4.234527687296417,2.419119790148645
35811A,ENAMEL PINK SUGAR CONTAINER,581.58,391,47,24,2.0,4.2,0.5115089514066496,0.722170638605179
35815B,"ACRYLIC JEWEL SNOWFLAKE,BLUE",35.34,93,2,2,0.0,0.0,0.0,0.0
35815P,"ACRYLIC JEWEL SNOWFLAKE, PINK",75.88,168,7,7,0.0,0.0,0.0,0.0
35816B,"ACRYLIC JEWEL ANGEL,BLUE",52.93,137,2,2,0.0,0.0,0.0,0.0
35816P,"ACRYLIC JEWEL ANGEL,PINK",124.88,292,7,7,0.0,0.0,0.0,0.0
35817B,"ACRYLIC JEWEL SNOWFLAKE,BLUE",56.129999999999995,142,2,2,0.0,0.0,0.0,0.0
35817P,"ACRYLIC JEWEL SNOWFLAKE,PINK",202.02,406,9,8,0.0,0.0,0.0,0.0
35817P,PINK ACRYLIC JEWEL SNOWFLAKE,4.5600000000000005,12,1,1,0.0,0.0,0.0,0.0
35818B,"ACRYLIC JEWEL ICICLE, BLUE",168.38,403,8,8,0.0,0.0,0.0,0.0
35818P,"ACRYLIC JEWEL ICICLE, PINK",208.62,549,20,18,0.0,0.0,0.0,0.0
35819B,"ACRYLIC HANGING JEWEL,BLUE",182.19,381,29,26,0.0,0.0,0.0,0.0
35819P,"ACRYLIC HANGING JEWEL,PINK",66.55,95,7,7,0.0,0.0,0.0,0.0
35821B,"JEWELLED DECORATION,BLUE",57.0,150,3,3,0.0,0.0,0.0,0.0
35821P,"JEWELLED DECORATION,PINK",5.9,2,2,2,0.0,0.0,0.0,0.0
35822B,"ACRYLIC BEAD CHAIN, BLUE",87.02,229,1,1,0.0,0.0,0.0,0.0
35822P,"ACRYLIC BEAD CHAIN, PINK",43.32,114,1,1,0.0,0.0,0.0,0.0
35823P,"ACRYLIC BEAD GARLAND,PINK",5.9,2,2,2,0.0,0.0,0.0,0.0
35824B,"HANGING FLOWERS+MIRROR,BLUE",200.26000000000002,527,5,4,0.0,0.0,0.0,0.0
35824C,"HANGING FLOWERS+MIRROR,CLEAR",117.05,235,8,8,0.0,0.0,0.0,0.0
35824P,"HANGING FLOWERS+MIRROR,PINK",136.44,324,3,2,0.0,0.0,0.0,0.0
35832,WOOLLY HAT SOCK GLOVE ADVENT STRING,4995.85,1687,162,132,3.0,13.55,0.17783046828689983,0.27122511684698297
35833G,4 GOLD FLOCK CHRISTMAS BALLS,198.0,126,29,23,0.0,0.0,0.0,0.0
35833P,4 PINK FLOCK CHRISTMAS BALLS,241.75,161,43,32,0.0,0.0,0.0,0.0
35837,SET OF SIX SILVER+RED FLOCK BAUBLES,1.7,2,1,1,0.0,0.0,0.0,0.0
35838A,S/6 MULTICOLOUR ORNAMENETAL CANDLE,176.75,171,18,18,0.0,0.0,0.0,0.0
35838B,S/6 SILVER ORNAMENETAL CANDLE,82.45,97,22,21,0.0,0.0,0.0,0.0
35840,FLAT GLASS  BAUBLE WHITE FLOCK,51.0,36,5,5,1.0,0.85,2.7777777777777777,1.6666666666666667
35909A,RABBIT EASTER DECORATION,59.00000000000001,20,5,5,0.0,0.0,0.0,0.0
35909B,PINK FLOWERS RABBIT EASTER,47.2,16,6,6,0.0,0.0,0.0,0.0
35910A,MULTICOLOUR EASTER RABBIT,101.39999999999999,52,12,12,0.0,0.0,0.0,0.0
35910B,PINK FLOWERS RABBIT EASTER,52.65,27,6,6,0.0,0.0,0.0,0.0
35911A,MULTICOLOUR RABBIT EGG WARMER,309.65,260,41,38,0.0,0.0,0.0,0.0
35911B,PINK/FLOWER RABBIT EGG WARMER,119.7,57,13,12,0.0,0.0,0.0,0.0
35912B,WHITE/PINK CHICK DECORATION,326.39,283,26,22,0.0,0.0,0.0,0.0
35913B,WHITE/PINK CHICK EASTER DECORATION,82.45,97,19,17,0.0,0.0,0.0,0.0
35914,PINK CHICK EGG WARMER + EGG CUP,246.25,175,28,25,0.0,0.0,0.0,0.0
35915A,CREAM KNITTED HEN,365.76,288,1,1,0.0,0.0,0.0,0.0
35915B,BLUE KNITTED HEN,606.66,434,31,31,0.0,0.0,0.0,0.0
35915C,PEACH KNITTED HEN,530.76,388,23,23,0.0,0.0,0.0,0.0
35916A,YELLOW FELT HANGING HEART W FLOWER,43.349999999999994,51,7,7,0.0,0.0,0.0,0.0
35916B,BLUE FELT HANGING HEART W FLOWER,26.349999999999998,31,4,4,0.0,0.0,0.0,0.0
35916B,BLUE FELT HANGING HEART WITH FLOWER,5.1,6,1,1,0.0,0.0,0.0,0.0
35916C,PINK FELT HANGING HEART W FLOWER,72.25,85,9,9,0.0,0.0,0.0,0.0
35918B,BLUE FLORIBUNDA EGG WARMER,12.5,10,5,5,1.0,1.25,10.0,10.0
35920,FOUR RABBIT EASTER DECORATIONS,275.25,1065,20,18,0.0,0.0,0.0,0.0
35921,EASTER BUNNY HANGING GARLAND,192.5,154,26,23,1.0,1.25,0.6493506493506493,0.6493506493506493
35922,EASTER BUNNY WREATH,362.2,76,21,20,4.0,19.8,5.263157894736842,5.466593042517946
35923,CANDY HEART HANGING DECORATION,866.71,1453,66,51,4.0,4.14,0.27529249827942187,0.47766842427109407
35924,HANGING FAIRY CAKE DECORATION,3554.4,2003,100,65,205.0,347.68000000000006,10.234648027958062,9.78167904568985
35930,PINK HEART CHRISTMAS DECORATION,0.38,1,1,1,0.0,0.0,0.0,0.0
35931,PINK STAR CHRISTMAS DECORATION,78.11999999999999,156,15,14,0.0,0.0,0.0,0.0
35932,PINK CHRISTMAS TREE DECORATION,15.629999999999999,37,10,10,0.0,0.0,0.0,0.0
35933,PINK STOCKING CHRISTMAS DECORATION,118.56,312,23,20,0.0,0.0,0.0,0.0
35936,CERISE+GOLD CHRISTMAS TREE DEC,13.68,36,9,8,0.0,0.0,0.0,0.0
35937,CERISE+GOLD CHRISTMAS STOCKING DEC,71.44,188,17,16,0.0,0.0,0.0,0.0
35945,GOLD CHRISTMAS STOCKING DECORATION,1.95,1,1,1,0.0,0.0,0.0,0.0
35950,FOLKART HEART CHRISTMAS DECORATIONS,1.25,1,1,1,0.0,0.0,0.0,0.0
35951,FOLKART BAUBLE CHRISTMAS DECORATION,671.51,1339,40,35,0.0,0.0,0.0,0.0
35953,FOLKART STAR CHRISTMAS DECORATIONS,1636.1599999999999,3300,106,98,24.0,30.0,0.7272727272727273,1.8335615098767848
35954,SMALL FOLKART STAR CHRISTMAS DEC,621.81,1975,66,58,0.0,0.0,0.0,0.0
35955,SMALL FOLKART CHRISTMAS TREE DEC,34.62,135,4,4,0.0,0.0,0.0,0.0
35957,SMALLFOLKART BAUBLE CHRISTMAS DEC,806.3399999999999,3313,62,51,100.0,19.919999999999998,3.0184123151222457,2.4704219063918447
35958,FOLKART ZINC STAR CHRISTMAS DEC,935.0,1100,69,58,0.0,0.0,0.0,0.0
35961,FOLKART ZINC HEART CHRISTMAS DEC,8229.67,10651,397,262,1.0,0.85,0.009388789784996713,0.010328482187013573
35962,12 ASS ZINC CHRISTMAS DECORATIONS,900.9000000000001,429,45,39,1.0,2.1,0.2331002331002331,0.2331002331002331
35962,SET/12 ZINC CHRISTMAS DECORATIONS,191.10000000000002,91,15,15,1.0,2.1,1.098901098901099,1.0989010989010988
35963,FOLKART ZINC CLIP ON ANGEL WINGS,38.379999999999995,101,11,10,0.0,0.0,0.0,0.0
35964,FOLKART CLIP ON STARS,487.53,1005,56,50,0.0,0.0,0.0,0.0
35965,FOLKART HEART NAPKIN RINGS,713.3700000000001,375,82,62,24.0,18.96,6.4,2.6578073089700993
35966,FOLKART CHRISTMAS TREE T-LIGHT HOLD,92.72,244,20,20,0.0,0.0,0.0,0.0
35967,FOLK ART METAL STAR T-LIGHT HOLDER,310.08,786,59,50,1.0,0.38,0.1272264631043257,0.12254901960784313
35968,FOLK ART METAL HEART T-LIGHT HOLDER,264.04,701,56,49,25.0,9.5,3.566333808844508,3.5979397061051355
35969,FOLKART CROWN TABLE DECORATIONS,376.74,450,40,36,0.0,0.0,0.0,0.0
35970,ZINC FOLKART SLEIGH BELLS,12806.27,7851,545,415,74.0,122.86000000000001,0.9425550885237549,0.9593738067368563
35971,ROSE FOLKART HEART DECORATIONS,1633.45,1836,122,91,17.0,21.25,0.9259259259259258,1.3009274847714958
35972,DAISY FOLKART HEART DECORATION,486.25,389,51,43,0.0,0.0,0.0,0.0
35973,GERANIUM FOLKART HEART DECORATION,58.75,47,12,11,0.0,0.0,0.0,0.0
35974,S/6 CHRISTMAS TREE PLACE SETTING,3.75,1,1,1,0.0,0.0,0.0,0.0
35976B,WHITE SCANDINAVIAN HEART CHRISTMAS,1.25,1,1,1,12.0,15.0,1200.0,1200.0
35979,SIX STRING SCANDINAVIAN HEART DECS,244.85000000000002,83,19,19,12.0,35.400000000000006,14.457831325301203,14.457831325301207
35980B,RED TOP SCANDINAVIAN HEART,1.52,4,2,2,0.0,0.0,0.0,0.0
35980C,REDWHITE STRIPE SCANDINAVIAN HEART,142.5,375,28,28,44.0,16.72,11.733333333333333,11.733333333333333
35981C,WHITE SNOW SCANDINAVIAN STOCKING,266.14,563,60,55,0.0,0.0,0.0,0.0
35991,SET/6 BLACK SNOWFLAKE T-LIGHTS,201.91,387,47,43,0.0,0.0,0.0,0.0
35995,SET/6 BLACK GLITTER REINDEER CANDLE,3.36,4,4,4,0.0,0.0,0.0,0.0
35999,S/6 SCANDINAVIAN HEART T-LIGHT,2.55,1,1,1,0.0,0.0,0.0,0.0
37112,YELLOW BIRDS FELT DES FOODCOVER,33.75,9,4,4,0.0,0.0,0.0,0.0
37326,FAIRY DESIGN MUGS,1.25,1,1,1,0.0,0.0,0.0,0.0
37327,ASSTD MULTICOLOUR CIRCLES MUG,759.59,1535,52,42,4.0,1.56,0.26058631921824105,0.20537395173712134
37330,BIG POLKADOT MUG,128.33999999999997,78,5,5,12.0,23.099999999999998,15.384615384615385,17.99906498363722
37330,SPOTS MUG,744.2999999999998,426,17,15,12.0,23.099999999999998,2.8169014084507045,3.1035872632003225
37333,"RETRO ""TEA FOR ONE""",545.4,120,34,26,0.0,0.0,0.0,0.0
37340,MULTICOLOUR SPRING FLOWER MUG,2539.31,13083,95,79,4996.0,501.2200000000001,38.18696017732936,19.738432881373292
37342,POLKADOT COFFEE CUP & SAUCER PINK,1165.89,1443,65,51,56.0,45.68,3.8808038808038807,3.9180368645412513
37342,SPOTTY COFFEE CUP & SAUCER,82.60000000000001,28,6,6,56.0,45.68,200.0,55.30266343825665
37343,POLKADOT MUG PINK,262.86,178,22,18,0.0,0.0,0.0,0.0
37343,SPOTS DESIGN MUG W PINK INSIDE,1129.44,784,51,41,0.0,0.0,0.0,0.0
37345,ASSTD HEARTS DESIGN MUGS,536.1,318,6,5,0.0,0.0,0.0,0.0
37348,SET OF 4 PASTEL STACKING MUGS,33.15,13,6,5,2.0,5.1,15.384615384615385,15.384615384615385
37351,ORANGE FLOWER MUG,571.7099999999999,5395,7,7,0.0,0.0,0.0,0.0
37352,BIRD IN TREE MUG,504.55,4643,8,6,0.0,0.0,0.0,0.0
37370,RETRO COFFEE MUGS ASSORTED,7897.5,6948,344,184,47.0,57.42,0.6764536557282671,0.7270655270655271
37379A,PINK CHERRY BLOSSOM CUP & SAUCER,37.5,30,5,5,1.0,1.25,3.3333333333333335,3.3333333333333335
37379B,BLUE CHERRY BLOSSOM CUP & SAUCER,181.5,1122,3,3,0.0,0.0,0.0,0.0
37399,"ASS RETROSPOOF MUGS,SPORTS",75.0,143,6,6,0.0,0.0,0.0,0.0
37408,ASSORTED DESIGN GEISHA GIRL MUGS,6.25,5,1,1,0.0,0.0,0.0,0.0
37409,ASSORTED DESIGN FLOWER MUGS,5.949999999999999,7,3,3,0.0,0.0,0.0,0.0
37410,BLACK AND WHITE PAISLEY FLOWER MUG,3019.57,25685,18,13,6.0,7.5,0.02335993770683278,0.24837973618760284
37413,ICON MUG REVOLUTIONARY,283.71,701,79,52,0.0,0.0,0.0,0.0
37422,WHITE WITH BLACK CATS BOWL,141.68,344,27,14,0.0,0.0,0.0,0.0
37423,WHITE WITH BLACK CATS PLATE,716.23,6091,25,17,2952.0,295.2,48.464948284353966,41.21581056364575
37424,WHITE WITH BLACK CATS MUG,975.41,5153,47,28,2112.0,274.56,40.98583349505142,28.148163336443137
37432,MUG PINK AND PURPLE ARABIC DESIGN,3.9,6,1,1,0.0,0.0,0.0,0.0
37438,FUNKY FLOWER COFFEE POT,3.75,1,1,1,0.0,0.0,0.0,0.0
37441,ASSORTED WHITE EMBOSSED CHINA MUGS,1307.4,674,39,31,1.0,2.1,0.1483679525222552,0.16062413951353832
37444A,YELLOW BREAKFAST CUP AND SAUCER,433.16,2684,26,16,1309.0,172.98999999999998,48.77049180327869,39.93674392834056
37444B,BLUE BREAKFAST CUP AND SAUCER,338.44,1996,17,14,984.0,127.92,49.298597194388776,37.796950715045504
37444C,PINK BREAKFAST CUP AND SAUCER,341.48,1596,17,14,768.0,99.84,48.1203007518797,29.237437038772402
37446,MINI CAKE STAND WITH HANGING CAKES,4677.4,3496,311,168,94.0,121.7,2.688787185354691,2.6018728353358704
37447,CERAMIC CAKE DESIGN SPOTTED PLATE,3876.97,2693,264,141,76.0,109.15999999999998,2.8221314519123655,2.8156008429263055
37448,CERAMIC CAKE DESIGN SPOTTED MUG,6308.0199999999995,4394,433,198,66.0,97.85999999999999,1.5020482476103778,1.5513584294279343
37449,CERAMIC CAKE STAND + HANGING CAKES,20204.579999999998,2277,410,205,255.0,2234.1499999999996,11.198945981554678,11.057641386259947
37450,CERAMIC CAKE BOWL + HANGING CAKES,6398.55,2337,313,138,72.0,193.19999999999996,3.080872913992298,3.0194340905361363
37451,CERAMIC CAKE TEAPOT WITH CHERRY,4.95,1,1,1,2.0,8.5,200.0,171.7171717171717
37461,FUNKY MONKEY MUG,697.9,710,66,35,1.0,1.25,0.14084507042253522,0.17910875483593638
37462B,"PET MUG, BUDGIE",49.980000000000004,119,5,4,1.0,0.42,0.8403361344537815,0.8403361344537815
37462E,"PET MUG, GOLDFISH",28.27,81,9,9,6.0,2.52,7.4074074074074066,8.914043155288292
37464,ROBOT MUG IN DISPLAY BOX,330.07,275,46,45,0.0,0.0,0.0,0.0
37467,PIG MUG IN TWO COLOUR DESIGNS,131.44,212,28,28,0.0,0.0,0.0,0.0
37468,HARDMAN MUG 3 ASSORTED,24.57,63,12,11,0.0,0.0,0.0,0.0
37471,MULTICOLOUR DOTS PLATE,71.80000000000001,688,2,2,684.0,68.4,99.4186046511628,95.26462395543174
37471,MULTICOLOUR POLKADOT PLATE,78.60000000000001,696,2,2,684.0,68.4,98.27586206896551,87.02290076335878
37474,SET/4 2 TONE EGG SHAPE MIXING BOWLS,559.5799999999999,58,39,33,0.0,0.0,0.0,0.0
37475,SET/4 COLOURFUL MIXING BOWLS,891.5,94,51,45,0.0,0.0,0.0,0.0
37476,CONDIMENT TRAY 4 BOWLS AND 4 SPOONS,420.28,44,27,22,0.0,0.0,0.0,0.0
37477B,"FLOWER FAIRY MUG+COASTER,LAVENDER",41.25,11,8,6,1.0,3.75,9.090909090909092,9.090909090909092
37477C,"FLOWER FAIRY MUG+COASTER,ROSE",22.5,6,1,1,0.0,0.0,0.0,0.0
37479B,CUBIC MUG FLOCK BLUE ON BROWN,1011.48,1240,24,20,0.0,0.0,0.0,0.0
37479P,CUBIC MUG FLOCK PINK ON BROWN,70.35,125,22,17,0.0,0.0,0.0,0.0
37481,CUBIC MUG TEATIME CAKES,15.3,6,1,1,0.0,0.0,0.0,0.0
37482B,CUBIC MUG BLUE POLKA DOT,1093.95,1249,7,5,0.0,0.0,0.0,0.0
37482P,CUBIC MUG PINK POLKA DOT,265.2,104,18,17,0.0,0.0,0.0,0.0
37482P,CUBIC MUG PINK POLKADOT,356.52,532,43,36,0.0,0.0,0.0,0.0
37483,ENGLISH ROSE MUG IN GIFT BOX,232.89,143,10,10,1.0,2.55,0.6993006993006993,1.0949375241530337
37484,ENGLISH ROSE TEA FOR ONE GIFT BOX,6.75,1,1,1,0.0,0.0,0.0,0.0
37485,ENGLISH ROSE TEA SET IN GIFT BOX,207.69,49,15,10,0.0,0.0,0.0,0.0
37487B,YELLOW/ORANGE FLOWER DESIGN PLATE,19.72,68,2,2,0.0,0.0,0.0,0.0
37488A,YELLOW PINK FLOWER DESIGN BIG BOWL,19.770000000000003,31,5,4,1.0,2.95,3.225806451612903,14.921598381385937
37489A,YELLOW/PINK FLOWER DESIGN BIG MUG,33.93,43,21,21,0.0,0.0,0.0,0.0
37489B,BLUE/YELLOW FLOWER DESIGN BIG MUG,30.419999999999998,38,17,17,0.0,0.0,0.0,0.0
37489C,GREEN/BLUE FLOWER DESIGN BIG MUG,17.55,25,10,10,0.0,0.0,0.0,0.0
37489D,PINK/GREEN FLOWER DESIGN BIG MUG,28.86,46,20,20,0.0,0.0,0.0,0.0
37491A,YELLOW/PINK CERAMIC CANDLE HOLDER,11.549999999999999,7,5,5,0.0,0.0,0.0,0.0
37491B,BLUE/YELLOW CERAMIC CANDLE HOLDER,16.5,10,5,5,0.0,0.0,0.0,0.0
37491C,GREEN/BLUE CERAMIC CANDLE HOLDER,26.4,16,7,7,0.0,0.0,0.0,0.0
37491D,PURPLE/BLUE CERAMIC CANDLE HOLDER,23.099999999999998,14,5,5,0.0,0.0,0.0,0.0
37492A,YELLOW RED FLOWER PIGGY BANK,206.54999999999998,107,10,7,1.0,4.65,0.9345794392523363,2.2512708787218596
37492B,BLUE YELLOW FLOWER PIGGY BANK,937.1999999999999,488,43,33,18.0,47.699999999999996,3.6885245901639343,5.0896286811779765
37492C,GREEN BLUE FLOWER PIGGY BANK,472.65,241,23,19,1.0,4.65,0.4149377593360996,0.9838146620120598
37492D,PURPLE GREEN FLOWER PIGGY BANK,664.35,359,24,18,8.0,13.2,2.2284122562674096,1.9869044931135695
37494A,FAIRY CAKE CERAMIC BUTTER DISH,523.2,192,25,18,5.0,14.750000000000002,2.604166666666667,2.8191896024464835
37495,FAIRY CAKE BIRTHDAY CANDLE SET,5337.0,1500,288,206,142.0,493.20000000000005,9.466666666666667,9.241146711635752
37500,TEA TIME TEAPOT IN GIFT BOX,6126.7699999999995,823,216,147,13.0,119.97,1.5795868772782502,1.958128018515466
37501,TEA TIME TEA SET IN GIFT BOX,3006.2000000000003,436,146,106,15.0,104.25,3.4403669724770642,3.4678331448340094
37502,TEA TIME MUG IN GIFT BOX,2300.9,806,148,97,1.0,2.95,0.12406947890818859,0.12821070016080666
37503,TEA TIME CAKE STAND IN GIFT BOX,23784.8,2384,465,256,51.0,515.45,2.139261744966443,2.1671403585483167
37506,NEW ENGLAND MILK JUG W GIFT BOX,166.6,28,22,21,0.0,0.0,0.0,0.0
37508,NEW ENGLAND CERAMIC CAKE SERVER,221.85,87,44,35,0.0,0.0,0.0,0.0
37509,NEW ENGLAND MUG W GIFT BOX,71.39999999999999,28,14,14,1.0,2.55,3.571428571428571,3.571428571428572
40001,WHITE BAMBOO RIBS LAMPSHADE,1559.56,2152,73,39,45.0,28.800000000000004,2.0910780669144984,1.8466747031213937
40002,WHITE BAMBOO RIBS LAMPSHADE,66.3,78,1,1,6.0,5.1,7.6923076923076925,7.6923076923076925
40003,WHITE BAMBOO RIBS LAMPSHADE,1195.25,1129,48,34,18.0,17.099999999999998,1.5943312666076175,1.4306630412047687
40005B,BLUE ORGANDY ROUND LAMPSHADE W BEA,28.05,33,13,11,0.0,0.0,0.0,0.0
40016,CHINESE DRAGON PAPER LANTERNS,4961.12,15301,196,133,0.0,0.0,0.0,0.0
40018E,TEA TIME PAPER LANTERNS,630.5,334,48,37,0.0,0.0,0.0,0.0
40018F,CHERRY DESIGN PAPERLANTERNS,2000.4399999999998,1064,97,69,12.0,23.4,1.1278195488721803,1.1697426566155447
40046A,RED DAISY PAPER LAMPSHADE,387.57,321,34,26,0.0,0.0,0.0,0.0
40046C,PINK BUTTERFLY PAPER LAMPSHADE,3.75,3,3,3,0.0,0.0,0.0,0.0
44089A,PINK GAUZE BUTTERFLY LAMPSHADE,16.38,39,12,11,0.0,0.0,0.0,0.0
44089C,LILAC GAUZE BUTTERFLY LAMPSHADE,28.56,68,18,14,0.0,0.0,0.0,0.0
44091A,BLUE CRUSOE CHECK LAMPSHADE,7.56,18,6,6,0.0,0.0,0.0,0.0
44091C,MULTICOLOUR CRUSOE CHECK LAMPSHADE,20.16,48,10,10,0.0,0.0,0.0,0.0
44092B,BLUE WHITE PLASTIC RINGS LAMPSHADE,12.75,15,6,4,0.0,0.0,0.0,0.0
44092C,PURPLE/COPPER HANGING LAMPSHADE,17.849999999999998,21,8,6,0.0,0.0,0.0,0.0
44217M,MULTICOLOUR FEATHERS CURTAIN,236.40000000000003,72,3,1,72.0,236.40000000000003,100.0,100.0
44228,CANNABIS LEAF BEAD CURTAIN,40.8,48,3,3,0.0,0.0,0.0,0.0
44230,SQUARE MIRROR CURTAIN,1434.18,207,44,25,10.0,77.91,4.830917874396135,5.432372505543237
44234,ASSORTED CIRCULAR MOBILE,221.88,1156,39,28,2.0,0.42,0.17301038062283738,0.18929150892374255
44235,ASS COL CIRCLE MOBILE,276.96,752,15,12,0.0,0.0,0.0,0.0
44235,ASSORTED COLOURED CIRCLE MOBILE,26.88,64,7,6,0.0,0.0,0.0,0.0
44236,PINK/PURPLE CIRCLE CURTAIN,112.32000000000001,64,12,9,0.0,0.0,0.0,0.0
44241C,BLUE BUTTERFLY ON SPRING,57.8,68,7,7,0.0,0.0,0.0,0.0
44242A,LILAC FEATHERS CURTAIN,11.98,14,2,2,0.0,0.0,0.0,0.0
44242B,PINK FEATHERS CURTAIN,117.78,106,8,8,0.0,0.0,0.0,0.0
44265,M/COLOUR POM-POM CURTAIN,34.0,8,4,4,0.0,0.0,0.0,0.0
45008C,DECORATIVE NET CANOPY CREAM,541.6,68,20,16,0.0,0.0,0.0,0.0
45013,FOLDING SHOE TIDY,132.0,48,8,8,0.0,0.0,0.0,0.0
45014,FOLDING SHIRT TIDY,4.65,1,1,1,0.0,0.0,0.0,0.0
45016,DECORATIVE NET CANOPY LEOPARD,248.75,73,8,8,6.0,22.5,8.21917808219178,9.045226130653267
46000M,POLYESTER FILLER PAD 45x45cm,3851.75,2485,342,205,21.0,32.55,0.8450704225352111,0.8450704225352111
46000P,POLYESTER FILLER PAD 65CMx65CM,901.0,212,48,37,3.0,12.75,1.4150943396226416,1.4150943396226416
46000R,POLYESTER FILLER PAD 45x30cm,346.55,239,59,42,0.0,0.0,0.0,0.0
46000S,POLYESTER FILLER PAD 40x40cm,5003.95,3451,369,240,70.0,101.5,2.028397565922921,2.028397565922921
46000U,POLYESTER FILLER PAD 30CMx30CM,313.75,251,51,39,0.0,0.0,0.0,0.0
46037A,PINK CANVAS DES CUSHION COVER,7.5,6,2,2,0.0,0.0,0.0,0.0
46115B,GREEN POP ART MAO CUSHION COVER,54.34,286,22,19,0.0,0.0,0.0,0.0
46118,FUNKY MONKEY CUSHION COVER,275.4,324,35,23,0.0,0.0,0.0,0.0
46126A,ELVIS WALLHANGING / CURTAIN,371.25,297,34,23,0.0,0.0,0.0,0.0
46137D,GREEN CHENILLE SHAGGY RUG,126.85,43,3,2,0.0,0.0,0.0,0.0
46138B,BLUE CHENILLE SHAGGY CUSHION COVER,74.35,59,19,12,13.0,11.05,22.033898305084744,14.862138533960998
46138D,GREEN CHENILLE SHAGGY C/COVER,1.95,1,1,1,0.0,0.0,0.0,0.0
46307,ROSES BLUE BASE CUSHION COVER,19.8,12,4,4,0.0,0.0,0.0,0.0
46775A,BUBBLE GUM CHUNKY KNITTED THROW,84.75,5,4,3,1.0,16.95,20.0,20.0
46775B,BERRIES CHUNKY KNITTED THROW,84.75,5,4,3,0.0,0.0,0.0,0.0
46775D,SUNSET COLOUR CHUNKY KNITTED THROW,881.4,52,32,28,4.0,59.3,7.6923076923076925,6.727932834127524
46775E,CANDY POP CHUNKY KNITTED THROW,254.25,15,10,8,0.0,0.0,0.0,0.0
46776A,WOVEN BUBBLE GUM CUSHION COVER,363.3,190,20,19,0.0,0.0,0.0,0.0
46776B,WOVEN BERRIES CUSHION COVER,383.1,194,20,16,0.0,0.0,0.0,0.0
46776C,WOVEN FROST CUSHION COVER,238.5,102,17,14,0.0,0.0,0.0,0.0
46776D,WOVEN SUNSET CUSHION COVER,113.85,23,9,7,1.0,11.93,4.3478260869565215,10.478700043917435
46776E,WOVEN CANDY CUSHION COVER,193.95000000000002,93,11,9,0.0,0.0,0.0,0.0
46776F,WOVEN ROSE GARDEN CUSHION COVER,363.0,172,17,13,0.0,0.0,0.0,0.0
47013A,WINE BOTTLE DRESSING LT.BLUE,39.87,141,25,21,0.0,0.0,0.0,0.0
47013C,WINE BOTTLE DRESSING DARK BLUE,33.05,138,22,18,12.0,1.44,8.695652173913043,4.357034795763994
47016,LIGHT DECORATION BATTERY OPERATED,65.10000000000001,31,5,4,0.0,0.0,0.0,0.0
47021G,SET/6 BEAD COASTERS GAUZE BAG GOLD,371.65,631,45,28,0.0,0.0,0.0,0.0
47310M,SMALL POP BOX FUNKY MONKEY,210.48,172,34,20,0.0,0.0,0.0,0.0
47310M,"SMALL POP BOX,FUNKY MONKEY",462.85,401,47,23,0.0,0.0,0.0,0.0
47341A,FUSCHIA TABLE RUN FLOWER,46.25,29,7,7,0.0,0.0,0.0,0.0
47341B,BLUE TABLE RUN FLOWER,67.5,48,14,13,0.0,0.0,0.0,0.0
47343A,FUSCHIA FLOWER PURSE WITH BEADS,206.26,200,23,21,0.0,0.0,0.0,0.0
47344B,BLUE FLOWER DES PURSE,56.16,54,10,10,0.0,0.0,0.0,0.0
47347B,BLUE FLOWER T-LIGHT HOLDER,169.72,236,7,6,0.0,0.0,0.0,0.0
47348A,FUSCHIA VOILE POINTY SHOE DEC,62.01,103,16,12,0.0,0.0,0.0,0.0
47351B,BLUE  VOILE LAMPSHADE,269.90000000000003,98,14,11,48.0,122.4,48.97959183673469,45.35012967765839
47367B,PAIR PADDED HANGERS PINK CHECK,527.85,151,38,35,1.0,3.75,0.6622516556291391,0.7104290991759022
47369A,PINK GREEN EMBROIDERY COSMETIC BAG,64.9,22,10,10,0.0,0.0,0.0,0.0
47369B,BLUE GREEN EMBROIDERY COSMETIC BAG,67.74000000000001,22,10,10,0.0,0.0,0.0,0.0
47420,ASSORTED COLOUR SUCTION CUP HOOK,67.26,354,29,23,0.0,0.0,0.0,0.0
47421,ASSORTED COLOUR LIZARD SUCTION HOOK,561.78,1437,72,23,16.0,6.72,1.1134307585247043,1.1961977998504754
47422,ASSORTED MONKEY SUCTION CUP HOOK,415.92,1076,61,28,49.0,20.580000000000002,4.553903345724907,4.948066935949221
47469,ASSORTED SHAPES PHOTO CLIP SILVER,512.38,1094,27,21,24.0,15.6,2.1937842778793417,3.0446153245638
47471,RAINBOW PEGS PHOTO CLIP STRING,226.23000000000002,381,41,35,0.0,0.0,0.0,0.0
47480,HANGING PHOTO CLIP ROPE LADDER,2441.68,1556,99,62,15.0,24.75,0.9640102827763496,1.0136463418629795
47481,50CM METAL STRING WITH  7 CLIPS,244.11999999999998,316,35,31,0.0,0.0,0.0,0.0
47502,POLKADOT CUTLERY 24 PCS IN TRAY,6307.15,617,58,40,37.0,387.95,5.9967585089141,6.150955661431867
47503A,ASS FLORAL PRINT MULTI SCREWDRIVER,1396.61,2846,191,146,36.0,25.08,1.264933239634575,1.7957769169632183
47503E,ASS FLORAL PRINT SCISSORS,1169.4,6828,22,21,0.0,0.0,0.0,0.0
47503F,ASS FLORAL PRINT TORCH,729.9499999999999,2567,11,10,1.0,1.65,0.038955979742890535,0.22604287964929107
47503G,ASS FLORAL PRINT TAPE MEASURE,289.19,235,24,21,0.0,0.0,0.0,0.0
47503H,ASS FLORAL PRINT SPIRIT LEVEL,191.53,147,48,45,1.0,1.95,0.6802721088435374,1.0181172662246123
47503J,SET/3 FLORAL GARDEN TOOLS IN BAG,1994.0,280,42,31,19.0,151.05,6.785714285714286,7.575225677031094
47503K,ASSORTED FLORAL SECATEURS,1293.75,3141,33,29,3.0,4.75,0.09551098376313276,0.3671497584541063
47504E,ENGLISH ROSE SCISSORS,871.4,4372,37,31,0.0,0.0,0.0,0.0
47504F,ENGLISH ROSE TORCH,193.1,526,13,12,0.0,0.0,0.0,0.0
47504G,ENGLISH ROSE TAPE MEASURE,315.44,256,47,38,1.0,1.25,0.390625,0.3962718742074563
47504H,ENGLISH ROSE SPIRIT LEVEL,940.83,989,105,81,4.0,5.0,0.40444893832153694,0.5314456384256454
47504J,ENGLISH ROSE SET/3 GARDEN TOOLS,23.85,3,2,2,4.0,31.8,133.33333333333331,133.33333333333331
47504K,ENGLISH ROSE GARDEN SECATEURS,2769.64,2580,263,210,22.0,28.98,0.8527131782945736,1.04634537340593
47505,MINATURE COLOURED GARDENING SET,3331.7000000000003,716,160,129,19.0,87.05000000000001,2.653631284916201,2.612780262328541
47518F,ICON PLACEMAT POP ART ELVIS,144.3,900,31,22,0.0,0.0,0.0,0.0
47552A,DOTS IRONING BOARD COVER,23.4,12,11,11,2.0,3.3,16.666666666666664,14.102564102564102
47554,S/3 COLOURS FLOCK TEA TOWELS,2.55,1,1,1,0.0,0.0,0.0,0.0
47556,SET/2 SPOTTY + ROSE TEA TOWELS,2.55,1,1,1,0.0,0.0,0.0,0.0
47556B,TEA TIME TEA TOWELS,13363.35,5141,408,209,156.0,402.6,3.0344290993970047,3.0127176194591923
47559B,TEA TIME OVEN GLOVE,5977.87,4970,609,303,54.0,67.5,1.0865191146881288,1.1291647359343713
47562,ENGLISH ROSE IRONING BOARD COVER,390.0,104,41,16,4.0,14.2,3.8461538461538463,3.6410256410256405
47563A,RETRO LONGBOARD IRONING BOARD COVER,347.5,224,62,39,4.0,5.0,1.7857142857142856,1.4388489208633095
47563B,WAVELINE SURF IRONING BOARD COVER,30.0,8,6,6,0.0,0.0,0.0,0.0
47566,PARTY BUNTING,103283.38,23460,2077,894,285.0,1238.5500000000002,1.2148337595907928,1.199176479313516
47566B,TEA TIME PARTY BUNTING,24255.3,5612,655,350,1635.0,4490.499999999999,29.13399857448325,18.513479528185588
47567B,TEA TIME KITCHEN APRON,11321.320000000002,2128,320,179,13.0,76.05000000000001,0.6109022556390977,0.6717414577098784
47568,ENGLISH ROSE DESIGN PEG BAG,4478.78,2262,320,179,22.0,44.97,0.9725906277630416,1.0040680721089226
47569,ENGLISH ROSE DESIGN SHOPPING BAG,2.55,1,1,1,1.0,2.55,100.0,100.0
47570,ENGLISH ROSE TABLE CLOTH,2096.55,207,66,47,0.0,0.0,0.0,0.0
47570B,TEA TIME TABLE CLOTH,8852.880000000001,928,188,129,2.0,21.3,0.21551724137931033,0.24059966926017295
47574A,ENGLISH ROSE SCENTED HANGING FLOWER,442.0,440,60,44,2.0,1.5,0.45454545454545453,0.3393665158371041
47574B,ENGLISH ROSE SCENTED HANGING HEART,208.25,49,27,25,0.0,0.0,0.0,0.0
47578A,ENGLISH ROSE SMALL SCENTED FLOWER,238.0,280,49,42,0.0,0.0,0.0,0.0
47579,TEA TIME BREAKFAST BASKET,357.0,170,43,37,1.0,2.1,0.5882352941176471,0.5882352941176471
47580,TEA TIME DES TEA COSY,3651.91,1533,263,158,21.0,53.55,1.36986301369863,1.4663559616748496
47581B,FAIRY CAKE WICKER PICNIC BASKET,420.75,33,26,24,1.0,12.75,3.0303030303030303,3.0303030303030303
47583A,SET OF 3 WICKER BASKET ROSE,561.8,70,5,5,2.0,49.9,2.857142857142857,8.882164471342115
47583B,SET OF 3 WICKER BASKET TEA AND CAKE,332.6,27,6,6,0.0,0.0,0.0,0.0
47585A,PINK FAIRY CAKE CUSHION COVER,1773.75,913,83,66,13.0,18.75,1.4238773274917853,1.0570824524312896
47586A,PINK FAIRY CAKE CUSHION COVER,262.65,199,28,23,0.0,0.0,0.0,0.0
47587A,PINK FAIRY CAKE COASTER,1049.6399999999999,2676,9,7,1200.0,864.0,44.843049327354265,82.31393620669945
47589,CONGRATULATIONS BUNTING,806.6,148,70,59,11.0,59.95,7.4324324324324325,7.4324324324324325
47590A,BLUE HAPPY BIRTHDAY BUNTING,23531.47,4681,633,355,188.0,887.8000000000002,4.016235847041231,3.7728199725728997
47590B,PINK HAPPY BIRTHDAY BUNTING,28581.4,5652,810,428,57.0,293.05000000000007,1.0084925690021231,1.0253171643096561
47591A,CAROUSEL CHILDRENS APRON,18.15,11,3,3,7.0,11.55,63.63636363636363,63.63636363636365
47591A,CAROUSEL DES CHILD'S APRON,143.54999999999998,87,33,30,7.0,11.55,8.045977011494253,8.045977011494255
47591B,SCOTTIES CHILDRENS APRON,647.55,423,76,62,0.0,0.0,0.0,0.0
47591B,SCOTTIES DES CHILD'S APRON,389.4,236,61,52,0.0,0.0,0.0,0.0
47591C,BLUE FAIRY CAKE CHILD'S APRON,1792.6499999999999,991,142,108,0.0,0.0,0.0,0.0
47591C,BLUE FAIRY CAKE CHILDRENS APRON,7.8,4,4,4,0.0,0.0,0.0,0.0
47591D,PINK FAIRY CAKE CHILD'S APRON,6032.3099999999995,3325,352,232,12.0,23.4,0.3609022556390977,0.3879110987333211
47591D,PINK FAIRY CAKE CHILDRENS APRON,10704.21,5839,682,393,12.0,23.4,0.20551464291830793,0.21860557668431393
47592A,CAROUSEL CHILDRENS OVERALL,79.8,38,4,4,0.0,0.0,0.0,0.0
47592A,CAROUSEL DES CHILD'S OVERALL,327.6,156,32,28,0.0,0.0,0.0,0.0
47592B,SCOTTIE DOGS CHILDRENS OVERALL,6.300000000000001,3,1,1,0.0,0.0,0.0,0.0
47592B,SCOTTIES DESIGN CHILD'S OVERALL,92.4,44,17,14,0.0,0.0,0.0,0.0
47593A,CAROUSEL DESIGN BABY BIB,93.75,75,14,13,0.0,0.0,0.0,0.0
47593A,CAROUSEL PONIES BABY BIB,116.87,115,28,24,0.0,0.0,0.0,0.0
47593B,SCOTTIE DOGS BABY BIB,760.14,1730,107,77,0.0,0.0,0.0,0.0
47593B,SCOTTIES DESIGN BABY BIB,126.25,101,17,15,0.0,0.0,0.0,0.0
47594A,CAROUSEL DESIGN WASHBAG,546.0,280,74,65,23.0,44.85000000000001,8.214285714285714,8.214285714285715
47594B,SCOTTIES DESIGN WASHBAG,610.3499999999999,313,83,67,23.0,44.85000000000001,7.348242811501597,7.3482428115016
47597,NEW ENGLAND TEATOWELS,316.2,124,41,34,0.0,0.0,0.0,0.0
47598,NEW ENGLAND EGG WARMER,66.0,120,23,17,0.0,0.0,0.0,0.0
47599A,PINK PARTY BAGS,10841.48,5878,325,202,160.0,247.35999999999999,2.7220142905750255,2.28160730822729
47599B,BLUE PARTY BAGS,6476.54,3441,262,170,206.0,343.96,5.986631793083406,5.310860428562164
48103,DOOR MAT KISS MY.......,95.15,13,8,8,0.0,0.0,0.0,0.0
48103,DOORMAT KISS MY.......,106.58,22,2,2,0.0,0.0,0.0,0.0
48111,DOOR MAT 3 SMILEY CATS,9861.69,1773,246,125,16.0,102.4,0.9024252679075015,1.0383615789991372
48111,DOORMAT 3 SMILEY CATS,13552.78,2290,326,173,16.0,102.4,0.6986899563318777,0.7555645410019198
48116,DOOR MAT MULTICOLOUR STRIPE,6270.6900000000005,1037,192,114,3.0,24.15,0.28929604628736744,0.3851250819287829
48116,DOORMAT MULTICOLOUR STRIPE,12541.22,2273,193,112,3.0,24.15,0.13198416190057194,0.19256499766370416
48129,DOOR MAT TOPIARY,6407.06,1020,188,114,23.0,159.15,2.2549019607843137,2.4839786110946362
48129,DOORMAT TOPIARY,12345.7,2048,300,183,23.0,159.15,1.123046875,1.2891128085082255
48138,DOOR MAT UNION FLAG,24216.23,3733,637,389,51.0,359.40999999999997,1.3661934101259041,1.484169914144357
48138,DOORMAT UNION FLAG,40053.72,6146,874,467,51.0,359.40999999999997,0.8298080052066386,0.897319899375139
48173A,DOOR MAT BLUE FLOCK,6.75,1,1,1,0.0,0.0,0.0,0.0
48173C,DOOR MAT BLACK FLOCK,6922.9,1220,170,109,7.0,55.93,0.5737704918032787,0.8078984240708375
48173C,DOORMAT BLACK FLOCK,15618.36,2813,290,166,7.0,55.93,0.2488446498400284,0.35810417995231253
48175,DOOR MAT CAMOUFLAGE,152.0,38,1,1,0.0,0.0,0.0,0.0
48179,DOOR MAT SWEET HOME,131.25,28,6,6,0.0,0.0,0.0,0.0
48184,DOOR MAT ENGLISH ROSE,9343.43,1445,291,184,11.0,86.07000000000001,0.7612456747404844,0.9211820498467909
48184,DOORMAT ENGLISH ROSE,20298.8,3158,464,268,11.0,86.07000000000001,0.3483217226092464,0.4240152127219343
48185,DOOR MAT FAIRY CAKE,10347.72,1640,316,181,692.0,4678.68,42.19512195121951,45.214597998399654
48185,DOORMAT FAIRY CAKE,29116.96,4760,420,219,692.0,4678.68,14.537815126050422,16.068573092795404
48187,DOOR MAT NEW ENGLAND,12520.95,1953,423,253,10.0,76.46000000000001,0.5120327700972862,0.6106565396395641
48187,DOORMAT NEW ENGLAND,31461.34,5146,728,389,10.0,76.46000000000001,0.194325689856199,0.24302842790548657
48188,DOOR MAT WELCOME PUPPIES,7835.1,1414,229,147,11.0,85.35,0.7779349363507779,1.0893287896772215
48188,DOORMAT WELCOME PUPPIES,19178.670000000002,3345,368,220,11.0,85.35,0.32884902840059793,0.4450256456782456
48189,DOOR MAT FRIENDSHIP,2934.31,431,149,117,10.0,67.5,2.320185614849188,2.300370444840525
48189,DOORMAT FRIENDSHIP,4099.43,795,58,52,10.0,67.5,1.257861635220126,1.6465703768572704
48194,DOOR MAT HEARTS,9715.06,1654,281,188,25.0,172.17,1.5114873035066507,1.7721969807700622
48194,DOORMAT HEARTS,35069.4,5788,857,448,25.0,172.17,0.43192812715964063,0.4909408202022275
48195,DOOR MAT GREEN PAISLEY,1409.11,253,73,56,4.0,27.0,1.5810276679841897,1.9161030721519257
48197,DOOR MAT BIRD ON THE WIRE,3337.8,562,121,70,0.0,0.0,0.0,0.0
48197,DOORMAT BIRD ON THE WIRE,1100.15,223,16,16,0.0,0.0,0.0,0.0
51008,AFGHAN SLIPPER SOCK PAIR,8251.15,2567,72,44,349.0,1054.0500000000002,13.595636930268796,12.774582936923947
51012C,"FEATHER DUSTER, COAL BLACK",212.5,170,26,22,3.0,3.75,1.7647058823529411,1.7647058823529411
51012L,"FEATHER DUSTER, LIGHT PINK",12.5,10,6,5,1.0,1.25,10.0,10.0
51014A,"FEATHER PEN,HOT PINK",3787.7599999999998,6048,247,161,195.0,165.75,3.2242063492063497,4.375937229391514
51014C,"FEATHER PEN,COAL BLACK",2321.47,3843,175,108,230.0,144.89999999999998,5.984907624251886,6.241734762887308
51014L,"FEATHER PEN,LIGHT PINK",2014.56,3238,164,111,204.0,167.88,6.300185299567635,8.333333333333332
51020A,SUMMER FUN DESIGN SHOWER CAP,462.05999999999995,1302,49,37,2.0,0.58,0.15360983102918588,0.1255248236159806
51020B,STRIPY DESIGN SHOWER CAP,488.11999999999995,1084,60,40,2.0,0.58,0.18450184501845018,0.11882324018683932
62018,SOMBRERO,12413.8,9548,123,70,0.0,0.0,0.0,0.0
62043B,BLUE CHECK BAG W HANDLE 34X20CM,75.16000000000001,54,10,8,1.0,0.83,1.8518518518518516,1.104310803618946
62074B,ELEPHANT CLIP W SUCTION CUP,14.28,34,11,8,0.0,0.0,0.0,0.0
62086A,PINK RETRO BIG FLOWER BAG,214.5,110,22,20,0.0,0.0,0.0,0.0
62094B,TURQ ICE CREAM BUM BAG,405.05,251,27,20,0.0,0.0,0.0,0.0
62095B,TURQOISE ICE CREAM SUNHAT,304.09000000000003,289,19,18,0.0,0.0,0.0,0.0
62096A,PINK/YELLOW FLOWERS HANDBAG,439.45,337,51,47,0.0,0.0,0.0,0.0
62096B,PURPLE/TURQ FLOWERS HANDBAG,278.75,209,46,42,0.0,0.0,0.0,0.0
62097A,PINK STRIPES SHOULDER BAG,2.95,1,1,1,0.0,0.0,0.0,0.0
62097B,BLUE STRIPES SHOULDER BAG,13.370000000000001,11,4,3,0.0,0.0,0.0,0.0
70006,LOVE HEART POCKET WARMER,3495.5,4184,171,141,2.0,2.44,0.04780114722753346,0.06980403375768846
70007,HI TEC ALPINE HAND WARMER,1114.89,1089,104,87,12.0,19.8,1.1019283746556474,1.7759599601754432
71028B,SILVER BLUE EGG T-LIGHT HOLDER,189.89,483,8,7,0.0,0.0,0.0,0.0
71038,WHITE HANGING BEADS CANDLE HOLDER,3789.25,717,144,85,13.0,70.85,1.813110181311018,1.8697631457412416
71050,SMALL SINGLE FLAME CANDLE HOLDER,17.849999999999998,51,8,7,0.0,0.0,0.0,0.0
71053,WHITE METAL LANTERN,15309.64,4306,583,290,68.0,248.52,1.5791918253599628,1.6232909460967078
71053,WHITE MOROCCAN METAL LANTERN,199.17,47,12,9,68.0,248.52,144.6808510638298,124.7778279861425
71101A,ANGEL ON KNEES METAL POLE 100CM H,5.1,6,1,1,0.0,0.0,0.0,0.0
71101E,STANDING FAIRY POLE SUPPORT,626.13,777,47,34,3.0,2.55,0.3861003861003861,0.40726366728954044
71143,SILVER BOOK MARK WITH BEADS,66.3,78,13,10,1.0,0.85,1.282051282051282,1.282051282051282
71215,METAL BASE FOR CANDLES,68.1,177,12,10,0.0,0.0,0.0,0.0
71270,PHOTO CLIP LINE,401.21,320,54,29,0.0,0.0,0.0,0.0
71279,PINK GLASS CANDLEHOLDER,730.8500000000001,251,52,34,12.0,35.400000000000006,4.780876494023905,4.843675172744065
71403,"PINK/WHITE ""KEEP CLEAN"" BULLET BIN",374.65000000000003,127,27,20,2.0,5.9,1.574803149606299,1.574803149606299
71406C,BLACK ORANGE SQUEEZER,86.52,206,31,21,0.0,0.0,0.0,0.0
71434B,"BLACK RND BULLET""KEEP CLEAN"" BIN",2.55,1,1,1,0.0,0.0,0.0,0.0
71459,HANGING JAM JAR T-LIGHT HOLDER,22805.99,29255,815,421,327.0,257.28000000000003,1.1177576482652538,1.1281246725092837
71459,HANGING JAM JAR T-LIGHT HOLDERS,1867.33,2413,69,61,327.0,257.28000000000003,13.551595524243682,13.777961045985446
71477,COLOUR GLASS. STAR T-LIGHT HOLDER,39822.34,13874,644,298,2574.0,7164.12,18.55268848205276,17.990203488795487
71477,COLOURED GLASS STAR T-LIGHT HOLDER,3474.88,996,42,31,2574.0,7164.12,258.43373493975906,206.1688461184271
71495A,CD WALL TIDY BLUE OFFICE,77.94000000000001,213,9,5,1.0,0.42,0.4694835680751174,0.5388760585065434
71495B,CD WALL TIDY RED FLOWERS,106.56,288,12,8,0.0,0.0,0.0,0.0
71496A,A4 WALL TIDY BLUE OFFICE,124.44000000000001,228,8,8,0.0,0.0,0.0,0.0
71496B,A4 WALL TIDY RED FLOWERS,8.67,15,6,6,0.0,0.0,0.0,0.0
71510,SQUARE METAL CANDLEHOLDER BASE,112.05,177,17,11,0.0,0.0,0.0,0.0
72008,FROSTED BOX 9 WHITE T-LIGHT CANDLES,1470.42,3699,193,134,25.0,10.5,0.6758583400919167,0.714081690945444
72023F,RED ORGANIC CANDLE IN GLASS,627.05,613,38,34,0.0,0.0,0.0,0.0
72024U,LILAC VOTIVE CANDLE,45.78,218,10,10,0.0,0.0,0.0,0.0
72038P,PRICE'S CANDLE PEACH,116.5,1050,9,9,50.0,10.5,4.761904761904762,9.012875536480687
72045D,ROSES ON BLUE TEACUP CANDLE,905.84,536,3,3,504.0,851.76,94.02985074626866,94.02985074626865
72051S,BAG OF SILVER STONES,59.22,141,19,18,0.0,0.0,0.0,0.0
72083A,STRAWBERY SWIRL FLARE CANDLE,50.400000000000006,24,7,7,0.0,0.0,0.0,0.0
72084B,CHOCOLATE ICE CREAM CANDLE,3.9,2,1,1,0.0,0.0,0.0,0.0
72122,COFFEE SCENT PILLAR CANDLE,504.45,531,93,80,0.0,0.0,0.0,0.0
72127,COLUMBIAN CANDLE ROUND,429.64,358,59,49,1.0,1.25,0.27932960893854747,0.29094125314216557
72128,COLUMBIAN CANDLE ROUND,397.46,686,78,61,0.0,0.0,0.0,0.0
72129,COLUMBIAN CANDLE ROUND,47.45,73,17,16,0.0,0.0,0.0,0.0
72130,COLUMBIAN CANDLE ROUND,291.57,741,50,39,0.0,0.0,0.0,0.0
72131,COLUMBIAN CANDLE RECTANGLE,688.38,746,55,42,16.0,31.2,2.1447721179624666,4.532380371306545
72132,COLUMBIAN CUBE CANDLE,460.2,548,27,22,0.0,0.0,0.0,0.0
72133,COLUMBIAN CANDLE RECTANGLE,102.87,99,27,24,0.0,0.0,0.0,0.0
72134,COLUMBIAN  CUBE CANDLE,109.16,320,20,15,0.0,0.0,0.0,0.0
72140E,BEST DAD CANDLE LETTERS,153.35999999999999,216,27,26,1.0,0.85,0.4629629629629629,0.5542514345331248
72140F,HAPPY ANNIVERSARY CANDLE LETTERS,69.18,175,14,14,0.0,0.0,0.0,0.0
72225C,LAVENDER SCENT CAKE CANDLE,454.09,1877,35,25,48.0,13.919999999999998,2.5572722429408627,3.0654716025457507
72225D,VANILLA SCENT CAKE CANDLE,218.88,960,10,9,0.0,0.0,0.0,0.0
72232,FENG SHUI PILLAR CANDLE,1190.9199999999998,6268,118,72,0.0,0.0,0.0,0.0
72267,PREMIUM CHURCH CANDLE,479.34000000000003,247,40,38,0.0,0.0,0.0,0.0
72349B,SET/6 PURPLE BUTTERFLY T-LIGHTS,3734.0400000000004,1914,237,123,12.0,25.200000000000003,0.6269592476489028,0.6748722563229103
72351A,SET/6 TURQUOISE BUTTERFLY T-LIGHTS,7035.59,3646,352,174,34.0,67.03,0.9325287986834888,0.9527274898054037
72351B,SET/6 PINK  BUTTERFLY T-LIGHTS,10779.640000000001,5681,426,208,127.0,221.6,2.2355219151557826,2.055727278461989
72369A,PINK CLEAR GLASS CANDLE PLATE,66.25,53,8,8,0.0,0.0,0.0,0.0
72484,ROSES IN WHITE HEART CANDLE,958.21,1805,54,45,0.0,0.0,0.0,0.0
72487,ROSES WHITE ROUND CANDLE,351.62,826,13,13,0.0,0.0,0.0,0.0
72529W,WHITE ADVENT CANDLE,829.08,443,39,39,74.0,125.06,16.70428893905192,15.084189704250495
72586,"S/6 HALLOWEEN GHOST T LIGHTS, 5CM H",435.12,1036,40,39,36.0,15.12,3.474903474903475,3.474903474903475
72586,SET OF 6 HALLOWEEN GHOST T-LIGHTS,487.2,1160,68,65,36.0,15.12,3.103448275862069,3.103448275862069
72598,SET/12 TAPER CANDLES,815.14,1042,89,74,22.0,18.7,2.111324376199616,2.29408445175062
72606A,BROWN ANTIQUE CUBE CANDLE,94.92,226,18,18,0.0,0.0,0.0,0.0
72708,SCULPTED ROUND IVORY CANDLE,9.24,44,5,5,0.0,0.0,0.0,0.0
72709,IVORY SCULPTED RND CANDLE,62.89999999999999,74,13,10,0.0,0.0,0.0,0.0
72715,SPHERICAL IVORY CANDLE,34.44,82,12,8,0.0,0.0,0.0,0.0
72724,SET/6 CHRISTMAS ICICLE T-LIGHTS,42.5,34,9,9,0.0,0.0,0.0,0.0
72728,ROSE SCENT CANDLES IN GLASS,498.49999999999994,614,50,44,0.0,0.0,0.0,0.0
72739B,WHITE CHOCOLATE SCENT CANDLE,244.35,351,10,10,0.0,0.0,0.0,0.0
72739C,DARK CHOCOLATE SCENTCANDLE,219.75,291,11,10,25.0,31.25,8.59106529209622,14.220705346985211
72740A,LARGE STRAWBERRY CHOCOLATE CANDLE,94.7,56,5,5,0.0,0.0,0.0,0.0
72741,GRAND CHOCOLATECANDLE,25895.4,19284,823,510,62.0,89.3,0.32151006015349515,0.34484889208121905
72750A,"F.FAIRY S/3 CANDLE/GLASS,LILY/VALLY",349.15000000000003,177,8,8,2.0,3.9,1.1299435028248588,1.1169984247458111
72750A,FLOWER FAIRY SET OF 3 LILY CANDLES,417.7,206,8,6,2.0,3.9,0.9708737864077669,0.9336844625329183
72750B,"F.FAIRY S/3 CANDLE/GLASS,LAVENDER",380.35,193,9,8,18.0,43.1,9.32642487046632,11.33166820034179
72750B,FLOWER FAIRY SET 3 CANDLES LAVENDER,660.9,302,29,25,18.0,43.1,5.960264900662252,6.521410198214557
72750C,"F.FAIRY S/3 CANDLE/GLASS, ROSE",476.4,232,15,12,0.0,0.0,0.0,0.0
72750D,F.FAIRY S/3 CANDLE/GLASS,226.5,110,11,11,0.0,0.0,0.0,0.0
72751A,"F.FAIRY S/3 SML CANDLE,LILY/VALLEY",5.95,1,1,1,0.0,0.0,0.0,0.0
72751B,"F.FAIRY S/3 SML CANDLE, LAVENDER",5.95,1,1,1,0.0,0.0,0.0,0.0
72751C,"F.FAIRY S/3 SML CANDLE, ROSE",5.95,1,1,1,0.0,0.0,0.0,0.0
72752A,"F.FAIRY,CANDLE IN GLASS,LILY/VALLEY",4.25,1,1,1,0.0,0.0,0.0,0.0
72752B,"F.FAIRY,CANDLE IN GLASS,LAVENDER",12.75,3,2,2,0.0,0.0,0.0,0.0
72753A,S/3 FLWR FAIRY LILLY CANDLES,666.9000000000001,312,11,10,0.0,0.0,0.0,0.0
72753B,S/3 FLWR FAIRY LAVENDER CANDLES,949.95,444,13,11,0.0,0.0,0.0,0.0
72753C,S/3 FLWR FAIRY ROSE CANDLES,99.9,42,5,5,0.0,0.0,0.0,0.0
72753D,S/3 FLWR FAIRY SUMMER CANDLES,302.40000000000003,144,9,9,16.0,33.6,11.11111111111111,11.11111111111111
72754A,FLOWER FAIRY POTPOURRI CUSHION LILY,201.24,292,5,4,0.0,0.0,0.0,0.0
72754B,F FAIRY POTPOURRI CUSHIONS LAVENDER,137.54,170,8,8,0.0,0.0,0.0,0.0
72754D,F FAIRY POTPOURRI CUSHIONS SUMMER,1.69,1,1,1,0.0,0.0,0.0,0.0
72755C,FLOWER FAIRY OIL BURNER SET ROSE,750.0,588,13,12,11.0,13.75,1.870748299319728,1.8333333333333333
72755D,FLOWER FAIRY OIL BURNER SET SUMMER,693.25,533,13,12,0.0,0.0,0.0,0.0
72756,FAIRY CAKE CANDLES,5432.66,3994,127,114,25.0,37.25,0.6259389083625438,0.6856677944137862
72760B,VINTAGE CREAM 3 BASKET CAKE STAND,15172.6,1632,444,301,20.0,170.33999999999997,1.2254901960784315,1.1226816761794285
72771B,BURG FLOCK GOLD CUP/CANDLE,48.3,115,6,6,0.0,0.0,0.0,0.0
72771C,BLACK FLOCK GOLD CANDLE,20.580000000000002,49,4,4,0.0,0.0,0.0,0.0
72772,SET/4 SCENTED CANDLES IN RAMEKINS,592.5,454,8,8,0.0,0.0,0.0,0.0
72779,SET/6 BLACK ROSE T-LIGHT CANDLES,81.12,48,15,14,0.0,0.0,0.0,0.0
72780,BLACK SILOUETTE CANDLE PLATE,417.33,513,43,36,12.0,10.2,2.3391812865497075,2.444108978506218
72781,BLACK SILOUETTE CANDLE PLATE,227.4,120,14,11,6.0,12.6,5.0,5.540897097625329
72783,BLACK SIL'T SQU CANDLE PLATE,84.0,40,7,7,0.0,0.0,0.0,0.0
72785A,S/4 CONTEMPORY PINK ROSEBUD CANDLES,16.8,8,4,4,0.0,0.0,0.0,0.0
72785B,S/4 CONTEMPORY RED ROSEBUD CANDLES,10.9,9,3,3,0.0,0.0,0.0,0.0
72789,BASKET/8 SCENTED LOVE TOKEN CANDLES,453.75,121,44,42,10.0,37.5,8.264462809917356,8.264462809917356
72793,BLACK BOX MIRROR LANTERN,268.75,55,10,5,1.0,5.95,1.8181818181818181,2.213953488372093
72796A,S/3 ENGLISH LAVENDER SQU CANDLE,18.15,11,5,5,0.0,0.0,0.0,0.0
72796B,S/3 FRENCH VANILLA SQU CANDLE,42.9,26,11,11,0.0,0.0,0.0,0.0
72796C,S/3 ROSE GARDEN SCENT SQU CANDLE,1.65,1,1,1,0.0,0.0,0.0,0.0
72798C,SET/4 GARDEN ROSE DINNER CANDLE,39.599999999999994,24,11,10,0.0,0.0,0.0,0.0
72799A,BLACK PILLAR CANDLE SILVER FLOCK,877.8000000000001,612,18,14,0.0,0.0,0.0,0.0
72799B,PURPLE PILLAR CANDLE BLACK FLOCK,413.35,313,9,7,0.0,0.0,0.0,0.0
72799C,PINK PILLAR CANDLE SILVER FLOCK,670.28,452,39,32,0.0,0.0,0.0,0.0
72799D,BLUE PILLAR CANDLE SILVER FLOCK,182.15,65,13,12,0.0,0.0,0.0,0.0
72799E,IVORY PILLAR CANDLE SILVER FLOCK,2242.84,1132,132,105,6.0,17.700000000000003,0.5300353356890459,0.7891780064561004
72799F,IVORY PILLAR CANDLE GOLD FLOCK,1846.95,1065,72,62,0.0,0.0,0.0,0.0
72800A,S/4 BLACK DINNER CANDLE SILVER FLOC,676.71,661,34,19,0.0,0.0,0.0,0.0
72800B,4 PURPLE FLOCK DINNER CANDLES,495.16,324,51,40,2.0,5.1,0.6172839506172839,1.029970110671298
72800B,S/4 PURPLE DINNER CANDLE BLK FLOCK,660.12,636,26,17,2.0,5.1,0.3144654088050315,0.7725868023995637
72800C,4 PINK DINNER CANDLE SILVER FLOCK,385.51,257,42,33,0.0,0.0,0.0,0.0
72800C,S/4 PINK DINNER CANDLE SILVER FLOCK,468.87,389,24,22,0.0,0.0,0.0,0.0
72800D,4 BLUE DINNER CANDLES SILVER FLOCK,445.35,205,44,29,1.0,2.55,0.4878048780487805,0.5725833614011451
72800D,S/4 BLUE DINNER CANDLE SILVER FLOCK,508.95,413,32,26,1.0,2.55,0.24213075060532688,0.5010315355142941
72800E,4 IVORY DINNER CANDLES SILVER FLOCK,2200.2,1268,226,139,12.0,9.48,0.9463722397476341,0.4308699209162804
72800F,4 IVORY DINNER CANDLES GOLD FLOCK,1029.72,816,62,51,0.0,0.0,0.0,0.0
72801C,4 ROSE PINK DINNER CANDLES,332.15999999999997,528,22,20,12.0,15.0,2.272727272727273,4.515895953757226
72801C,S/4 ROSE PINK DINNER CANDLES,161.85,165,25,21,12.0,15.0,7.2727272727272725,9.267840593141798
72801D,4 SKY BLUE DINNER CANDLES,214.71,363,22,19,0.0,0.0,0.0,0.0
72801D,S/4 SKY BLUE DINNER CANDLES,151.85,157,25,19,0.0,0.0,0.0,0.0
72801E,4 FESTIVE GREEN DINNER CANDLES,23.91,51,2,2,0.0,0.0,0.0,0.0
72801E,S/4 FESTIVE GREEN DINNER CANDLES,378.33,717,21,17,0.0,0.0,0.0,0.0
72801F,S/4 FESTIVE RED DINNER CANDLES,292.5,234,25,20,0.0,0.0,0.0,0.0
72801G,4 BURGUNDY WINE DINNER CANDLES,302.69,529,31,28,0.0,0.0,0.0,0.0
72801G,S/4 BURGUNDY WINE DINNER CANDLES,453.33,777,21,19,0.0,0.0,0.0,0.0
72802A,ROSE SCENT CANDLE IN JEWELLED BOX,3689.2799999999997,900,169,112,45.0,185.09,5.0,5.016968080492671
72802B,OCEAN SCENT CANDLE IN JEWELLED BOX,3862.88,1478,189,119,458.0,679.24,30.987821380243574,17.58377169365862
72802C,VANILLA SCENT CANDLE JEWELLED BOX,5725.34,2140,234,143,506.0,584.06,23.644859813084114,10.201315555058738
72803A,ROSE SCENT CANDLE JEWELLED DRAWER,1498.19,715,91,61,4.0,17.0,0.5594405594405595,1.13470254106622
72803B,OCEAN SCENT CANDLE JEWELLED DRAWER,374.0,88,34,28,2.0,8.5,2.272727272727273,2.272727272727273
72805,VANILLA CANDLE IN EMBOSSED ZINC POT,16.9,10,3,3,0.0,0.0,0.0,0.0
72807A,SET/3 ROSE CANDLE IN JEWELLED BOX,3320.31,815,137,95,17.0,72.25,2.085889570552147,2.1760016384012335
72807B,SET/3 OCEAN SCENT CANDLE JEWEL BOX,3884.51,955,162,112,28.0,119.0,2.931937172774869,3.063449444074027
72807C,SET/3 VANILLA SCENTED CANDLE IN BOX,7364.91,1835,238,164,146.0,566.38,7.956403269754768,7.690250118467164
72811,SMALL ZINC/GLASS CANDLEHOLDER,328.77,441,20,18,0.0,0.0,0.0,0.0
72812,LARGE ZINC GLASS CANDLEHOLDER,127.68,55,10,9,0.0,0.0,0.0,0.0
72812,LARGE ZINC/GLASS CANDLEHOLDER,48.3,23,6,5,0.0,0.0,0.0,0.0
72814,SET OF 3 CHRISTMAS BRIAR CANDLES,602.85,171,28,26,2.0,7.5,1.1695906432748537,1.244090569793481
72814,SET/3 CHRISTMAS BRIAR CANDLES,330.0,88,21,18,2.0,7.5,2.272727272727273,2.272727272727273
72815,3 WICK CHRISTMAS BRIAR CANDLE,975.0,260,59,53,8.0,30.0,3.076923076923077,3.076923076923077
72816,SET/3 CHRISTMAS DECOUPAGE CANDLES,1293.32,1202,75,65,24.0,30.0,1.9966722129783694,2.3196115423870354
72817,SET OF 2 CHRISTMAS DECOUPAGE CANDLE,1143.0900000000001,1197,116,92,24.0,30.0,2.0050125313283207,2.6244652652022147
72817,SET/2 CHRISTMAS DECOUPAGE CANDLES,50.0,40,6,6,24.0,30.0,60.0,60.0
72818,CHRISTMAS DECOUPAGE CANDLE,1206.31,2341,106,82,36.0,25.92,1.5378043571123452,2.14870141174325
72819,CUPID DESIGN SCENTED CANDLES,1015.1,660,64,59,0.0,0.0,0.0,0.0
72821,CUPID SCENTED CANDLE IN GLASS,100.65,61,14,13,3.0,4.949999999999999,4.918032786885246,4.918032786885245
75011,BLUE DAISY MOBILE,172.51,181,15,11,0.0,0.0,0.0,0.0
75013B,"STRING OF 8 BUTTERFLIES,PINK",571.05,360,58,48,1.0,2.7,0.2777777777777778,0.47281323877068565
75049L,LARGE CIRCULAR MIRROR MOBILE,12173.5,13566,230,106,903.0,808.75,6.656346749226007,6.643528976876
75131,METAL TUBE CHIME ON BAMBOO,1526.26,1210,62,40,0.0,0.0,0.0,0.0
75149N,STRING CRYSTALS NATURAL,340.0,272,25,18,0.0,0.0,0.0,0.0
75172,PAINTED SEA SHELL METAL WINDCHIME,100.31,97,11,11,0.0,0.0,0.0,0.0
75178,ASSTD COL BUTTERFLY/CRYSTAL W/CHIME,235.19,475,16,11,0.0,0.0,0.0,0.0
77079,DOLPHIN WINDMILL,131.44,62,11,10,0.0,0.0,0.0,0.0
77081,FLOWER WINDMILL,255.51000000000002,219,18,17,1.0,1.25,0.45662100456621,0.48921764314508237
77101A,UNION FLAG WINDSOCK,1180.48,1052,69,55,0.0,0.0,0.0,0.0
78026,SEAGRASS S/3 SQU LAUNDRY BOX,110.0,11,1,1,0.0,0.0,0.0,0.0
78027,SEAGRASS S/2 CORNER LAUNDRY,51.9,4,3,3,0.0,0.0,0.0,0.0
78033,FLAG OF ST GEORGE CHAIR,352.75,73,14,13,3.0,17.85,4.10958904109589,5.060240963855422
78034B,BLUE NETTING STORAGE HANGER,29.25,15,9,9,0.0,0.0,0.0,0.0
78056,CAMOUFLAGE BACKPACK ON WHEELS,19.9,2,1,1,2.0,17.0,100.0,85.42713567839196
78124,MAGAZINE RACK GEBRA ASSORTED,942.5,718,26,25,0.0,0.0,0.0,0.0
79000,MOROCCAN TEA GLASS,8407.609999999999,11309,333,195,238.0,171.89999999999998,2.1045185250685297,2.0445762826772413
79026B,"S/4 ICON COASTER,ELVIS LIVES",43.11,51,22,17,0.0,0.0,0.0,0.0
79029,GLASS HONEYPOT WASP CATCHER,5073.15,2849,292,201,27.0,49.34999999999999,0.9477009477009477,0.9727683983323968
79030A,"TUMBLER, ENGLISH ROSE",249.15,151,20,18,0.0,0.0,0.0,0.0
79030D,TUMBLER BAROQUE,156.78,402,25,22,1.0,0.39,0.24875621890547264,0.24875621890547264
79030D,"TUMBLER, BAROQUE",382.11,479,16,15,1.0,0.39,0.20876826722338201,0.1020648504357384
79030G,TUMBLER NEW ENGLAND,475.79999999999995,1220,41,35,0.0,0.0,0.0,0.0
79030G,"TUMBLER, NEW ENGLAND",683.04,472,52,38,0.0,0.0,0.0,0.0
79051A,SMOKEY GREY COLOUR D.O.F. GLASS,274.99,695,35,30,0.0,0.0,0.0,0.0
79051A,SMOKEY GREY COLOUR GLASS,56.83999999999999,196,11,10,0.0,0.0,0.0,0.0
79062D,"RETRO TIN ASHTRAY,REVOLUTIONARY",19.4,52,4,4,0.0,0.0,0.0,0.0
79063C,"RETRO PILL BOX KEY CHAIN,THE KING",43.65,235,14,13,0.0,0.0,0.0,0.0
79063D,"RETRO PILL BOX , REVOLUTIONARY",34.72,188,10,9,0.0,0.0,0.0,0.0
79065A,TEATIME ROUND CAKE TINS,39.8,4,1,1,1.0,9.95,25.0,25.0
79066K,RETRO MOD TRAY,1030.86,1272,173,103,12.0,10.2,0.9433962264150944,0.9894651068040278
79067,CORONA MEXICAN TRAY,5143.7,1454,275,160,18.0,62.7,1.2379642365887207,1.2189668915372205
79071B,ENGLISH ROSE METAL WASTE BIN,401.20000000000005,136,60,51,0.0,0.0,0.0,0.0
79072,TEATIME CAKE TIN WITH HANDLE,2168.5,230,63,41,15.0,149.25,6.521739130434782,6.882637768042425
79140,ASS WINDPROOF MARIJUANA LIGHTERS,6.3,15,2,2,0.0,0.0,0.0,0.0
79144B,PAINTED LIGHTBULB STAR+ MOON,105.17999999999999,259,40,36,0.0,0.0,0.0,0.0
79144C,PAINTED LIGHTBULB RAINBOW DESIGN,68.22,171,23,19,0.0,0.0,0.0,0.0
79149B,SILICON STAR BULB  BLUE,12.18,29,12,11,0.0,0.0,0.0,0.0
79151B,"SILICON CUBE 25W, BLUE",4.62,11,2,2,0.0,0.0,0.0,0.0
79157B,UBO-LIGHT TRIOBASE BLUE,4.25,5,3,3,0.0,0.0,0.0,0.0
79157V,UBO-LIGHT TRIOBASE PURPLE,4.25,5,3,3,0.0,0.0,0.0,0.0
79160,HEART SHAPE WIRELESS DOORBELL,1530.18,813,137,51,21.0,44.1,2.5830258302583027,2.8820138807199154
79161A,ST GEORGE SET OF 10 PARTY LIGHTS,150.45000000000002,51,16,16,0.0,0.0,0.0,0.0
79163,BLACK CHAMPAGNE GLASS,1102.17,1811,56,44,10.0,5.16,0.5521811154058531,0.4681673426059501
79164,BLACK WINE GLASS,2573.76,3624,67,43,24.0,36.599999999999994,0.6622516556291391,1.4220440134278252
79172D,PURPLE TINT ACRYLIC FLOWER VASE,20.4,24,4,4,0.0,0.0,0.0,0.0
79190A,RETRO PLASTIC 70'S TRAY,298.62,711,73,42,34.0,14.67,4.781997187060478,4.912597950572635
79190B,RETRO PLASTIC POLKA TRAY,523.38,1389,96,57,16.0,6.72,1.1519078473722102,1.2839619396996447
79190D,RETRO PLASTIC DAISY TRAY,241.5,575,73,44,5.0,2.1,0.8695652173913043,0.8695652173913043
79191B,RETRO PLASTIC POLKA TRAY,351.66999999999996,451,53,46,32.0,27.2,7.095343680709535,7.734523843375893
79191C,RETRO PLASTIC ELEPHANT TRAY,1204.3799999999999,1566,131,107,289.0,245.65,18.454661558109834,20.396386522526118
79191D,RETRO PLASTIC DAISY TRAY,89.25,105,31,28,13.0,11.86,12.380952380952381,13.288515406162466
79192A,RETRO PLASTIC 70'S TRAY,132.5,106,30,26,8.0,10.0,7.547169811320755,7.547169811320755
79301,FEATHER HEART LIGHTS,2.95,1,1,1,9.0,22.950000000000003,900.0,777.9661016949153
79302M,"ART LIGHTS,FUNK MONKEY",1579.95,589,76,40,1.0,2.95,0.1697792869269949,0.18671476945472956
79303A,WHITE ROHMBIC BLOCK TABLE LAMP,5.9,2,1,1,0.0,0.0,0.0,0.0
79303B,BLUE STAR BLOCK TABLE LAMP,303.85,103,4,4,0.0,0.0,0.0,0.0
79303D,LILAC FLOWER BLOCK TABLE LAMP,188.8,64,7,5,2.0,5.9,3.125,3.125
79308B,MOSAIC CANDLE DISH BLUE PURPLE,122.4,144,2,1,0.0,0.0,0.0,0.0
79315W,FLYING SAUCER TABLE LIGHT IN WHITE,563.45,191,7,6,0.0,0.0,0.0,0.0
79320,FLAMINGO LIGHTS,3940.7000000000003,862,122,67,16.0,77.1,1.8561484918793503,1.9565051894333492
79321,CHILLI LIGHTS,69084.3,14843,922,304,145.0,635.75,0.9768914639897595,0.9202525031012834
79323B,BLACK CHERRY LIGHTS,1421.45,231,48,35,248.0,1557.2,107.35930735930737,109.5501072848148
79323G,GOLD  CHERRY LIGHTS,1817.0,300,51,37,175.0,1037.45,58.333333333333336,57.0968629609246
79323GR,GREEN CHERRY LIGHTS,3100.2000000000003,524,76,60,194.0,1168.5000000000002,37.02290076335878,37.69111670214825
79323LP,LIGHT PINK CHERRY LIGHTS,8311.0,1420,159,107,458.0,2702.8,32.25352112676057,32.5207556250752
79323P,PINK CHERRY LIGHTS,13198.1,2234,229,132,693.0,4021.35,31.02059086839749,30.46915843947235
79323S,SILVER CHERRY LIGHTS,1933.25,323,46,38,158.0,976.8,48.91640866873065,50.526315789473685
79323W,WHITE CHERRY LIGHTS,17384.8,2948,313,174,1088.0,6421.099999999999,36.90637720488466,36.93513874188947
79328,BLUE FLOCK GLASS CANDLEHOLDER,235.38,586,11,6,4.0,1.52,0.6825938566552902,0.6457642960319483
79329,PINK FLOCK GLASS CANDLEHOLDER,65.94,100,7,7,0.0,0.0,0.0,0.0
79331,PINK FLOCK GLASS CANDLEHOLDER,73.60000000000001,60,9,8,0.0,0.0,0.0,0.0
79336,LIGHT PINK FLOCK GLASS CANDLEHOLDER,342.83,832,16,13,0.0,0.0,0.0,0.0
79337,BLUE FLOCK GLASS CANDLEHOLDER,491.95,1191,19,16,6.0,2.28,0.5037783375314862,0.46346173391604834
79338,DARK PINK FLOCK GLASS CANDLEHOLDER,231.99,547,10,8,0.0,0.0,0.0,0.0
79341,WILLOW BRANCH LIGHTS.,4121.25,703,63,49,448.0,2519.6,63.726884779516354,61.13679102214134
79342B,BROWN FLOWER LIGHTS,688.95,109,24,22,15.0,96.05,13.761467889908257,13.941505189055809
79403,FROSTED WHITE BASE,167.45,197,23,19,14.0,11.9,7.1065989847715745,7.1065989847715745
79406,FROSTED WHITE BASE,53.900000000000006,245,15,14,0.0,0.0,0.0,0.0
79413,GLASS WINE GLASS DECORATIONS,37.5,30,9,7,0.0,0.0,0.0,0.0
79532,MOSAIC GLASS BALL CANDLEHOLDER,121.25,97,18,15,1.0,1.25,1.0309278350515463,1.0309278350515463
79534,MULTICOLOUR GLASS PLATE,63.800000000000004,116,16,14,0.0,0.0,0.0,0.0
81950B,FLOWER BLUE CLOCK W/SUCKER,68.0,80,15,14,1.0,0.85,1.25,1.25
81950B,FLOWER BLUE CLOCK WITH SUCKER,33.64,116,8,8,1.0,0.85,0.8620689655172413,2.5267538644470866
81950V,FLOWER PURPLE CLOCK W/SUCKER,14.45,17,7,7,0.0,0.0,0.0,0.0
81950V,FLOWER PURPLE CLOCK WITH SUCKER,4.35,15,3,3,0.0,0.0,0.0,0.0
81952B,ROUND BLUE CLOCK W/SUCKER,36.6,48,7,6,0.0,0.0,0.0,0.0
81952B,ROUND BLUE CLOCK WITH SUCKER,38.0,200,9,9,0.0,0.0,0.0,0.0
81952V,ROUND PURPLE CLOCK W/SUCKER,68.9,86,10,6,0.0,0.0,0.0,0.0
81952V,ROUND PURPLE CLOCK WITH SUCKER,69.35,365,24,22,0.0,0.0,0.0,0.0
81953B,ROUND ARTICULATED BLUE CLOCK W/SUCK,2.55,3,3,3,0.0,0.0,0.0,0.0
81953B,ROUND BLUE CLOCK WITH SUCKER,2.09,11,3,2,0.0,0.0,0.0,0.0
81953P,ROUND ARTICULATED PINK CLOCK W/SUCK,9.57,33,6,5,0.0,0.0,0.0,0.0
81985A,"ICON ALARM CLOCK,FUSCHIA  PIN UP",58.65,23,7,7,0.0,0.0,0.0,0.0
82001S,SILVER RECORD COVER FRAME,955.86,272,19,13,11.0,40.53,4.044117647058823,4.240160692988513
82001S,VINYL RECORD FRAME SILVER,8831.2,2550,177,83,11.0,40.53,0.4313725490196078,0.4589410272669626
82011A,"BATHROOM SCALES, TROPICAL BEACH",131.25,35,23,19,1.0,3.75,2.857142857142857,2.857142857142857
82011B,BATHROOM SCALES RUBBER DUCKS,287.8,84,39,23,0.0,0.0,0.0,0.0
82011C,BATHROOM SCALES FOOTPRINTS IN SAND,324.25,95,42,36,0.0,0.0,0.0,0.0
82011E,"BATHROOM SCALES, FAG BREAK",7.5,2,2,2,0.0,0.0,0.0,0.0
82069,BEECH WOOD P/FRAME,36.25,5,2,2,0.0,0.0,0.0,0.0
82072,WHITE WOOD SINGLE P/FRAME,6.25,5,3,3,0.0,0.0,0.0,0.0
82076,BEECH WOOD PHOTO FRAME,338.75,271,6,5,0.0,0.0,0.0,0.0
82081,PINK HEARTS PHOTO ALBUM,336.25,159,12,11,0.0,0.0,0.0,0.0
82093,HEART SHAPE BUTTON FRAME,150.0,100,7,7,0.0,0.0,0.0,0.0
82095,HEART BUTTONS JEWELLERY BOX,298.35,39,22,21,0.0,0.0,0.0,0.0
82482,WOODEN PICTURE FRAME WHITE FINISH,37011.1,15643,1658,601,460.0,1068.15,2.940612414498498,2.886026084066672
82483,WOOD 2 DRAWER CABINET WHITE FINISH,27952.22,4774,1053,361,283.0,1683.8500000000004,5.927943024717218,6.024029576183932
82484,WOOD BLACK BOARD ANT WHITE FINISH,54525.36,9678,1048,451,49.0,325.0,0.506302955156024,0.5960529192287772
82486,3 DRAWER ANTIQUE WHITE WOOD CABINET,6124.13,707,186,129,105.0,855.15,14.85148514851485,13.963616056484756
82486,WOOD S/3 CABINET ANT WHITE FINISH,30363.75,3913,1002,320,105.0,855.15,2.6833631484794274,2.816351735210572
82494L,WOODEN FRAME ANTIQUE WHITE,39909.170000000006,14368,1773,631,511.0,1325.8500000000001,3.556514476614699,3.322168814836289
82545A,COGNAC AUX OEUFS METAL 1 HOOK,38.75,31,11,11,0.0,0.0,0.0,0.0
82551,LAUNDRY 15C METAL SIGN,7401.59,5350,550,306,6.0,7.7,0.11214953271028037,0.1040317012966133
82552,WASHROOM METAL SIGN,9080.01,6746,654,346,7.0,8.75,0.10376519418914913,0.09636553263707859
82553,POP'S GREASY SPOON METAL SIGN,141.9,86,20,14,0.0,0.0,0.0,0.0
82567,"AIRLINE LOUNGE,METAL SIGN",1840.91,892,290,136,1.0,2.1,0.11210762331838565,0.1140740177412258
82578,KITCHEN METAL SIGN,2879.3500000000004,5391,544,322,13.0,7.15,0.24114264514932293,0.24831993331828361
82580,BATHROOM METAL SIGN,6683.860000000001,12594,927,443,295.0,129.49,2.3423852628235666,1.937353565155464
82581,TOILET METAL SIGN,4337.97,8125,728,371,71.0,38.660000000000004,0.8738461538461538,0.8912002618736413
82582,AREA PATROLLED METAL SIGN,14563.1,7346,696,258,129.0,241.38000000000002,1.7560577184862511,1.6574767734891611
82583,HOT BATHS METAL SIGN,23010.120000000003,11797,820,323,107.0,204.09,0.9070102568449605,0.8869575647584628
82585,SWEET VALENCIA CANDLE+CUP,154.63,131,21,18,12.0,15.0,9.16030534351145,9.700575567483671
82587,TEXRIO TOMATOES CANDLE+CUP,142.94,118,32,26,12.0,15.0,10.16949152542373,10.493913530152511
82597,BOMBS AWAY METAL SIGN,2332.7400000000002,1153,163,106,3.0,5.890000000000001,0.26019080659150046,0.25249277673465537
82599,FANNY'S REST STOPMETAL SIGN,4695.3,2312,354,185,4.0,6.76,0.17301038062283738,0.1439737609950376
82600,N0 SINGING METAL SIGN,2523.78,1197,35,30,43.0,83.8,3.5923141186299077,3.3204162010951825
82600,NO SINGING METAL SIGN,22097.04,11194,970,375,43.0,83.8,0.3841343576916205,0.37923631400404756
82605,OLD DOC RUSSEL METAL SIGN,438.90000000000003,209,83,62,0.0,0.0,0.0,0.0
82605,OLD DOC.RUSSEL METAL SIGN,18.9,9,4,4,0.0,0.0,0.0,0.0
82607A,GLASS BONBON JAR PARFUME AUX FLEURE,684.73,568,88,65,18.0,22.5,3.169014084507042,3.285966731412381
82607C,GLASS BONBON JAR. SUPERFINES,112.5,90,21,16,0.0,0.0,0.0,0.0
82607E,GLASS BONBON JAR. D'AMANDES,126.25,101,25,18,1.0,1.25,0.9900990099009901,0.9900990099009901
82613A,"METAL SIGN,CUPCAKE SINGLE HOOK",560.0,448,81,63,2.0,2.5,0.4464285714285714,0.4464285714285714
82613B,"METAL SIGN,CUPCAKE SINGLE HOOK",565.1,638,94,73,21.0,9.65,3.2915360501567394,1.7076623606441337
82613C,"METAL SIGN,CUPCAKE SINGLE HOOK",441.7,526,71,56,22.0,10.9,4.182509505703422,2.467738283903102
82613D,METAL SIGN CUPCAKE SINGLE HOOK,749.6,852,126,98,20.0,8.4,2.3474178403755865,1.1205976520811098
82615,PINK MARSHMALLOW SCARF KNITTING KIT,1526.25,567,76,60,4.0,11.0,0.7054673721340388,0.7207207207207207
82616A,BUBBLE GUM SCARF KNITTING KIT,576.3000000000001,306,46,42,0.0,0.0,0.0,0.0
82616B,FRAPPUCINO SCARF KNITTING KIT,794.9300000000001,533,75,57,10.0,14.2,1.876172607879925,1.7863208081214696
82616C,MIDNIGHT GLAMOUR SCARF KNITTING KIT,791.22,539,78,57,3.0,3.75,0.5565862708719851,0.4739516190187305
84006,MAGIC TREE -PAPER FLOWERS,1406.75,1655,142,86,5.0,4.25,0.3021148036253776,0.3021148036253776
84007,MAGIC GARDEN MOUNT FUJI,387.6,152,37,30,0.0,0.0,0.0,0.0
84012,MAGIC SHEEP WOOL GROWING FROM PAPER,2516.75,1781,155,127,120.0,102.0,6.7377877596855695,4.052845932253899
84016,FLAG OF ST GEORGE CAR FLAG,389.76,978,46,43,60.0,50.3,6.134969325153374,12.9053776683087
84029C,BROWN FURRY HOT WATER BOTTLE,665.05,191,38,27,0.0,0.0,0.0,0.0
84029D,LEOPARD PRINT HOT WATER BOTTLE,153.3,46,12,12,0.0,0.0,0.0,0.0
84029E,RED WOOLLY HOTTIE WHITE HEART.,31876.47,9259,956,500,86.0,327.7,0.9288260071281995,1.028031021000757
84029G,KNITTED UNION FLAG HOT WATER BOTTLE,20838.9,5724,758,386,60.0,219.7,1.0482180293501049,1.0542782968390845
84030B,KNITTED POM POM HOT WATER BOTTLE,18.75,5,3,2,0.0,0.0,0.0,0.0
84030C,KNITTED RAINBOW HOT WATER BOTTLE,75.0,20,5,4,8.0,30.0,40.0,40.0
84030E,ENGLISH ROSE HOT WATER BOTTLE,8191.91,2018,408,254,13.0,55.25,0.6442021803766105,0.6744458862463089
84031A,CHARLIE+LOLA RED HOT WATER BOTTLE,2223.32,716,133,95,27.0,71.55,3.7709497206703912,3.2181602288469495
84031B,CHARLIE LOLA BLUE HOT WATER BOTTLE,1720.04,544,109,80,26.0,64.2,4.779411764705882,3.7324713378758636
84032A,CHARLIE+LOLA PINK HOT WATER BOTTLE,4745.26,2280,346,227,38.0,112.10000000000001,1.6666666666666667,2.362357384000034
84032B,CHARLIE + LOLA RED HOT WATER BOTTLE,5741.6,2788,405,288,78.0,168.9,2.7977044476327118,2.94168872788073
84033,FLAG OF ST GEORGE,628.65,381,44,41,13.0,21.45,3.4120734908136483,3.4120734908136483
84050,PINK HEART SHAPE EGG FRYING PAN,13316.63,9547,557,308,66.0,107.30000000000001,0.6913166439719284,0.8057594151072758
84051,ASS COLOUR GLOWING TIARAS,542.05,697,52,50,0.0,0.0,0.0,0.0
84077,WORLD WAR 2 GLIDERS ASSTD DESIGNS,24098.03,105185,920,482,1704.0,361.68,1.6200028521176975,1.5008695731559802
84078A,SET/4 WHITE RETRO STORAGE CUBES,36259.65,1007,234,151,147.0,5187.65,14.597815292949354,14.306950011927858
84081,WHITE CERAMIC PARTY SET (5PCS),337.58,94,15,14,1.0,4.25,1.0638297872340425,1.2589608389122577
84086B,YELLOW/BLUE RETRO RADIO,70.80000000000001,24,12,7,1.0,2.95,4.166666666666666,4.166666666666666
84086C,PINK/PURPLE RETRO RADIO,560.5,190,34,25,0.0,0.0,0.0,0.0
84192,ASSORTED COLOUR METAL CAT,271.1,226,38,29,0.0,0.0,0.0,0.0
84199,GLOW IN DARK DOLPHINS,104.79,511,62,58,12.0,2.52,2.3483365949119372,2.404809619238477
84201B,HAPPY BIRTHDAY CARD STRIPEY TEDDY,5.32,28,6,6,0.0,0.0,0.0,0.0
84201C,HAPPY BIRTHDAY CARD TEDDY/CAKE,1.9,10,3,3,0.0,0.0,0.0,0.0
84205C,HAPPY BIRTHDAY GINGER CAT CARD,0.38,2,1,1,0.0,0.0,0.0,0.0
84206A,3 BLACK CATS W HEARTS BLANK CARD,15.01,79,9,9,0.0,0.0,0.0,0.0
84206B,CAT W SUNGLASSES BLANK CARD,0.76,4,1,1,0.0,0.0,0.0,0.0
84206B,CAT WITH SUNGLASSES BLANK CARD,0.95,5,1,1,0.0,0.0,0.0,0.0
84206C,CHAMPAGNE TRAY BLANK CARD,1.9,10,4,4,0.0,0.0,0.0,0.0
84212,"ASSORTED FLOWER COLOUR ""LEIS""",11759.77,24665,258,140,72.0,46.8,0.2919116156497061,0.397966967041022
84218,BOX/12 CHICK & EGG IN BASKET,479.7,254,89,74,1.0,1.95,0.39370078740157477,0.40650406504065045
84219,BOX/12 MOTHER & CHICK IN BASKET/BOW,220.79999999999998,96,26,24,0.0,0.0,0.0,0.0
84226,HEN HOUSE W FAMILY IN BARN & NEST,56.61,75,17,17,0.0,0.0,0.0,0.0
84227,HEN HOUSE W CHICK IN NEST,47.04,112,13,13,0.0,0.0,0.0,0.0
84228,HEN HOUSE W CHICK STANDING,123.36,308,20,16,1.0,0.42,0.3246753246753247,0.3404669260700389
84228,HEN HOUSE WITH CHICK STANDING,5.88,14,3,3,1.0,0.42,7.142857142857142,7.142857142857142
84231,EASTER BUNNY WITH BASKET ON BACK,132.6,204,34,28,0.0,0.0,0.0,0.0
84247C,PACK/12 BLUE REINDEER CARD,212.40000000000003,72,22,22,0.0,0.0,0.0,0.0
84247E,PACK OF 12 CHRISTMAS FUN CARDS,138.65,47,13,13,106.0,293.50000000000006,225.531914893617,211.68409664623152
84247E,PACK/12 XMAS FUN CARD,736.0000000000001,256,56,56,106.0,293.50000000000006,41.40625,39.87771739130435
84247G,"DECOUPAGE,GREETING CARD,",554.4,1332,87,54,0.0,0.0,0.0,0.0
84247H,PACK/12 DECOUPAGE CARD,103.25000000000001,35,14,12,11.0,32.45,31.428571428571427,31.428571428571427
84247J,PACK/12 RUSSIAN DOLL CARDS,5.9,2,2,2,0.0,0.0,0.0,0.0
84247K,"FOLK ART GREETING CARD,pack/12",206.5,70,24,20,11.0,32.45,15.714285714285714,15.714285714285717
84247L,FAWN AND MUSHROOM GREETING CARD,456.96,1088,82,62,12.0,5.04,1.1029411764705883,1.1029411764705883
84247N,PACK/12 BLUE FOLKART CARDS,283.20000000000005,96,39,33,33.0,97.35000000000001,34.375,34.375
84249A,"GREETING CARD,SQUARE, DOUGHNUTS",101.6,238,20,18,0.0,0.0,0.0,0.0
84249D,FAIRY CAKE GREETINGS CARD,335.46,809,55,48,24.0,10.08,2.966625463535229,3.0048291897692723
84250M,"GREETING CARD, BLACKPOOL ROCK",2.28,12,1,1,0.0,0.0,0.0,0.0
84251B,"GREETING CARD, STICKY GORDON",43.88999999999999,231,22,19,12.0,2.28,5.194805194805195,5.194805194805195
84251C,"GREETING CARD, TWO SISTERS.",25.08,132,14,13,0.0,0.0,0.0,0.0
84251F,"GREETING CARD, RITA",59.279999999999994,312,31,26,0.0,0.0,0.0,0.0
84251G,"GREETING CARD, OVERCROWDED POOL.",68.39999999999999,360,34,32,0.0,0.0,0.0,0.0
84251J,"GREETING CARD, THE BLACK CAT",25.2,60,4,4,0.0,0.0,0.0,0.0
84255A,PINK GLASS COCKTAIL LAMP,4.2,2,2,2,0.0,0.0,0.0,0.0
84255B,ORANGE COCKTAIL GLASS LAMP,126.00000000000001,60,14,11,0.0,0.0,0.0,0.0
84270,ASSTD DESIGN BUBBLE GUM RING,4622.099999999999,22410,385,249,1740.0,293.40000000000003,7.764390896921017,6.347764003375091
84279B,CHERRY BLOSSOM DECORATIVE FLASK,2820.15,777,188,140,17.0,63.75,2.187902187902188,2.2605180575501302
84279P,CHERRY BLOSSOM  DECORATIVE FLASK,3831.27,1057,241,169,44.0,163.56,4.162724692526018,4.26908048767119
84288B,SET/2 BLUE  NOODLE BASKETS,111.14999999999999,57,21,19,2.0,3.9,3.508771929824561,3.508771929824562
84292,ROSE PINK METAL FOLDING CHAIR,333.90000000000003,42,12,11,1.0,7.95,2.380952380952381,2.380952380952381
84292B,BLUE COL METAL FOLDING CHAIR,43.85,7,4,4,0.0,0.0,0.0,0.0
84306,S/3 PINK SQUARE PLANTERS ROSES,383.24999999999994,35,19,18,0.0,0.0,0.0,0.0
84311,CAMOFLAGE CUSHION COVER,18.15,11,1,1,0.0,0.0,0.0,0.0
84313A,PINK TV TRAY TABLE,144.5,34,16,10,0.0,0.0,0.0,0.0
84313B,BLUE TV TRAY TABLE,513.74,158,45,24,0.0,0.0,0.0,0.0
84313C,ORANGE TV TRAY TABLE,1061.15,497,47,29,0.0,0.0,0.0,0.0
84327A,PINK JUMPER LARRY THE LAMB,1788.72,949,117,78,4.0,6.76,0.42149631190727077,0.37792387852766224
84340,LARGE FIBRE OPTIC CHRISTMAS TREE,19.08,15,6,5,0.0,0.0,0.0,0.0
84341B,SMALL PINK MAGIC CHRISTMAS TREE,825.03,1690,94,79,0.0,0.0,0.0,0.0
84347,ROTATING SILVER ANGELS T-LIGHT HLDR,55880.17,28606,525,300,9381.0,330.45000000000005,32.7938194784311,0.5913546791285711
84352,SILVER CHRISTMAS TREE BAUBLE STAND,3232.1,198,118,90,7.0,118.65,3.535353535353535,3.6709879026020236
84356,POMPOM CURTAIN,3155.0,660,94,58,6.0,41.7,0.9090909090909091,1.3217115689381935
84358,FLOOR LAMP SHADE WOOD BASE,909.63,113,22,11,0.0,0.0,0.0,0.0
84360,TABLE LAMP WHITE SHADE WOOD BASE,891.5500000000001,173,35,14,0.0,0.0,0.0,0.0
84366,VENDETTA CANVAS PICTURE,7.5,2,2,2,0.0,0.0,0.0,0.0
84367,LA STREGA CANVAS PICTURE,122.55000000000001,73,7,6,0.0,0.0,0.0,0.0
84371,BIG PINK POODLE,213.7,28,4,4,0.0,0.0,0.0,0.0
84375,SET OF 20 KIDS COOKIE CUTTERS,14558.970000000001,7275,626,389,61.0,120.89999999999999,0.8384879725085911,0.8304158879371273
84378,SET OF 3 HEART COOKIE CUTTERS,13862.84,11007,944,601,93.0,116.06,0.8449168710820387,0.837202189450358
84380,SET OF 3 BUTTERFLY COOKIE CUTTERS,11818.65,9592,814,490,219.0,251.39,2.2831526271893243,2.127061889471302
84387A,BIRD ON BRANCH CANVAS SCREEN,21.45,11,1,1,0.0,0.0,0.0,0.0
84388,WISE MAN STAR SHAPE EGG PAN,89.03999999999999,70,22,21,2.0,3.3,2.857142857142857,3.706199460916442
84396,6 HOOK JEWELLERY STAND BLACK DRESS,1071.6,516,28,22,0.0,0.0,0.0,0.0
84402B,PURPLE DRESS JEWELLERY STAND,51.14,62,4,4,0.0,0.0,0.0,0.0
84402D,PINK DRESS JEWELLERY STAND,346.85,371,11,9,0.0,0.0,0.0,0.0
84405A,S/3 PINK COL METAL BASKET W HANDLE,900.3000000000001,122,45,40,1.0,12.75,0.819672131147541,1.4161946017994
84406B,CREAM CUPID HEARTS COAT HANGER,21256.0,6682,724,318,218.0,663.1,3.2624962586052084,3.1195897628904783
84414B,FUSCHIA/GREEN STRIPE WOOLLY BLANKET,497.15,77,8,7,0.0,0.0,0.0,0.0
84415A,PINK FLOCK SUEDE CUSHION COVER,22.5,14,3,3,0.0,0.0,0.0,0.0
84415B,BLUE FLOCK CUSHION COVER,20.0,8,3,3,0.0,0.0,0.0,0.0
84422,PINK/BLUE DISC/MIRROR STRING,374.31,749,25,19,49.0,19.57,6.5420560747663545,5.228286714220833
84424A,FOUR PICTURE WHITE GLASS FRAME,86.25,23,10,10,0.0,0.0,0.0,0.0
84425A,WHITE GLASS TV TRIPLE FRAME,68.0,16,8,8,0.0,0.0,0.0,0.0
84427B,BLACK GLASS TV DOUBLE P/FRAME 15X10,72.25,17,5,5,0.0,0.0,0.0,0.0
84429A,MEDIUM PINK BUDDHA HEAD,271.40000000000003,92,27,22,0.0,0.0,0.0,0.0
84437A,S/6 PINK EASTER DECS IN BOX,89.25,105,17,17,0.0,0.0,0.0,0.0
84447,6 RABBIT CHAIN EASTER,44.199999999999996,52,7,7,0.0,0.0,0.0,0.0
84450A,PINK RABBIT SITTING EASTER,19.32,46,4,4,4.0,1.68,8.695652173913043,8.695652173913043
84450B,PINK/YELLOW RABBIT SAT EASTER,9.24,22,4,4,0.0,0.0,0.0,0.0
84450B,YELLOW RABBIT SAT EASTER,20.16,48,3,3,0.0,0.0,0.0,0.0
84452,METAL RABBIT LADDER EASTER,149.6,176,26,23,16.0,13.6,9.090909090909092,9.090909090909092
84454,WOBBLING METAL CHICKEN EASTER,72.25,85,13,11,0.0,0.0,0.0,0.0
84455,SET OF 3 RABBIT CARROTS EASTER,66.3,78,16,15,0.0,0.0,0.0,0.0
84456,SET OF 3 RABBIT EGG EASTER,28.049999999999997,33,12,12,12.0,10.2,36.36363636363637,36.36363636363637
84457,SET/3 RABBITS FLOWER SKIPPPING ROPE,214.2,252,40,37,0.0,0.0,0.0,0.0
84458,S/3 RABBIT FLOWER/EGG/CARROT ROPE,104.55,123,19,17,0.0,0.0,0.0,0.0
84459A,PINK METAL CHICKEN HEART,1582.7,1126,107,96,96.0,143.04,8.52575488454707,9.037720351298413
84459B,YELLOW METAL CHICKEN HEART,1903.05,1341,137,115,24.0,35.76,1.7897091722595078,1.8790888310869396
84461,12 PINK HEN+CHICKS IN BASKET,229.5,90,34,33,11.0,28.05,12.222222222222221,12.222222222222223
84462,3 PINK HEN+CHICKS IN BASKET,112.35,99,13,13,0.0,0.0,0.0,0.0
84464,S/60 PINK FLUFFY CHICKS IN BOX,179.1,82,11,10,0.0,0.0,0.0,0.0
84465,15 PINK FLUFFY CHICKS IN BOX,85.55000000000001,29,20,18,0.0,0.0,0.0,0.0
84466,TOP SECRET PEN SET,1231.6999999999998,1210,49,34,397.0,391.85,32.8099173553719,31.813753349029806
84467,ENGLISH ROSE DESIGN QUILTED THROW,4391.1,306,45,40,2.0,79.9,0.6535947712418301,1.8195896244676733
84469,ROSE DES PADDED FLOOR CUSHION,2090.68,653,39,35,0.0,0.0,0.0,0.0
84472,PINK AND LILAC QUILTED THROW,1450.4,33,25,23,3.0,125.9,9.090909090909092,8.680364037506894
84482,BUTTONS DESIGN JEWELLERY BOX,266.25,71,28,22,10.0,37.5,14.084507042253522,14.084507042253522
84493,BLUE/PINK NEST STRIPE BOX,111.12,1142,5,5,567.0,45.36,49.64973730297723,40.820734341252695
84497,BUTTONS AND STRIPES NOTEBOOK,337.5,90,32,29,0.0,0.0,0.0,0.0
84499,BLACK FLOWER CANDLE PLATE,219.66,294,20,16,0.0,0.0,0.0,0.0
84507B,STRIPES DESIGN MONKEY DOLL,1622.85,1319,89,52,7.0,11.05,0.530705079605762,0.6809008842468498
84507C,BLUE CIRCLES DESIGN MONKEY DOLL,594.15,425,62,27,10.0,20.4,2.3529411764705883,3.4334763948497855
84508A,CAMOFLAGE DESIGN TEDDY,3358.8,1584,42,31,10.0,21.900000000000002,0.6313131313131313,0.6520185780635942
84508A,CAMOUFLAGE DESIGN TEDDY,4714.950000000001,2221,62,28,10.0,21.900000000000002,0.45024763619990993,0.4644800050901918
84508B,STRIPES DESIGN TEDDY,405.45,159,65,40,6.0,15.3,3.7735849056603774,3.773584905660378
84508C,BLUE CIRCLES DESIGN TEDDY,244.8,96,36,22,1.0,2.55,1.0416666666666665,1.0416666666666665
84509A,ENGLISH ROSE PLACEMATS,382.05,107,25,19,13.0,48.75,12.149532710280374,12.76010993325481
84509A,SET OF 4 ENGLISH ROSE PLACEMATS,3842.84,1072,245,167,13.0,48.75,1.212686567164179,1.2685930197458128
84509B,FAIRY CAKE PLACEMATS,355.8,100,22,20,4.0,15.0,4.0,4.2158516020236085
84509B,SET OF 4 FAIRY CAKE PLACEMATS,1654.05,459,117,87,4.0,15.0,0.8714596949891068,0.9068649678062937
84509C,DOTTY PLACEMATS,175.8,52,9,9,0.0,0.0,0.0,0.0
84509C,SET OF 4 DOTTY PLACEMATS,183.3,54,13,11,0.0,0.0,0.0,0.0
84509C,SET OF 4 POLKADOT PLACEMATS,340.8,96,32,29,0.0,0.0,0.0,0.0
84509E,CAROUSEL PLACEMATS,7.5,2,2,2,0.0,0.0,0.0,0.0
84509E,SET OF 4 CAROUSEL PLACEMATS,179.81,131,10,9,0.0,0.0,0.0,0.0
84509F,NEW ENGLAND PLACEMATS,120.0,32,10,6,0.0,0.0,0.0,0.0
84509F,SET OF 4 NEW ENGLAND PLACEMATS,2298.0,2744,33,29,0.0,0.0,0.0,0.0
84509G,FAIRY CAKE PLACEMATS,262.05,75,21,18,0.0,0.0,0.0,0.0
84509G,SET OF 4 FAIRY CAKE PLACEMATS,1574.7,686,104,84,0.0,0.0,0.0,0.0
84510A,SET OF 4 ENGLISH ROSE COASTERS,2670.54,2166,307,200,21.0,26.25,0.9695290858725761,0.9829472690916444
84510B,SET OF 4 FAIRY CAKES COASTERS,1285.8,1094,96,71,2.0,2.5,0.18281535648994515,0.1944314823456214
84510C,SET OF 4 POLKADOT COASTERS,146.17,115,38,30,0.0,0.0,0.0,0.0
84510C,SET OF 4 POLKADOTS COASTERS,132.45,109,29,22,0.0,0.0,0.0,0.0
84510E,SET OF 4 GREEN CAROUSEL COASTERS,67.8,128,13,12,0.0,0.0,0.0,0.0
84510F,SET OF 4 NEW ENGLAND COASTERS,415.0,1092,31,23,2.0,2.5,0.18315018315018314,0.6024096385542169
84519A,TOMATO CHARLIE+LOLA COASTER SET,2488.8900000000003,1139,158,96,0.0,0.0,0.0,0.0
84519B,CARROT CHARLIE+LOLA COASTER SET,1528.7900000000002,797,156,98,1.0,2.95,0.12547051442910914,0.19296306229109295
84520B,PACK 20 ENGLISH ROSE PAPER NAPKINS,5096.74,6598,528,327,12.0,10.2,0.18187329493785995,0.20012792490886328
84520D,PACK OF 20 FAIRY CAKE PAPER NAPKINS,505.98999999999995,619,61,53,12.0,10.2,1.938610662358643,2.015850115614933
84522,PINK PARTY SUNGLASSES,298.5,178,20,19,0.0,0.0,0.0,0.0
84526,GIANT BLACK SUNGLASSES,163.79999999999998,84,31,23,0.0,0.0,0.0,0.0
84527,FLAMES SUNGLASSES PINK LENSES,131.25,71,19,19,0.0,0.0,0.0,0.0
84529A,PINK KNITTED KIDS RUCKSACK,162.0,24,10,9,0.0,0.0,0.0,0.0
84529B,BLUE KNITTED KID'S RUCKSACK,20.25,3,2,2,0.0,0.0,0.0,0.0
84529C,YELLOW KNITTED KIDS RUCKSACK,222.75,33,11,9,0.0,0.0,0.0,0.0
84531A,PINK KNITTED EGG COSY,151.70999999999998,181,38,35,0.0,0.0,0.0,0.0
84531B,BLUE KNITTED EGG COSY,155.60999999999999,187,38,35,0.0,0.0,0.0,0.0
84532B,FAIRY CAKES RECTANGLUAR BOXES,226.1,38,23,21,0.0,0.0,0.0,0.0
84533B,FAIRY CAKES ROUND NESTING BOXES,293.8,52,19,17,0.0,0.0,0.0,0.0
84534B,FAIRY CAKE NOTEBOOK A5 SIZE,612.8499999999999,721,107,69,28.0,23.799999999999997,3.8834951456310676,3.8834951456310685
84535A,ENGLISH ROSE NOTEBOOK A6 SIZE,300.15000000000003,575,48,44,0.0,0.0,0.0,0.0
84535B,FAIRY CAKES NOTEBOOK A6 SIZE,1570.97,2566,248,141,95.0,61.75,3.702260327357755,3.9306925020846992
84536A,ENGLISH ROSE NOTEBOOK A7 SIZE,1881.58,4478,413,227,38.0,15.959999999999999,0.8485931219294328,0.8482233016932578
84536B,FAIRY CAKES NOTEBOOK A7 SIZE,1149.68,2861,224,131,52.0,21.84,1.8175463124781546,1.8996590355577203
84537B,FAIRY CAKES GIFT BAG,49.14,117,11,10,0.0,0.0,0.0,0.0
84539,KNITTED RABBIT DOLL,54.449999999999996,33,9,9,0.0,0.0,0.0,0.0
84546,CROCHET POODLE KEYRING,34.65,21,3,3,0.0,0.0,0.0,0.0
84548,CROCHET BEAR RED/BLUE  KEYRING,67.64999999999999,41,12,11,0.0,0.0,0.0,0.0
84549,CROCHET WHITE RABBIT KEYRING,100.8,64,9,9,0.0,0.0,0.0,0.0
84550,CROCHET LILAC/RED BEAR KEYRING,19.8,12,4,4,0.0,0.0,0.0,0.0
84551,CROCHET DOG KEYRING,39.6,24,6,6,0.0,0.0,0.0,0.0
84555A,YELLOW VW BEETLE CERAMIC MONEY BOX,130.9,46,15,13,0.0,0.0,0.0,0.0
84558A,3D DOG PICTURE PLAYING CARDS,3445.4500000000003,1207,169,116,25.0,73.75,2.071251035625518,2.1405041431453076
84559A,3D SHEET OF DOG STICKERS,987.63,1161,151,107,0.0,0.0,0.0,0.0
84559B,3D SHEET OF CAT STICKERS,969.0,1140,150,97,4.0,3.4,0.3508771929824561,0.3508771929824561
84559D,3D SHEET OF SEA WORLD STICKERS,123.25,145,29,23,0.0,0.0,0.0,0.0
84562A,PINK/WHITE RIBBED MELAMINE JUG,1073.25,143,63,48,1.0,7.95,0.6993006993006993,0.7407407407407408
84562B,BLUE/WHITE RIBBED MELAMINE JUG,55.650000000000006,7,5,5,0.0,0.0,0.0,0.0
84563A,PINK & WHITE BREAKFAST TRAY,394.40000000000003,92,33,26,0.0,0.0,0.0,0.0
84563B,BLUE & WHITE BREAKFAST TRAY,370.20000000000005,96,37,27,0.0,0.0,0.0,0.0
84564,6 SEGMENT COLOURED SNACK BOWL,143.1,18,9,9,0.0,0.0,0.0,0.0
84567,FROSTED GLASS WITH SILVER SURROUND,14.85,9,1,1,0.0,0.0,0.0,0.0
84568,GIRLS ALPHABET IRON ON PATCHES,6399.57,33217,72,49,865.0,181.64999999999998,2.6040882680555137,2.838471959834801
84569A,PACK 3 IRON ON DOG PATCHES,563.71,450,64,59,1.0,1.25,0.2222222222222222,0.22174522360788348
84569B,PACK 3 FIRE ENGINE/CAR PATCHES,508.75,407,63,54,1.0,1.25,0.2457002457002457,0.2457002457002457
84569C,PACK 4 FLOWER/BUTTERFLY PATCHES,438.75,351,50,45,13.0,16.25,3.7037037037037033,3.7037037037037033
84569D,PACK 6 HEART/ICE-CREAM PATCHES,1001.17,799,96,82,1.0,1.25,0.1251564455569462,0.12485392091253235
84570B,WHITE SATIN DRESS JEWEL STAND,19.8,4,2,2,0.0,0.0,0.0,0.0
84572,6 HOOK JEWEL STAND LILAC DRESS,8.49,1,1,1,0.0,0.0,0.0,0.0
84575A,PINK DOG CANNISTER,98.8,24,13,13,1.0,5.95,4.166666666666666,6.022267206477734
84575B,BROWN DOG CANNISTER W BONE,23.8,4,3,3,0.0,0.0,0.0,0.0
84576,BLUE CAT BISCUIT BARREL PINK HEART,264.0,84,21,19,0.0,0.0,0.0,0.0
84578,ELEPHANT TOY WITH BLUE T-SHIRT,595.68,160,78,67,0.0,0.0,0.0,0.0
84580,MOUSE TOY WITH PINK T-SHIRT,3228.8,860,312,197,4.0,15.0,0.46511627906976744,0.4645688800792864
84581,DOG TOY WITH PINK CROCHET SKIRT,1650.19,441,177,125,0.0,0.0,0.0,0.0
84582,PINK CROCHET CAT WITH SCARF,46.75,11,9,9,0.0,0.0,0.0,0.0
84584,PINK GINGHAM CAT WITH SCARF,527.85,207,50,47,0.0,0.0,0.0,0.0
84586L,"PINK ROSES/GINGHAM PATCH RABBIT 8""",44.25000000000001,15,9,9,0.0,0.0,0.0,0.0
84592,CROCHET ROSE PURSE WITH SUEDE BACK,480.8500000000001,163,38,33,0.0,0.0,0.0,0.0
84593,CROCHET ROSE DES CLOTHES HANGER,73.75,25,7,7,0.0,0.0,0.0,0.0
84595B,LARGE TRIFLE DESIGN L BLUE BOWL,405.15,229,15,13,0.0,0.0,0.0,0.0
84595E,LARGE TORTILLA DESIGN RED BOWL,653.0999999999999,350,27,22,1.0,3.29,0.2857142857142857,0.5037513397642016
84596B,SMALL DOLLY MIX DESIGN ORANGE BOWL,3304.59,5484,509,256,48.0,46.72,0.87527352297593,1.4137911208349598
84596E,SMALL LICORICE DES PINK BOWL,850.2,880,124,90,32.0,40.0,3.6363636363636362,4.704775346977182
84596F,SMALL MARSHMALLOWS PINK BOWL,2623.46,4174,410,216,16.0,6.72,0.3833253473885961,0.25615027482789904
84596G,SMALL CHOCOLATES PINK BOWL,1157.93,1967,222,118,0.0,0.0,0.0,0.0
84596I,WRAP SWEETS LIGHT PINK SMALL BOWL,78.11,71,9,9,0.0,0.0,0.0,0.0
84596J,MIXED NUTS LIGHT GREEN BOWL,464.03000000000003,676,68,50,6.0,7.5,0.8875739644970414,1.6162748098183306
84596K,JELLY BABIES YELLOW SMALL BOWL,420.14,358,64,48,1.0,1.25,0.27932960893854747,0.2975198743276051
84596L,BISCUITS SMALL BOWL LIGHT BLUE,720.9399999999999,1262,130,78,0.0,0.0,0.0,0.0
84597B,RETRO BROWN BALL ASHTRAY,234.15,195,19,11,3.0,3.75,1.5384615384615385,1.6015374759769379
84597C,RETRO PINK BALL ASHTRAY,420.8,352,36,21,4.0,5.0,1.1363636363636365,1.188212927756654
84598,BOYS ALPHABET IRON ON PATCHES,3542.61,18241,41,30,576.0,120.96,3.157721616139466,3.4144317325361806
84599,CANDY STRIPE ROSE FLOOR CUSHION,47.7,6,2,2,0.0,0.0,0.0,0.0
84600,NEW BAROQUE JEWELLERY BOX,717.3000000000001,94,39,31,3.0,22.85,3.1914893617021276,3.185556949672382
84601A,NEW BAROQUE IVORY CUSHION COVER,607.7,254,12,9,150.0,187.5,59.055118110236215,30.854039822280726
84608,ORNATE EDWARDIAN CANDLE HOLDER,47.7,6,4,4,2.0,15.9,33.33333333333333,33.33333333333333
84609,TALL ROCOCO CANDLE HOLDER,1051.5,129,27,23,2.0,17.0,1.550387596899225,1.6167379933428434
84611B,BLACK NEW BAROQUE FLOCK BOX,41.65,7,4,4,3.0,17.85,42.857142857142854,42.85714285714286
84612B,SET/4 BLACK  BAROQUE FLOCK COASTER,51.0,20,4,4,0.0,0.0,0.0,0.0
84613A,PINK NEW BAROQUE FLOCK CANDLESTICK,102.3,22,10,9,1.0,4.65,4.545454545454546,4.545454545454546
84613C,BLUE NEW BAROQUE FLOCK CANDLESTICK,258.06,62,12,11,0.0,0.0,0.0,0.0
84614A,PINK BAROQUE FLOCK CANDLE HOLDER,77.35000000000001,13,7,7,2.0,11.9,15.384615384615385,15.384615384615383
84614C,BLUE BAROQUE FLOCK CANDLE HOLDER,17.85,3,1,1,0.0,0.0,0.0,0.0
84615,PINK ROUND BUTTERFLY MIRROR,667.8299999999999,235,18,13,38.0,241.68,16.170212765957448,36.188850455954366
84616,SILVER ROCCOCO CHANDELIER,1297.75,69,22,19,4.0,119.8,5.797101449275362,9.231361972644962
84617,NEW BAROQUE BLACK BOXES,140.25,11,7,7,0.0,0.0,0.0,0.0
84619,BLUE GINGHAM ROSE QUILT,1444.15,69,26,22,0.0,0.0,0.0,0.0
84620,BLUE GINGHAM ROSE CUSHION COVER,660.45,111,46,41,0.0,0.0,0.0,0.0
84621,BLUE GINGHAM ROSE FLOOR CUSHION,214.65,27,13,9,0.0,0.0,0.0,0.0
84622,PINK GINGHAM ROSE CUSHION COVER,124.95,21,7,7,1.0,5.95,4.761904761904762,4.761904761904762
84623,PINK GINGHAM ROSE FLOOR CUSHION,261.35,53,12,8,0.0,0.0,0.0,0.0
84625A,PINK NEW BAROQUECANDLESTICK CANDLE,898.7,788,61,40,54.0,64.8,6.852791878172589,7.210415043952375
84625B,BLCK NEW BAROQUE CANDLESTICK CANDLE,279.0,180,17,15,12.0,10.2,6.666666666666667,3.655913978494624
84625C,BLUE NEW BAROQUE CANDLESTICK CANDLE,870.95,743,57,29,70.0,103.60000000000001,9.421265141318976,11.895057121533958
84625D,WHITE NEWBAROQUE CANDLESTICK CANDLE,734.25,639,46,36,31.0,57.85000000000001,4.851330203442879,7.87878787878788
84626,CANDY STRIPE ROSE QUILT,45.95,1,1,1,0.0,0.0,0.0,0.0
84627,CANDY STRIPE ROSE C/COVER,297.5,50,19,15,8.0,47.6,16.0,16.0
84629,WHITE 3 FRAME BIRDS AND TREE,237.8,24,13,12,1.0,4.95,4.166666666666666,2.0815811606391925
84630,FLOWERS AND BIRDS WALL PLAQUE,15.9,2,1,1,0.0,0.0,0.0,0.0
84631,FRUIT TREE AND BIRDS WALL PLAQUE,715.35,253,24,19,3.0,23.85,1.185770750988142,3.334032291885091
84632,DECORATIVE HANGING SHELVING UNIT,799.3000000000001,14,10,8,1.0,59.95,7.142857142857142,7.500312773676968
84637,KITCHEN FLOWER POTS WALL PLAQUE,867.25,487,33,28,0.0,0.0,0.0,0.0
84638,SMALL KITCHEN FLOWER POTS PLAQUE,714.2,356,31,27,0.0,0.0,0.0,0.0
84648,NEW BAROQUE WALL MIRROR,12.75,1,1,1,0.0,0.0,0.0,0.0
84653,GREEN ROSE QUILT,453.5,10,8,8,0.0,0.0,0.0,0.0
84656,WHITE ROSE C/COVER,119.0,20,12,12,0.0,0.0,0.0,0.0
84657,GREEN ROSE CUSHION COVER,496.25,245,19,14,0.0,0.0,0.0,0.0
84658,WHITE STITCHED CUSHION COVER,1060.78,198,56,50,0.0,0.0,0.0,0.0
84659A,WHITE TRAVEL ALARM CLOCK,765.66,311,71,55,3.0,7.6499999999999995,0.964630225080386,0.9991379985894522
84660A,WHITE STITCHED WALL CLOCK,814.4,851,42,34,2.0,4.54,0.23501762632197415,0.5574656188605108
84660B,BLACK STITCHED WALL CLOCK,804.65,727,44,26,0.0,0.0,0.0,0.0
84660C,PINK STITCHED WALL CLOCK,778.07,689,55,29,0.0,0.0,0.0,0.0
84661A,WHITE SQUARE TABLE CLOCK,228.54,203,25,22,0.0,0.0,0.0,0.0
84661B,BLACK SQUARE TABLE CLOCK,374.29,207,26,21,0.0,0.0,0.0,0.0
84661C,PINK SQUARE TABLE CLOCK,124.55000000000001,137,12,12,0.0,0.0,0.0,0.0
84663A,GRASS HOPPER WOODEN WALL CLOCK,589.79,345,39,34,6.0,15.059999999999999,1.7391304347826086,2.55345122840333
84664,CHERRY BLOSSOM BATHROOM CABINET,950.4,192,50,17,5.0,24.75,2.604166666666667,2.604166666666667
84665,SQUARE CHERRY BLOSSOM CABINET,1364.7,226,47,25,26.0,154.7,11.504424778761061,11.335824723382428
84666,SQUARE CHERRY BLOSSOM CABINET,892.7,226,33,13,0.0,0.0,0.0,0.0
84670,JAPANESE CROCHETED ANIMAL,2045.04,5092,168,114,150.0,63.0,2.945797329143755,3.0806243398662128
84671B,CROCHET BEAR WITH BLUE STRIPES,249.9,98,24,20,0.0,0.0,0.0,0.0
84673A,PINK FLY SWAT,274.01,457,70,57,1.0,0.65,0.2188183807439825,0.23721761979489803
84673B,BLUE FLY SWAT,299.46,420,79,65,1.0,0.65,0.2380952380952381,0.2170573699325453
84674,FLYING PIG WATERING CAN,1093.8000000000002,444,92,67,7.0,20.650000000000002,1.5765765765765765,1.8879136953739255
84675,FROG KING WATERING CAN,467.65000000000003,187,44,39,8.0,23.6,4.27807486631016,5.04650914145194
84676,BATH DUCK WATERING CAN,2016.5200000000002,832,98,76,49.0,132.55,5.889423076923077,6.573205324023565
84678,CLASSICAL ROSE SMALL VASE,989.5500000000001,541,64,52,10.0,22.900000000000002,1.8484288354898337,2.3141832145924917
84679,CLASSICAL ROSE TABLE LAMP,103.3,14,4,4,1.0,5.95,7.142857142857142,5.759922555663118
84680,CLASSICAL ROSE URN,372.3,94,17,14,2.0,15.9,2.127659574468085,4.27074939564867
84682,CLASSICAL ROSE DISH,528.85,283,38,31,6.0,17.700000000000003,2.1201413427561837,3.346884749929092
84683,CLASSICAL ROSE CANDLESTAND,449.05,509,27,18,1.0,1.25,0.19646365422396855,0.2783654381471996
84684,BEACH HUT PHOTO FRAME,583.1,574,21,17,52.0,51.0,9.059233449477352,8.746355685131196
84685,BEACH HUT KEY CABINET,786.25,359,54,46,3.0,8.75,0.8356545961002786,1.1128775834658187
84686,BEACH HUT MIRROR,654.54,344,37,33,20.0,43.4,5.813953488372093,6.630610810645645
84687,BEACH HUT SHELF W 3 DRAWERS,961.4,292,52,43,7.0,37.65,2.3972602739726026,3.916163927605575
84688,BEACH HUT DESIGN BLACKBOARD,1025.0,388,47,39,53.0,155.05,13.65979381443299,15.126829268292685
84689,S/2 BEACH HUT TREASURE CHESTS,671.65,305,34,29,17.0,49.550000000000004,5.573770491803279,7.377354276781062
84690,S/2 BEACH HUT STOOLS,206.70000000000002,26,13,12,2.0,15.9,7.6923076923076925,7.692307692307692
84691,PACK 20 DOLLY PEGS,2036.3999999999999,2616,179,124,82.0,56.10000000000001,3.134556574923547,2.7548615203299947
84692,BOX OF 24 COCKTAIL PARASOLS,6964.39,17299,721,348,207.0,86.94,1.19660095959304,1.248350537520156
84705A,ENGLISH ROSE PHOTO FRAME,65.10000000000001,14,7,5,0.0,0.0,0.0,0.0
84705B,FAIRY CAKES PHOTO FRAME,103.75,83,2,2,0.0,0.0,0.0,0.0
84705C,PINK FLOCK PHOTO FRAME,213.6,160,6,5,0.0,0.0,0.0,0.0
84705D,CHERRY BLOSSOM PHOTO FRAME,46.5,10,3,3,0.0,0.0,0.0,0.0
84705F,RED PEONY PHOTO FRAME,37.2,8,5,4,0.0,0.0,0.0,0.0
84706A,ENGLISH ROSE TABLE CLOCK,307.2,136,6,6,0.0,0.0,0.0,0.0
84706B,FAIRY CAKES TABLE CLOCK,170.04999999999998,19,8,8,2.0,17.9,10.526315789473683,10.526315789473685
84706C,PINK FLOCK TABLE CLOCK,170.8,84,4,4,0.0,0.0,0.0,0.0
84706D,CHERRY BLOSSOM TABLE CLOCK,477.2,216,14,14,1.0,1.95,0.4629629629629629,0.40863369656328585
84706F,RED PEONY TABLE CLOCK,199.35,33,16,15,1.0,8.95,3.0303030303030303,4.489591171306747
84707A,SILVER JEWELLED MIRROR TRINKET TRAY,689.49,91,40,36,0.0,0.0,0.0,0.0
84707B,PINK JEWELLED MIRROR TRINKET TRAY,357.65999999999997,47,22,22,4.0,39.8,8.51063829787234,11.127886819884807
84708B,PINK JEWELLED PHOTO FRAME,618.1,126,45,36,0.0,0.0,0.0,0.0
84709A,SILVER OVAL JEWELLED MIRROR,124.95,21,11,11,0.0,0.0,0.0,0.0
84709B,PINK OVAL JEWELLED MIRROR,629.25,111,41,32,1.0,5.95,0.9009009009009009,0.945570123162495
84711A,SILVER OVAL SHAPE TRINKET BOX,308.45,31,14,13,0.0,0.0,0.0,0.0
84711B,PINK OVAL SHAPE TRINKET BOX,199.0,20,12,11,0.0,0.0,0.0,0.0
84712B,PINK JEWELLED PHOTO FRAME,529.47,67,36,29,0.0,0.0,0.0,0.0
84715,SET OF 6 ICE CREAM SKITTLES,684.4000000000001,232,39,35,0.0,0.0,0.0,0.0
84720,DOT MATRIX CANVAS ART PICTURE,147.05,35,3,3,0.0,0.0,0.0,0.0
84721,MANHATTAN CANVAS ART PICTURE,87.8,20,2,2,0.0,0.0,0.0,0.0
84723,CHERRY BLOSSOM CANVAS ART PICTURE,201.3,54,12,11,6.0,47.7,11.11111111111111,23.69597615499255
84725,FREESTYLE CANVAS ART PICTURE,212.25,133,28,24,0.0,0.0,0.0,0.0
84726,LILLIES CANVAS PICTURE,394.85,233,5,4,0.0,0.0,0.0,0.0
84731,3 BIRDS CANVAS SCREEN,3.69,3,3,3,0.0,0.0,0.0,0.0
84732B,CUTE BIRD CEATURE SCREEN,18.48,28,6,6,0.0,0.0,0.0,0.0
84732D,CUTE RABBIT CEATURE SCREEN,10.89,15,6,6,0.0,0.0,0.0,0.0
84741C,CITRUS GARLAND FELT FLOWERS,351.0,180,47,42,0.0,0.0,0.0,0.0
84743C,ORANGE FELT VASE + FLOWERS,11.25,9,5,5,0.0,0.0,0.0,0.0
84744,S/6 SEW ON CROCHET FLOWERS,183.75,147,29,26,0.0,0.0,0.0,0.0
84745A,PINK HANGING GINGHAM EASTER HEN,30.240000000000002,72,15,13,0.0,0.0,0.0,0.0
84745B,BLUE HANGING GINGHAM EASTER HEN,34.86,83,17,15,0.0,0.0,0.0,0.0
84746,PINK EASTER HENS+FLOWER,45.0,12,8,6,0.0,0.0,0.0,0.0
84748,FOLK FELT HANGING MULTICOL GARLAND,1231.8,980,31,27,0.0,0.0,0.0,0.0
84750A,PINK SMALL GLASS CAKE STAND,814.05,447,49,42,40.0,75.3,8.94854586129754,9.250046065966464
84750B,BLACK SMALL GLASS CAKE STAND,956.64,564,55,43,5.0,8.19,0.8865248226950355,0.8561214249874561
84751B,BLACK MEDIUM GLASS CAKE STAND,115.86,38,19,18,3.0,8.29,7.894736842105263,7.15518729501122
84753A,PINK EAU DE COLOGNE BOTTLE,72.25,85,15,14,0.0,0.0,0.0,0.0
84754,S/15 SILVER GLASS BAUBLES IN BAG,2338.06,1958,161,129,146.0,155.14,7.456588355464761,6.635415686509328
84755,COLOUR GLASS T-LIGHT HOLDER HANGING,23598.510000000002,39259,1100,524,729.0,415.35,1.8568990549937592,1.7600687501032903
84757,ENCHANTED GARDEN WROUGHT IRON TABLE,74.75,5,4,4,0.0,0.0,0.0,0.0
84760L,LARGE HANGING GLASS+ZINC LANTERN,896.0,560,1,1,0.0,0.0,0.0,0.0
84760S,SMALL HANGING GLASS+ZINC LANTERN,285.65,197,24,24,0.0,0.0,0.0,0.0
84761,IVORY HANGING BIRD PLANTER,613.9499999999999,245,46,33,8.0,20.4,3.2653061224489797,3.3227461519667725
84762A,WHITE PICNIC BARBECUE BUCKET,474.9,54,24,24,11.0,94.45,20.37037037037037,19.888397557380504
84762B,PINK PICNIC BARBECUE BUCKET,574.3000000000001,82,21,19,0.0,0.0,0.0,0.0
84762C,GREEN PICNIC BARBECUE BUCKET,531.3,78,18,18,0.0,0.0,0.0,0.0
84763,ZINC FINISH 15CM PLANTER POTS,1778.27,1467,148,106,0.0,0.0,0.0,0.0
84765,SILVER ROCOCO CANDELABRA,89.25,7,4,4,2.0,25.5,28.57142857142857,28.57142857142857
84766,SILVER ROCOCO CANDLE STICK,638.0,200,27,24,16.0,43.199999999999996,8.0,6.77115987460815
84767,ZINC POLICE BOX LANTERN,783.7,193,4,4,0.0,0.0,0.0,0.0
84770,ROUND GEORGIAN SILVER MIRROR,419.25000000000006,135,16,14,46.0,135.70000000000002,34.074074074074076,32.36732259988074
84773,RED ROSE AND LACE C/COVER,551.6500000000001,187,46,34,2.0,5.9,1.06951871657754,1.06951871657754
84782A,PINK 3 TIER GLASS PLATE STAND,840.45,119,26,24,6.0,76.5,5.042016806722689,9.10226664286989
84782B,BLACK 3 TIER GLASS PLATE STAND,127.5,10,6,6,0.0,0.0,0.0,0.0
84782C,GREEN 3 TIER GLASS PLATE STAND,509.9,74,18,18,6.0,50.1,8.108108108108109,9.825455971759169
84789,ENCHANTED BIRD PLANT CAGE,1464.0,432,112,81,8.0,30.0,1.8518518518518516,2.0491803278688523
84791,GINGHAM HEART DECORATION,863.6000000000001,296,75,66,6.0,17.700000000000003,2.027027027027027,2.049559981472904
84792,ENCHANTED BIRD COATHANGER 5 HOOK,9326.33,2201,437,248,69.0,270.45,3.134938664243526,2.8998544979643652
84795A,PASTEL STRIPE HAMMOCK,1458.3000000000002,194,56,34,0.0,0.0,0.0,0.0
84795B,SUNSET CHECK HAMMOCK,2135.85,283,83,56,0.0,0.0,0.0,0.0
84795C,OCEAN STRIPE HAMMOCK,2253.3,294,105,70,1.0,7.95,0.3401360544217687,0.35281587005724935
84795D,SEASIDE STRIPE HAMMOCK,1387.05,179,73,53,1.0,6.95,0.5586592178770949,0.5010634079521287
84795E,RIO PINK STRIPE HAMMOCK,79.5,10,5,3,0.0,0.0,0.0,0.0
84796A,PINK HAWAIIAN PICNIC HAMPER FOR 2,856.5,150,25,23,0.0,0.0,0.0,0.0
84796B,BLUE SAVANNAH PICNIC HAMPER FOR 2,1645.3,230,32,28,0.0,0.0,0.0,0.0
84797A,PINK HAWAIIAN PICNIC HAMPER FOR 4,1883.55,349,25,21,0.0,0.0,0.0,0.0
84797B,BLUE SAVANNAH PICNIC HAMPER FOR 4,1654.5,310,24,22,2.0,33.9,0.6451612903225806,2.0489573889392565
84798A,PINK FOXGLOVE ARTIIFCIAL FLOWER,409.50000000000006,186,9,9,12.0,30.6,6.451612903225806,7.472527472527473
84798B,PURPLE FOXGLOVE ARTIIFCIAL FLOWER,482.70000000000005,322,9,8,4.0,10.2,1.2422360248447204,2.1131137352392786
84798C,WHITE FOXGLOVE ARTIIFCIAL FLOWER,40.8,16,3,3,0.0,0.0,0.0,0.0
84799,SPRIG LAVENDER ARTIFICIAL FLOWER,515.03,667,29,26,60.0,35.16,8.995502248875562,6.82678678911908
84800L,LARGE WHITE/PINK ROSE ART FLOWER,964.4300000000001,647,37,32,24.0,40.56,3.7094281298299845,4.205592940908101
84800M,MEDIUM WHITE/PINK ROSE ART FLOWER,355.53000000000003,249,26,25,3.0,5.07,1.2048192771084338,1.4260399966247572
84800S,SMALL WHITE/PINK ROSE ART FLOWER,292.03999999999996,388,19,19,2.0,2.5,0.5154639175257731,0.8560471168333106
84801A,PINK HYDRANGEA ART FLOWER,427.44000000000005,272,15,14,0.0,0.0,0.0,0.0
84801B,WHITE HYDRANGEA ART FLOWER,319.8,202,16,14,0.0,0.0,0.0,0.0
84802A,WHITE ANEMONE ARTIFICIAL FLOWER,288.99,171,21,21,0.0,0.0,0.0,0.0
84802B,PURPLE ANEMONE ARTIFICIAL FLOWER,379.65000000000003,405,16,16,0.0,0.0,0.0,0.0
84803A,PINK ALLIUM  ARTIFICIAL FLOWER,184.21,109,16,16,3.0,5.07,2.7522935779816518,2.7522935779816518
84803B,WHITE ALLIUM  ARTIFICIAL FLOWER,67.6,40,10,10,9.0,15.21,22.5,22.500000000000004
84804A,CREAM DELPHINIUM ARTIFICIAL FLOWER,387.53000000000003,215,17,15,0.0,0.0,0.0,0.0
84804B,BLUE DELPHINIUM ARTIFICIAL FLOWER,501.9700000000001,355,19,17,1.0,2.95,0.28169014084507044,0.5876845229794609
84805A,CREAM CLIMBING HYDRANGA ART FLOWER,205.35,145,7,7,0.0,0.0,0.0,0.0
84805B,BLUE CLIMBING HYDRANGA ART FLOWER,547.6500000000001,339,8,7,0.0,0.0,0.0,0.0
84806A,PINK CANDYSTUFT ARTIFICIAL FLOWER,261.90999999999997,319,20,19,0.0,0.0,0.0,0.0
84806B,WHITE CANDYSTUFT ARTIFICIAL FLOWER,543.37,433,30,28,0.0,0.0,0.0,0.0
84807,RED POPPY ARTIFICIAL FLOWER,215.93,233,7,7,0.0,0.0,0.0,0.0
84809A,WHITE CHRYSANTHEMUMS ART FLOWER,439.14,259,18,18,2.0,4.2,0.7722007722007722,0.9564148107664983
84809B,PINK CHRYSANTHEMUMS ART FLOWER,351.6,296,8,7,0.0,0.0,0.0,0.0
84813,SET OF 4 DIAMOND NAPKIN RINGS,2722.47,379,69,53,1.0,3.95,0.2638522427440633,0.14508883477136575
84814A,HEXAGONAL CRYSTAL PERFUME BOTTLE,1.95,1,1,1,0.0,0.0,0.0,0.0
84814B,RHOMBUS CRYSTAL PERFUME BOTTLE,11.7,6,2,2,0.0,0.0,0.0,0.0
84815,SET OF 3 DANISH ROSE PLANTERS,1022.5,906,36,34,0.0,0.0,0.0,0.0
84816,DANISH ROSE BEDSIDE CABINET,1198.45,31,18,18,9.0,340.6,29.03225806451613,28.420042554966834
84817,DANISH ROSE DECORATIVE PLATE,920.64,1051,77,70,43.0,87.84,4.0913415794481445,9.541188738269032
84818,DANISH ROSE PHOTO FRAME,2122.61,1691,153,122,107.0,132.04999999999998,6.327616794795979,6.2211145712118565
84819,DANISH ROSE ROUND SEWING BOX,1359.79,907,94,82,4.0,17.0,0.4410143329658214,1.2501930445142264
84820,DANISH ROSE TRINKET TRAYS,828.15,317,49,46,6.0,35.7,1.8927444794952681,4.31081325846767
84821,DANISH ROSE DELUXE COASTER,722.5,1306,67,50,12.0,10.2,0.9188361408882083,1.4117647058823528
84823,DANISH ROSE FOLDING CHAIR,1210.0,120,29,29,1.0,39.95,0.8333333333333334,3.3016528925619832
84824,DANISH ROSE UMBRELLA STAND,513.55,33,27,23,1.0,15.95,3.0303030303030303,3.1058319540453705
84826,ASSTD DESIGN 3D PAPER STICKERS,866.53,1731,50,48,120.0,102.0,6.932409012131716,11.77108697910055
84827,ASS DES PHONE SPONGE CRAFT STICKER,488.49,1025,28,23,0.0,0.0,0.0,0.0
84828,JUNGLE POPSICLES ICE LOLLY HOLDERS,1788.15,1467,137,92,36.0,45.0,2.4539877300613497,2.5165674020635853
84828,JUNGLE POPSICLES ICE LOLLY MOULDS,1038.66,831,96,74,36.0,45.0,4.332129963898916,4.332505343423257
84830,LARGE ENGLISH ARBORETUM,1195.15,113,7,7,3.0,50.85,2.6548672566371683,4.254696063255658
84832,ZINC WILLIE WINKIE  CANDLE STICK,5127.219999999999,6166,442,281,12.0,10.2,0.19461563412260785,0.19893821603129963
84836,ZINC METAL HEART DECORATION,23331.43,19328,1244,662,102.0,127.5,0.5277317880794702,0.5464731480239317
84837,WHITE SWEETHEARTS CABINET 4 DRAWERS,2915.25,239,133,109,0.0,0.0,0.0,0.0
84838,ANT WHITE HIGH RISE BIRD BOX,304.0,49,3,3,0.0,0.0,0.0,0.0
84839,SWEETHEART KEY CABINET,8201.7,1478,351,219,12.0,78.6,0.8119079837618403,0.958337905556165
84840,SWEETHEART CARRY-ALL BASKET,2194.7,263,126,110,3.0,25.5,1.1406844106463878,1.1618900077459335
84842,HELLO SAILOR BATHROOM SET,675.05,1495,26,22,720.0,237.6,48.16053511705686,35.19739278571958
84843,WHITE SOAP RACK WITH 2 BOTTLES,1376.05,247,86,66,2.0,11.9,0.8097165991902834,0.8647941571890557
84845A,HOLLYHOCK SQUARE HANDY TIN,1.25,1,1,1,0.0,0.0,0.0,0.0
84845C,CARNATION SQUARE HANDY TIN,52.5,42,14,14,3.0,3.75,7.142857142857142,7.142857142857142
84845D,GERANIUM SQUARE HANDY TIN,51.25,41,11,11,0.0,0.0,0.0,0.0
84846A,SCENTED CANDLE IN DIGITALIS TIN,487.20000000000005,232,42,39,0.0,0.0,0.0,0.0
84847,FLORAL BATHROOM SET,1043.01,2315,37,32,1116.0,368.28,48.207343412526996,35.30934506859953
84849A,HELLO SAILOR BLUE SOAP HOLDER,700.78,430,68,52,23.0,38.87,5.348837209302325,5.546676560404121
84849B,FAIRY SOAP SOAP HOLDER,2932.99,1819,226,123,13.0,21.970000000000002,0.7146783947223749,0.7490649473745223
84849D,HOT BATHS SOAP HOLDER,2484.78,1518,227,122,24.0,40.56,1.5810276679841897,1.6323376717455869
84854,GIRLY PINK TOOL SET,1302.0,280,57,42,1.0,4.25,0.35714285714285715,0.32642089093702
84855,BLOKEY SILVER TOOL SET,153.45000000000002,31,11,10,0.0,0.0,0.0,0.0
84856L,LARGE TAHITI BEACH BAG,1177.45,211,55,46,0.0,0.0,0.0,0.0
84856S,SMALL TAHITI BEACH BAG,1802.49,457,29,25,1.0,3.81,0.2188183807439825,0.21137426559925437
84857A,SILVER MONTE CARLO HANDBAG,68.0,8,3,2,0.0,0.0,0.0,0.0
84857B,BLUE MONTE CARLO HANDBAG,46.8,24,1,1,2.0,3.9,8.333333333333332,8.333333333333334
84857C,PINK MONTE CARLO HANDBAG,402.54999999999995,193,14,13,1.0,1.95,0.5181347150259068,0.48441187430132904
84858A,NATURAL RIVIERA HANDBAG,116.7,52,7,7,0.0,0.0,0.0,0.0
84858B,BLUE RIVIERA HANDBAG,431.0,326,9,8,0.0,0.0,0.0,0.0
84858C,PINK RIVIERA HANDBAG,575.7,344,27,22,0.0,0.0,0.0,0.0
84859A,SILVER DISCO HANDBAG,560.76,284,50,40,0.0,0.0,0.0,0.0
84859B,BLUE DISCO HANDBAG,417.43,279,15,14,0.0,0.0,0.0,0.0
84859C,PINK DISCO HANDBAG,542.64,302,37,29,0.0,0.0,0.0,0.0
84864A,PINK PAISLEY PHOTO ALBUM,27.0,4,3,3,0.0,0.0,0.0,0.0
84865,NEW BAROQUE BLACK PHOTO ALBUM,449.65,64,37,26,0.0,0.0,0.0,0.0
84867A,PINK BABY GIRLS PHOTO ALBUM,92.25,15,3,3,0.0,0.0,0.0,0.0
84868A,PINK BABY GIRL'S MEMORY BOX,13.9,2,2,2,0.0,0.0,0.0,0.0
84868B,BLUE BABY BOY'S MEMORY BOX,34.75,5,4,4,2.0,13.9,40.0,40.0
84869,CANDY BUTTON PHOTO ALBUM,631.25,295,21,18,0.0,0.0,0.0,0.0
84870B,BLUE GEISHA GIRL,202.5,54,23,22,1.0,3.75,1.8518518518518516,1.8518518518518516
84870C,GREEN GEISHA GIRL,202.5,54,21,21,0.0,0.0,0.0,0.0
84872A,TEATIME FUNKY FLOWER BACKPACK FOR 2,118.65,7,6,6,0.0,0.0,0.0,0.0
84873A,FUNKY FLOWER PICNIC BAG FOR 4,101.69999999999999,6,5,5,0.0,0.0,0.0,0.0
84874B,BLUE TRAVEL FIRST AID KIT,128.7,78,28,26,0.0,0.0,0.0,0.0
84875A,PINK SQUARE COMPACT MIRROR,56.25,15,11,10,0.0,0.0,0.0,0.0
84875B,GREEN SQUARE COMPACT MIRROR,476.25,367,35,16,0.0,0.0,0.0,0.0
84875D,BLUE SQUARE COMPACT MIRROR,483.75,371,37,17,0.0,0.0,0.0,0.0
84876B,GREEN HEART COMPACT MIRROR,423.75,327,27,22,0.0,0.0,0.0,0.0
84876C,SILVER HEART COMPACT MIRROR,26.25,7,4,4,1.0,3.75,14.285714285714285,14.285714285714285
84876D,BLUE HEART COMPACT MIRROR,547.5,324,28,24,14.0,47.5,4.320987654320987,8.67579908675799
84877A,PINK ROUND COMPACT MIRROR,142.5,46,14,14,0.0,0.0,0.0,0.0
84877B,GREEN ROUND COMPACT MIRROR,296.25,227,15,13,2.0,2.5,0.881057268722467,0.8438818565400843
84877D,BLUE ROUND COMPACT MIRROR,173.75,101,15,14,0.0,0.0,0.0,0.0
84879,ASSORTED COLOUR BIRD ORNAMENT,124351.86,78234,2652,1010,511.0,774.07,0.6531686990311117,0.6224836524359185
84880,WHITE WIRE EGG HOLDER,9227.800000000001,1668,327,185,13.0,78.9,0.7793764988009593,0.8550250330522985
84881,BLUE WIRE SPIRAL CANDLE HOLDER,317.5,50,22,21,1.0,6.35,2.0,2.0
84882,GREEN WIRE STANDING CANDLE HOLDER,206.25,55,27,22,0.0,0.0,0.0,0.0
84884A,ANT WHITE WIRE HEART SPIRAL,5817.66,1654,269,195,1.0,3.95,0.06045949214026602,0.06789671448658052
84886,BLUE METAL WALL SHELF,109.44999999999999,11,8,8,0.0,0.0,0.0,0.0
84891B,GREEN WIRE GOBLET CANDLEHOLDER,55.65,7,5,5,0.0,0.0,0.0,0.0
84893,ANT WHITE IRON BASKET,186.35000000000002,33,15,12,0.0,0.0,0.0,0.0
84898F,YELLOW FLOWERS FELT HANDBAG KIT,323.40000000000003,154,47,37,0.0,0.0,0.0,0.0
84899E,YELLOW + BROWN BEAR FELT PURSE KIT,43.75,35,11,9,1.0,1.25,2.857142857142857,2.857142857142857
84899E,YELLOW BROWN BEAR FELT PURSE KIT,13.75,11,3,3,1.0,1.25,9.090909090909092,9.090909090909092
84899F,YELLOW PURPLE DAISY FELT PURSE KIT,107.5,86,23,20,0.0,0.0,0.0,0.0
84901,BLACK FACE LAMB WITH PANTS,365.34,98,56,44,0.0,0.0,0.0,0.0
84902,PINK KNITTED COW STUFFED TOY,215.34,58,33,28,0.0,0.0,0.0,0.0
84905,PINK BUTTERFLY C/COVER,29.700000000000003,6,3,3,0.0,0.0,0.0,0.0
84905,PINK BUTTERFLY CUSHION COVER,362.55,145,17,16,0.0,0.0,0.0,0.0
84906,PINK B'FLY C/COVER W BOBBLES,243.95,41,14,11,1.0,1.95,2.4390243902439024,0.7993441278950605
84906,PINK BUTTERFLY CUSHION COVER,33.15,17,4,3,1.0,1.95,5.88235294117647,5.88235294117647
84907,PINK YELLOW PATCH CUSHION COVER,774.1500000000001,359,11,9,6.0,45.900000000000006,1.6713091922005572,5.929083510947491
84907,PINK/YELLOW PATCH CUSHION COVER,45.9,6,3,3,6.0,45.900000000000006,100.0,100.00000000000003
84908A,PINK 5 PATCH FLOWER CUSHION COVER,769.65,387,7,4,1.0,6.95,0.2583979328165375,0.90300786071591
84908B,BLUE 5 PATCH FLOWER CUSHION COVER,755.75,385,5,2,0.0,0.0,0.0,0.0
84909A,PINK PAISLEY QUILT,2784.8,208,29,24,0.0,0.0,0.0,0.0
84910A,PINK PAISLEY CUSHION COVER,1058.2,412,40,37,13.0,77.35000000000001,3.1553398058252426,7.309582309582311
84912A,PINK ROSE WASHBAG,2291.25,891,97,59,0.0,0.0,0.0,0.0
84912B,GREEN ROSE WASHBAG,2212.5,870,84,56,0.0,0.0,0.0,0.0
84913A,SOFT PINK ROSE TOWEL,511.5,110,32,26,0.0,0.0,0.0,0.0
84913B,MINT GREEN ROSE TOWEL,483.6,104,30,27,1.0,4.65,0.9615384615384616,0.9615384615384616
84914A,PINK ROSE PICNIC RUG,77.85,3,2,2,0.0,0.0,0.0,0.0
84915,HAND TOWEL PINK FLOWER AND DAISY,335.5,208,18,15,0.0,0.0,0.0,0.0
84916,HAND TOWEL PALE BLUE W FLOWERS,514.5,230,30,28,0.0,0.0,0.0,0.0
84917,WHITE HAND TOWEL WITH BUTTERFLY,477.85,183,17,16,0.0,0.0,0.0,0.0
84918,CREAM C/COVER W YELLOW/GREEN FLOWER,69.5,10,3,3,2.0,13.9,20.0,20.0
84918,CREAM CUSHION COVER WITH FLOWERS,355.85,103,14,13,2.0,13.9,1.9417475728155338,3.9061402276239985
84919,BLUE CUSHION COVER WITH FLOWER,1365.3,254,19,18,172.0,723.4000000000001,67.71653543307087,52.98469200908226
84919,L BLUE C/COVER W PINK/YELLOW FLOWER,41.7,6,2,2,172.0,723.4000000000001,2866.666666666667,1734.7721822541967
84920,PINK FLOWER FABRIC PONY,537.35,145,54,43,0.0,0.0,0.0,0.0
84921,CREAM AND PINK FLOWERS PONY,101.25,27,14,13,0.0,0.0,0.0,0.0
84922,PINK BUTTERFLY WASHBAG,748.75,335,10,9,0.0,0.0,0.0,0.0
84923,PINK BUTTERFLY HANDBAG W BOBBLES,76.5,9,5,5,0.0,0.0,0.0,0.0
84924A,WAKE UP COCKEREL CALENDAR SIGN,449.88,117,46,41,0.0,0.0,0.0,0.0
84924D,LA PALMIERA METAL SIGN CALENDAR,246.0,760,12,11,0.0,0.0,0.0,0.0
84924F,PSYCHEDELIC METAL SIGN CALENDAR,259.15,973,8,8,480.0,120.0,49.33196300102775,46.305228632066374
84925A,WAKE UP COCKEREL WALL THERMOMETER,328.95,177,15,14,0.0,0.0,0.0,0.0
84925C,FAIRY CAKES  WALL THERMOMETER,71.39999999999999,28,10,10,0.0,0.0,0.0,0.0
84925D,LA PALMIERA WALL THERMOMETER,677.4499999999999,452,26,24,372.0,93.0,82.30088495575221,13.72795040224371
84925E,FLOWERS WALL THERMOMETER,130.05,75,3,3,0.0,0.0,0.0,0.0
84925F,PSYCHEDELIC WALL THERMOMETER,857.9300000000001,711,31,29,0.0,0.0,0.0,0.0
84926A,WAKE UP COCKEREL TILE COASTER,265.59,651,42,29,0.0,0.0,0.0,0.0
84926B,SCOTTS ROSES TILE COASTER,67.5,54,10,8,0.0,0.0,0.0,0.0
84926C,FAIRY CAKES TILE COASTER,156.25,125,19,17,6.0,7.5,4.8,4.8
84926D,LA PALMIERA TILE COASTER,337.89,762,38,29,0.0,0.0,0.0,0.0
84926E,FLOWERS TILE COASTER,461.63,1077,48,40,0.0,0.0,0.0,0.0
84926F,PSYCHEDELIC TILE COASTER,230.5,465,30,24,24.0,6.959999999999999,5.161290322580645,3.0195227765726678
84927A,WAKE UP COCKEREL TILE HOOK,124.17,218,25,22,75.0,10.35,34.403669724770644,8.335346702101956
84927D,LA PALMIERA TILE HOOK,194.61,949,24,22,435.0,40.86000000000001,45.8377239199157,20.995837829505167
84927E,FLOWERS TILE HOOK,203.34,489,24,22,194.0,19.56,39.672801635991824,9.619356742401889
84927F,PSYCHEDELIC TILE HOOK,227.25,324,51,44,6.0,4.05,1.8518518518518516,1.782178217821782
84929,ASSTD FRUIT+FLOWERS FRIDGE MAGNETS,915.12,2928,90,82,163.0,89.28999999999999,5.566939890710382,9.75719031383862
84931A,PINK SCOTTIE DOG W FLOWER PATTERN,369.6,146,47,42,0.0,0.0,0.0,0.0
84931B,BLUE SCOTTIE DOG W FLOWER PATTERN,553.05,219,52,44,3.0,7.649999999999999,1.36986301369863,1.3832384052074855
84932A,SMALL GREEN PEONY FOLDING STOOL,602.6,262,24,22,0.0,0.0,0.0,0.0
84932B,SMALL PINK PEONY FOLDING STOOL,401.3,189,17,17,0.0,0.0,0.0,0.0
84932C,SMALL ORIENTAL BLUE FOLDING STOOL,615.4,282,34,31,1.0,8.5,0.3546099290780142,1.3812154696132597
84932D,SMALL ORIENTAL RED FOLDING STOOL,540.75,237,19,16,0.0,0.0,0.0,0.0
84933A,LARGE GREEN PEONY FOLDING STOOL,314.34999999999997,131,6,5,0.0,0.0,0.0,0.0
84933B,LARGE PINK PEONY FOLDING STOOL,309.15,136,6,5,0.0,0.0,0.0,0.0
84933C,LARGE BLUE ORIENTAL FOLDING STOOL,317.0,136,6,6,0.0,0.0,0.0,0.0
84934,ASSTD DESIGN POP ART SLIM PEN,581.4,684,12,12,1.0,0.85,0.14619883040935672,0.14619883040935672
84937,KASHMIR FOLKART TUMBLERS,4827.82,2486,83,50,18.0,37.800000000000004,0.7240547063555913,0.7829620822648733
84942,KASHMIR FOLKART HEART DISHES,5.07,3,3,3,0.0,0.0,0.0,0.0
84944,SET OF 6 KASHMIR FOLKART BAUBLES,2493.75,911,149,122,93.0,244.45,10.208562019758508,9.80250626566416
84945,MULTI COLOUR SILVER T-LIGHT HOLDER,16833.35,21125,585,344,156.0,141.73,0.7384615384615384,0.8419595624162748
84946,ANTIQUE SILVER T-LIGHT GLASS,15176.42,12949,534,348,450.0,503.03000000000003,3.475171827940381,3.3145498081892835
84946,ANTIQUE SILVER TEA GLASS ETCHED,21540.440000000002,18604,789,413,450.0,503.03000000000003,2.4188346592130725,2.3352819162468363
84947,ANTIQUE SILVER TEA GLASS ENGRAVED,17162.93,15028,559,312,37.0,44.54,0.2462070801171147,0.2595127988053322
84948,SILVER HANGING T-LIGHT HOLDER DOME,442.2,268,33,28,4.0,6.6,1.4925373134328357,1.4925373134328357
84949,SILVER HANGING T-LIGHT HOLDER,18001.35,11635,612,330,512.0,793.8000000000001,4.400515685431886,4.409669274804391
84950,ASSORTED COLOUR T-LIGHT HOLDER,3677.1400000000003,5610,221,156,58.0,44.49999999999999,1.033868092691622,1.2101796504892386
84951A,S/4 PISTACHIO LOVEBIRD COASTERS,95.39999999999999,68,5,5,24.0,18.96,35.294117647058826,19.874213836477992
84951A,SET OF 4 PISTACHIO LOVEBIRD COASTER,393.32,393,41,33,24.0,18.96,6.106870229007633,4.820502389911523
84951B,S/4 BLACK LOVEBIRD COASTERS,25.5,10,3,3,0.0,0.0,0.0,0.0
84951B,SET OF 4 BLACK LOVEBIRD COASTERS,374.54,356,37,29,0.0,0.0,0.0,0.0
84952A,CLEAR LOVE BIRD T-LIGHT HOLDER,249.11,84,14,13,0.0,0.0,0.0,0.0
84952B,BLACK LOVE BIRD T-LIGHT HOLDER,485.36,311,21,15,3.0,11.25,0.964630225080386,2.3178671501565846
84952C,MIRROR LOVE BIRD T-LIGHT HOLDER,601.65,343,24,18,0.0,0.0,0.0,0.0
84962,SET/3 COLOUR PAINTED KASHMIRI STOOL,179.85000000000002,3,2,2,0.0,0.0,0.0,0.0
84963A,PINK PAINTED KASHMIRI CHAIR,713.4000000000001,22,8,8,0.0,0.0,0.0,0.0
84963B,BLUE PAINTED KASHMIRI CHAIR,591.5,18,6,5,0.0,0.0,0.0,0.0
84964A,PINK PAINTED KASHMIRI TABLE,630.0,11,2,2,0.0,0.0,0.0,0.0
84964B,BLUE PAINTED KASHMIRI TABLE,990.0,17,2,2,0.0,0.0,0.0,0.0
84965A,PINK KASHMIRI COFFEE TABLE,1050.0,20,3,2,0.0,0.0,0.0,0.0
84965B,BLUE KASHMIRI COFFEE TABLE,1359.95,27,4,3,0.0,0.0,0.0,0.0
84966A,PINK KASHMIRI BOXED MIRROR,176.0,12,3,3,0.0,0.0,0.0,0.0
84966B,BLUE KASHMIRI BOXED MIRROR,428.0,33,4,3,0.0,0.0,0.0,0.0
84966C,GREEN KASHMIRI BOXED MIRROR,276.0,23,2,1,0.0,0.0,0.0,0.0
84967A,PINK KASHMIRI OCCASIONAL TABLE,94.95,2,2,2,1.0,79.95,50.0,84.20221169036336
84967B,BLUE KASHMIRI OCCASIONAL TABLE,1169.5,23,10,8,3.0,139.95,13.043478260869565,11.966652415562205
84967C,GREEN KASHMIRI OCCASIONAL TABLE,419.85,9,4,3,0.0,0.0,0.0,0.0
84968A,S/16 VINTAGE ROSE CUTLERY,1652.55,133,48,29,34.0,390.29999999999995,25.563909774436087,23.618044839793047
84968A,SET OF 16 VINTAGE ROSE CUTLERY,2649.8999999999996,218,68,44,34.0,390.29999999999995,15.59633027522936,14.728857692743121
84968B,S/16 VINTAGE IVORY CUTLERY,3420.0,276,76,49,1.0,12.75,0.36231884057971014,0.37280701754385964
84968B,SET OF 16 VINTAGE IVORY CUTLERY,51.0,4,4,4,1.0,12.75,25.0,25.0
84968C,S/16 VINTAGE PISTACHIO CUTLERY,2482.0499999999997,215,30,20,4.0,51.0,1.8604651162790697,2.054753127455128
84968C,SET OF 16 VINTAGE PISTACHIO CUTLERY,1772.25,139,67,50,4.0,51.0,2.877697841726619,2.877697841726619
84968D,S/16 VINTAGE RED CUTLERY,2836.95,253,17,12,1.0,12.75,0.3952569169960474,0.4494263205202771
84968D,SET OF 16 VINTAGE RED CUTLERY,1146.42,88,42,38,1.0,12.75,1.1363636363636365,1.1121578479091432
84968E,S/16 VINTAGE BLACK CUTLERY,2278.0499999999997,199,27,20,4.0,51.0,2.0100502512562812,2.2387568315006257
84968E,SET OF 16 VINTAGE BLACK CUTLERY,1404.81,116,35,27,4.0,51.0,3.4482758620689653,3.6303841800670553
84968F,S/16 VINTAGE SKY BLUE CUTLERY,624.75,49,26,23,0.0,0.0,0.0,0.0
84968F,SET OF 16 VINTAGE SKY BLUE CUTLERY,1308.3,106,39,33,0.0,0.0,0.0,0.0
84969,ASSORTED COLOUR SET 6 TEASPOONS,964.75,227,63,48,5.0,21.25,2.2026431718061676,2.2026431718061676
84969,BOX OF 6 ASSORTED COLOUR TEASPOONS,1790.74,418,105,62,5.0,21.25,1.1961722488038278,1.1866602633548142
84970L,SINGLE HEART ZINC T-LIGHT HOLDER,15241.51,16445,821,463,36.0,34.2,0.21891152325934937,0.2243872162272636
84970S,HANGING HEART ZINC T-LIGHT HOLDER,19821.96,25389,1141,616,125.0,105.19999999999999,0.49233920201662135,0.5307245095843196
84971L,LARGE HEART FLOWERS HOOK,680.36,568,43,37,25.0,31.25,4.401408450704225,4.593156564171909
84971S,SMALL HEART FLOWERS HOOK,5053.259999999999,6206,325,180,2.0,1.7,0.03222687721559781,0.033641649153219905
84972L,GIANT PINK HEART MEMO HOLDER,442.40000000000003,112,44,41,0.0,0.0,0.0,0.0
84974,S/2 ZINC HEART DESIGN PLANTERS,879.55,89,57,52,1.0,9.95,1.1235955056179776,1.1312603035643227
84975,HEART SHAPED MIRROR,3041.07,1923,167,115,9.0,15.209999999999999,0.46801872074883,0.5001529067071787
84976,RECTANGULAR SHAPED MIRROR,656.9,652,42,40,14.0,11.06,2.147239263803681,1.683665702542244
84977,WIRE FLOWER T-LIGHT HOLDER,275.0,220,41,34,0.0,0.0,0.0,0.0
84978,HANGING HEART JAR T-LIGHT HOLDER,22079.739999999998,19012,1087,525,361.0,417.72,1.8988007574163686,1.891870103542886
84984A,GREEN PEONY CUSHION COVER,403.75,255,12,8,2.0,9.3,0.7843137254901961,2.303405572755418
84984A,GREEN PEONY DES C/COVER,46.5,10,4,4,2.0,9.3,20.0,20.0
84984B,RED PEONY CUSHION COVER,480.85,309,10,7,2.0,9.3,0.6472491909385114,1.934075075387335
84984B,RED PEONY DES C/COVER,60.45,13,6,6,2.0,9.3,15.384615384615385,15.384615384615385
84984C,ORIENTAL BLUE C/COVER,41.85,9,5,5,0.0,0.0,0.0,0.0
84984C,ORIENTAL BLUE CUSHION COVER,299.7,218,7,6,0.0,0.0,0.0,0.0
84984D,ORIENTAL RED C/COVER,88.2,20,5,5,0.0,0.0,0.0,0.0
84984D,ORIENTAL RED CUSHION COVER,239.8,132,10,9,0.0,0.0,0.0,0.0
84985A,SET OF 72 GREEN PAPER DOILIES,838.0999999999999,578,119,95,5.0,7.25,0.8650519031141869,0.8650519031141869
84985B,SET OF 72 BLACK PAPER DOILIES,176.89999999999998,122,19,12,0.0,0.0,0.0,0.0
84986B,SET OF 36 SILVER PAPER DOILIES,601.75,415,67,58,0.0,0.0,0.0,0.0
84987,SET OF 36 TEATIME PAPER DOILIES,11012.88,7832,642,406,70.0,97.7,0.8937691521961185,0.8871430543145844
84988,SET OF 72 PINK HEART PAPER DOILIES,10729.4,7595,618,379,64.0,91.27000000000001,0.8426596445029624,0.8506533450146329
84989A,75 GREEN FAIRY CAKE CASES,1027.1,2066,121,95,4.0,2.07,0.1936108422071636,0.20153831175153347
84989B,75 BLACK FAIRY CAKE CASES,479.34999999999997,985,46,34,0.0,0.0,0.0,0.0
84990,60 GOLD AND SILVER FAIRY CAKE CASES,2006.23,4201,161,112,24.0,13.2,0.5712925493930017,0.6579504842415874
84991,60 TEATIME FAIRY CAKE CASES,25785.92,52828,1765,822,350.0,187.94999999999996,0.6625274475656848,0.7288861518223898
84992,72 SWEETHEART FAIRY CAKE CASES,16178.47,33936,1176,614,410.0,175.32999999999998,1.2081565299387083,1.0837242335029207
84993A,75 GREEN PETIT FOUR CASES,564.06,1343,126,88,0.0,0.0,0.0,0.0
84993B,75 BLACK PETIT FOUR CASES,218.82,521,77,57,0.0,0.0,0.0,0.0
84997A,CHILDRENS CUTLERY POLKADOT GREEN,6599.06,1688,166,114,26.0,98.7,1.5402843601895735,1.495667564774377
84997A,GREEN 3 PIECE MINI DOTS CUTLERY SET,6762.54,1886,226,154,26.0,98.7,1.378579003181336,1.4595107755370025
84997A,GREEN 3 PIECE POLKADOT CUTLERY SET,5473.05,1519,152,107,26.0,98.7,1.7116524028966424,1.803382026475183
84997B,CHILDRENS CUTLERY RETROSPOT RED,9603.68,2492,229,157,109.0,382.83000000000004,4.373996789727127,3.986284424304017
84997B,RED 3 PIECE MINI DOTS CUTLERY SET,14609.91,4051,460,268,109.0,382.83000000000004,2.690693655887435,2.620344683848155
84997B,RED 3 PIECE RETROSPOT CUTLERY SET,8574.54,2362,243,169,109.0,382.83000000000004,4.614733276883996,4.464729303262915
84997C,BLUE 3 PIECE MINI DOTS CUTLERY SET,13805.16,3820,445,271,92.0,319.48,2.408376963350785,2.3142071515288487
84997C,BLUE 3 PIECE POLKADOT CUTLERY SET,7889.360000000001,2188,227,160,92.0,319.48,4.204753199268739,4.049504649299816
84997C,CHILDRENS CUTLERY POLKADOT BLUE,9827.25,2523,211,150,92.0,319.48,3.64645263575109,3.250960339871276
84997D,CHILDRENS CUTLERY POLKADOT PINK,13788.300000000001,3528,323,208,55.0,206.25,1.5589569160997732,1.4958334239899043
84997D,PINK 3 PIECE MINI DOTS CUTLERY SET,15067.14,4198,416,238,55.0,206.25,1.3101476893758932,1.3688729247886462
84997D,PINK 3 PIECE POLKADOT CUTLERY SET,9227.380000000001,2558,253,172,55.0,206.25,2.150117279124316,2.2351956893506064
85006,SET 4 NURSERY DES ROUND BOXES,1280.45,3047,35,32,1480.0,564.4,48.572366261896946,44.07825373891991
85007,SET OF 3 VINTAGE TEA TIME BOXES,376.35,139,19,16,3.0,13.95,2.158273381294964,3.7066560382622558
85008,SET OF 3 CONEY ISLAND OVAL BOXES,961.8,259,89,77,2.0,9.9,0.7722007722007722,1.0293200249532128
85014A,BLACK/BLUE DOTS RUFFLED UMBRELLA,12089.2,2944,283,184,8.0,47.6,0.2717391304347826,0.39373986698871716
85014A,BLACK/BLUE POLKADOT UMBRELLA,9085.49,1622,357,238,8.0,47.6,0.4932182490752158,0.5239123041244886
85014B,RED RETROSPOT UMBRELLA,14439.12,2613,421,273,18.0,105.10000000000001,0.6888633754305395,0.727883693743109
85014B,RED/WHITE DOTS RUFFLED UMBRELLA,14796.15,3405,373,247,18.0,105.10000000000001,0.5286343612334802,0.7103199143020313
85014C,BLUE/BROWN DOTS RUFFLED UMBRELLA,2167.85,539,65,55,192.0,576.0,35.621521335807046,26.570104020112094
85014D,PINK/BROWN DOTS RUFFLED UMBRELLA,6607.6,1912,86,73,0.0,0.0,0.0,0.0
85015,SET OF 12  VINTAGE POSTCARD SET,2250.87,2709,144,133,0.0,0.0,0.0,0.0
85016,SET OF 6 VINTAGE NOTELETS KIT,1457.3999999999999,1450,70,60,7.0,17.85,0.4827586206896552,1.22478386167147
85017A,ENVELOPE 50 ROMANTIC IMAGES,599.64,924,53,45,0.0,0.0,0.0,0.0
85017B,ENVELOPE 50 BLOSSOM IMAGES,1080.99,1859,118,98,12.0,10.2,0.6455083378160301,0.9435794965725861
85017C,ENVELOPE 50 CURIOUS IMAGES,590.11,931,56,44,288.0,120.96,30.934479054779807,20.497873277863448
85018A,S/6 PAPER BOXES ROMANTIC IMAGES,63.75,15,10,10,0.0,0.0,0.0,0.0
85018B,S/6 PAPER BOXES BLOSSOM IMAGES,63.75,15,10,10,0.0,0.0,0.0,0.0
85018C,S/6 PAPER BOXES CURIOUS IMAGES,127.2,36,4,4,0.0,0.0,0.0,0.0
85018D,YULETIDE IMAGES S/6 PAPER BOXES,901.5,762,63,57,21.0,38.25,2.7559055118110236,4.242928452579035
85019A,ROMANTIC IMAGES NOTEBOOK SET,876.75,639,41,37,24.0,30.0,3.755868544600939,3.4217279726261762
85019B,BLOSSOM  IMAGES NOTEBOOK SET,940.0,704,36,31,24.0,30.0,3.4090909090909087,3.1914893617021276
85019C,CURIOUS  IMAGES NOTEBOOK SET,634.25,421,23,18,36.0,81.0,8.551068883610451,12.770989357508869
85020,ROUND PINK HEART MIRROR,470.4,224,44,36,0.0,0.0,0.0,0.0
85023A,CRYSTAL LARGE JEWELLED PHOTO FRAME,56.099999999999994,22,10,9,1.0,2.55,4.545454545454546,4.545454545454546
85023B,EAU DE NILE JEWELLED PHOTOFRAME,679.8000000000001,292,37,32,74.0,156.3,25.34246575342466,22.992056487202117
85023C,PINK LARGE JEWELED PHOTOFRAME,58.64999999999999,23,11,10,1.0,2.55,4.3478260869565215,4.347826086956522
85024A,CRYSTAL SMALL JEWELLED PHOTOFRAME,1.65,1,1,1,0.0,0.0,0.0,0.0
85024B,EAU DE NILE JEWELLED PHOTOFRAME,330.90000000000003,218,20,19,0.0,0.0,0.0,0.0
85024C,PINK SMALL JEWELLED PHOTOFRAME,163.35,99,42,33,1.0,1.65,1.0101010101010102,1.01010101010101
85025B,EAU DE NILE HEART SHAPE PHOTO FRAME,837.45,525,65,55,4.0,6.6,0.7619047619047619,0.7881067526419486
85025C,PINK HEART SHAPE PHOTO FRAME,1029.1,642,92,73,2.0,3.3,0.3115264797507788,0.32066854533087163
85026B,EAU DE NILE JEWELLED T-LIGHT HOLDER,136.85,161,20,20,10.0,8.5,6.211180124223603,6.211180124223603
85027L,FRENCH CHATEAU LARGE PLATTER,538.5,190,40,36,34.0,66.3,17.894736842105264,12.311977715877436
85028L,FRENCH CHATEAU LARGE FRUIT BOWL,621.75,269,25,22,26.0,45.9,9.66542750929368,7.38238841978287
85028S,FRENCH CHATEAU SMALL FRUITBOWL,646.65,429,32,29,38.0,54.9,8.857808857808857,8.48990953375087
85030,FRENCH CHATEAU OVAL PLATTER,531.4499999999999,211,29,26,27.0,70.64999999999999,12.796208530805686,13.293818797629129
85031A,ROMANTIC IMAGES SCRAP BOOK SET,634.2,386,38,36,0.0,0.0,0.0,0.0
85031B,BLOSSOM IMAGES SCRAP BOOK SET,598.8,408,26,25,0.0,0.0,0.0,0.0
85031C,CURIOUS IMAGES SCRAP BOOK SET,543.45,343,28,23,0.0,0.0,0.0,0.0
85032A,ROMANTIC IMAGES GIFT WRAP SET,1200.55,1383,118,103,0.0,0.0,0.0,0.0
85032B,BLOSSOM IMAGES GIFT WRAP SET,846.0,929,106,95,0.0,0.0,0.0,0.0
85032C,CURIOUS IMAGES GIFT WRAP SET,772.1,793,100,85,12.0,7.800000000000001,1.5132408575031526,1.0102318352545008
85032D,YULETIDE IMAGES GIFT WRAP SET,1063.06,1008,90,89,12.0,7.800000000000001,1.1904761904761905,0.7337309276992834
85033G,SET/6 GOLD REINDEER T-LIGHT CANDLES,225.55,201,17,16,3.0,1.9500000000000002,1.4925373134328357,0.8645533141210375
85033S,SET/6 SILVER REINDEER T-LIGHTS,252.2,242,39,34,1.0,0.65,0.4132231404958678,0.2577319587628866
85034A,3 GARDENIA MORRIS BOXED CANDLES,2145.11,819,110,92,11.0,37.75,1.3431013431013432,1.7598165129060979
85034B,3 WHITE CHOC MORRIS BOXED CANDLES,2232.73,1105,111,95,0.0,0.0,0.0,0.0
85034C,3 ROSE MORRIS BOXED CANDLES,2223.73,1237,158,130,23.0,85.75,1.8593371059013744,3.8561336133433466
85035A,GARDENIA 3 WICK MORRIS BOXED CANDLE,2112.17,613,154,113,34.0,133.94,5.5464926590538335,6.341345630323317
85035B,CHOCOLATE 3 WICK MORRIS BOX CANDLE,2242.12,916,98,75,0.0,0.0,0.0,0.0
85035C,ROSE 3 WICK MORRIS BOX CANDLE,2470.82,1302,168,129,3.0,12.75,0.2304147465437788,0.5160230206975821
85036A,GARDENIA 1 WICK MORRIS BOXED CANDLE,2293.17,605,155,117,2.0,5.5,0.3305785123966942,0.23984266321293232
85036B,CHOCOLATE 1 WICK MORRIS BOX CANDLE,1498.06,588,79,70,6.0,25.5,1.0204081632653061,1.7022015139580526
85036C,ROSE 1 WICK MORRIS BOXED CANDLE,1575.68,862,120,99,193.0,232.25,22.389791183294662,14.739667952883833
85038,6 CHOCOLATE LOVE HEART T-LIGHTS,4935.76,2502,282,191,0.0,0.0,0.0,0.0
85039A,SET/4 RED MINI ROSE CANDLE IN BOWL,1095.35,1117,90,61,3.0,4.949999999999999,0.26857654431512984,0.45191034829050075
85039B,S/4 IVORY MINI ROSE CANDLE IN BOWL,1488.43,1255,110,84,12.0,19.8,0.9561752988047808,1.3302607445429078
85039C,S/4 BLACK MINI ROSE CANDLE IN BOWL,267.96999999999997,413,39,27,2.0,3.3,0.48426150121065376,1.231481135948054
85040A,S/4 PINK FLOWER CANDLES IN BOWL,3131.09,1905,314,193,44.0,72.60000000000001,2.3097112860892386,2.318681353777758
85040B,SET/4 BLUE FLOWER CANDLES IN BOWL,3703.95,2415,232,132,65.0,97.64999999999999,2.691511387163561,2.6363746810837076
85041,SET/4 PINK ORCHID CANDLES IN BOWL,2397.7799999999997,1818,79,64,14.0,23.1,0.77007700770077,0.9633911368015415
85042,ANTIQUE LILY FAIRY LIGHTS,12081.0,2668,281,142,168.0,757.4000000000001,6.296851574212893,6.269348563860608
85043,RED HEART CANDY POP LIGHTS,4.95,1,1,1,3.0,14.850000000000001,300.0,300.0
85044,RED REINDEER STRING OF 20 LIGHTS,605.75,131,26,26,5.0,23.35,3.816793893129771,3.854725546842757
85045,GREEN CHRISTMAS TREE STRING 20LIGHT,2102.55,457,70,60,12.0,54.5,2.62582056892779,2.5920905567049535
85047,WHITE BEADED GARLAND STRING 20LIGHT,6043.099999999999,994,201,137,74.0,450.7,7.44466800804829,7.458092700766164
85048,15CM CHRISTMAS GLASS BALL 20 LIGHTS,18618.75,2525,432,309,93.0,695.35,3.683168316831683,3.7346760657938907
85049A,TRADITIONAL CHRISTMAS RIBBONS,7171.83,5802,562,387,51.0,63.75,0.8790072388831437,0.888894466265932
85049B,LUSH GREENS RIBBONS,2585.36,2092,317,224,0.0,0.0,0.0,0.0
85049C,ROMANTIC PINKS RIBBONS,3630.32,2927,459,303,25.0,31.25,0.8541168431841476,0.8608056590052667
85049D,BRIGHT BLUES RIBBONS,2826.39,2283,372,263,0.0,0.0,0.0,0.0
85049E,SCANDINAVIAN REDS RIBBONS,7427.48,5933,681,434,28.0,35.0,0.4719366256531266,0.47122307969863264
85049F,BABY BOOM RIBBONS,2565.14,2074,295,206,25.0,31.25,1.2054001928640308,1.2182570931800993
85049G,CHOCOLATE BOX RIBBONS,4570.5,3761,459,288,45.0,56.25,1.1964902951342729,1.2307187397440105
85049H,URBAN BLACK RIBBONS,1653.3,1627,210,154,0.0,0.0,0.0,0.0
85050,FRENCH ENAMEL SOAP DISH WITH LID,100.8,48,1,1,0.0,0.0,0.0,0.0
85053,FRENCH ENAMEL CANDLEHOLDER,3667.29,1845,277,185,41.0,84.46,2.2222222222222223,2.3030630247403394
85054,FRENCH ENAMEL POT W LID,2083.9100000000003,843,159,107,8.0,20.2,0.9489916963226572,0.9693316889884878
85055,FRENCH ENAMEL UTENSIL HOLDER,1130.6,316,79,62,0.0,0.0,0.0,0.0
85059,FRENCH ENAMEL WATER BASIN,1655.31,536,142,108,10.0,30.0,1.8656716417910446,1.8123493484604094
85060,WOOD FAN WITH FLOWER DESIGN,1638.43,1391,74,53,38.0,47.5,2.7318475916606757,2.899116837460251
85061W,WHITE JEWELLED HEART DECORATION,4714.5199999999995,5858,330,201,25.0,21.249999999999996,0.4267668146124957,0.4507351755852133
85062,PEARL CRYSTAL PUMPKIN T-LIGHT HLDR,5792.07,3648,278,172,9.0,14.27,0.24671052631578946,0.24637133183818566
85063,CREAM SWEETHEART MAGAZINE RACK,4455.25,275,150,104,66.0,1060.7000000000003,24.0,23.807867123057076
85064,CREAM SWEETHEART LETTER RACK,6897.62,1538,239,172,4.0,20.200000000000003,0.26007802340702213,0.2928546368167571
85065,CREAM SWEETHEART TRAYS,6734.5,582,232,162,36.0,377.79999999999995,6.185567010309279,5.6099190734278706
85066,CREAM SWEETHEART MINI CHEST,35264.729999999996,2948,809,471,106.0,1235.4,3.595658073270014,3.503216953596413
85067,CREAM SWEETHEART WALL CABINET,7417.259999999999,472,154,110,11.0,202.44999999999996,2.330508474576271,2.7294445657830515
85068,CREAM SWEETHEART SHELF + HOOKS,6097.56,922,173,130,4.0,29.8,0.43383947939262474,0.4887200781952125
85069,CREAM SWEETHEART DOUBLE SHELF,50.85,3,1,1,6.0,101.7,200.0,200.0
85070,ANT WHITE SWEETHEART TABLE W 3 DRAW,320.0,3,3,3,1.0,125.0,33.33333333333333,39.0625
85071A,BLUE CHARLIE+LOLA PERSONAL DOORSIGN,1336.41,1839,124,106,152.0,448.4,8.26536160957042,33.552577427585845
85071B,RED CHARLIE+LOLA PERSONAL DOORSIGN,1226.57,2291,139,123,2.0,5.9,0.08729812309035355,0.48101616703490224
85071C,"CHARLIE+LOLA""EXTREMELY BUSY"" SIGN",669.8199999999999,1197,98,85,0.0,0.0,0.0,0.0
85071D,CHARLIE+LOLA MY ROOM DOOR SIGN,482.34,838,87,78,0.0,0.0,0.0,0.0
85072,OCCASIONS GIFT CARD ASSORTMENT,66.0,120,1,1,0.0,0.0,0.0,0.0
85078,SCANDINAVIAN 3 HEARTS NAPKIN RING,570.2,2044,84,63,1.0,0.65,0.04892367906066536,0.11399508944230094
85079,EMBROIDERED REINDEER DECORATION,28.0,18,6,6,0.0,0.0,0.0,0.0
85080,PADDED RED HEART DECORATION,55.76,113,22,19,0.0,0.0,0.0,0.0
85081,PADDED HOLLY CHRISTMAS DECORATION,44.49,100,20,20,0.0,0.0,0.0,0.0
85083,KISS REINDEER SCANDINAVIAN STOCKING,12.749999999999998,5,2,2,6.0,15.3,120.0,120.00000000000001
85084,HOLLY TOP CHRISTMAS STOCKING,554.5699999999999,605,62,53,0.0,0.0,0.0,0.0
85086A,CANDY SPOT HEART DECORATION,336.59999999999997,396,49,44,0.0,0.0,0.0,0.0
85087,CANDY SPOT CUSHION COVER,325.11000000000007,113,21,21,2.0,5.9,1.7699115044247788,1.8147703854080155
85088,CANDY SPOT HAND BAG,563.77,273,44,38,4.0,8.4,1.465201465201465,1.4899693137272292
85089,CANDY SPOT BUNNY,249.45000000000005,87,18,15,0.0,0.0,0.0,0.0
85090,CANDY SPOT APRON,381.3,82,35,26,8.0,37.2,9.75609756097561,9.75609756097561
85091,CANDY SPOT BREAD BASKETS,487.35,337,14,14,17.0,69.69999999999999,5.044510385756676,14.30183646250128
85092,CANDY SPOT TEA COSY,534.7,374,14,14,24.0,30.0,6.417112299465241,5.610622779128483
85093,CANDY SPOT EGG WARMER HARE,692.74,1044,59,57,3.0,3.75,0.28735632183908044,0.5413286370066691
85094,CANDY SPOT EGG WARMER RABBIT,211.43,609,42,40,1.0,1.25,0.16420361247947454,0.5912122215390436
85095,THREE CANVAS LUGGAGE TAGS,143.85999999999999,90,11,9,0.0,0.0,0.0,0.0
85096,HILDA CANDY SPOT RABBIT,532.5,142,50,42,1.0,3.75,0.7042253521126761,0.7042253521126761
85097B,BLUE ROCKING SINGING CANARY,378.75,101,36,25,12.0,38.6,11.881188118811881,10.191419141914192
85098B,BLUE FLYING SINGING CANARY,1172.4,328,84,61,49.0,154.15,14.939024390243901,13.148242920504947
85099B,JUMBO BAG RED RETROSPOT,134307.44,74224,2612,860,1213.0,2168.8199999999997,1.6342422935977583,1.6148174665528578
85099B,JUMBO BAG RED WHITE SPOTTY,24323.85,13879,465,321,1213.0,2168.8199999999997,8.739822753800706,8.916433870460473
85099B,RED RETROSPOT JUMBO BAG,9289.35,5333,183,157,1213.0,2168.8199999999997,22.745171573223327,23.34738167901952
85099C,JUMBO  BAG BAROQUE BLACK WHITE,52188.18,28899,1449,506,313.0,570.8800000000001,1.083082459600678,1.0938875431180013
85099F,JUMBO BAG STRAWBERRY,64127.77,35842,1514,549,283.0,512.24,0.789576474527091,0.7987803099967457
85103,SILVER T-LIGHT SETTING,1543.6000000000001,248,54,46,46.0,280.1,18.548387096774192,18.14589271832081
85104,SILVER GLASS T-LIGHT SET,888.9300000000001,327,51,40,8.0,23.6,2.4464831804281344,2.654877211928948
85106,CUT GLASS HEXAGON T-LIGHT HOLDER,1849.0,1022,44,40,0.0,0.0,0.0,0.0
85107,CUT GLASS T-LIGHT HOLDER OCTAGON,2118.21,1169,64,56,0.0,0.0,0.0,0.0
85109,PINK BOUDOIR T-LIGHT HOLDER,462.15000000000003,4203,18,17,1872.0,131.04000000000002,44.53961456102783,28.354430379746837
85110,BLACK SILVER FLOWER T-LIGHT HOLDER,1124.68,11512,19,17,5040.0,387.36,43.780403057678946,34.44179677775011
85111,SILVER GLITTER FLOWER VOTIVE HOLDER,879.92,2872,63,50,144.0,41.76,5.013927576601671,4.745885989635421
85112,S/3 TEAR DROP CUT GLASS DECORATION,320.25,429,23,20,0.0,0.0,0.0,0.0
85113,POLKA DOT PISTACHIO PAIL,566.22,279,43,36,0.0,0.0,0.0,0.0
85114A,BLACK ENCHANTED FOREST PLACEMAT,1813.35,1179,83,46,0.0,0.0,0.0,0.0
85114B,IVORY ENCHANTED FOREST PLACEMAT,2756.45,1753,157,99,2.0,3.3,0.11409013120365087,0.11971920404868582
85114C,RED ENCHANTED FOREST PLACEMAT,1549.65,961,127,79,0.0,0.0,0.0,0.0
85115B,S/4 BLACK DISCO PARTITION PANEL,12.75,3,1,1,0.0,0.0,0.0,0.0
85116,BLACK CANDELABRA T-LIGHT HOLDER,1139.66,1173,52,40,30.0,63.00000000000001,2.557544757033248,5.527964480634576
85117,NIGHTINGALE COATHOOK WHITE,493.45,317,40,29,0.0,0.0,0.0,0.0
85118,HEART T-LIGHT HOLDER,1072.1499999999999,2027,62,55,207.0,98.67,10.212136161815492,9.203003311103858
85119,WATERING CAN SINGLE HOOK PISTACHIO,564.12,412,38,36,16.0,27.04,3.8834951456310676,4.793306388711621
85121B,RETRO LAUNDRY TUB PINK,510.0,60,27,27,11.0,93.5,18.333333333333332,18.333333333333332
85121C,RETRO LAUNDRY TUB PISTACHIO,722.5,85,42,39,2.0,17.0,2.3529411764705883,2.3529411764705883
85123A,CREAM HANGING HEART T-LIGHT HOLDER,155.35,57,7,7,3637.0,9387.100000000002,6380.701754385965,6042.5490827164485
85123A,WHITE HANGING HEART T-LIGHT HOLDER,247048.01,91757,4888,1490,3637.0,9387.100000000002,3.963730287607485,3.7997067857377207
85124A,PINK JUICY FRUIT PHOTO FRAME,843.75,339,70,43,8.0,20.400000000000002,2.359882005899705,2.4177777777777782
85124B,BLUE JUICY FRUIT PHOTO FRAME,827.85,331,84,45,6.0,15.3,1.812688821752266,1.8481608987135352
85124C,GREEN JUICY FRUIT PHOTO FRAME,979.95,397,97,51,6.0,15.3,1.5113350125944585,1.5613041481708252
85125,SMALL ROUND CUT GLASS CANDLESTICK,1222.95,267,43,32,4.0,19.8,1.4981273408239701,1.6190359376916472
85126,LARGE ROUND CUTGLASS CANDLESTICK,960.6,148,32,22,10.0,67.5,6.756756756756757,7.02685821361649
85127,SMALL SQUARE CUT GLASS CANDLESTICK,683.1,138,37,30,5.0,24.75,3.6231884057971016,3.6231884057971016
85128,PLANTPOT SINGLE HOOK PISTACHIO,182.09,165,2,2,0.0,0.0,0.0,0.0
85129A,"WHITE PEARL BEADED HEART, SMALL",535.0,428,62,51,12.0,15.0,2.803738317757009,2.803738317757009
85129B,BEADED CRYSTAL HEART GREEN SMALL,258.08,210,36,26,0.0,0.0,0.0,0.0
85129C,BEADED CRYSTAL HEART BLUE SMALL,463.85,370,48,37,0.0,0.0,0.0,0.0
85129D,BEADED CRYSTAL HEART PINK SMALL,850.35,655,85,59,1.0,1.25,0.15267175572519084,0.14699829481978008
85130A,BEADED PEARL HEART WHITE LARGE,1080.0,656,74,59,0.0,0.0,0.0,0.0
85130B,BEADED CRYSTAL HEART GREEN LARGE,805.0500000000001,875,59,50,0.0,0.0,0.0,0.0
85130C,BEADED CRYSTAL HEART BLUE  LARGE,707.86,650,61,51,0.0,0.0,0.0,0.0
85130D,BEADED CRYSTAL HEART PINK LARGE,824.28,734,80,63,0.0,0.0,0.0,0.0
85131A,BEADED PEARL HEART WHITE ON STICK,1060.43,1375,77,64,14.0,12.52,1.0181818181818183,1.1806531312769346
85131B,BEADED CRYSTAL HEART GREEN ON STICK,210.17999999999998,330,24,12,0.0,0.0,0.0,0.0
85131C,BEADED CRYSTAL HEART BLUE ON STICK,207.34,308,26,20,0.0,0.0,0.0,0.0
85131D,BEADED CRYSTAL HEART PINK ON STICK,270.94,488,24,17,0.0,0.0,0.0,0.0
85131D,BEADED CRYSTAL HEART PINK\ON STICK,18.75,15,8,8,0.0,0.0,0.0,0.0
85132A,CHARLIE + LOLA BISCUITS TINS,3896.65,1183,147,98,5.0,33.75,0.422654268808115,0.8661285976415639
85132B,CHARLIE AND LOLA TABLE TINS,2573.35,893,100,73,2.0,19.9,0.22396416573348266,0.7733110536848854
85132C,CHARLIE AND LOLA FIGURES TINS,4843.53,1919,191,144,12.0,79.40000000000002,0.6253256904637832,1.639300262411919
85135A,YELLOW DRAGONFLY HELICOPTER,604.2,76,50,40,4.0,31.8,5.263157894736842,5.263157894736842
85135B,BLUE DRAGONFLY HELICOPTER,779.1,98,76,67,2.0,15.9,2.0408163265306123,2.0408163265306123
85135C,RED DRAGONFLY HELICOPTER,818.85,103,65,57,2.0,15.9,1.9417475728155338,1.9417475728155338
85136A,YELLOW SHARK HELICOPTER,707.55,89,67,64,1.0,7.95,1.1235955056179776,1.1235955056179776
85136B,BLUE SHARK HELICOPTER,389.55,49,39,39,1.0,7.95,2.0408163265306123,2.0408163265306123
85136C,RED SHARK HELICOPTER,993.75,125,80,70,15.0,119.77,12.0,12.052327044025157
85141,JARDIN ETCHED GLASS FRUITBOWL,1267.4,180,69,57,11.0,62.05,6.111111111111111,4.895849771185103
85142,JARDIN ETCHED GLASS GINGER JAR,397.5,50,27,26,1.0,7.95,2.0,2.0
85144,JARDIN ETCHED GLASS BUTTER DISH,471.4,68,30,25,2.0,14.5,2.941176470588235,3.0759439966058553
85144,JARDIN ETCHED GLASS CHEESE DISH,575.45,219,40,37,2.0,14.5,0.91324200913242,2.5197671387609697
85145,JARDIN ETCHED GLASS LARGE BELL JAR,809.05,91,30,27,3.0,38.25,3.296703296703297,4.727767134293307
85146,JARDIN ETCHED GLASS SMALL BELL JAR,564.25,115,27,23,0.0,0.0,0.0,0.0
85147,JARDIN ETCHED GLASS CANDLEHLDR LONG,301.95,61,16,14,2.0,9.9,3.278688524590164,3.278688524590164
85150,LADIES & GENTLEMEN METAL SIGN,18847.98,8078,889,369,26.0,64.95,0.3218618469918296,0.34459926209599123
85151,WELCOME METAL SIGN,55.0,44,8,8,0.0,0.0,0.0,0.0
85152,HAND OVER THE CHOCOLATE   SIGN,30615.930000000004,16146,1300,486,101.0,191.51000000000002,0.625541929889756,0.6255240327502709
85159A,"BLACK TEA,COFFEE,SUGAR JARS",811.1999999999999,456,48,41,43.0,101.44999999999999,9.429824561403509,12.506163708086785
85159B,"WHITE TEA,COFFEE,SUGAR JARS",1236.1,638,68,53,39.0,92.89000000000001,6.112852664576803,7.514764177655531
85160A,WHITE BIRD GARDEN DESIGN MUG,1323.2,8800,22,20,4320.0,561.6,49.09090909090909,42.44256348246675
85160B,BLACK BIRD GARDEN DESIGN MUG,934.87,6149,30,28,2981.0,391.40999999999997,48.479427549194995,41.86785328441387
85161,ACRYLIC GEOMETRIC LAMP,497.65,27,20,16,2.0,37.9,7.4074074074074066,7.615794232894604
85162A,SILVER RETRODISC LAMPSHADE,1211.75,605,19,14,4.0,30.31,0.6611570247933884,2.501341035692181
85162B,BLACK RETRODISC LAMPSHADE,1905.15,977,13,5,0.0,0.0,0.0,0.0
85162C,WHITE RETRODISC LAMPSHADE,1775.1,898,41,11,0.0,0.0,0.0,0.0
85163A,WHITE BAROQUE WALL CLOCK,772.65,79,41,35,0.0,0.0,0.0,0.0
85163B,BLACK BAROQUE WALL CLOCK,639.6,68,37,26,1.0,12.75,1.4705882352941175,1.9934333958724202
85164B,BLACK BAROQUE CUCKOO CLOCK,1134.75,113,41,27,1.0,12.75,0.8849557522123894,1.1235955056179776
85165,CANDY PINK FRENCH BOUDOIR CLOCK,159.2,16,11,9,0.0,0.0,0.0,0.0
85166A,WHITE METAL BAROQUE PHOTO FRAME,120.0,72,8,8,1.0,3.75,1.3888888888888888,3.125
85166B,BLACK METAL BAROQUE PHOTO FRAME,798.75,501,31,28,0.0,0.0,0.0,0.0
85167A,WHITE GRAND BAROQUE PHOTO FRAME,379.5,174,12,12,27.0,81.0,15.517241379310345,21.34387351778656
85167B,BLACK GRAND BAROQUE PHOTO FRAME,1358.4,684,52,38,0.0,0.0,0.0,0.0
85168A,WHITE BAROQUE CARRIAGE CLOCK,218.89999999999998,22,15,12,0.0,0.0,0.0,0.0
85168B,BLACK BAROQUE CARRIAGE CLOCK,348.66999999999996,37,23,17,0.0,0.0,0.0,0.0
85169A,IVORY LOVE BIRD CANDLE,999.07,913,97,79,12.0,15.0,1.3143483023001095,1.5013962985576585
85169B,BLACK LOVE BIRD CANDLE,290.24,280,45,31,0.0,0.0,0.0,0.0
85169C,EAU DE NIL LOVE BIRD CANDLE,429.97,397,38,27,12.0,15.0,3.022670025188917,3.4886154848012647
85169D,PINK LOVE BIRD CANDLE,413.98,374,45,39,1.0,1.25,0.267379679144385,0.3019469539591284
85170A,SET/6 IVORY BIRD T-LIGHT CANDLES,1378.32,799,62,45,32.0,51.519999999999996,4.005006257822278,3.7378838005688078
85170B,SET/6 BLACK BIRD T-LIGHT CANDLES,312.78000000000003,237,33,19,8.0,16.8,3.375527426160337,5.3711874160751965
85170C,SET/6 EAU DE NIL BIRD T-LIGHTS,615.83,428,48,40,1.0,2.1,0.23364485981308408,0.341003198934771
85170D,SET/6 PINK BIRD T-LIGHT CANDLES,772.1899999999999,574,77,48,7.0,12.200000000000001,1.2195121951219512,1.579922039912457
85171,S/2 HYACINTH BULB CANDLES,2.55,1,1,1,0.0,0.0,0.0,0.0
85172,HYACINTH BULB T-LIGHT CANDLES,1688.52,4178,137,110,153.0,64.26,3.662039253231211,3.8056996659796747
85173,SET/6 FROG PRINCE T-LIGHT CANDLES,1563.27,954,102,70,5.0,12.75,0.5241090146750524,0.8155980732694927
85174,S/4 CACTI CANDLES,5606.82,1282,229,126,141.0,607.6500000000001,10.998439937597503,10.837694093978408
85175,CACTI T-LIGHT CANDLES,6128.12,15302,409,199,629.0,248.81999999999996,4.110573781205072,4.0602990803052155
85176,SEWING SUSAN 21 NEEDLE SET,1875.4999999999998,2408,174,115,16.0,13.179999999999998,0.6644518272425249,0.7027459344174887
85177,BASKET OF FLOWERS SEWING KIT,1442.11,1765,112,87,1.0,0.85,0.05665722379603399,0.05894141223623719
85178,VICTORIAN SEWING KIT,5777.54,5294,254,177,301.0,337.85,5.685681904042312,5.84764449921593
85179A,GREEN BITTY LIGHT CHAIN,281.31,139,26,24,3.0,13.95,2.158273381294964,4.958942092353631
85179B,WHITE BITTY LIGHT CHAIN,1000.0799999999999,240,39,33,0.0,0.0,0.0,0.0
85179C,PINK BITTY LIGHT CHAIN,126.85,77,10,10,0.0,0.0,0.0,0.0
85180A,RED HEARTS LIGHT CHAIN,1377.53,553,66,60,15.0,69.75,2.7124773960216997,5.063410597228373
85180B,PINK HEARTS LIGHT CHAIN,726.63,279,32,29,0.0,0.0,0.0,0.0
85183A,CHARLIE & LOLA WASTEPAPER BIN BLUE,2194.75,1497,132,104,9.0,18.75,0.6012024048096193,0.854311424991457
85183B,CHARLIE & LOLA WASTEPAPER BIN FLORA,2583.5,1696,154,124,35.0,131.25,2.063679245283019,5.080317398877492
85184B,SET 4 EASTER DECOUPAGE OVAL BOXES,41.300000000000004,14,7,7,1.0,2.95,7.142857142857142,7.142857142857142
85184C,S/4 VALENTINE DECOUPAGE HEART BOX,3675.55,1947,211,159,0.0,0.0,0.0,0.0
85184C,SET 4 VALENTINE DECOUPAGE HEART BOX,441.53000000000003,151,44,38,0.0,0.0,0.0,0.0
85184D,S/4 BLUE ROUND DECOUPAGE BOXES,4445.139999999999,8294,52,48,3940.0,1664.9199999999998,47.50421991801302,37.454838317803265
85185B,PINK HORSE SOCK PUPPET,1455.6000000000001,504,131,102,1.0,2.95,0.1984126984126984,0.20266556746358888
85185B,PINK HORSE SOCK PUPPET KIT,123.9,42,14,13,1.0,2.95,2.380952380952381,2.380952380952381
85185C,COW  SOCK PUPPET,159.3,54,26,24,0.0,0.0,0.0,0.0
85185D,FROG SOCK PUPPET,483.6000000000001,168,45,38,0.0,0.0,0.0,0.0
85185E,DUCK SOCK PUPPET,11.8,4,2,2,2.0,5.1,50.0,43.220338983050844
85185F,LION SOCK PUPPET,103.25000000000001,35,17,16,0.0,0.0,0.0,0.0
85186A,EASTER BUNNY GARLAND OF FLOWERS,546.84,1302,81,76,12.0,5.04,0.9216589861751152,0.9216589861751152
85186B,BUNNY BUNCH OF FLOWERS,5.88,14,2,2,0.0,0.0,0.0,0.0
85186C,BUNNY EGG GARLAND,495.18,1179,79,75,44.0,18.48,3.7319762510602206,3.7319762510602206
85187,S/12 MINI RABBIT EASTER,724.9499999999999,451,88,75,0.0,0.0,0.0,0.0
85188A,GREEN METAL SWINGING BUNNY,765.28,904,81,67,27.0,22.95,2.9867256637168142,2.9989023625339746
85188B,PINK METAL SWINGING BUNNY,568.65,669,51,48,24.0,20.4,3.587443946188341,3.587443946188341
85189,HANGING BUTTERFLY  EGG,908.89,1117,58,53,36.0,30.599999999999998,3.222918531781558,3.3667440504351465
85190,PINK FLOWER HANGING HEART,113.05,133,14,14,6.0,5.1,4.511278195488721,4.511278195488721
85192S,HANGING SPRING FLOWER HEART SMALL,1.9500000000000002,3,2,2,0.0,0.0,0.0,0.0
85194L,HANGING SPRING FLOWER EGG LARGE,1399.8899999999999,1713,109,93,33.0,28.05,1.926444833625219,2.0037288644107756
85194S,HANGING SPRING FLOWER EGG SMALL,783.8,1680,95,84,29.0,18.39,1.7261904761904763,2.3462618014799697
85195,HANGING HEART BASKET,265.14,145,16,14,1.0,2.1,0.6896551724137931,0.7920343969223806
85196,EASTER BUNNIES ON A STICK,783.96,1536,66,59,12.0,6.6000000000000005,0.78125,0.8418796877391703
85197,SET OF 12 MINI BUNNIES IN A BUCKET,955.26,1667,73,63,0.0,0.0,0.0,0.0
85198,ASSORTED FARMYARD ANIMALS IN BUCKET,1421.24,3824,38,37,0.0,0.0,0.0,0.0
85199L,LARGE HANGING IVORY & RED WOOD BIRD,2092.23,3303,188,136,27.0,17.55,0.8174386920980926,0.8388179119886436
85199S,SMALL HANGING IVORY/RED WOOD BIRD,2222.99,5336,291,188,24.0,10.08,0.4497751124437781,0.45344333532764436
85200,BUNNY EGG BOX,1253.95,1007,94,81,12.0,15.0,1.1916583912611718,1.1962199449738824
85202,HANGING WOOD AND FELT HEART,311.46,745,90,79,24.0,10.08,3.2214765100671143,3.236370641494895
85203,HANGING WOOD AND FELT BUTTERFLY,454.5,1089,111,94,0.0,0.0,0.0,0.0
85204,HANGING WOOD AND FELT FLOWER,364.62,2150,78,69,1.0,0.12,0.046511627906976744,0.03291097581043277
85205A,IVORY FELT EASTER RABBIT GARLAND,168.29999999999998,66,21,21,0.0,0.0,0.0,0.0
85205B,PINK FELT EASTER RABBIT GARLAND,548.25,215,43,36,0.0,0.0,0.0,0.0
85206A,CREAM FELT EASTER EGG BASKET,3436.2,2148,283,234,10.0,16.5,0.4655493482309125,0.4801815959490135
85206B,PINK FELT EASTER EGG BASKET,2303.3,1474,162,138,14.0,23.099999999999998,0.9497964721845319,1.0029088698823425
85208,SET/12 FUNKY FELT FLOWER PEG IN BAG,701.94,353,59,56,0.0,0.0,0.0,0.0
85211,S/4 GROOVY CAT MAGNETS,377.96999999999997,279,51,43,5.0,6.529999999999999,1.7921146953405016,1.7276503426197847
85212,MINI PAINTED GARDEN DECORATION,990.6199999999999,2766,96,82,0.0,0.0,0.0,0.0
85213,MINI  ZINC GARDEN DECORATIONS,669.5799999999999,1270,49,48,1.0,0.85,0.07874015748031496,0.1269452492607306
85214,TUB 24 PINK FLOWER PEGS,691.35,419,135,94,0.0,0.0,0.0,0.0
85215,ASSORTED CHEESE FRIDGE MAGNETS,484.99,755,46,33,0.0,0.0,0.0,0.0
85216,ASSORTED CAKES FRIDGE MAGNETS,1744.38,2790,149,114,49.0,31.85,1.756272401433692,1.8258636306309404
85217,ASSORTED ICE CREAM FRIDGE MAGNETS,1751.91,2811,136,96,96.0,62.4,3.4151547491995733,3.5618268061715495
85218,S/5 MINI ICE CREAM FRIDGE MAGNETS,625.1999999999999,1992,2,2,3.0,4.35,0.15060240963855423,0.6957773512476009
85220,SMALL FAIRY CAKE FRIDGE MAGNETS,6875.0,12236,5,4,2513.0,3645.65,20.53775743707094,53.02763636363637
85221,ASSORTED COLOUR SILK COIN PURSE,1667.5900000000001,3551,43,35,131.0,155.92000000000002,3.689101661503802,9.350020088870766
85222,ASSORTED COLOUR SILK COSMETIC PURSE,1535.4,1394,41,39,2.0,2.75,0.1434720229555237,0.17910642177934089
85224,ASSORTED COLOUR SILK GLASSES CASE,1051.14,1987,47,35,0.0,0.0,0.0,0.0
85225,BLING KEY RING STAND,22.5,19,11,10,0.0,0.0,0.0,0.0
85226A,WHITE/BLUE PULL BACK RACING CAR,849.5,1658,114,95,45.0,24.750000000000004,2.714113389626055,2.913478516774574
85226C,BLUE PULL BACK RACING CAR,461.2,952,66,54,0.0,0.0,0.0,0.0
85227,SET OF 6 3D KIT CARDS FOR KIDS,2172.1299999999997,2575,261,206,30.0,25.5,1.1650485436893203,1.1739628843577505
85227,SET/6 3D KIT CARDS FOR KIDS,412.84999999999997,545,28,27,30.0,25.5,5.5045871559633035,6.1765774494368415
85230A,OPIUM SCENTED VOTIVE CANDLE,497.03999999999996,1992,48,31,0.0,0.0,0.0,0.0
85230B,CINNAMON SCENTED VOTIVE CANDLE,553.79,2095,66,49,0.0,0.0,0.0,0.0
85230C,ROSE SCENTED VOTIVE CANDLE,6.959999999999999,24,1,1,0.0,0.0,0.0,0.0
85230D,VANILLA SCENTED VOTIVE CANDLE,6.959999999999999,24,1,1,0.0,0.0,0.0,0.0
85230E,STRAWBRY SCENTED VOTIVE CANDLE,621.4499999999999,2421,65,44,0.0,0.0,0.0,0.0
85230F,JASMINE VOTIVE CANDLE,725.1199999999999,2944,61,48,0.0,0.0,0.0,0.0
85230G,ORANGE VOTIVE CANDLE,425.75999999999993,1680,46,32,48.0,13.919999999999998,2.857142857142857,3.269447576099211
85231B,CINAMMON SET OF 9 T-LIGHTS,1581.56,1868,286,181,11.0,9.35,0.588865096359743,0.5911884468499456
85231E,STRAWBERRY SCENTED SET/9 T-LIGHTS,661.55,815,93,77,12.0,10.2,1.4723926380368098,1.5418335726702441
85231G,ORANGE SCENTED SET/9 T-LIGHTS,1170.0,1404,208,139,22.0,18.7,1.566951566951567,1.5982905982905982
85231L,LAVENDER SCENTED SET/9 T-LIGHTS,810.6999999999999,1018,101,81,0.0,0.0,0.0,0.0
85232A,SET/3 POLKA DOT STACKING TINS,1215.75,249,85,72,32.0,158.4,12.851405622489958,13.028994447871684
85232A,SET/3 POLKADOT STACKING TINS,507.9,106,37,31,32.0,158.4,30.18867924528302,31.18724158298878
85232B,SET OF 3 BABUSHKA STACKING TINS,5085.5,1050,140,94,305.0,1502.7499999999998,29.04761904761905,29.549700127814372
85232B,SET/3 RUSSIAN DOLL STACKING TINS,8864.300000000001,1866,301,154,305.0,1502.7499999999998,16.345123258306536,16.952833275047094
85232C,RUSSIAN FOLKART STACKING TINS,4.95,1,1,1,0.0,0.0,0.0,0.0
85232D,SET/3 DECOUPAGE STACKING TINS,2998.95,633,175,120,13.0,64.35,2.0537124802527646,2.145751012854499
90000A,RASPBERRY ANT COPPER FLOWER NECKLAC,148.75,25,14,14,0.0,0.0,0.0,0.0
90000B,MIDNIGHT BLUE COPPER FLOWER NECKLAC,83.30000000000001,14,9,9,1.0,5.95,7.142857142857142,7.142857142857142
90000C,OPAL WHITE/SILVER FLOWER NECKLACE,5.95,1,1,1,0.0,0.0,0.0,0.0
90000D,COPPER/OLIVE GREEN FLOWER NECKLACE,148.75,25,13,13,0.0,0.0,0.0,0.0
90001A,ANTIQUE RASPBERRY FLOWER EARRINGS,17.0,4,3,3,0.0,0.0,0.0,0.0
90001B,ANTIQUE MID BLUE FLOWER EARRINGS,29.75,7,4,4,1.0,4.25,14.285714285714285,14.285714285714285
90001C,ANTIQUE OPAL WHITE FLOWER EARRINGS,25.5,6,5,5,0.0,0.0,0.0,0.0
90001D,ANTIQUE OLIVE GREEN FLOWER EARRINGS,68.0,16,7,7,0.0,0.0,0.0,0.0
90002A,FLOWER BURST SILVER RING OPAL,135.0,36,14,14,0.0,0.0,0.0,0.0
90002B,FLOWER BURST SILVER RING ROSE,67.5,18,7,7,0.0,0.0,0.0,0.0
90002C,FLOWER BURST SILVER RING MIDN'T BLU,93.75,25,11,8,2.0,7.5,8.0,8.0
90002D,FLOWER BURST SILVER RING CRYSTAL,316.25,91,21,17,2.0,7.5,2.197802197802198,2.371541501976284
90002E,FLOWER BURST SILVER RING GREEN,56.25,15,8,7,3.0,11.25,20.0,20.0
90003B,ROSE COLOUR PAIR HEART HAIR SLIDES,90.0,24,9,9,7.0,26.25,29.166666666666668,29.166666666666668
90003C,MIDNIGHT BLUE PAIR HEART HAIR SLIDE,93.75,25,10,10,7.0,26.25,28.000000000000004,28.000000000000004
90003D,CRYSTAL PAIR HEART HAIR SLIDES,131.25,35,15,15,7.0,26.25,20.0,20.0
90003E,GREEN PAIR HEART HAIR SLIDES,37.5,10,3,3,4.0,15.0,40.0,40.0
90004A,JADE GREEN PAIR ENAMEL HAIR SLIDES,3.75,1,1,1,0.0,0.0,0.0,0.0
90005A,JADE GREEN ENAMEL HAIR COMB,70.2,36,7,5,0.0,0.0,0.0,0.0
90010A,MIDNIGHT BLUE GLASS/SILVER BRACELET,271.0,31,14,12,6.0,53.7,19.35483870967742,19.81549815498155
90010B,BLACK/WHITE GLASS/SILVER BRACELET,402.75,45,17,16,1.0,8.95,2.2222222222222223,2.222222222222222
90010E,AMBER GLASS/SILVER BRACELET,279.95,32,18,16,4.0,35.8,12.5,12.787997856760136
90011A,MIDNIGHT BLUE CRYSTAL DROP EARRINGS,5.9,2,2,2,0.0,0.0,0.0,0.0
90011B,BLACK CRYSTAL DROP EARRINGS,26.550000000000004,9,4,4,0.0,0.0,0.0,0.0
90011C,GREEN CRYSTAL DROP EARRINGS,17.700000000000003,6,1,1,0.0,0.0,0.0,0.0
90011E,AMBER CRYSTAL DROP EARRINGS,2.95,1,1,1,0.0,0.0,0.0,0.0
90012A,MIDNIGHT BLUE DROP CRYSTAL NECKLACE,23.6,8,2,2,0.0,0.0,0.0,0.0
90012B,BLACK DROP CRYSTAL NECKLACE,45.35000000000001,13,3,3,0.0,0.0,0.0,0.0
90013A,MIDNIGHT BLUE VINTAGE EARRINGS,153.75,41,10,8,8.0,30.0,19.51219512195122,19.51219512195122
90013B,BLACK VINTAGE EARRINGS,75.0,20,5,5,0.0,0.0,0.0,0.0
90013C,GREEN VINTAGE EARRINGS,131.25,35,10,10,1.0,3.75,2.857142857142857,2.857142857142857
90013D,PURPLE VINTAGE EARRINGS,127.5,34,8,7,0.0,0.0,0.0,0.0
90014A,SILVER M.O.P. ORBIT NECKLACE,23.6,8,3,3,0.0,0.0,0.0,0.0
90014A,SILVER/MOP ORBIT NECKLACE,278.59999999999997,28,19,15,0.0,0.0,0.0,0.0
90014B,GOLD M PEARL  ORBIT NECKLACE,169.14999999999998,17,13,11,0.0,0.0,0.0,0.0
90014B,GOLD M.O.P. ORBIT NECKLACE,5.9,2,2,2,0.0,0.0,0.0,0.0
90014C,SILVER AND BLACK ORBIT NECKLACE,2.95,1,1,1,0.0,0.0,0.0,0.0
90014C,SILVER/BLACK ORBIT NECKLACE,218.89999999999998,22,13,12,0.0,0.0,0.0,0.0
90016A,SILVER/M.O.P PENDANT ORBIT NECKLACE,148.75,22,9,8,0.0,0.0,0.0,0.0
90016B,GOLD/M.O.P PENDANT ORBIT NECKLACE,187.0,22,17,14,0.0,0.0,0.0,0.0
90016C,SILVER/BLACK PENDANT ORBIT NECKLACE,51.0,6,4,4,0.0,0.0,0.0,0.0
90018A,SILVER M.O.P ORBIT DROP EARRINGS,140.25,33,16,15,1.0,4.25,3.0303030303030303,3.0303030303030303
90018B,GOLD M.O.P ORBIT DROP EARRINGS,68.0,16,10,10,0.0,0.0,0.0,0.0
90018C,SILVER BLACK ORBIT DROP EARRINGS,59.5,14,7,7,1.0,4.25,7.142857142857142,7.142857142857142
90019A,SILVER M.O.P ORBIT BRACELET,158.4,32,17,16,0.0,0.0,0.0,0.0
90019B,GOLD M.O.P ORBIT BRACELET,54.45,11,7,6,0.0,0.0,0.0,0.0
90019C,SILVER BLACK ORBIT BRACELET,49.5,10,7,7,0.0,0.0,0.0,0.0
90020,FILIGREE DIAMANTE CHAIN,51.0,4,2,2,0.0,0.0,0.0,0.0
90021,LASER CUT MULTI STRAND NECKLACE,59.75,5,4,4,0.0,0.0,0.0,0.0
90022,EDWARDIAN DROP EARRINGS JET BLACK,30.0,8,4,4,5.0,18.75,62.5,62.5
90023,FILIGREE DIAMANTE EARRINGS,89.25,21,11,7,0.0,0.0,0.0,0.0
90024A,NEW BAROQUE B'FLY NECKLACE BLACK,42.5,5,4,4,0.0,0.0,0.0,0.0
90024B,NEW BAROQUE B'FLY NECKLACE RED,76.5,9,6,6,2.0,17.0,22.22222222222222,22.22222222222222
90024C,NEW BAROQUE B'FLY NECKLACE GREEN,51.0,6,5,5,0.0,0.0,0.0,0.0
90024D,NEW BAROQUE B'FLY NECKLACE PINK,110.5,13,11,11,0.0,0.0,0.0,0.0
90024E,NEW BAROQUE B'FLY NECKLACE MONTANA,102.0,12,7,7,0.0,0.0,0.0,0.0
90024F,NEW BAROQUE B'FLY NECKLACE CRYSTAL,25.5,3,2,2,0.0,0.0,0.0,0.0
90025A,BAROQUE BUTTERFLY EARRINGS BLACK,7.5,2,2,2,0.0,0.0,0.0,0.0
90025B,BAROQUE BUTTERFLY EARRINGS RED,3.75,1,1,1,0.0,0.0,0.0,0.0
90025C,BAROQUE BUTTERFLY EARRINGS GREEN,7.5,2,2,2,0.0,0.0,0.0,0.0
90025D,BAROQUE BUTTERFLY EARRINGS PINK,7.5,2,2,2,0.0,0.0,0.0,0.0
90025E,BAROQUE BUTTERFLY EARRINGS MONTANA,11.25,3,3,3,0.0,0.0,0.0,0.0
90025F,BAROQUE BUTTERFLY EARRINGS CRYSTAL,7.5,2,2,2,0.0,0.0,0.0,0.0
90026A,GLASS BEAD HOOP NECKLACE BLACK,68.0,8,6,6,0.0,0.0,0.0,0.0
90026B,GLASS BEAD HOOP NECKLACE MONTANA,59.5,7,6,4,0.0,0.0,0.0,0.0
90026C,GLASS BEAD HOOP NECKLACE GREEN,59.5,7,5,5,0.0,0.0,0.0,0.0
90026D,GLASS BEAD HOOP NECKLACE AMETHYST,85.0,10,8,6,0.0,0.0,0.0,0.0
90027A,GLASS BEAD HOOP EARRINGS BLACK,17.700000000000003,6,3,3,0.0,0.0,0.0,0.0
90027B,GLASS BEAD HOOP EARRINGS MONTANA,20.650000000000002,7,4,3,0.0,0.0,0.0,0.0
90027C,GLASS BEAD HOOP EARRINGS GREEN,11.8,4,2,2,0.0,0.0,0.0,0.0
90027D,GLASS BEAD HOOP EARRINGS AMETHYST,35.400000000000006,12,6,6,0.0,0.0,0.0,0.0
90028,NEW BAROQUE LARGE NECKLACE BLK/WHIT,76.5,9,5,5,0.0,0.0,0.0,0.0
90029,NEW BAROQUE SMALL NECKLACE BLACK,178.5,21,10,10,1.0,8.5,4.761904761904762,4.761904761904762
90030A,SPOTTED WHITE NATURAL SEED NECKLACE,101.75,77,8,8,0.0,0.0,0.0,0.0
90030B,RED KUKUI COCONUT SEED NECKLACE,191.3,122,19,17,0.0,0.0,0.0,0.0
90030C,BROWN KUKUI COCONUT SEED NECKLACE,115.65,81,10,10,0.0,0.0,0.0,0.0
90031,BILI NUT AND WOOD NECKLACE,48.0,48,5,5,0.0,0.0,0.0,0.0
90032,IVORY SHELL HEART NECKLACE,253.17000000000002,45,21,12,0.0,0.0,0.0,0.0
90033,IVORY SHELL HEART EARRINGS,12.749999999999998,5,2,2,0.0,0.0,0.0,0.0
90034,WHITE SILVER NECKLACE SHELL GLASS,19.9,2,2,2,0.0,0.0,0.0,0.0
90035A,"PEARL & SHELL 42""NECKL. GREEN",182.75,17,9,7,0.0,0.0,0.0,0.0
90035B,"PEARL & SHELL 42""NECKL. PINK",380.89,43,4,4,0.0,0.0,0.0,0.0
90035C,"PEARL & SHELL 42""NECKL. IVORY",301.0,28,5,5,0.0,0.0,0.0,0.0
90036A,FLOWER GARLAND NECKLACE RED,166.95000000000002,21,14,10,0.0,0.0,0.0,0.0
90036B,"FLOWER GLASS GARLAND NECKL.36""GREEN",135.15,17,9,8,0.0,0.0,0.0,0.0
90036C,"FLOWER GLASS GARLAND NECKL.36""BLUE",174.9,22,8,7,0.0,0.0,0.0,0.0
90036D,"FLOWER GLASS GARLAND NECKL.36""BLACK",270.3,34,12,11,0.0,0.0,0.0,0.0
90036E,"FLOWER GLASS GARLD NECKL36""AMETHYST",143.1,18,11,10,0.0,0.0,0.0,0.0
90036F,"FLOWER GLASS GARLD NECKL36""TURQUOIS",103.35000000000001,13,4,4,0.0,0.0,0.0,0.0
90037A,TINY CRYSTAL BRACELET RED,45.9,18,4,4,0.0,0.0,0.0,0.0
90037B,TINY CRYSTAL BRACELET GREEN,58.650000000000006,23,5,5,0.0,0.0,0.0,0.0
90037C,TINY CRYSTAL BRACELET BLUE,43.35,17,4,4,0.0,0.0,0.0,0.0
90037D,TINY CRYSTALS BRACELET BLACK,15.3,6,1,1,0.0,0.0,0.0,0.0
90038A,GLASS AND PAINTED BEADS BRACELET TO,67.5,18,4,4,0.0,0.0,0.0,0.0
90038B,GLASS AND PAINTED BEADS BRACELET OL,37.5,10,2,2,0.0,0.0,0.0,0.0
90038C,GLASS AND BEADS BRACELET IVORY,48.75,13,3,3,0.0,0.0,0.0,0.0
90039A,FIRE POLISHED GLASS BRACELET RED,26.25,7,2,2,0.0,0.0,0.0,0.0
90039B,FIRE POLISHED GLASS BRACELET MONTAN,48.75,13,3,3,0.0,0.0,0.0,0.0
90039C,FIRE POLISHED GLASS BRACELET BLACK,52.5,14,3,3,0.0,0.0,0.0,0.0
90039D,FIRE POLISHED GLASS BRACELET GREEN,82.5,22,5,4,0.0,0.0,0.0,0.0
90040A,MURANO STYLE GLASS BRACELET RED,80.5,23,10,10,3.0,10.5,13.043478260869565,13.043478260869565
90040B,MURANO STYLE GLASS BRACELET BLACK,161.0,46,17,17,0.0,0.0,0.0,0.0
90040C,MURANO STYLE GLASS BRACELET GOLD,101.5,29,10,10,3.0,10.5,10.344827586206897,10.344827586206897
90040D,MURANO STYLE GLASS BRACELET PINK,91.0,26,10,9,0.0,0.0,0.0,0.0
90041,PEARL AND CHERRY QUARTZ BRACLET,10.5,3,2,2,0.0,0.0,0.0,0.0
90042A,FRESHWATER PEARL BRACELET GOLD,68.85,27,7,6,0.0,0.0,0.0,0.0
90042B,FRESHWATER PEARL BRACELET PINK,38.25,15,5,4,0.0,0.0,0.0,0.0
90042C,FRESHWATER PEARL BRACELET IVORY,89.25,35,8,8,0.0,0.0,0.0,0.0
90043,COPPER AND BRASS BAG CHARM,54.510000000000005,10,6,5,0.0,0.0,0.0,0.0
90046,WHITE WITH METAL BAG CHARM,64.35,13,7,6,2.0,9.9,15.384615384615385,15.384615384615385
90048,GREEN WITH METAL BAG CHARM,143.55,29,6,4,10.0,49.5,34.48275862068966,34.48275862068965
90049,IVORY GOLD METAL BAG CHARM,104.07,19,5,3,7.0,34.65,36.84210526315789,33.294897665033155
90050,CRACKED GLAZE NECKLACE IVORY,41.7,6,2,2,2.0,13.9,33.33333333333333,33.33333333333333
90051,CRACKED GLAZE NECKLACE RED,48.65,7,4,4,0.0,0.0,0.0,0.0
90052,CRACKED GLAZE NECKLACE BROWN,20.85,3,1,1,0.0,0.0,0.0,0.0
90054,CRACKED GLAZE EARRINGS RED,5.1,2,2,2,0.0,0.0,0.0,0.0
90055,CRACKED GLAZE EARRINGS BROWN,2.55,1,1,1,0.0,0.0,0.0,0.0
90056,CHUNKY CRACKED GLAZE NECKLACE IVORY,64.5,6,1,1,0.0,0.0,0.0,0.0
90057,DIAMANTE RING ASSORTED IN BOX.,2660.88,1800,34,29,0.0,0.0,0.0,0.0
90058A,CRYSTAL STUD EARRINGS CLEAR DISPLAY,218.88,576,13,12,36.0,13.68,6.25,6.25
90058B,CRYSTAL STUD EARRINGS ASSORTED COL,508.7,1081,28,27,36.0,13.68,3.330249768732655,2.68920778454885
90059A,DIAMANTE HAIR GRIP PACK/2 CRYSTAL,29.700000000000003,18,3,3,6.0,9.9,33.33333333333333,33.33333333333333
90059B,DIAMANTE HAIR GRIP PACK/2 BLACK DIA,24.75,15,4,4,6.0,9.9,40.0,40.0
90059C,DIAMANTE HAIR GRIP PACK/2 MONTANA,39.6,24,7,6,6.0,9.9,25.0,25.0
90059D,DIAMANTE HAIR GRIP PACK/2 PERIDOT,42.900000000000006,26,5,5,6.0,9.9,23.076923076923077,23.076923076923077
90059E,DIAMANTE HAIR GRIP PACK/2 RUBY,34.65,21,7,5,6.0,9.9,28.57142857142857,28.571428571428577
90059F,DIAMANTE HAIR GRIP PACK/2 LT ROSE,34.65,21,5,5,6.0,9.9,28.57142857142857,28.571428571428577
90060B,FIRE POLISHED GLASS NECKL GOLD,35.7,6,4,4,0.0,0.0,0.0,0.0
90060C,FIRE POLISHED GLASS NECKL SILVER,41.65,7,3,3,0.0,0.0,0.0,0.0
90060D,FIRE POLISHED GLASS NECKL BRONZE,65.45,11,7,6,0.0,0.0,0.0,0.0
90060F,FIRE POLISHED GLASS NECKL GREEN,101.15,17,7,7,0.0,0.0,0.0,0.0
90062,CARNIVAL BRACELET,1430.5,113,38,33,5.0,63.75,4.424778761061947,4.456483746941629
90063A,WHITE VINT ART DECO CRYSTAL NECKLAC,153.0,18,10,10,0.0,0.0,0.0,0.0
90063B,BLACK VINT ART DEC CRYSTAL NECKLACE,127.5,15,9,8,0.0,0.0,0.0,0.0
90064A,WHITE VINTAGE CRYSTAL EARRINGS,41.25,11,4,4,0.0,0.0,0.0,0.0
90064B,BLACK VINTAGE  CRYSTAL EARRINGS,63.75,17,9,8,1.0,3.75,5.88235294117647,5.88235294117647
90065A,WHITE VINTAGE CRYSTAL BRACELET,114.75,17,7,7,1.0,7.22,5.88235294117647,6.29193899782135
90065B,BLACK VINT ART DEC CRYSTAL BRACELET,54.0,8,6,4,0.0,0.0,0.0,0.0
90066A,PINK VINTAGE VICTORIAN CHOKER,33.75,5,2,2,0.0,0.0,0.0,0.0
90067A,PINK VINTAGE VICTORIAN EARRINGS,73.75000000000001,25,8,8,0.0,0.0,0.0,0.0
90067B,BROWN VINTAGE VICTORIAN EARRINGS,35.400000000000006,12,2,2,0.0,0.0,0.0,0.0
90069,RUBY GLASS CLUSTER NECKLACE,82.5,11,5,5,0.0,0.0,0.0,0.0
90070,RUBY GLASS CLUSTER BRACELET,220.15,37,11,9,9.0,53.550000000000004,24.324324324324326,24.324324324324326
90071,RUBY GLASS CLUSTER EARRINGS,2.5,2,2,2,0.0,0.0,0.0,0.0
90072,RUBY DROP CHANDELIER EARRINGS,67.5,18,5,4,0.0,0.0,0.0,0.0
90073,VINTAGE ENAMEL & CRYSTAL EARRINGS,108.9,22,7,7,0.0,0.0,0.0,0.0
90074,BLACK DIAMOND CLUSTER NECKLACE,44.75,5,4,4,0.0,0.0,0.0,0.0
90075,MONTANA DIAMOND CLUSTER NECKLACE,35.8,4,3,3,0.0,0.0,0.0,0.0
90076,MONTANA DIAMOND CLUSTER EARRINGS,15.3,6,1,1,1.0,2.55,16.666666666666664,16.666666666666664
90077,BLACK DIAMOND CLUSTER EARRINGS,2.55,1,1,1,0.0,0.0,0.0,0.0
90078,PINK/WHITE GLASS DEMI CHOKER,60.0,8,4,4,0.0,0.0,0.0,0.0
90079,VINTAGE ENAMEL & CRYSTAL NECKLACE,49.5,10,5,5,0.0,0.0,0.0,0.0
90081A,LILY BROOCH AMETHYST COLOUR,237.6,48,23,15,0.0,0.0,0.0,0.0
90081B,LILY BROOCH WHITE/SILVER COLOUR,29.7,6,2,2,0.0,0.0,0.0,0.0
90081C,LILY BROOCH OLIVE COLOUR,133.65,27,13,13,0.0,0.0,0.0,0.0
90082A,DIAMANTE BOW BROOCH GREEN COLOUR,266.7,42,20,16,0.0,0.0,0.0,0.0
90082B,DIAMANTE BOW BROOCH RED COLOUR,361.95,57,24,18,0.0,0.0,0.0,0.0
90082C,DIAMANTE BOW BROOCH WHITE COLOUR,6.35,1,1,1,0.0,0.0,0.0,0.0
90082D,DIAMANTE BOW BROOCH BLACK COLOUR,527.05,83,35,28,2.0,12.7,2.4096385542168677,2.4096385542168677
90083,CRYSTAL CZECH CROSS PHONE CHARM,34.94,44,8,6,0.0,0.0,0.0,0.0
90084,PINK CRYSTAL GUITAR PHONE CHARM,54.4,64,9,8,12.0,10.2,18.75,18.75
90085,CRYSTAL STILETTO PHONE CHARM,252.45,297,17,14,90.0,76.5,30.303030303030305,30.303030303030305
90086,CRYSTAL FROG PHONE CHARM,138.32999999999998,189,19,12,0.0,0.0,0.0,0.0
90087,CRYSTAL SEA HORSE PHONE CHARM,191.76,276,21,13,50.0,42.5,18.115942028985508,22.163120567375888
90088,CRYSTAL KEY+LOCK PHONE CHARM,84.14999999999999,99,12,8,25.0,21.25,25.252525252525253,25.252525252525253
90089,PINK CRYSTAL SKULL PHONE CHARM,66.22,88,11,11,0.0,0.0,0.0,0.0
90090,PINK CRYSTAL HEART PHONE CHARM,219.3,258,17,12,37.0,31.45,14.34108527131783,14.341085271317827
90091,CRYSTAL DRAGONFLY PHONE CHARM,2.55,3,2,2,0.0,0.0,0.0,0.0
90092,BLUE CRYSTAL BOOT PHONE CHARM,77.35,91,7,6,27.0,22.95,29.67032967032967,29.67032967032967
90093,CLEAR CRYSTAL STAR PHONE CHARM,150.44,200,18,15,27.0,22.95,13.5,15.255251262961977
90094,NECKLACE+BRACELET SET FRUIT SALAD,86.69999999999999,34,21,20,0.0,0.0,0.0,0.0
90095,NECKLACE+BRACELET SET PINK BLOSSOM,17.85,7,2,2,0.0,0.0,0.0,0.0
90096,NECKLACE+BRACELET SET BLUE BLOSSOM,79.05,31,11,10,0.0,0.0,0.0,0.0
90098,NECKLACE+BRACELET PINK BUTTERFLY,150.45,59,23,22,6.0,15.3,10.16949152542373,10.16949152542373
90099,NECKLACE+BRACELET SET BLUE HIBISCUS,73.94999999999999,29,17,16,0.0,0.0,0.0,0.0
90100,NECKLACE+BRACELET SET PINK DAISY,56.1,22,9,7,0.0,0.0,0.0,0.0
90101,WHITE FRANGIPANI NECKLACE,43.35,17,5,4,6.0,15.3,35.294117647058826,35.294117647058826
90102,WHITE FRANGIPANI HAIR CLIP,14.45,17,3,3,0.0,0.0,0.0,0.0
90103,PURPLE FRANGIPANI NECKLACE,30.6,12,5,5,0.0,0.0,0.0,0.0
90104,PURPLE FRANGIPANI HAIRCLIP,48.449999999999996,57,11,11,0.0,0.0,0.0,0.0
90108,BLUE BLOSSOM HAIR CLIP,106.05,101,13,12,10.0,10.5,9.900990099009901,9.900990099009901
90111,BLUE HIBISCUS  HAIR CLIP,7.35,7,6,6,0.0,0.0,0.0,0.0
90112,PINK DOLLY HAIR CLIPS,73.5,70,15,13,0.0,0.0,0.0,0.0
90114,SUMMER DAISIES BAG CHARM,214.2,84,19,19,0.0,0.0,0.0,0.0
90115,SUMMER BUTTERFLIES BAG CHARM,79.05,31,11,11,0.0,0.0,0.0,0.0
90116,FRUIT SALAD BAG CHARM,74.36,44,11,11,0.0,0.0,0.0,0.0
90118,PINK DAISY BAG CHARM,20.4,8,3,3,6.0,15.3,75.0,75.00000000000001
90119,METALIC LEAVES BAG CHARMS,166.17,67,18,6,0.0,0.0,0.0,0.0
90120A,PINK MURANO TWIST BRACELET,289.0,68,21,14,0.0,0.0,0.0,0.0
90120B,BLUE MURANO TWIST BRACELET,325.5,77,21,17,0.0,0.0,0.0,0.0
90120C,GREEN MURANO TWIST BRACELET,259.25,61,17,12,0.0,0.0,0.0,0.0
90120D,WHITE MURANO TWIST BRACELET,418.25,102,20,16,0.0,0.0,0.0,0.0
90121B,VINTAGE ROSE BEAD BRACELET BLUE,80.75,19,9,8,3.0,12.75,15.789473684210526,15.789473684210526
90122A,PINK CRYSTAL+GLASS BRACELET,178.20000000000002,36,14,14,0.0,0.0,0.0,0.0
90122B,JADE CRYSTAL+GLASS BRACELET,168.3,34,14,14,0.0,0.0,0.0,0.0
90122C,TURQUOISE CRYSTAL+GLASS BRACELET,188.1,38,15,12,0.0,0.0,0.0,0.0
90123A,PINK HEART OF GLASS BRACELET,208.25,35,18,14,0.0,0.0,0.0,0.0
90123B,TURQUOISE HEART OF GLASS BRACELET,142.8,24,11,8,0.0,0.0,0.0,0.0
90123C,GREEN HEART OF GLASS BRACELET,142.8,24,9,7,0.0,0.0,0.0,0.0
90123D,WHITE HEART OF GLASS BRACELET,136.85000000000002,23,8,7,0.0,0.0,0.0,0.0
90124A,PINK MURANO TWIST NECKLACE,258.7,26,16,16,0.0,0.0,0.0,0.0
90124B,BLUE MURANO TWIST NECKLACE,199.0,20,11,11,0.0,0.0,0.0,0.0
90124C,GREEN MURANO TWIST NECKLACE,139.29999999999998,14,8,7,0.0,0.0,0.0,0.0
90125A,PINK BERTIE GLASS BEAD BAG CHARM,159.0,140,12,9,12.0,25.200000000000003,8.571428571428571,15.849056603773587
90125B,AQUA BERTIE GLASS BEAD BAG CHARM,50.099999999999994,31,6,6,0.0,0.0,0.0,0.0
90125C,TURQUOISE BERTIE GLASS BEAD CHARM,94.8,88,6,5,0.0,0.0,0.0,0.0
90125D,PURPLE BERTIE GLASS BEAD BAG CHARM,124.2,102,11,9,0.0,0.0,0.0,0.0
90125E,AMBER BERTIE GLASS BEAD BAG CHARM,4.2,2,2,2,0.0,0.0,0.0,0.0
90126A,PINK BERTIE MOBILE PHONE CHARM,30.42,18,3,3,0.0,0.0,0.0,0.0
90126C,AMBER BERTIE MOBILE PHONE CHARM,28.73,17,2,2,0.0,0.0,0.0,0.0
90127A,PINK BEADS+HAND PHONE CHARM,15.0,12,1,1,0.0,0.0,0.0,0.0
90127B,BLUE BEADS+HAND PHONE CHARM,2.5,2,2,2,0.0,0.0,0.0,0.0
90128A,PINK LEAVES AND BEADS PHONE CHARM,21.25,17,5,5,0.0,0.0,0.0,0.0
90128B,BLUE LEAVES AND BEADS PHONE CHARM,21.25,17,5,5,0.0,0.0,0.0,0.0
90128C,GREEN LEAVES AND BEADS PHONE CHARM,17.5,14,3,3,0.0,0.0,0.0,0.0
90128D,PURPLE LEAVES AND BEADS PHONE CHAR,3.75,3,2,2,0.0,0.0,0.0,0.0
90129A,PINK GLASS TASSLE BAG CHARM,103.25,35,15,14,0.0,0.0,0.0,0.0
90129B,TURQUOISE GLASS TASSLE BAG CHARM,191.75000000000003,65,18,17,0.0,0.0,0.0,0.0
90129C,GREEN GLASS TASSLE BAG CHARM,147.5,50,17,16,0.0,0.0,0.0,0.0
90129D,AMBER GLASS TASSLE BAG CHARM,109.15000000000002,37,12,12,0.0,0.0,0.0,0.0
90129E,PURPLE GLASS TASSLE BAG CHARM,109.15,37,10,10,0.0,0.0,0.0,0.0
90129F,RED GLASS TASSLE BAG CHARM,103.25000000000001,35,14,14,0.0,0.0,0.0,0.0
90130A,WHITE STONE/CRYSTAL EARRINGS,53.10000000000001,18,6,6,0.0,0.0,0.0,0.0
90130B,TURQ STONE/CRYSTAL EARRINGS,44.25000000000001,15,4,4,0.0,0.0,0.0,0.0
90130C,GREEN STONE/CRYSTAL EARRINGS,5.9,2,2,2,0.0,0.0,0.0,0.0
90130D,RED STONE/CRYSTAL EARRINGS,17.700000000000003,6,1,1,0.0,0.0,0.0,0.0
90131,PINK/AMETHYST/GOLD NECKLACE,62.55,9,4,4,0.0,0.0,0.0,0.0
90133,TEAL/FUSCHIA COL BEAD NECKLACE,89.1,18,7,7,0.0,0.0,0.0,0.0
90134,OLD ROSE COMBO BEAD NECKLACE,35.400000000000006,12,2,2,0.0,0.0,0.0,0.0
90135,ORANGE/WHT/FUSCHIA STONES NECKLACE,29.700000000000003,6,1,1,0.0,0.0,0.0,0.0
90135A,ORANGE/FUSCHIA STONES NECKLACE,44.550000000000004,9,2,2,0.0,0.0,0.0,0.0
90136,PALE PINK/AMETHYST STONE NECKLACE,29.849999999999998,3,2,2,0.0,0.0,0.0,0.0
90137,PINK COMBO MINI CRYSTALS NECKLACE,94.05000000000001,19,8,8,0.0,0.0,0.0,0.0
90138,WHITE/PINK MINI CRYSTALS NECKLACE,54.45,11,5,5,0.0,0.0,0.0,0.0
90139,FLOWER BROOCH 4 ASSORTED COLOURS,24.75,5,3,3,0.0,0.0,0.0,0.0
90140,PINK SWEETIE NECKLACE,37.5,5,3,2,0.0,0.0,0.0,0.0
90141A,GREEN PENDANT TRIPLE SHELL NECKLACE,34.65,7,4,4,0.0,0.0,0.0,0.0
90141B,IVORY PENDANT TRIPLE SHELL NECKLACE,29.7,6,2,2,0.0,0.0,0.0,0.0
90141C,TURQ PENDANT TRIPLE SHELL NECKLACE,34.65,7,4,4,0.0,0.0,0.0,0.0
90141D,ROSE PENDANT TRIPLE SHELL NECKLACE,14.85,3,1,1,0.0,0.0,0.0,0.0
90141E,ORANGE PENDANT TRIPLE SHELL NECKLAC,34.65,7,3,3,0.0,0.0,0.0,0.0
90142D,MOP PENDANT SHELL NECKLACE,49.5,10,4,4,0.0,0.0,0.0,0.0
90143,SILVER BRACELET W PASTEL FLOWER,400.0,54,18,15,7.0,52.5,12.962962962962962,13.125
90144,SILVER DROP EARRINGS WITH FLOWER,116.25,31,11,11,0.0,0.0,0.0,0.0
90145,SILVER HOOP EARRINGS WITH FLOWER,297.5,50,23,16,0.0,0.0,0.0,0.0
90146,FINE SILVER NECKLACE W PASTEL FLOWE,228.75,35,13,12,2.0,15.0,5.714285714285714,6.557377049180328
90147,CHUNKY SILVER NECKLACE PASTEL FLOWE,726.3499999999999,73,38,24,4.0,39.8,5.47945205479452,5.479452054794521
90148,LONG SILVER NECKLACE PASTEL FLOWER,318.75,25,16,15,1.0,12.75,4.0,4.0
90149,SILVER FLOWR PINK SHELL NECKLACE,395.28000000000003,60,7,6,0.0,0.0,0.0,0.0
90150,BLUE SHELL+SILVER NECKLACE,90.0,12,7,7,0.0,0.0,0.0,0.0
90151,SILVER/NATURAL SHELL NECKLACE,119.0,14,7,5,0.0,0.0,0.0,0.0
90152A,SILVER/NAT SHELL NECKLACE W PENDANT,23.8,4,4,4,0.0,0.0,0.0,0.0
90152B,BLUE/GREEN SHELL NECKLACE W PENDANT,29.75,5,4,4,0.0,0.0,0.0,0.0
90152C,BLUE/NAT SHELL NECKLACE W PENDANT,41.650000000000006,7,4,4,0.0,0.0,0.0,0.0
90154,LAZER CUT NECKLACE W PASTEL BEADS,430.7,58,6,6,0.0,0.0,0.0,0.0
90155,RESIN NECKLACE W PASTEL BEADS,157.5,21,12,12,0.0,0.0,0.0,0.0
90156,RESIN BRACELET W PASTEL BEADS,89.10000000000001,18,7,7,0.0,0.0,0.0,0.0
90157,RIVIERA NECKLACE,217.8,44,16,14,0.0,0.0,0.0,0.0
90158,ST TROPEZ NECKLACE,108.9,22,11,11,0.0,0.0,0.0,0.0
90159,COTE D'AZURE NECKLACE,163.35,33,15,13,0.0,0.0,0.0,0.0
90160A,PURPLE BOUDICCA LARGE BRACELET,305.8,44,20,18,7.0,48.65,15.909090909090908,15.909090909090908
90160B,RED BOUDICCA LARGE BRACELET,412.55,60,23,19,0.0,0.0,0.0,0.0
90160C,TURQ+RED BOUDICCA LARGE BRACELET,562.95,81,32,25,0.0,0.0,0.0,0.0
90160D,PINK BOUDICCA LARGE BRACELET,479.55,69,21,18,1.0,6.95,1.4492753623188406,1.4492753623188406
90161A,ANT COPPER RED BOUDICCA BRACELET,193.05,39,14,14,0.0,0.0,0.0,0.0
90161B,ANT COPPER TURQ BOUDICCA BRACELET,430.65,87,26,21,0.0,0.0,0.0,0.0
90161C,ANT COPPER LIME BOUDICCA BRACELET,490.05,99,34,28,0.0,0.0,0.0,0.0
90161D,ANT COPPER PINK BOUDICCA BRACELET,363.85,74,24,18,0.0,0.0,0.0,0.0
90162A,ANT SILVER TURQUOISE BOUDICCA RING,85.55000000000001,29,10,8,0.0,0.0,0.0,0.0
90162B,ANT SILVER LIME GREEN BOUDICCA RING,159.3,54,19,14,1.0,2.95,1.8518518518518516,1.8518518518518516
90162C,ANT SILVER FUSCHIA BOUDICCA RING,123.90000000000002,42,16,10,0.0,0.0,0.0,0.0
90162D,ANT SILVER PURPLE BOUDICCA RING,76.7,26,11,7,0.0,0.0,0.0,0.0
90163A,PINK ROSEBUD & PEARL NECKLACE,90.0,12,5,5,0.0,0.0,0.0,0.0
90163B,WHITE ROSEBUD & PEARL NECKLACE,30.0,4,2,2,0.0,0.0,0.0,0.0
90164A,PINK ROSEBUD PEARL BRACELET,85.35,21,7,7,0.0,0.0,0.0,0.0
90164B,WHITE  ROSEBUD PEARL BRACELET,80.7,30,8,8,0.0,0.0,0.0,0.0
90165A,PINK ROSEBUD PEARL EARRINGS,30.6,12,2,2,0.0,0.0,0.0,0.0
90165B,WHITE ROSEBUD  PEARL EARRINGS,51.0,20,6,5,0.0,0.0,0.0,0.0
90166,PINK & WHITE ROSEBUD RING,80.15,19,11,7,1.0,4.25,5.263157894736842,5.302557704304429
90167,BEADED LOVE HEART JEWELLERY SET,1667.86,2098,75,53,300.0,217.56,14.299332697807435,13.044260309618313
90168,2 DAISIES HAIR COMB,53.10000000000001,18,3,3,6.0,17.700000000000003,33.33333333333333,33.33333333333333
90169,DAISY HAIR COMB,35.7,14,3,3,6.0,15.3,42.857142857142854,42.857142857142854
90170,DAISY HAIR BAND,110.55000000000001,67,10,10,12.0,19.8,17.91044776119403,17.91044776119403
90171,DAISY RING,13.75,11,2,2,0.0,0.0,0.0,0.0
90173,PAIR BUTTERFLY HAIR CLIPS,108.75,29,7,7,1.0,3.75,3.4482758620689653,3.4482758620689653
90174,BUTTERFLY HAIR BAND,40.8,16,4,4,12.0,30.6,75.0,75.00000000000001
90175A,WHITE GLASS CHUNKY CHARM BRACELET,611.1,69,28,20,8.0,71.6,11.594202898550725,11.716576665030273
90175B,PINK GLASS CHUNKY CHARM BRACELET,127.8,15,7,6,2.0,17.9,13.333333333333334,14.006259780907667
90175C,BLUE GLASS CHUNKY CHARM BRACELET,304.3,34,17,15,0.0,0.0,0.0,0.0
90175D,TIGRIS EYE CHUNKY CHARM BRACELET,250.6,28,15,11,0.0,0.0,0.0,0.0
90176A,CLASSIC DIAMANTE NECKLACE JET,37.5,5,3,3,1.0,7.5,20.0,20.0
90176B,DIAMANTE NECKLACE BLACK,22.5,3,2,2,0.0,0.0,0.0,0.0
90176C,DIAMANTE NECKLACE,60.0,8,4,4,2.0,15.0,25.0,25.0
90176D,DIAMANTE NECKLACE PURPLE,75.0,10,6,6,1.0,7.5,10.0,10.0
90176E,DIAMANTE NECKLACE GREEN,22.5,3,2,2,0.0,0.0,0.0,0.0
90177A,CLASSIC DIAMANTE EARRINGS JET,20.650000000000002,7,2,2,6.0,17.700000000000003,85.71428571428571,85.71428571428572
90177B,DROP DIAMANTE EARRINGS BLACK DIAMON,44.25,15,5,5,0.0,0.0,0.0,0.0
90177C,DROP DIAMANTE EARRINGS CRYSTAL,47.2,16,6,6,6.0,17.700000000000003,37.5,37.50000000000001
90177D,DROP DIAMANTE EARRINGS PURPLE,91.45000000000002,31,10,9,6.0,17.700000000000003,19.35483870967742,19.35483870967742
90177E,DROP DIAMANTE EARRINGS GREEN,23.6,8,3,3,6.0,17.700000000000003,75.0,75.00000000000001
90178A,AMBER CHUNKY GLASS+BEAD NECKLACE,250.95,21,15,14,0.0,0.0,0.0,0.0
90178B,PURPLE CHUNKY GLASS+BEAD NECKLACE,167.29999999999998,14,9,9,0.0,0.0,0.0,0.0
90179A,AMBER FINE BEAD NECKLACE W TASSEL,47.6,8,5,5,0.0,0.0,0.0,0.0
90179B,PURPLE FINE BEAD NECKLACE W TASSEL,41.65,7,5,5,0.0,0.0,0.0,0.0
90179C,BLACK FINE BEAD NECKLACE W TASSEL,59.5,10,7,7,1.0,5.95,10.0,10.0
90180A,BLACK+WHITE NECKLACE W TASSEL,306.25,35,19,18,1.0,9.95,2.857142857142857,3.248979591836734
90180B,PURPLE AMETHYST NECKLACE W TASSEL,139.29999999999998,14,10,10,0.0,0.0,0.0,0.0
90181A,AMBER GLASS/SHELL/PEARL NECKLACE,26.849999999999998,3,3,2,0.0,0.0,0.0,0.0
90182C,BLACK 3 BEAD DROP EARRINGS,23.6,8,2,2,6.0,17.700000000000003,75.0,75.00000000000001
90183A,AMBER DROP EARRINGS W LONG BEADS,76.70000000000002,26,6,6,6.0,17.700000000000003,23.076923076923077,23.076923076923077
90183C,BLACK DROP EARRINGS W LONG BEADS,5.9,2,2,2,0.0,0.0,0.0,0.0
90184A,AMBER CHUNKY BEAD BRACELET W STRAP,259.55,29,12,11,0.0,0.0,0.0,0.0
90184B,AMETHYST CHUNKY BEAD BRACELET W STR,411.7,46,26,23,3.0,26.849999999999998,6.521739130434782,6.521739130434782
90184C,BLACK CHUNKY BEAD BRACELET W STRAP,429.59999999999997,48,26,21,0.0,0.0,0.0,0.0
90185A,AMBER DIAMANTE EXPANDABLE RING,153.0,36,9,8,13.0,55.25,36.11111111111111,36.11111111111111
90185B,AMETHYST DIAMANTE EXPANDABLE RING,187.0,44,13,12,19.0,80.75,43.18181818181818,43.18181818181818
90185C,BLACK DIAMANTE EXPANDABLE RING,216.75,51,19,17,29.0,123.25,56.86274509803921,56.86274509803921
90185D,CRYSTAL DIAMANTE EXPANDABLE RING,204.0,48,16,14,3.0,12.75,6.25,6.25
90186A,AMETHYST HOOP EARRING FLORAL LEAF,141.60000000000002,48,15,14,0.0,0.0,0.0,0.0
90186B,CRYSTAL HOOP EARRING FLORAL LEAF,106.20000000000002,36,13,13,0.0,0.0,0.0,0.0
90187A,BLUE DROP EARRINGS W BEAD CLUSTER,6.7,2,1,1,0.0,0.0,0.0,0.0
90187B,GREEN DROP EARRINGS W BEAD CLUSTER,20.1,6,2,2,0.0,0.0,0.0,0.0
90188,DROP EARRINGS W FLOWER & LEAF,7.6499999999999995,3,3,3,0.0,0.0,0.0,0.0
90189A,SILVER 2 STRAND NECKLACE-LEAF CHARM,60.0,8,5,5,0.0,0.0,0.0,0.0
90189B,GOLD 2 STRAND NECKLACE-LEAF CHARMS,22.5,3,2,2,0.0,0.0,0.0,0.0
90190A,SILVER/CRYSTAL DROP EARRINGS W LEAF,53.10000000000001,18,8,8,0.0,0.0,0.0,0.0
90190B,GOLD/AMBER DROP EARRINGS W LEAF,100.30000000000001,34,6,6,0.0,0.0,0.0,0.0
90190C,SILVER/AMETHYST DROP EARRINGS LEAF,85.55000000000001,29,10,10,0.0,0.0,0.0,0.0
90191,SILVER LARIAT 40CM,241.4,32,14,13,0.0,0.0,0.0,0.0
90192,JADE DROP EARRINGS W FILIGREE,287.1,58,19,10,2.0,9.9,3.4482758620689653,3.4482758620689653
90194,SILVER LARIAT BLACK STONE EARRINGS,106.25,25,14,14,0.0,0.0,0.0,0.0
90195A,PURPLE GEMSTONE BRACELET,408.45,51,26,24,5.0,44.75,9.803921568627452,10.956053372505815
90195B,BLACK GEMSTONE BRACELET,396.75,45,20,19,4.0,35.8,8.88888888888889,9.02331442974165
90196A,PURPLE GEMSTONE NECKLACE 45CM,216.75,17,9,9,1.0,12.75,5.88235294117647,5.88235294117647
90196B,BLACK GEMSTONE NECKLACE 45CM,191.25,15,10,9,0.0,0.0,0.0,0.0
90197B,BLACK GLASS BRACELET W HEART CHARMS,29.7,6,2,2,0.0,0.0,0.0,0.0
90197D,AMBER GLASS BRACELET HEART CHARMS,44.550000000000004,9,4,4,0.0,0.0,0.0,0.0
90198A,VINTAGE ROSE BEAD BRACELET RASPBERR,314.5,74,26,21,0.0,0.0,0.0,0.0
90198B,VINTAGE ROSE BEAD BRACELET BLACK,361.25,85,32,22,0.0,0.0,0.0,0.0
90199A,5 STRAND GLASS NECKLACE BLACK,95.25,15,9,9,1.0,6.35,6.666666666666667,6.666666666666667
90199B,5 STRAND GLASS NECKLACE AMETHYST,107.94999999999999,17,12,12,0.0,0.0,0.0,0.0
90199C,5 STRAND GLASS NECKLACE CRYSTAL,553.9,94,26,24,1.0,6.35,1.0638297872340425,1.1464163206354938
90199D,5 STRAND GLASS NECKLACE AMBER,95.25,15,9,9,0.0,0.0,0.0,0.0
90200A,PURPLE SWEETHEART BRACELET,501.5,118,43,32,4.0,17.0,3.389830508474576,3.389830508474576
90200B,BLACK SWEETHEART BRACELET,599.25,141,45,28,4.0,17.0,2.8368794326241136,2.8368794326241136
90200C,BLUE SWEETHEART BRACELET,565.25,133,40,32,4.0,17.0,3.007518796992481,3.007518796992481
90200D,PINK SWEETHEART BRACELET,833.75,199,55,41,3.0,12.75,1.507537688442211,1.5292353823088456
90200E,GREEN SWEETHEART BRACELET,710.5,170,53,36,16.0,68.0,9.411764705882353,9.570724841660802
90201A,PURPLE ENAMEL FLOWER RING,268.45000000000005,91,20,16,4.0,11.8,4.395604395604396,4.395604395604395
90201B,BLACK ENAMEL FLOWER RING,315.65000000000003,107,18,14,13.0,38.35000000000001,12.149532710280374,12.149532710280376
90201C,RED ENAMEL FLOWER RING,262.55,89,19,16,6.0,17.700000000000003,6.741573033707865,6.7415730337078665
90201D,GREEN ENAMEL FLOWER RING,244.85000000000002,83,16,12,0.0,0.0,0.0,0.0
90202A,PURPLE ENAMEL FLOWER HAIR TIE,23.6,8,3,3,6.0,17.700000000000003,75.0,75.00000000000001
90202B,WHITE ENAMEL FLOWER HAIR TIE,26.550000000000004,9,3,3,6.0,17.700000000000003,66.66666666666666,66.66666666666666
90202C,GREEN ENAMEL FLOWER HAIR TIE,26.550000000000004,9,4,4,6.0,17.700000000000003,66.66666666666666,66.66666666666666
90202D,PINK ENAMEL FLOWER HAIR TIE,76.70000000000002,26,5,5,6.0,17.700000000000003,23.076923076923077,23.076923076923077
90203,SILVER CHARM NECKLACE 70CM,450.0,60,24,18,1.0,7.5,1.6666666666666667,1.6666666666666667
90204,PAIR OF ENAMEL BUTTERFLY HAIRCLIP,60.300000000000004,18,9,9,4.0,13.4,22.22222222222222,22.22222222222222
90205A,LARGE MINT DIAMANTE HAIRSLIDE,26.4,16,6,6,0.0,0.0,0.0,0.0
90205C,LARGE CRYSTAL DIAMANTE HAIRSLIDE,68.7,46,5,5,0.0,0.0,0.0,0.0
90206A,GOLD DIAMANTE STAR BROOCH,49.5,10,6,5,0.0,0.0,0.0,0.0
90206C,CRYSTAL DIAMANTE STAR BROOCH,103.95,21,11,9,0.0,0.0,0.0,0.0
90208,PAIR OF ENAMEL FLOWER CLUSTER SLIDE,192.9,82,8,5,6.0,15.3,7.317073170731707,7.931570762052877
90208,PAIR OF PINK FLOWER CLUSTER SLIDE,25.5,10,4,4,6.0,15.3,60.0,60.0
90209A,PURPLE ENAMEL+GLASS HAIR COMB,325.5,173,10,7,9.0,18.9,5.202312138728324,5.806451612903225
90209B,GREEN ENAMEL+GLASS HAIR COMB,453.6,248,18,9,0.0,0.0,0.0,0.0
90209C,PINK ENAMEL+GLASS HAIR COMB,609.0,330,24,15,6.0,12.600000000000001,1.8181818181818181,2.0689655172413794
90210A,GREY ACRYLIC FACETED BANGLE,179.70000000000002,78,12,12,0.0,0.0,0.0,0.0
90210B,CLEAR ACRYLIC FACETED BANGLE,211.25,95,17,15,0.0,0.0,0.0,0.0
90210C,RED   ACRYLIC FACETED BANGLE,171.95000000000002,113,9,9,0.0,0.0,0.0,0.0
90210D,PURPLE ACRYLIC FACETED BANGLE,204.65,131,12,10,0.0,0.0,0.0,0.0
90211A,DIAMOND LAS VEGAS NECKLACE 45CM,53.550000000000004,9,5,5,0.0,0.0,0.0,0.0
90211B,JET BLACK LAS VEGAS NECKLACE 45CM,95.2,16,8,8,2.0,11.9,12.5,12.5
90212B,JET BLACK LAS VEGAS BRACELET ROUND,60.0,16,7,7,0.0,0.0,0.0,0.0
90212C,PURPLE LAS VEGAS BRACELET ROUND,48.75,13,5,5,0.0,0.0,0.0,0.0
90214A,"LETTER ""A"" BLING KEY RING",135.71,127,45,27,6.0,7.5,4.724409448818897,5.526490310220322
90214B,"LETTER ""B"" BLING KEY RING",47.23,47,16,13,0.0,0.0,0.0,0.0
90214C,"LETTER ""C"" BLING KEY RING",117.53999999999999,114,35,21,6.0,7.5,5.263157894736842,6.380806533945892
90214D,"LETTER ""D"" BLING KEY RING",58.21,65,19,11,0.0,0.0,0.0,0.0
90214E,"LETTER ""E"" BLING KEY RING",94.75,95,33,25,6.0,7.5,6.315789473684211,7.9155672823219
90214F,"LETTER ""F"" BLING KEY RING",23.77,29,13,11,0.0,0.0,0.0,0.0
90214G,"LETTER ""G"" BLING KEY RING",62.25,69,21,13,7.0,8.75,10.144927536231885,14.056224899598394
90214H,"LETTER ""H"" BLING KEY RING",50.019999999999996,50,23,14,0.0,0.0,0.0,0.0
90214I,"LETTER ""I"" BLING KEY RING",42.519999999999996,44,12,10,6.0,7.5,13.636363636363635,17.63875823142051
90214J,"LETTER ""J"" BLING KEY RING",89.73,81,30,19,6.0,7.5,7.4074074074074066,8.358408559010364
90214K,"LETTER ""K"" BLING KEY RING",112.25,109,45,23,1.0,1.25,0.9174311926605505,1.1135857461024499
90214L,"LETTER ""L"" BLING KEY RING",107.94,114,29,20,8.0,10.0,7.017543859649122,9.264406151565685
90214M,"LETTER ""M"" BLING KEY RING",87.23,79,29,19,0.0,0.0,0.0,0.0
90214N,"LETTER ""N"" BLING KEY RING",48.769999999999996,49,18,11,0.0,0.0,0.0,0.0
90214O,"LETTER ""O"" BLING KEY RING",27.23,31,13,11,0.0,0.0,0.0,0.0
90214P,"LETTER ""P"" BLING KEY RING",48.5,58,18,13,6.0,7.5,10.344827586206897,15.463917525773196
90214R,"LETTER ""R"" BLING KEY RING",52.519999999999996,52,19,15,0.0,0.0,0.0,0.0
90214S,"LETTER ""S"" BLING KEY RING",114.75,111,35,26,6.0,7.5,5.405405405405405,6.535947712418301
90214T,"LETTER ""T"" BLING KEY RING",42.23,43,12,9,0.0,0.0,0.0,0.0
90214U,"LETTER ""U"" BLING KEY RING",4.7299999999999995,13,2,2,0.0,0.0,0.0,0.0
90214V,"LETTER ""V"" BLING KEY RING",14.73,21,9,7,0.0,0.0,0.0,0.0
90214W,"LETTER ""W"" BLING KEY RING",5.9799999999999995,14,3,3,0.0,0.0,0.0,0.0
90214Y,"LETTER ""Y"" BLING KEY RING",21.15,63,5,4,0.0,0.0,0.0,0.0
90214Z,"LETTER ""Z"" BLING KEY RING",9.73,17,5,5,0.0,0.0,0.0,0.0
ADJUST,Adjustment by john on 26/01/2010 16,2107.41,18,18,15,31.0,2062.69,172.22222222222223,97.8779639462658
ADJUST,Adjustment by john on 26/01/2010 17,1431.1100000000001,14,14,11,31.0,2062.69,221.42857142857144,144.13217712125552
ADJUST2,Adjustment by Peter on Jun 25 2010,731.0500000000001,3,3,3,0.0,0.0,0.0,0.0
BANK CHARGES,Bank Charges,450.001,31,30,19,76.0,36001.49,245.16129032258064,8000.313332637039
C2,CARRIAGE,12546.0,249,248,45,7.0,290.0,2.8112449799196786,2.3114937031723257
D,Discount,397.89,196,5,5,3064.0,13277.52,1563.265306122449,3336.9825831259895
DOT,DOTCOM POSTAGE,11906.36,16,16,1,3.0,10.01,18.75,0.08407271407886205
M,Manual,151777.67,9384,620,438,5444.0,422926.13999999996,58.01364023870418,278.6484599480279
PADS,PADS TO MATCH ALL CUSHIONS,0.017,17,17,15,1.0,36.6,5.88235294117647,215294.11764705883
POST,POSTAGE,124648.04,5235,1803,405,302.0,15252.01,5.768863419293218,12.236060831762778
SP1002,KID'S CHALKBOARD/EASEL,14.75,5,2,2,0.0,0.0,0.0,0.0
TEST001,This is a test product.,225.0,50,9,2,5.0,22.5,10.0,10.0
TEST002,This is a test product.,1.0,1,1,1,0.0,0.0,0.0,0.0
